"","sitecode","habitat","region_id","pair","datum_new","datum_old"
"1","CZ0110040","9170","CZ2752","VMB1_VMB2",2011-07-06,2001-07-06
"2","CZ0110040","9180","CZ2752","VMB1_VMB2",2011-07-06,2001-07-06
"3","CZ0110050","9180","CZ2788","VMB1_VMB2",2009-09-28,2001-07-05
"4","CZ0110142","9170","CZ0838","VMB2_VMB0",2021-11-10,2008-09-21
"5","CZ0110142","9190","CZ0838","VMB2_VMB0",2021-11-10,2008-09-21
"6","CZ0114001","9170","CZ2742","VMB1_VMB2",2017-04-23,2003-10-28
"7","CZ0114001","9180","CZ2742","VMB1_VMB2",2017-04-23,2000-11-28
"8","CZ0114001","91H0","CZ2742","VMB1_VMB2",2017-04-23,2000-11-28
"9","CZ0210008","91F0","CZ0877","VMB2_VMB0",2025-07-04,2012-09-05
"10","CZ0210010","9170","CZ0801","VMB2_VMB0",2022-09-19,2008-08-06
"11","CZ0210010","9170","CZ0808","VMB1_VMB2",2017-04-20,2003-05-24
"12","CZ0210010","91I0","CZ0801","VMB2_VMB0",2022-09-19,2008-08-06
"13","CZ0210011","9170","CZ0808","VMB2_VMB0",2025-06-03,2017-04-23
"14","CZ0210022","9170","CZ2780","VMB2_VMB0",2025-07-14,2013-07-08
"15","CZ0210022","9190","CZ2780","VMB2_VMB0",2025-07-14,2013-05-24
"16","CZ0210027","9110","CZ2638","VMB1_VMB2",2015-05-18,2003-07-19
"17","CZ0210027","9130","CZ2616","VMB1_VMB2",2015-07-30,2003-05-31
"18","CZ0210027","9130","CZ2638","VMB1_VMB2",2015-05-16,2003-07-19
"19","CZ0210028","9130","CZ0153","VMB2_VMB0",2021-04-29,2007-08-07
"20","CZ0210028","9130","CZ0779","VMB2_VMB0",2023-08-17,2009-06-17
"21","CZ0210028","9130","CZ0787","VMB1_VMB2",2012-06-30,2003-10-06
"22","CZ0210028","9180","CZ0779","VMB2_VMB0",2023-08-17,2009-07-01
"23","CZ0210028","9180","CZ0787","VMB1_VMB2",2012-06-30,2004-10-06
"24","CZ0210043","9110","CZ0181","VMB2_VMB0",2024-05-14,2008-10-04
"25","CZ0210043","9110","CZ0783","VMB1_VMB2",2008-10-04,2004-09-10
"26","CZ0210043","9110","CZ2556","VMB1_VMB2",2017-06-27,2004-09-10
"27","CZ0210043","9180","CZ0181","VMB2_VMB0",2024-05-14,2007-11-17
"28","CZ0210043","9180","CZ0783","VMB1_VMB2",2008-10-04,2003-07-21
"29","CZ0210043","9180","CZ2519","VMB1_VMB2",2010-07-29,2003-07-21
"30","CZ0210047","9110","CZ2223","VMB1_VMB2",2015-08-14,2005-03-12
"31","CZ0210047","9180","CZ2223","VMB1_VMB2",2015-08-14,2004-09-05
"32","CZ0210053","9170","CZ0178","VMB1_VMB2",2014-08-05,2004-09-15
"33","CZ0210053","9170","CZ0520","VMB1_VMB2",2014-09-06,2005-01-07
"34","CZ0210053","9180","CZ0178","VMB1_VMB2",2014-08-05,2004-09-15
"35","CZ0210053","9180","CZ0520","VMB1_VMB2",2014-09-06,2005-01-07
"36","CZ0210100","9150","CZ0467","VMB1_VMB2",2016-12-09,2002-08-26
"37","CZ0210100","91E0","CZ0467","VMB1_VMB2",2016-12-09,2004-09-05
"38","CZ0210101","9170","CZ0079","VMB1_VMB2",2014-05-30,2004-10-07
"39","CZ0210101","9170","CZ2902","VMB1_VMB2",2015-09-21,2004-07-24
"40","CZ0210101","9170","CZ2936","VMB2_VMB0",2023-05-19,2009-10-22
"41","CZ0210101","9170","CZ2965","VMB1_VMB2",2016-06-09,2004-10-07
"42","CZ0210101","9170","CZ2984","VMB1_VMB2",2016-07-17,2003-09-29
"43","CZ0210101","9170","CZ3021","VMB1_VMB2",2017-06-01,2004-07-30
"44","CZ0210101","9170","CZ3030","VMB1_VMB2",2014-06-02,2004-09-10
"45","CZ0210101","9170","CZ3058","VMB1_VMB2",2014-06-05,2004-07-27
"46","CZ0210101","9190","CZ0079","VMB1_VMB2",2014-05-30,2004-10-07
"47","CZ0210101","9190","CZ2902","VMB1_VMB2",2015-09-21,2004-07-24
"48","CZ0210101","9190","CZ2936","VMB2_VMB0",2023-05-12,2009-07-24
"49","CZ0210101","9190","CZ2965","VMB1_VMB2",2016-06-09,2003-09-20
"50","CZ0210101","9190","CZ3030","VMB1_VMB2",2014-06-02,2004-09-08
"51","CZ0210101","9190","CZ3058","VMB1_VMB2",2014-06-03,2004-07-22
"52","CZ0210101","91E0","CZ0079","VMB1_VMB2",2014-05-30,2002-10-28
"53","CZ0210101","91E0","CZ2902","VMB1_VMB2",2015-09-20,2004-06-13
"54","CZ0210101","91E0","CZ2936","VMB2_VMB0",2023-05-26,2009-07-22
"55","CZ0210101","91E0","CZ2965","VMB1_VMB2",2016-06-07,2004-10-07
"56","CZ0210101","91E0","CZ3030","VMB1_VMB2",2014-06-02,2004-09-09
"57","CZ0210101","91H0","CZ2902","VMB1_VMB2",2015-09-19,2004-06-19
"58","CZ0210101","91H0","CZ2936","VMB1_VMB2",2009-07-22,2002-08-26
"59","CZ0210101","91H0","CZ2965","VMB1_VMB2",2016-06-09,2002-08-24
"60","CZ0210101","91I0","CZ2902","VMB1_VMB2",2015-09-21,2004-07-24
"61","CZ0210101","91I0","CZ2936","VMB2_VMB0",2023-05-11,2009-07-22
"62","CZ0210105","9130","CZ0870","VMB1_VMB2",2011-09-15,2004-07-22
"63","CZ0210105","9150","CZ0870","VMB1_VMB2",2011-09-15,2005-02-08
"64","CZ0210105","9180","CZ0870","VMB1_VMB2",2011-09-13,2004-07-22
"65","CZ0210107","9150","CZ0167","VMB1_VMB2",2016-05-19,2001-06-15
"66","CZ0210107","9180","CZ0167","VMB1_VMB2",2016-05-19,2001-06-15
"67","CZ0210107","91I0","CZ0167","VMB1_VMB2",2016-05-19,2003-10-20
"68","CZ0210109","9170","CZ3087","VMB1_VMB2",2012-06-07,2004-09-01
"69","CZ0210111","91U0","CZ3203","VMB2_VMB0",2025-06-29,2012-10-08
"70","CZ0210111","91U0","CZ3240","VMB2_VMB0",2025-07-04,2012-07-30
"71","CZ0210150","9170","CZ2983","VMB1_VMB2",2009-08-26,2004-08-01
"72","CZ0210152","91E0","CZ0080","VMB2_VMB0",2024-05-20,2006-08-27
"73","CZ0210152","91E0","CZ2977","VMB1_VMB2",2017-05-28,2003-08-03
"74","CZ0210152","91F0","CZ0080","VMB2_VMB0",2024-05-20,2006-08-27
"75","CZ0210152","91F0","CZ2977","VMB1_VMB2",2017-05-28,2002-08-14
"76","CZ0210153","9170","CZ0810","VMB1_VMB2",2011-09-23,2004-07-28
"77","CZ0210153","9180","CZ0810","VMB1_VMB2",2011-09-23,2004-07-28
"78","CZ0210153","9180","CZ2662","VMB1_VMB2",2015-09-14,2004-07-27
"79","CZ0210175","9170","CZ2905","VMB1_VMB2",2014-06-23,2005-05-10
"80","CZ0210175","9170","CZ2975","VMB1_VMB2",2014-06-24,2005-05-12
"81","CZ0210175","9190","CZ2905","VMB1_VMB2",2014-06-23,2001-09-30
"82","CZ0210175","9190","CZ2975","VMB1_VMB2",2014-06-24,2002-08-13
"83","CZ0210175","91I0","CZ2905","VMB1_VMB2",2014-06-23,2005-05-10
"84","CZ0210175","91I0","CZ2975","VMB1_VMB2",2014-06-24,2001-08-13
"85","CZ0210186","91E0","CZ0080","VMB2_VMB0",2024-04-29,2006-08-06
"86","CZ0210186","91E0","CZ0877","VMB1_VMB2",2012-08-18,2000-09-15
"87","CZ0210186","91E0","CZ0880","VMB1_VMB2",2010-10-28,2000-09-15
"88","CZ0210186","91F0","CZ0080","VMB2_VMB0",2024-05-02,2006-08-27
"89","CZ0210186","91F0","CZ0877","VMB1_VMB2",2012-08-18,2000-09-15
"90","CZ0210186","91F0","CZ0880","VMB1_VMB2",2010-10-28,2000-09-15
"91","CZ0210409","9170","CZ2721","VMB1_VMB2",2011-07-10,2003-06-24
"92","CZ0210409","9180","CZ2721","VMB1_VMB2",2011-07-25,2003-06-24
"93","CZ0210409","91H0","CZ2721","VMB1_VMB2",2011-07-25,2003-06-24
"94","CZ0210421","9170","CZ2630","VMB1_VMB2",2021-07-28,2003-12-07
"95","CZ0210421","91H0","CZ2630","VMB1_VMB2",2021-07-28,2003-09-05
"96","CZ0210708","9130","CZ2863","VMB1_VMB2",2014-05-09,2003-05-29
"97","CZ0210708","9170","CZ2863","VMB1_VMB2",2014-05-13,2003-05-28
"98","CZ0210708","9180","CZ2863","VMB1_VMB2",2014-04-17,2003-05-29
"99","CZ0210714","91E0","CZ2656","VMB1_VMB2",2014-08-02,2001-05-02
"100","CZ0210714","91F0","CZ2656","VMB1_VMB2",2014-05-26,2001-05-02
"101","CZ0210726","91U0","CZ0467","VMB1_VMB2",2016-10-21,2007-05-09
"102","CZ0212019","9150","CZ3091","VMB1_VMB2",2011-09-14,2002-08-26
"103","CZ0212019","9190","CZ3091","VMB1_VMB2",2011-09-14,2002-08-25
"104","CZ0212019","91E0","CZ3091","VMB1_VMB2",2011-09-14,2002-08-26
"105","CZ0213802","9170","CZ2662","VMB1_VMB2",2015-09-14,2004-06-12
"106","CZ0213802","9180","CZ2662","VMB1_VMB2",2015-09-14,2004-06-12
"107","CZ0214002","9130","CZ0523","VMB1_VMB2",2019-05-24,2005-07-04
"108","CZ0214002","9150","CZ0523","VMB1_VMB2",2019-10-04,2002-06-18
"109","CZ0214002","9170","CZ0523","VMB1_VMB2",2020-06-04,2003-07-11
"110","CZ0214002","9180","CZ0523","VMB1_VMB2",2020-04-08,2003-07-02
"111","CZ0214002","91H0","CZ0523","VMB1_VMB2",2020-05-01,2003-07-02
"112","CZ0214002","91I0","CZ0523","VMB1_VMB2",2020-04-06,2003-07-02
"113","CZ0214003","9170","CZ0522","VMB2_VMB0",2022-10-23,2008-07-31
"114","CZ0214004","9170","CZ0854","VMB2_VMB0",2022-11-08,2008-09-09
"115","CZ0214004","9190","CZ0854","VMB2_VMB0",2022-07-19,2008-09-07
"116","CZ0214005","9170","CZ0181","VMB2_VMB0",2024-05-14,2007-11-30
"117","CZ0214005","9170","CZ2545","VMB1_VMB2",2019-07-10,2002-05-14
"118","CZ0214005","9180","CZ0181","VMB2_VMB0",2024-04-05,2007-10-28
"119","CZ0214005","91E0","CZ0181","VMB2_VMB0",2024-05-14,2007-11-30
"120","CZ0214005","91E0","CZ2545","VMB1_VMB2",2019-07-10,2002-05-14
"121","CZ0214006","9170","CZ0188","VMB2_VMB0",2022-10-21,2010-07-08
"122","CZ0214006","9170","CZ0995","VMB2_VMB0",2022-06-18,2009-07-19
"123","CZ0214006","9170","CZ2953","VMB2_VMB0",2022-05-26,2009-07-22
"124","CZ0214006","9190","CZ0188","VMB2_VMB0",2022-10-20,2010-07-08
"125","CZ0214006","9190","CZ0995","VMB2_VMB0",2022-06-18,2009-07-19
"126","CZ0214006","9190","CZ2953","VMB2_VMB0",2022-10-22,2010-07-08
"127","CZ0214007","9170","CZ0192","VMB2_VMB0",2021-07-18,2007-08-14
"128","CZ0214007","91E0","CZ0192","VMB2_VMB0",2021-07-16,2007-08-14
"129","CZ0214007","91F0","CZ0192","VMB2_VMB0",2021-07-18,2007-08-14
"130","CZ0214008","9110","CZ0848","VMB1_VMB2",2013-08-08,2003-07-18
"131","CZ0214008","9110","CZ2863","VMB1_VMB2",2014-05-02,2002-06-25
"132","CZ0214008","9110","CZ2896","VMB1_VMB2",2015-12-14,2003-05-31
"133","CZ0214008","9130","CZ0848","VMB1_VMB2",2014-08-08,2003-09-06
"134","CZ0214008","9130","CZ2863","VMB1_VMB2",2014-07-31,2003-09-13
"135","CZ0214008","9130","CZ2884","VMB1_VMB2",2009-08-07,2002-07-07
"136","CZ0214008","9130","CZ2896","VMB1_VMB2",2015-12-14,2003-05-31
"137","CZ0214008","9170","CZ0848","VMB1_VMB2",2014-08-02,2003-08-24
"138","CZ0214008","9170","CZ2863","VMB1_VMB2",2014-07-31,2003-09-13
"139","CZ0214008","9170","CZ2884","VMB1_VMB2",2009-07-11,2002-07-07
"140","CZ0214008","9170","CZ2896","VMB1_VMB2",2015-07-16,2003-08-24
"141","CZ0214008","9170","CZ2929","VMB1_VMB2",2011-09-29,2003-06-21
"142","CZ0214008","9180","CZ0848","VMB1_VMB2",2014-08-01,2003-09-07
"143","CZ0214008","9180","CZ2863","VMB1_VMB2",2014-07-31,2003-09-14
"144","CZ0214008","9180","CZ2896","VMB1_VMB2",2015-07-20,2002-12-31
"145","CZ0214008","9180","CZ2929","VMB1_VMB2",2011-09-29,2003-06-21
"146","CZ0214008","9190","CZ0848","VMB1_VMB2",2013-08-03,2003-07-18
"147","CZ0214008","9190","CZ2863","VMB1_VMB2",2014-05-02,2002-07-07
"148","CZ0214008","9190","CZ2896","VMB1_VMB2",2015-12-14,2003-05-26
"149","CZ0214009","91F0","CZ0832","VMB1_VMB2",2017-04-25,2005-12-20
"150","CZ0214009","91F0","CZ0844","VMB1_VMB2",2015-10-03,2005-09-08
"151","CZ0214011","9110","CZ0186","VMB2_VMB0",2024-11-01,2007-09-16
"152","CZ0214011","9110","CZ0187","VMB2_VMB0",2024-09-24,2007-06-02
"153","CZ0214011","9130","CZ0186","VMB2_VMB0",2025-07-29,2007-09-15
"154","CZ0214011","9130","CZ0187","VMB2_VMB0",2024-09-24,2007-08-25
"155","CZ0214011","9170","CZ0186","VMB2_VMB0",2025-07-29,2007-09-15
"156","CZ0214011","9170","CZ0187","VMB2_VMB0",2024-09-26,2007-08-25
"157","CZ0214011","9170","CZ2706","VMB1_VMB2",2014-05-30,2003-09-12
"158","CZ0214011","9180","CZ0186","VMB2_VMB0",2024-11-01,2007-09-21
"159","CZ0214011","9180","CZ0187","VMB2_VMB0",2024-09-27,2007-07-02
"160","CZ0214011","9180","CZ2706","VMB1_VMB2",2014-05-30,2003-05-28
"161","CZ0214011","91E0","CZ0186","VMB2_VMB0",2024-10-25,2007-09-17
"162","CZ0214011","91E0","CZ0187","VMB1_VMB2",2007-07-02,2003-07-26
"163","CZ0214011","91E0","CZ2706","VMB1_VMB2",2014-06-05,2003-06-13
"164","CZ0214013","9110","CZ0472","VMB1_VMB2",2015-08-13,2005-08-11
"165","CZ0214013","9110","CZ0902","VMB1_VMB2",2012-08-04,2005-08-10
"166","CZ0214013","9110","CZ0911","VMB1_VMB2",2008-11-10,2005-08-27
"167","CZ0214013","9110","CZ0917","VMB1_VMB2",2008-09-02,2002-10-16
"168","CZ0214013","9110","CZ3164","VMB1_VMB2",2015-08-24,2002-06-11
"169","CZ0214013","9110","CZ3209","VMB1_VMB2",2019-08-22,2005-08-16
"170","CZ0214013","9110","CZ3218","VMB1_VMB2",2020-10-04,2002-10-22
"171","CZ0214013","9110","CZ3225","VMB1_VMB2",2019-10-29,2005-08-16
"172","CZ0214013","9110","CZ3230","VMB1_VMB2",2016-07-19,2005-08-10
"173","CZ0214013","9110","CZ3233","VMB1_VMB2",2016-08-25,2005-08-16
"174","CZ0214013","9110","CZ3241","VMB1_VMB2",2010-10-11,2002-10-26
"175","CZ0214013","9110","CZ3278","VMB1_VMB2",2016-08-16,2005-08-10
"176","CZ0214013","9110","CZ3280","VMB1_VMB2",2018-10-16,2002-09-12
"177","CZ0214013","91E0","CZ0472","VMB1_VMB2",2015-08-13,2005-08-28
"178","CZ0214013","91E0","CZ0885","VMB1_VMB2",2012-09-12,2003-11-04
"179","CZ0214013","91E0","CZ0911","VMB1_VMB2",2008-11-01,2005-08-28
"180","CZ0214013","91E0","CZ0917","VMB1_VMB2",2008-08-23,2001-08-11
"181","CZ0214013","91E0","CZ3103","VMB1_VMB2",2015-07-10,2001-06-08
"182","CZ0214013","91E0","CZ3164","VMB1_VMB2",2015-08-24,2005-08-28
"183","CZ0214013","91E0","CZ3230","VMB1_VMB2",2016-07-07,2001-09-08
"184","CZ0214013","91E0","CZ3233","VMB1_VMB2",2016-08-20,2002-09-06
"185","CZ0214013","91E0","CZ3278","VMB1_VMB2",2016-08-14,2002-09-20
"186","CZ0214015","9130","CZ0163","VMB1_VMB2",2010-10-05,2003-09-15
"187","CZ0214015","9170","CZ0163","VMB1_VMB2",2010-10-05,2003-09-15
"188","CZ0214015","9180","CZ0163","VMB1_VMB2",2010-10-05,2003-09-17
"189","CZ0214015","91E0","CZ0163","VMB1_VMB2",2010-10-05,2003-09-17
"190","CZ0214015","91I0","CZ0163","VMB1_VMB2",2010-09-20,2003-09-03
"191","CZ0214017","9150","CZ0060","VMB1_VMB2",2014-05-11,2002-06-11
"192","CZ0214017","9150","CZ0814","VMB1_VMB2",2017-05-05,2005-10-25
"193","CZ0214017","9150","CZ2710","VMB1_VMB2",2012-04-29,2005-10-25
"194","CZ0214017","9170","CZ0060","VMB1_VMB2",2015-09-11,2005-10-20
"195","CZ0214017","9170","CZ0814","VMB1_VMB2",2017-06-21,2005-11-01
"196","CZ0214017","9170","CZ2710","VMB1_VMB2",2012-04-29,2005-10-20
"197","CZ0214017","9180","CZ0060","VMB1_VMB2",2015-09-11,2005-10-20
"198","CZ0214017","9180","CZ0814","VMB1_VMB2",2017-06-19,2005-10-19
"199","CZ0214017","9180","CZ2710","VMB1_VMB2",2012-04-29,2005-10-18
"200","CZ0214017","91H0","CZ0060","VMB1_VMB2",2015-09-25,2005-10-23
"201","CZ0214017","91H0","CZ0814","VMB1_VMB2",2017-06-21,2005-10-23
"202","CZ0214017","91H0","CZ2710","VMB1_VMB2",2012-04-29,2005-10-20
"203","CZ0214017","91I0","CZ0060","VMB1_VMB2",2014-04-24,2001-09-16
"204","CZ0214017","91I0","CZ0814","VMB1_VMB2",2017-06-21,2005-10-25
"205","CZ0214041","91E0","CZ2265","VMB1_VMB2",2011-10-17,2004-09-16
"206","CZ0214041","91E0","CZ2345","VMB1_VMB2",2014-05-05,2004-05-20
"207","CZ0214042","9110","CZ2348","VMB1_VMB2",2012-06-11,2004-10-10
"208","CZ0214042","9110","CZ2411","VMB1_VMB2",2014-06-04,2004-07-16
"209","CZ0214042","9130","CZ2315","VMB1_VMB2",2014-05-10,2004-10-10
"210","CZ0214042","9130","CZ2348","VMB1_VMB2",2012-06-11,2004-10-10
"211","CZ0214042","91D0","CZ2315","VMB1_VMB2",2014-05-10,2004-10-10
"212","CZ0214042","9410","CZ2315","VMB1_VMB2",2014-05-10,2004-10-10
"213","CZ0214042","9410","CZ2411","VMB1_VMB2",2014-05-01,2004-07-15
"214","CZ0214044","9170","CZ0843","VMB1_VMB2",2014-06-25,2005-03-11
"215","CZ0214044","9190","CZ0843","VMB1_VMB2",2014-06-25,2005-03-11
"216","CZ0214045","91E0","CZ2942","VMB1_VMB2",2014-07-20,2001-09-08
"217","CZ0214045","91E0","CZ2967","VMB1_VMB2",2014-08-07,2001-10-14
"218","CZ0214047","91D0","CZ2496","VMB1_VMB2",2014-07-26,2004-10-06
"219","CZ0214050","91H0","CZ0839","VMB1_VMB2",2013-06-18,2001-08-19
"220","CZ0214050","91H0","CZ2814","VMB1_VMB2",2013-07-05,2001-08-19
"221","CZ0214050","91I0","CZ0839","VMB1_VMB2",2013-06-18,2001-08-19
"222","CZ0214050","91I0","CZ2814","VMB1_VMB2",2013-07-09,2001-08-19
"223","CZ0310001","9110","CZ0583","VMB1_VMB2",2016-08-19,2001-09-30
"224","CZ0310001","9130","CZ0583","VMB1_VMB2",2016-08-19,2002-12-31
"225","CZ0310014","9110","CZ1380","VMB1_VMB2",2015-10-03,2003-10-15
"226","CZ0310014","9130","CZ1380","VMB1_VMB2",2015-08-23,2003-10-15
"227","CZ0310014","9180","CZ1380","VMB1_VMB2",2015-07-11,2003-10-15
"228","CZ0310017","91D0","CZ1096","VMB1_VMB2",2014-06-19,2003-09-09
"229","CZ0310017","91E0","CZ1096","VMB1_VMB2",2014-05-20,2003-08-17
"230","CZ0310017","9410","CZ1096","VMB1_VMB2",2014-06-19,2003-09-09
"231","CZ0310020","9110","CZ1595","VMB1_VMB2",2017-09-13,2002-06-01
"232","CZ0310020","9110","CZ1646","VMB1_VMB2",2012-07-24,2003-05-02
"233","CZ0310033","9170","CZ0675","VMB2_VMB0",2024-07-12,2009-06-29
"234","CZ0310033","9170","CZ0676","VMB1_VMB2",2013-07-25,2005-05-14
"235","CZ0310033","9180","CZ0675","VMB2_VMB0",2024-05-18,2013-07-25
"236","CZ0310033","9180","CZ0676","VMB1_VMB2",2013-07-25,2005-05-14
"237","CZ0310057","91D0","CZ0389","VMB1_VMB2",2016-10-14,2003-10-12
"238","CZ0310057","91D0","CZ0390","VMB1_VMB2",2016-09-06,2002-08-26
"239","CZ0310057","9410","CZ0389","VMB1_VMB2",2016-10-14,2003-10-12
"240","CZ0310057","9410","CZ0390","VMB1_VMB2",2016-09-06,2003-10-07
"241","CZ0310163","9110","CZ1036","VMB1_VMB2",2016-09-20,2003-07-26
"242","CZ0310163","9130","CZ1036","VMB1_VMB2",2016-09-20,2003-07-26
"243","CZ0310163","9410","CZ1036","VMB1_VMB2",2016-09-20,2003-07-26
"244","CZ0310605","91D0","CZ1128","VMB1_VMB2",2014-08-20,2003-07-10
"245","CZ0310610","91D0","CZ0397","VMB1_VMB2",2011-09-05,2003-07-20
"246","CZ0310611","91D0","CZ1211","VMB1_VMB2",2017-09-14,2002-06-18
"247","CZ0313513","91D0","CZ1017","VMB1_VMB2",2011-09-09,2005-06-20
"248","CZ0313513","91D0","CZ1028","VMB1_VMB2",2013-08-30,2001-08-23
"249","CZ0314021","91D0","CZ0023","VMB1_VMB2",2014-10-10,2002-09-15
"250","CZ0314021","91D0","CZ0625","VMB1_VMB2",2014-09-10,2002-10-12
"251","CZ0314022","9110","CZ0389","VMB1_VMB2",2016-09-12,2003-09-07
"252","CZ0314022","9110","CZ0391","VMB2_VMB0",2025-08-30,2009-09-13
"253","CZ0314022","9110","CZ0528","VMB2_VMB0",2024-06-28,2009-07-22
"254","CZ0314022","9110","CZ0537","VMB1_VMB2",2014-09-21,2004-05-25
"255","CZ0314022","9130","CZ0389","VMB1_VMB2",2016-09-12,2002-09-17
"256","CZ0314022","9130","CZ0391","VMB2_VMB0",2025-05-25,2009-08-27
"257","CZ0314022","91E0","CZ0389","VMB1_VMB2",2016-09-11,2001-07-22
"258","CZ0314022","91E0","CZ0391","VMB2_VMB0",2025-08-30,2016-09-11
"259","CZ0314022","91E0","CZ0528","VMB2_VMB0",2024-07-13,2009-07-31
"260","CZ0314022","91E0","CZ0537","VMB1_VMB2",2014-09-21,2003-10-08
"261","CZ0314023","9190","CZ0407","VMB1_VMB2",2011-09-20,2002-11-25
"262","CZ0314023","9190","CZ0409","VMB1_VMB2",2015-09-02,2001-03-03
"263","CZ0314023","9190","CZ1126","VMB1_VMB2",2014-08-28,2001-10-12
"264","CZ0314023","9190","CZ1171","VMB2_VMB0",2024-10-25,2001-10-12
"265","CZ0314023","9190","CZ1271","VMB1_VMB2",2013-08-26,2003-08-24
"266","CZ0314023","9190","CZ1291","VMB1_VMB2",2013-08-22,2003-05-18
"267","CZ0314023","9190","CZ1313","VMB1_VMB2",2013-08-19,2003-08-24
"268","CZ0314023","9190","CZ1333","VMB1_VMB2",2015-07-15,2002-09-30
"269","CZ0314023","91E0","CZ0407","VMB1_VMB2",2011-09-08,2002-10-25
"270","CZ0314023","91E0","CZ1126","VMB1_VMB2",2014-08-28,2001-10-11
"271","CZ0314023","91E0","CZ1160","VMB1_VMB2",2013-07-19,2001-09-06
"272","CZ0314023","91E0","CZ1171","VMB2_VMB0",2024-08-28,2001-09-07
"273","CZ0314023","91E0","CZ1208","VMB1_VMB2",2017-06-25,2001-09-09
"274","CZ0314023","91E0","CZ1271","VMB1_VMB2",2013-07-09,2001-09-28
"275","CZ0314023","91E0","CZ1313","VMB1_VMB2",2013-08-19,2001-09-28
"276","CZ0314023","91F0","CZ0407","VMB1_VMB2",2011-09-07,2002-11-25
"277","CZ0314023","91F0","CZ1126","VMB1_VMB2",2014-08-28,2002-12-31
"278","CZ0314023","91F0","CZ1160","VMB1_VMB2",2013-07-11,2001-09-05
"279","CZ0314023","91F0","CZ1171","VMB2_VMB0",2024-09-10,2001-09-07
"280","CZ0314023","91F0","CZ1208","VMB1_VMB2",2017-08-20,2001-09-07
"281","CZ0314023","91F0","CZ1271","VMB1_VMB2",2013-08-24,2001-09-09
"282","CZ0314023","91F0","CZ1313","VMB1_VMB2",2013-08-19,2001-09-29
"283","CZ0314024","9110","CZ0009","VMB1_VMB2",2015-09-30,2004-09-10
"284","CZ0314024","9110","CZ0019","VMB1_VMB2",2015-08-21,2004-08-03
"285","CZ0314024","9110","CZ0392","VMB2_VMB0",2021-09-30,2009-09-10
"286","CZ0314024","9110","CZ0393","VMB1_VMB2",2013-09-23,2004-12-08
"287","CZ0314024","9110","CZ0394","VMB2_VMB0",2020-10-02,2009-09-22
"288","CZ0314024","9110","CZ0395","VMB2_VMB0",2024-10-31,2010-09-16
"289","CZ0314024","9110","CZ0403","VMB1_VMB2",2015-08-31,2004-08-21
"290","CZ0314024","9110","CZ0404","VMB1_VMB2",2011-05-06,2004-08-26
"291","CZ0314024","9110","CZ0406","VMB1_VMB2",2010-09-07,2005-01-03
"292","CZ0314024","9110","CZ0408","VMB1_VMB2",2011-11-15,2005-01-03
"293","CZ0314024","9110","CZ0414","VMB1_VMB2",2012-07-21,2003-09-19
"294","CZ0314024","9110","CZ0415","VMB1_VMB2",2017-12-01,2002-08-09
"295","CZ0314024","9110","CZ0416","VMB1_VMB2",2012-09-23,2004-07-15
"296","CZ0314024","9110","CZ0497","VMB1_VMB2",2012-03-29,2003-08-23
"297","CZ0314024","9110","CZ0549","VMB1_VMB2",2014-12-06,2003-07-04
"298","CZ0314024","9110","CZ0552","VMB1_VMB2",2010-08-19,2002-08-02
"299","CZ0314024","9110","CZ0563","VMB1_VMB2",2012-08-08,2002-08-22
"300","CZ0314024","9110","CZ0566","VMB1_VMB2",2008-09-10,2002-08-22
"301","CZ0314024","9110","CZ0573","VMB2_VMB0",2023-07-31,2008-07-16
"302","CZ0314024","9110","CZ0595","VMB1_VMB2",2009-10-31,2005-01-03
"303","CZ0314024","9110","CZ0637","VMB1_VMB2",2008-11-08,2005-07-20
"304","CZ0314024","9110","CZ0665","VMB1_VMB2",2008-05-29,2004-08-23
"305","CZ0314024","9110","CZ0967","VMB1_VMB2",2017-09-18,2004-12-31
"306","CZ0314024","9110","CZ1042","VMB1_VMB2",2015-07-11,2004-08-22
"307","CZ0314024","9110","CZ1044","VMB1_VMB2",2015-08-31,2004-08-27
"308","CZ0314024","9110","CZ1045","VMB1_VMB2",2015-09-02,2004-08-30
"309","CZ0314024","9110","CZ1066","VMB1_VMB2",2015-09-03,2004-08-25
"310","CZ0314024","9110","CZ1094","VMB1_VMB2",2012-06-16,2003-09-09
"311","CZ0314024","9110","CZ1117","VMB1_VMB2",2012-06-15,2003-09-21
"312","CZ0314024","9110","CZ1131","VMB1_VMB2",2009-09-23,2004-09-01
"313","CZ0314024","9110","CZ1132","VMB1_VMB2",2015-07-17,2003-07-26
"314","CZ0314024","9110","CZ1142","VMB1_VMB2",2010-08-12,2002-09-22
"315","CZ0314024","9110","CZ1162","VMB1_VMB2",2014-05-16,2004-08-03
"316","CZ0314024","9110","CZ1174","VMB1_VMB2",2016-08-26,2002-09-30
"317","CZ0314024","9110","CZ1177","VMB1_VMB2",2012-07-08,2004-09-07
"318","CZ0314024","9110","CZ1189","VMB1_VMB2",2011-09-19,2002-09-08
"319","CZ0314024","9110","CZ1194","VMB1_VMB2",2012-09-07,2002-09-06
"320","CZ0314024","9110","CZ1236","VMB2_VMB0",2022-09-05,2010-08-28
"321","CZ0314024","9110","CZ1240","VMB1_VMB2",2012-08-12,2004-04-23
"322","CZ0314024","9110","CZ1246","VMB1_VMB2",2012-08-14,2003-08-11
"323","CZ0314024","9110","CZ1251","VMB1_VMB2",2016-09-15,2001-10-02
"324","CZ0314024","9110","CZ1256","VMB1_VMB2",2017-09-18,2004-08-11
"325","CZ0314024","9110","CZ1260","VMB1_VMB2",2015-09-20,2004-08-01
"326","CZ0314024","9110","CZ1269","VMB1_VMB2",2018-09-11,2004-08-01
"327","CZ0314024","9110","CZ1270","VMB1_VMB2",2012-07-11,2002-10-01
"328","CZ0314024","9110","CZ1292","VMB1_VMB2",2017-08-30,2003-08-24
"329","CZ0314024","9110","CZ1301","VMB1_VMB2",2011-04-01,2005-07-14
"330","CZ0314024","9110","CZ1318","VMB1_VMB2",2015-08-28,2003-09-14
"331","CZ0314024","9110","CZ1325","VMB1_VMB2",2018-10-17,2004-11-22
"332","CZ0314024","9110","CZ1330","VMB1_VMB2",2010-10-13,2004-09-15
"333","CZ0314024","9110","CZ1331","VMB1_VMB2",2015-08-20,2005-08-15
"334","CZ0314024","9110","CZ1358","VMB1_VMB2",2014-08-28,2003-10-29
"335","CZ0314024","9110","CZ1367","VMB1_VMB2",2008-12-01,2004-11-22
"336","CZ0314024","9110","CZ1378","VMB1_VMB2",2015-08-05,2005-08-15
"337","CZ0314024","9110","CZ1401","VMB1_VMB2",2015-09-24,2004-09-15
"338","CZ0314024","9110","CZ1419","VMB1_VMB2",2013-07-23,2003-10-29
"339","CZ0314024","9110","CZ1422","VMB1_VMB2",2009-07-14,2004-12-06
"340","CZ0314024","9110","CZ1425","VMB1_VMB2",2017-09-25,2004-09-15
"341","CZ0314024","9110","CZ1426","VMB1_VMB2",2014-02-26,2004-09-27
"342","CZ0314024","9110","CZ1438","VMB1_VMB2",2010-03-27,2001-10-10
"343","CZ0314024","9110","CZ1440","VMB1_VMB2",2019-09-05,2004-09-08
"344","CZ0314024","9110","CZ1449","VMB1_VMB2",2010-04-06,2004-05-21
"345","CZ0314024","9110","CZ1450","VMB1_VMB2",2014-09-26,2004-09-15
"346","CZ0314024","9110","CZ1451","VMB1_VMB2",2012-10-03,2004-08-14
"347","CZ0314024","9110","CZ1455","VMB1_VMB2",2016-08-03,2004-07-26
"348","CZ0314024","9110","CZ1492","VMB1_VMB2",2009-11-19,2003-06-22
"349","CZ0314024","9110","CZ1507","VMB2_VMB0",2022-08-09,2011-09-22
"350","CZ0314024","9110","CZ1512","VMB1_VMB2",2013-08-13,2004-07-15
"351","CZ0314024","9110","CZ1536","VMB1_VMB2",2010-04-01,2004-07-15
"352","CZ0314024","9110","CZ1547","VMB1_VMB2",2010-09-30,2003-08-24
"353","CZ0314024","9110","CZ1554","VMB2_VMB0",2023-10-26,2017-08-07
"354","CZ0314024","9110","CZ1572","VMB1_VMB2",2010-03-30,2002-12-31
"355","CZ0314024","9110","CZ1585","VMB1_VMB2",2017-09-07,2003-10-20
"356","CZ0314024","9110","CZ1592","VMB1_VMB2",2018-09-15,2005-06-13
"357","CZ0314024","9110","CZ1593","VMB2_VMB0",2022-08-31,2009-10-01
"358","CZ0314024","9110","CZ1597","VMB1_VMB2",2013-08-29,2004-12-29
"359","CZ0314024","9110","CZ1631","VMB2_VMB0",2023-08-12,2010-10-30
"360","CZ0314024","9110","CZ1632","VMB2_VMB0",2022-06-30,2009-08-27
"361","CZ0314024","9110","CZ1651","VMB1_VMB2",2012-10-11,2005-06-13
"362","CZ0314024","9110","CZ1652","VMB2_VMB0",2023-08-27,2009-10-02
"363","CZ0314024","9110","CZ1680","VMB1_VMB2",2012-11-12,2004-12-25
"364","CZ0314024","9110","CZ1709","VMB1_VMB2",2017-08-07,2004-12-31
"365","CZ0314024","9110","CZ1710","VMB1_VMB2",2017-09-13,2004-09-20
"366","CZ0314024","9110","CZ1711","VMB1_VMB2",2017-08-08,2004-12-31
"367","CZ0314024","9110","CZ1746","VMB1_VMB2",2014-10-15,2004-07-31
"368","CZ0314024","9110","CZ1751","VMB2_VMB0",2025-05-21,2009-09-13
"369","CZ0314024","9110","CZ1773","VMB2_VMB0",2022-09-21,2008-09-18
"370","CZ0314024","9110","CZ1775","VMB1_VMB2",2012-09-19,2003-08-28
"371","CZ0314024","9110","CZ1779","VMB2_VMB0",2024-11-07,2014-09-16
"372","CZ0314024","9110","CZ1812","VMB1_VMB2",2017-03-29,2005-09-15
"373","CZ0314024","9110","CZ1835","VMB1_VMB2",2010-10-08,2005-09-15
"374","CZ0314024","9110","CZ1837","VMB1_VMB2",2015-05-17,2004-08-21
"375","CZ0314024","9110","CZ1838","VMB1_VMB2",2012-08-09,2004-06-29
"376","CZ0314024","9110","CZ1845","VMB1_VMB2",2011-09-30,2005-09-15
"377","CZ0314024","9110","CZ1846","VMB1_VMB2",2010-09-03,2003-10-10
"378","CZ0314024","9130","CZ0009","VMB1_VMB2",2015-09-30,2004-09-10
"379","CZ0314024","9130","CZ0019","VMB1_VMB2",2015-08-21,2002-05-18
"380","CZ0314024","9130","CZ0394","VMB1_VMB2",2007-10-15,2003-07-22
"381","CZ0314024","9130","CZ0395","VMB2_VMB0",2024-10-18,2009-08-31
"382","CZ0314024","9130","CZ0403","VMB1_VMB2",2015-09-05,2003-08-19
"383","CZ0314024","9130","CZ0404","VMB1_VMB2",2007-09-09,2004-08-20
"384","CZ0314024","9130","CZ0406","VMB1_VMB2",2010-09-07,2005-01-03
"385","CZ0314024","9130","CZ0408","VMB1_VMB2",2011-11-15,2005-01-03
"386","CZ0314024","9130","CZ0497","VMB1_VMB2",2012-03-29,2003-08-22
"387","CZ0314024","9130","CZ0563","VMB1_VMB2",2012-06-07,2001-08-31
"388","CZ0314024","9130","CZ0566","VMB1_VMB2",2008-08-29,2002-12-31
"389","CZ0314024","9130","CZ0573","VMB2_VMB0",2023-07-31,2008-09-03
"390","CZ0314024","9130","CZ0595","VMB1_VMB2",2009-10-31,2004-10-25
"391","CZ0314024","9130","CZ0665","VMB1_VMB2",2008-05-01,2003-09-01
"392","CZ0314024","9130","CZ1042","VMB1_VMB2",2015-07-07,2005-08-25
"393","CZ0314024","9130","CZ1066","VMB1_VMB2",2015-09-03,2004-08-22
"394","CZ0314024","9130","CZ1117","VMB1_VMB2",2012-06-15,2003-07-19
"395","CZ0314024","9130","CZ1131","VMB1_VMB2",2009-09-23,2004-09-01
"396","CZ0314024","9130","CZ1132","VMB1_VMB2",2015-07-13,2003-07-23
"397","CZ0314024","9130","CZ1142","VMB1_VMB2",2010-08-12,2002-09-22
"398","CZ0314024","9130","CZ1174","VMB1_VMB2",2016-08-24,2002-12-31
"399","CZ0314024","9130","CZ1189","VMB1_VMB2",2011-09-13,2002-12-31
"400","CZ0314024","9130","CZ1194","VMB1_VMB2",2012-08-24,2001-08-31
"401","CZ0314024","9130","CZ1236","VMB2_VMB0",2022-09-05,2010-08-20
"402","CZ0314024","9130","CZ1240","VMB1_VMB2",2012-07-15,2004-04-23
"403","CZ0314024","9130","CZ1246","VMB1_VMB2",2012-06-23,2003-08-11
"404","CZ0314024","9130","CZ1256","VMB1_VMB2",2017-09-18,2004-08-11
"405","CZ0314024","9130","CZ1260","VMB1_VMB2",2015-09-26,2004-09-05
"406","CZ0314024","9130","CZ1269","VMB1_VMB2",2018-09-11,2004-08-01
"407","CZ0314024","9130","CZ1270","VMB1_VMB2",2012-07-11,2002-12-31
"408","CZ0314024","9130","CZ1292","VMB1_VMB2",2017-08-30,2003-08-24
"409","CZ0314024","9130","CZ1301","VMB1_VMB2",2011-03-28,2005-07-14
"410","CZ0314024","9130","CZ1318","VMB1_VMB2",2015-08-28,2003-08-09
"411","CZ0314024","9130","CZ1325","VMB1_VMB2",2018-09-12,2004-10-25
"412","CZ0314024","9130","CZ1330","VMB1_VMB2",2010-10-13,2004-06-07
"413","CZ0314024","9130","CZ1331","VMB1_VMB2",2015-08-20,2005-08-15
"414","CZ0314024","9130","CZ1367","VMB1_VMB2",2008-12-01,2004-10-25
"415","CZ0314024","9130","CZ1378","VMB1_VMB2",2015-07-19,2001-06-30
"416","CZ0314024","9130","CZ1401","VMB1_VMB2",2015-08-10,2004-09-15
"417","CZ0314024","9130","CZ1419","VMB1_VMB2",2013-07-01,2002-05-28
"418","CZ0314024","9130","CZ1422","VMB1_VMB2",2009-07-14,2004-09-08
"419","CZ0314024","9130","CZ1425","VMB1_VMB2",2017-09-25,2004-09-15
"420","CZ0314024","9130","CZ1440","VMB1_VMB2",2019-09-05,2004-09-08
"421","CZ0314024","9130","CZ1449","VMB1_VMB2",2010-04-06,2002-12-31
"422","CZ0314024","9130","CZ1450","VMB1_VMB2",2014-07-17,2004-09-15
"423","CZ0314024","9130","CZ1536","VMB1_VMB2",2010-03-27,2001-08-06
"424","CZ0314024","9130","CZ1554","VMB2_VMB0",2023-11-01,2011-05-18
"425","CZ0314024","9130","CZ1572","VMB1_VMB2",2010-03-29,2001-08-06
"426","CZ0314024","9130","CZ1585","VMB1_VMB2",2017-08-08,2002-12-31
"427","CZ0314024","9130","CZ1592","VMB1_VMB2",2018-08-18,2002-12-31
"428","CZ0314024","9130","CZ1593","VMB2_VMB0",2022-08-30,2009-09-29
"429","CZ0314024","9130","CZ1597","VMB1_VMB2",2013-06-14,2005-06-23
"430","CZ0314024","9130","CZ1652","VMB2_VMB0",2023-08-27,2009-09-26
"431","CZ0314024","9130","CZ1710","VMB1_VMB2",2017-09-13,2004-09-20
"432","CZ0314024","9130","CZ1711","VMB1_VMB2",2017-08-10,2004-09-20
"433","CZ0314024","9130","CZ1751","VMB2_VMB0",2025-05-21,2009-08-03
"434","CZ0314024","9130","CZ1773","VMB1_VMB2",2008-05-27,2003-08-25
"435","CZ0314024","9130","CZ1775","VMB1_VMB2",2012-09-14,2003-08-28
"436","CZ0314024","9130","CZ1779","VMB1_VMB2",2009-10-22,2005-09-15
"437","CZ0314024","9130","CZ1812","VMB1_VMB2",2016-05-23,2003-09-17
"438","CZ0314024","9130","CZ1835","VMB1_VMB2",2010-10-08,2004-12-20
"439","CZ0314024","9130","CZ1837","VMB1_VMB2",2015-05-17,2003-09-01
"440","CZ0314024","9130","CZ1838","VMB1_VMB2",2012-08-09,2004-06-29
"441","CZ0314024","9130","CZ1845","VMB1_VMB2",2011-09-30,2003-08-14
"442","CZ0314024","9130","CZ1846","VMB1_VMB2",2010-08-23,2003-09-01
"443","CZ0314024","9180","CZ0009","VMB1_VMB2",2015-09-28,2004-09-10
"444","CZ0314024","9180","CZ0392","VMB1_VMB2",2007-09-14,2003-06-13
"445","CZ0314024","9180","CZ0393","VMB1_VMB2",2013-09-04,2003-06-11
"446","CZ0314024","9180","CZ0394","VMB1_VMB2",2007-10-17,2003-07-03
"447","CZ0314024","9180","CZ0395","VMB1_VMB2",2009-08-31,2005-09-15
"448","CZ0314024","9180","CZ0406","VMB1_VMB2",2010-09-07,2003-07-09
"449","CZ0314024","9180","CZ0408","VMB1_VMB2",2011-11-15,2004-07-19
"450","CZ0314024","9180","CZ0573","VMB2_VMB0",2023-07-13,2008-07-15
"451","CZ0314024","9180","CZ0595","VMB1_VMB2",2009-10-31,2003-05-14
"452","CZ0314024","9180","CZ1044","VMB1_VMB2",2015-08-31,2002-08-07
"453","CZ0314024","9180","CZ1131","VMB1_VMB2",2009-09-23,2004-09-01
"454","CZ0314024","9180","CZ1256","VMB1_VMB2",2017-09-05,2004-08-11
"455","CZ0314024","9180","CZ1269","VMB1_VMB2",2018-08-09,2003-08-09
"456","CZ0314024","9180","CZ1270","VMB1_VMB2",2012-07-11,2002-08-25
"457","CZ0314024","9180","CZ1292","VMB1_VMB2",2017-07-31,2003-07-31
"458","CZ0314024","9180","CZ1318","VMB1_VMB2",2015-08-28,2003-07-11
"459","CZ0314024","9180","CZ1330","VMB1_VMB2",2010-10-13,2004-06-06
"460","CZ0314024","9180","CZ1367","VMB1_VMB2",2008-12-01,2004-10-25
"461","CZ0314024","9180","CZ1425","VMB1_VMB2",2017-09-14,2004-09-15
"462","CZ0314024","9180","CZ1426","VMB1_VMB2",2014-02-26,2004-09-18
"463","CZ0314024","9180","CZ1440","VMB1_VMB2",2019-06-25,2004-08-02
"464","CZ0314024","9180","CZ1536","VMB1_VMB2",2010-03-27,2004-07-15
"465","CZ0314024","9180","CZ1554","VMB1_VMB2",2011-03-29,2002-07-26
"466","CZ0314024","9180","CZ1572","VMB1_VMB2",2010-03-29,2001-08-13
"467","CZ0314024","9180","CZ1592","VMB1_VMB2",2018-09-05,2004-07-15
"468","CZ0314024","9180","CZ1593","VMB1_VMB2",2009-07-25,2002-09-04
"469","CZ0314024","9180","CZ1597","VMB1_VMB2",2013-09-17,2003-07-26
"470","CZ0314024","9180","CZ1631","VMB1_VMB2",2010-07-20,2002-09-13
"471","CZ0314024","9180","CZ1632","VMB1_VMB2",2009-07-10,2002-09-04
"472","CZ0314024","9180","CZ1651","VMB1_VMB2",2012-10-04,2004-12-31
"473","CZ0314024","9180","CZ1652","VMB1_VMB2",2009-08-14,2002-09-04
"474","CZ0314024","9180","CZ1746","VMB1_VMB2",2014-09-10,2003-08-06
"475","CZ0314024","9180","CZ1779","VMB1_VMB2",2009-10-22,2003-08-07
"476","CZ0314024","9180","CZ1835","VMB1_VMB2",2010-09-06,2005-09-15
"477","CZ0314024","9180","CZ1838","VMB1_VMB2",2012-08-07,2003-08-18
"478","CZ0314024","9180","CZ1845","VMB1_VMB2",2011-09-30,2003-08-16
"479","CZ0314024","91D0","CZ0009","VMB1_VMB2",2015-09-21,2004-08-01
"480","CZ0314024","91D0","CZ0019","VMB1_VMB2",2015-08-21,2004-08-03
"481","CZ0314024","91D0","CZ0392","VMB2_VMB0",2021-09-13,2007-10-05
"482","CZ0314024","91D0","CZ0393","VMB1_VMB2",2013-08-20,2003-08-31
"483","CZ0314024","91D0","CZ0394","VMB2_VMB0",2020-08-11,2008-07-21
"484","CZ0314024","91D0","CZ0403","VMB1_VMB2",2015-08-31,2005-02-28
"485","CZ0314024","91D0","CZ0408","VMB1_VMB2",2011-11-15,2004-07-19
"486","CZ0314024","91D0","CZ0414","VMB1_VMB2",2012-07-28,2003-09-19
"487","CZ0314024","91D0","CZ0415","VMB2_VMB0",2022-06-21,2017-11-24
"488","CZ0314024","91D0","CZ0416","VMB1_VMB2",2012-09-25,2004-07-15
"489","CZ0314024","91D0","CZ0573","VMB2_VMB0",2023-07-31,2008-08-25
"490","CZ0314024","91D0","CZ0595","VMB1_VMB2",2009-10-31,2003-08-09
"491","CZ0314024","91D0","CZ0637","VMB1_VMB2",2008-11-08,2005-07-20
"492","CZ0314024","91D0","CZ1042","VMB1_VMB2",2016-05-14,2002-08-07
"493","CZ0314024","91D0","CZ1044","VMB1_VMB2",2015-08-31,2005-08-25
"494","CZ0314024","91D0","CZ1045","VMB1_VMB2",2015-07-05,2004-08-30
"495","CZ0314024","91D0","CZ1066","VMB1_VMB2",2016-05-12,2004-08-25
"496","CZ0314024","91D0","CZ1094","VMB1_VMB2",2012-06-18,2004-08-21
"497","CZ0314024","91D0","CZ1117","VMB1_VMB2",2012-06-15,2004-12-19
"498","CZ0314024","91D0","CZ1131","VMB1_VMB2",2009-09-22,2004-07-18
"499","CZ0314024","91D0","CZ1132","VMB1_VMB2",2015-07-17,2003-08-02
"500","CZ0314024","91D0","CZ1142","VMB1_VMB2",2010-08-10,2002-09-22
"501","CZ0314024","91D0","CZ1147","VMB1_VMB2",2016-08-24,2003-07-21
"502","CZ0314024","91D0","CZ1174","VMB1_VMB2",2016-07-12,2002-09-30
"503","CZ0314024","91D0","CZ1194","VMB1_VMB2",2012-08-24,2001-09-18
"504","CZ0314024","91D0","CZ1197","VMB1_VMB2",2016-09-09,2001-10-26
"505","CZ0314024","91D0","CZ1236","VMB2_VMB0",2022-09-04,2010-07-23
"506","CZ0314024","91D0","CZ1246","VMB1_VMB2",2012-08-14,2004-07-03
"507","CZ0314024","91D0","CZ1251","VMB1_VMB2",2016-09-14,2001-10-20
"508","CZ0314024","91D0","CZ1256","VMB1_VMB2",2017-06-09,2004-07-31
"509","CZ0314024","91D0","CZ1260","VMB1_VMB2",2015-09-20,2004-08-01
"510","CZ0314024","91D0","CZ1269","VMB1_VMB2",2018-09-11,2004-08-01
"511","CZ0314024","91D0","CZ1270","VMB1_VMB2",2012-07-26,2002-10-13
"512","CZ0314024","91D0","CZ1292","VMB1_VMB2",2017-08-30,2003-08-04
"513","CZ0314024","91D0","CZ1301","VMB1_VMB2",2011-10-25,2005-08-15
"514","CZ0314024","91D0","CZ1318","VMB1_VMB2",2015-08-28,2003-09-14
"515","CZ0314024","91D0","CZ1325","VMB1_VMB2",2018-10-17,2004-08-01
"516","CZ0314024","91D0","CZ1330","VMB1_VMB2",2010-09-12,2002-10-02
"517","CZ0314024","91D0","CZ1331","VMB1_VMB2",2015-08-20,2005-08-15
"518","CZ0314024","91D0","CZ1358","VMB1_VMB2",2014-08-27,2005-08-15
"519","CZ0314024","91D0","CZ1367","VMB1_VMB2",2008-12-01,2003-06-11
"520","CZ0314024","91D0","CZ1378","VMB1_VMB2",2015-07-21,2003-10-29
"521","CZ0314024","91D0","CZ1395","VMB1_VMB2",2012-09-15,2002-11-05
"522","CZ0314024","91D0","CZ1401","VMB1_VMB2",2015-08-18,2004-09-15
"523","CZ0314024","91D0","CZ1419","VMB1_VMB2",2013-07-23,2003-10-29
"524","CZ0314024","91D0","CZ1422","VMB1_VMB2",2009-07-14,2004-09-08
"525","CZ0314024","91D0","CZ1425","VMB1_VMB2",2017-09-21,2004-08-13
"526","CZ0314024","91D0","CZ1438","VMB1_VMB2",2010-03-28,2002-11-05
"527","CZ0314024","91D0","CZ1440","VMB1_VMB2",2019-06-26,2004-08-06
"528","CZ0314024","91D0","CZ1449","VMB1_VMB2",2010-04-01,2003-10-20
"529","CZ0314024","91D0","CZ1450","VMB1_VMB2",2014-09-18,2004-08-03
"530","CZ0314024","91D0","CZ1451","VMB1_VMB2",2012-07-31,2004-08-16
"531","CZ0314024","91D0","CZ1455","VMB1_VMB2",2016-08-31,2004-07-15
"532","CZ0314024","91D0","CZ1492","VMB1_VMB2",2010-03-25,2003-10-20
"533","CZ0314024","91D0","CZ1507","VMB1_VMB2",2011-09-22,2004-06-05
"534","CZ0314024","91D0","CZ1512","VMB1_VMB2",2013-08-13,2004-07-15
"535","CZ0314024","91D0","CZ1536","VMB1_VMB2",2010-04-01,2004-07-15
"536","CZ0314024","91D0","CZ1547","VMB1_VMB2",2010-10-01,2003-08-24
"537","CZ0314024","91D0","CZ1554","VMB2_VMB0",2023-10-20,2011-08-22
"538","CZ0314024","91D0","CZ1572","VMB1_VMB2",2010-03-30,2001-10-04
"539","CZ0314024","91D0","CZ1592","VMB1_VMB2",2018-08-05,2003-08-27
"540","CZ0314024","91D0","CZ1593","VMB2_VMB0",2022-08-31,2009-10-01
"541","CZ0314024","91D0","CZ1631","VMB2_VMB0",2023-08-12,2010-10-31
"542","CZ0314024","91D0","CZ1632","VMB2_VMB0",2022-07-15,2009-09-23
"543","CZ0314024","91D0","CZ1652","VMB2_VMB0",2023-08-27,2009-09-13
"544","CZ0314024","91D0","CZ1680","VMB1_VMB2",2012-08-02,2003-07-19
"545","CZ0314024","91D0","CZ1773","VMB2_VMB0",2022-08-11,2008-07-23
"546","CZ0314024","91D0","CZ1812","VMB1_VMB2",2016-10-24,2004-06-29
"547","CZ0314024","91D0","CZ1838","VMB1_VMB2",2012-08-09,2004-06-29
"548","CZ0314024","91E0","CZ0009","VMB1_VMB2",2015-09-30,2004-09-10
"549","CZ0314024","91E0","CZ0019","VMB1_VMB2",2015-06-22,2004-08-03
"550","CZ0314024","91E0","CZ0027","VMB2_VMB0",2021-06-05,2006-09-09
"551","CZ0314024","91E0","CZ0392","VMB2_VMB0",2021-09-30,2007-10-08
"552","CZ0314024","91E0","CZ0393","VMB1_VMB2",2013-09-23,2003-06-12
"553","CZ0314024","91E0","CZ0394","VMB2_VMB0",2020-09-30,2008-08-21
"554","CZ0314024","91E0","CZ0395","VMB2_VMB0",2024-10-31,2009-09-15
"555","CZ0314024","91E0","CZ0402","VMB2_VMB0",2020-08-17,2007-09-24
"556","CZ0314024","91E0","CZ0403","VMB1_VMB2",2015-08-31,2004-07-29
"557","CZ0314024","91E0","CZ0404","VMB1_VMB2",2007-11-03,2004-08-02
"558","CZ0314024","91E0","CZ0408","VMB1_VMB2",2011-11-15,2004-07-19
"559","CZ0314024","91E0","CZ0414","VMB2_VMB0",2022-06-22,2012-07-08
"560","CZ0314024","91E0","CZ0416","VMB1_VMB2",2012-09-21,2004-07-15
"561","CZ0314024","91E0","CZ0497","VMB1_VMB2",2012-03-29,2004-10-26
"562","CZ0314024","91E0","CZ0563","VMB1_VMB2",2012-06-15,2001-09-17
"563","CZ0314024","91E0","CZ0573","VMB2_VMB0",2023-07-31,2008-08-25
"564","CZ0314024","91E0","CZ0595","VMB1_VMB2",2009-10-31,2003-06-16
"565","CZ0314024","91E0","CZ0637","VMB1_VMB2",2008-08-31,2002-09-04
"566","CZ0314024","91E0","CZ0665","VMB1_VMB2",2008-05-29,2003-09-01
"567","CZ0314024","91E0","CZ0967","VMB1_VMB2",2017-09-18,2003-09-20
"568","CZ0314024","91E0","CZ1042","VMB1_VMB2",2016-05-14,2005-08-26
"569","CZ0314024","91E0","CZ1044","VMB1_VMB2",2015-08-29,2005-08-26
"570","CZ0314024","91E0","CZ1066","VMB1_VMB2",2015-09-03,2004-08-25
"571","CZ0314024","91E0","CZ1094","VMB1_VMB2",2012-06-18,2004-08-24
"572","CZ0314024","91E0","CZ1117","VMB1_VMB2",2012-06-15,2003-07-19
"573","CZ0314024","91E0","CZ1132","VMB1_VMB2",2015-07-17,2003-07-26
"574","CZ0314024","91E0","CZ1162","VMB1_VMB2",2014-07-02,2003-07-18
"575","CZ0314024","91E0","CZ1167","VMB1_VMB2",2010-08-19,2002-07-30
"576","CZ0314024","91E0","CZ1174","VMB1_VMB2",2016-08-26,2002-09-07
"577","CZ0314024","91E0","CZ1177","VMB1_VMB2",2012-07-12,2004-08-02
"578","CZ0314024","91E0","CZ1194","VMB1_VMB2",2012-09-07,2001-10-22
"579","CZ0314024","91E0","CZ1197","VMB1_VMB2",2016-09-16,2001-10-27
"580","CZ0314024","91E0","CZ1210","VMB1_VMB2",2013-08-07,2004-08-02
"581","CZ0314024","91E0","CZ1236","VMB2_VMB0",2022-09-05,2010-08-12
"582","CZ0314024","91E0","CZ1240","VMB1_VMB2",2012-08-12,2003-08-22
"583","CZ0314024","91E0","CZ1251","VMB1_VMB2",2016-09-14,2001-10-02
"584","CZ0314024","91E0","CZ1256","VMB1_VMB2",2017-08-10,2004-08-01
"585","CZ0314024","91E0","CZ1260","VMB1_VMB2",2015-09-26,2004-08-01
"586","CZ0314024","91E0","CZ1269","VMB1_VMB2",2018-09-11,2003-06-12
"587","CZ0314024","91E0","CZ1270","VMB1_VMB2",2012-07-26,2003-07-23
"588","CZ0314024","91E0","CZ1292","VMB1_VMB2",2017-08-30,2003-08-09
"589","CZ0314024","91E0","CZ1301","VMB1_VMB2",2011-03-31,2003-07-22
"590","CZ0314024","91E0","CZ1318","VMB1_VMB2",2015-08-28,2003-09-13
"591","CZ0314024","91E0","CZ1325","VMB1_VMB2",2018-10-17,2004-09-15
"592","CZ0314024","91E0","CZ1330","VMB1_VMB2",2010-10-07,2004-05-23
"593","CZ0314024","91E0","CZ1347","VMB2_VMB0",2025-06-28,2013-09-11
"594","CZ0314024","91E0","CZ1367","VMB1_VMB2",2008-12-01,2004-10-25
"595","CZ0314024","91E0","CZ1378","VMB2_VMB0",2022-09-12,2015-08-03
"596","CZ0314024","91E0","CZ1401","VMB1_VMB2",2015-09-22,2004-07-24
"597","CZ0314024","91E0","CZ1419","VMB1_VMB2",2013-07-23,2005-07-21
"598","CZ0314024","91E0","CZ1422","VMB1_VMB2",2009-07-14,2004-09-08
"599","CZ0314024","91E0","CZ1425","VMB1_VMB2",2017-09-25,2004-08-13
"600","CZ0314024","91E0","CZ1440","VMB1_VMB2",2019-09-18,2004-09-08
"601","CZ0314024","91E0","CZ1449","VMB1_VMB2",2010-04-01,2003-07-19
"602","CZ0314024","91E0","CZ1450","VMB1_VMB2",2014-09-25,2004-09-15
"603","CZ0314024","91E0","CZ1451","VMB1_VMB2",2012-10-18,2004-08-17
"604","CZ0314024","91E0","CZ1455","VMB1_VMB2",2016-08-31,2005-07-21
"605","CZ0314024","91E0","CZ1507","VMB2_VMB0",2022-08-05,2011-09-22
"606","CZ0314024","91E0","CZ1512","VMB1_VMB2",2013-08-13,2004-07-15
"607","CZ0314024","91E0","CZ1536","VMB1_VMB2",2010-03-27,2001-08-06
"608","CZ0314024","91E0","CZ1547","VMB1_VMB2",2010-08-17,2005-07-22
"609","CZ0314024","91E0","CZ1554","VMB2_VMB0",2024-03-28,2017-08-17
"610","CZ0314024","91E0","CZ1572","VMB1_VMB2",2010-03-29,2001-10-04
"611","CZ0314024","91E0","CZ1585","VMB1_VMB2",2017-08-18,2002-07-23
"612","CZ0314024","91E0","CZ1592","VMB1_VMB2",2018-09-14,2004-07-15
"613","CZ0314024","91E0","CZ1593","VMB2_VMB0",2022-07-09,2010-10-30
"614","CZ0314024","91E0","CZ1597","VMB1_VMB2",2013-09-17,2005-06-24
"615","CZ0314024","91E0","CZ1631","VMB2_VMB0",2023-08-12,2010-10-30
"616","CZ0314024","91E0","CZ1632","VMB1_VMB2",2009-09-23,2005-07-19
"617","CZ0314024","91E0","CZ1651","VMB1_VMB2",2012-10-11,2005-06-16
"618","CZ0314024","91E0","CZ1652","VMB2_VMB0",2023-08-27,2009-09-11
"619","CZ0314024","91E0","CZ1680","VMB1_VMB2",2012-09-22,2004-12-25
"620","CZ0314024","91E0","CZ1709","VMB1_VMB2",2017-08-07,2004-12-31
"621","CZ0314024","91E0","CZ1710","VMB1_VMB2",2017-09-13,2004-09-20
"622","CZ0314024","91E0","CZ1711","VMB1_VMB2",2017-08-10,2004-12-31
"623","CZ0314024","91E0","CZ1746","VMB1_VMB2",2014-09-16,2004-12-11
"624","CZ0314024","91E0","CZ1751","VMB2_VMB0",2025-05-21,2009-09-06
"625","CZ0314024","91E0","CZ1773","VMB2_VMB0",2022-08-30,2009-08-27
"626","CZ0314024","91E0","CZ1775","VMB1_VMB2",2012-09-19,2003-08-28
"627","CZ0314024","91E0","CZ1779","VMB2_VMB0",2024-11-06,2009-10-22
"628","CZ0314024","91E0","CZ1812","VMB1_VMB2",2016-10-24,2005-09-15
"629","CZ0314024","91E0","CZ1835","VMB1_VMB2",2010-10-08,2005-09-15
"630","CZ0314024","91E0","CZ1837","VMB1_VMB2",2015-05-17,2003-09-01
"631","CZ0314024","91E0","CZ1838","VMB1_VMB2",2012-09-07,2004-06-29
"632","CZ0314024","91E0","CZ1845","VMB1_VMB2",2011-09-30,2004-12-15
"633","CZ0314024","91E0","CZ1846","VMB1_VMB2",2010-09-03,2004-12-21
"634","CZ0314024","9410","CZ0009","VMB1_VMB2",2015-09-30,2004-09-10
"635","CZ0314024","9410","CZ0019","VMB1_VMB2",2015-08-21,2004-08-03
"636","CZ0314024","9410","CZ0392","VMB2_VMB0",2021-09-24,2009-09-12
"637","CZ0314024","9410","CZ0393","VMB1_VMB2",2013-09-11,2003-08-31
"638","CZ0314024","9410","CZ0394","VMB2_VMB0",2020-10-01,2009-08-21
"639","CZ0314024","9410","CZ0395","VMB2_VMB0",2024-10-24,2008-09-11
"640","CZ0314024","9410","CZ0403","VMB1_VMB2",2015-09-05,2005-02-28
"641","CZ0314024","9410","CZ0404","VMB1_VMB2",2011-05-06,2004-08-26
"642","CZ0314024","9410","CZ0406","VMB1_VMB2",2010-09-07,2004-08-01
"643","CZ0314024","9410","CZ0408","VMB1_VMB2",2011-08-13,2004-07-19
"644","CZ0314024","9410","CZ0414","VMB2_VMB0",2022-07-02,2012-09-22
"645","CZ0314024","9410","CZ0415","VMB2_VMB0",2022-06-21,2017-12-01
"646","CZ0314024","9410","CZ0416","VMB2_VMB0",2022-06-20,2015-08-24
"647","CZ0314024","9410","CZ0563","VMB1_VMB2",2012-08-08,2001-09-28
"648","CZ0314024","9410","CZ0566","VMB1_VMB2",2008-08-29,2001-09-30
"649","CZ0314024","9410","CZ0573","VMB2_VMB0",2023-07-31,2015-09-26
"650","CZ0314024","9410","CZ0595","VMB1_VMB2",2009-10-31,2005-01-03
"651","CZ0314024","9410","CZ0637","VMB1_VMB2",2008-11-08,2005-07-20
"652","CZ0314024","9410","CZ0665","VMB1_VMB2",2008-05-29,2004-08-21
"653","CZ0314024","9410","CZ1042","VMB1_VMB2",2015-07-07,2005-08-25
"654","CZ0314024","9410","CZ1044","VMB1_VMB2",2015-08-30,2002-08-10
"655","CZ0314024","9410","CZ1045","VMB1_VMB2",2015-08-31,2004-08-22
"656","CZ0314024","9410","CZ1066","VMB1_VMB2",2016-05-12,2004-08-25
"657","CZ0314024","9410","CZ1094","VMB1_VMB2",2012-06-18,2004-08-24
"658","CZ0314024","9410","CZ1096","VMB1_VMB2",2013-10-03,2003-08-15
"659","CZ0314024","9410","CZ1117","VMB1_VMB2",2012-06-11,2003-09-20
"660","CZ0314024","9410","CZ1131","VMB1_VMB2",2009-09-23,2004-12-17
"661","CZ0314024","9410","CZ1132","VMB1_VMB2",2015-07-07,2003-08-22
"662","CZ0314024","9410","CZ1142","VMB1_VMB2",2010-08-11,2002-09-22
"663","CZ0314024","9410","CZ1174","VMB1_VMB2",2016-08-26,2002-09-30
"664","CZ0314024","9410","CZ1189","VMB1_VMB2",2011-09-19,2002-09-07
"665","CZ0314024","9410","CZ1194","VMB1_VMB2",2012-09-07,2002-09-06
"666","CZ0314024","9410","CZ1197","VMB1_VMB2",2016-09-09,2005-08-19
"667","CZ0314024","9410","CZ1236","VMB2_VMB0",2022-09-05,2010-08-22
"668","CZ0314024","9410","CZ1240","VMB1_VMB2",2012-06-23,2003-07-08
"669","CZ0314024","9410","CZ1246","VMB1_VMB2",2012-08-14,2004-08-22
"670","CZ0314024","9410","CZ1251","VMB1_VMB2",2016-09-15,2004-08-01
"671","CZ0314024","9410","CZ1256","VMB1_VMB2",2017-09-05,2004-08-07
"672","CZ0314024","9410","CZ1260","VMB1_VMB2",2015-09-26,2004-09-05
"673","CZ0314024","9410","CZ1269","VMB1_VMB2",2018-09-11,2004-09-05
"674","CZ0314024","9410","CZ1270","VMB1_VMB2",2012-07-26,2002-10-12
"675","CZ0314024","9410","CZ1292","VMB1_VMB2",2017-07-30,2003-06-12
"676","CZ0314024","9410","CZ1301","VMB1_VMB2",2011-10-25,2005-08-15
"677","CZ0314024","9410","CZ1318","VMB1_VMB2",2015-08-28,2003-09-13
"678","CZ0314024","9410","CZ1325","VMB1_VMB2",2018-10-17,2004-08-01
"679","CZ0314024","9410","CZ1330","VMB1_VMB2",2010-10-12,2004-09-15
"680","CZ0314024","9410","CZ1331","VMB1_VMB2",2015-08-20,2005-08-15
"681","CZ0314024","9410","CZ1358","VMB1_VMB2",2014-08-28,2005-08-15
"682","CZ0314024","9410","CZ1367","VMB1_VMB2",2008-12-01,2004-11-29
"683","CZ0314024","9410","CZ1378","VMB1_VMB2",2015-09-14,2004-09-15
"684","CZ0314024","9410","CZ1395","VMB1_VMB2",2012-09-15,2002-11-05
"685","CZ0314024","9410","CZ1401","VMB1_VMB2",2015-09-25,2004-09-15
"686","CZ0314024","9410","CZ1419","VMB1_VMB2",2013-07-23,2003-10-29
"687","CZ0314024","9410","CZ1422","VMB1_VMB2",2009-07-14,2004-08-13
"688","CZ0314024","9410","CZ1425","VMB1_VMB2",2017-09-26,2004-09-15
"689","CZ0314024","9410","CZ1438","VMB2_VMB0",2022-07-14,2012-08-04
"690","CZ0314024","9410","CZ1440","VMB1_VMB2",2019-08-29,2004-08-13
"691","CZ0314024","9410","CZ1449","VMB1_VMB2",2010-04-06,2004-05-21
"692","CZ0314024","9410","CZ1450","VMB1_VMB2",2014-09-26,2004-09-15
"693","CZ0314024","9410","CZ1451","VMB1_VMB2",2012-09-20,2004-08-15
"694","CZ0314024","9410","CZ1455","VMB2_VMB0",2023-05-12,2016-08-31
"695","CZ0314024","9410","CZ1492","VMB1_VMB2",2010-03-25,2004-06-05
"696","CZ0314024","9410","CZ1507","VMB2_VMB0",2022-08-09,2011-09-22
"697","CZ0314024","9410","CZ1512","VMB1_VMB2",2013-08-13,2004-07-15
"698","CZ0314024","9410","CZ1536","VMB1_VMB2",2010-04-01,2004-07-15
"699","CZ0314024","9410","CZ1547","VMB1_VMB2",2010-10-01,2004-07-15
"700","CZ0314024","9410","CZ1554","VMB2_VMB0",2023-10-23,2011-08-30
"701","CZ0314024","9410","CZ1572","VMB1_VMB2",2010-03-30,2001-10-31
"702","CZ0314024","9410","CZ1585","VMB1_VMB2",2017-08-08,2003-10-20
"703","CZ0314024","9410","CZ1592","VMB1_VMB2",2018-09-14,2004-07-15
"704","CZ0314024","9410","CZ1593","VMB2_VMB0",2022-08-31,2010-09-20
"705","CZ0314024","9410","CZ1631","VMB2_VMB0",2023-08-12,2010-10-31
"706","CZ0314024","9410","CZ1632","VMB2_VMB0",2022-07-15,2009-09-23
"707","CZ0314024","9410","CZ1651","VMB1_VMB2",2012-10-11,2003-10-05
"708","CZ0314024","9410","CZ1652","VMB2_VMB0",2023-08-27,2009-10-02
"709","CZ0314024","9410","CZ1680","VMB1_VMB2",2012-09-22,2003-08-18
"710","CZ0314024","9410","CZ1746","VMB1_VMB2",2014-10-15,2004-07-31
"711","CZ0314024","9410","CZ1751","VMB2_VMB0",2025-05-19,2009-09-06
"712","CZ0314024","9410","CZ1773","VMB2_VMB0",2022-09-01,2008-09-10
"713","CZ0314024","9410","CZ1775","VMB1_VMB2",2012-09-18,2003-08-23
"714","CZ0314024","9410","CZ1779","VMB2_VMB0",2024-11-01,2013-10-04
"715","CZ0314024","9410","CZ1812","VMB1_VMB2",2016-10-24,2005-09-15
"716","CZ0314024","9410","CZ1835","VMB1_VMB2",2010-09-20,2003-10-10
"717","CZ0314024","9410","CZ1837","VMB1_VMB2",2015-05-17,2003-09-01
"718","CZ0314024","9410","CZ1838","VMB1_VMB2",2012-08-09,2004-06-29
"719","CZ0314024","9410","CZ1846","VMB1_VMB2",2010-09-03,2004-12-21
"720","CZ0314109","91D0","CZ0965","VMB2_VMB0",2025-06-20,2009-09-07
"721","CZ0314123","9110","CZ0402","VMB2_VMB0",2020-08-23,2009-08-30
"722","CZ0314123","9110","CZ0404","VMB1_VMB2",2007-08-19,2004-08-27
"723","CZ0314123","9110","CZ0490","VMB1_VMB2",2009-10-03,2004-06-30
"724","CZ0314123","9110","CZ0497","VMB1_VMB2",2012-03-29,2003-08-23
"725","CZ0314123","9110","CZ0549","VMB1_VMB2",2014-07-29,2003-07-04
"726","CZ0314123","9110","CZ0552","VMB1_VMB2",2010-08-19,2004-09-07
"727","CZ0314123","9110","CZ0557","VMB2_VMB0",2022-09-24,2009-09-12
"728","CZ0314123","9110","CZ0558","VMB1_VMB2",2008-10-12,2004-08-15
"729","CZ0314123","9110","CZ1131","VMB1_VMB2",2009-09-10,2004-09-01
"730","CZ0314123","9110","CZ1162","VMB1_VMB2",2014-06-23,2004-09-07
"731","CZ0314123","9110","CZ1167","VMB1_VMB2",2010-08-22,2004-06-30
"732","CZ0314123","9110","CZ1177","VMB1_VMB2",2012-08-22,2004-09-07
"733","CZ0314123","9110","CZ1210","VMB1_VMB2",2013-09-06,2005-10-09
"734","CZ0314123","9110","CZ1240","VMB1_VMB2",2012-08-12,2005-10-08
"735","CZ0314123","9110","CZ1246","VMB1_VMB2",2012-08-14,2004-06-21
"736","CZ0314123","9130","CZ0402","VMB2_VMB0",2020-08-31,2008-07-05
"737","CZ0314123","9130","CZ0404","VMB1_VMB2",2007-09-02,2004-08-26
"738","CZ0314123","9130","CZ0490","VMB1_VMB2",2009-09-26,2003-06-21
"739","CZ0314123","9130","CZ0497","VMB1_VMB2",2012-03-24,2003-08-23
"740","CZ0314123","9130","CZ0552","VMB1_VMB2",2010-08-22,2005-10-01
"741","CZ0314123","9130","CZ0557","VMB2_VMB0",2022-09-28,2009-09-12
"742","CZ0314123","9130","CZ0558","VMB1_VMB2",2008-10-12,2005-10-08
"743","CZ0314123","9130","CZ1131","VMB1_VMB2",2009-09-10,2004-09-01
"744","CZ0314123","9130","CZ1167","VMB1_VMB2",2010-08-03,2004-06-30
"745","CZ0314123","9130","CZ1177","VMB1_VMB2",2012-08-22,2005-10-01
"746","CZ0314123","9130","CZ1210","VMB1_VMB2",2013-09-07,2005-10-08
"747","CZ0314123","9130","CZ1240","VMB1_VMB2",2012-08-12,2004-06-22
"748","CZ0314123","9130","CZ1246","VMB1_VMB2",2012-08-19,2005-10-08
"749","CZ0314123","9180","CZ0402","VMB2_VMB0",2020-07-31,2008-05-08
"750","CZ0314123","9180","CZ0404","VMB1_VMB2",2007-08-19,2004-08-02
"751","CZ0314123","9180","CZ0490","VMB1_VMB2",2009-08-30,2003-06-21
"752","CZ0314123","9180","CZ0497","VMB1_VMB2",2011-05-21,2003-08-09
"753","CZ0314123","9180","CZ0552","VMB1_VMB2",2010-08-22,2005-10-01
"754","CZ0314123","9180","CZ0557","VMB2_VMB0",2022-07-21,2009-08-16
"755","CZ0314123","9180","CZ0558","VMB1_VMB2",2008-10-12,2004-08-19
"756","CZ0314123","9180","CZ1162","VMB1_VMB2",2014-05-22,2004-08-03
"757","CZ0314123","9180","CZ1177","VMB1_VMB2",2012-07-08,2004-09-07
"758","CZ0314123","9180","CZ1210","VMB1_VMB2",2013-09-06,2004-08-02
"759","CZ0314123","9180","CZ1240","VMB1_VMB2",2012-08-12,2003-08-16
"760","CZ0314123","91E0","CZ0402","VMB2_VMB0",2020-08-31,2009-08-12
"761","CZ0314123","91E0","CZ0404","VMB1_VMB2",2007-09-09,2004-08-26
"762","CZ0314123","91E0","CZ0490","VMB1_VMB2",2009-07-25,2003-05-17
"763","CZ0314123","91E0","CZ0497","VMB1_VMB2",2011-10-15,2003-08-23
"764","CZ0314123","91E0","CZ0552","VMB1_VMB2",2010-08-22,2002-08-02
"765","CZ0314123","91E0","CZ0557","VMB2_VMB0",2022-09-24,2009-09-12
"766","CZ0314123","91E0","CZ0558","VMB1_VMB2",2008-07-28,2004-08-27
"767","CZ0314123","91E0","CZ1131","VMB1_VMB2",2009-09-10,2002-08-01
"768","CZ0314123","91E0","CZ1167","VMB1_VMB2",2010-08-19,2002-08-15
"769","CZ0314123","91E0","CZ1177","VMB1_VMB2",2012-08-22,2004-08-15
"770","CZ0314123","91E0","CZ1210","VMB1_VMB2",2013-09-05,2005-08-18
"771","CZ0314123","91E0","CZ1240","VMB1_VMB2",2012-08-12,2003-08-22
"772","CZ0314123","91E0","CZ1246","VMB1_VMB2",2012-08-14,2004-08-08
"773","CZ0314124","9110","CZ0399","VMB2_VMB0",2020-09-24,2007-10-11
"774","CZ0314124","9110","CZ0400","VMB1_VMB2",2007-11-08,2005-05-11
"775","CZ0314124","9110","CZ0401","VMB2_VMB0",2021-08-12,2007-09-20
"776","CZ0314124","9110","CZ0488","VMB1_VMB2",2015-08-15,2001-07-15
"777","CZ0314124","9110","CZ0489","VMB1_VMB2",2012-10-16,2003-01-15
"778","CZ0314124","9110","CZ0492","VMB1_VMB2",2010-09-29,2002-08-29
"779","CZ0314124","9110","CZ0493","VMB1_VMB2",2015-09-06,2002-09-01
"780","CZ0314124","9110","CZ0494","VMB1_VMB2",2012-10-18,2003-05-18
"781","CZ0314124","9110","CZ0495","VMB1_VMB2",2015-10-01,2003-06-15
"782","CZ0314124","9110","CZ0497","VMB1_VMB2",2012-03-29,2002-07-09
"783","CZ0314124","9110","CZ0498","VMB1_VMB2",2013-07-10,2003-06-21
"784","CZ0314124","9110","CZ0501","VMB2_VMB0",2022-10-12,2008-10-16
"785","CZ0314124","9110","CZ0502","VMB1_VMB2",2016-01-06,2003-11-26
"786","CZ0314124","9130","CZ0399","VMB2_VMB0",2020-09-24,2007-08-30
"787","CZ0314124","9130","CZ0400","VMB1_VMB2",2007-11-08,2005-05-11
"788","CZ0314124","9130","CZ0487","VMB1_VMB2",2011-05-08,2001-07-15
"789","CZ0314124","9130","CZ0488","VMB1_VMB2",2015-08-16,2001-07-16
"790","CZ0314124","9130","CZ0492","VMB1_VMB2",2010-09-29,2002-08-29
"791","CZ0314124","9130","CZ0493","VMB1_VMB2",2015-07-24,2001-05-26
"792","CZ0314124","9130","CZ0494","VMB1_VMB2",2012-10-18,2005-05-11
"793","CZ0314124","9130","CZ0497","VMB1_VMB2",2012-03-29,2002-07-09
"794","CZ0314124","9130","CZ0501","VMB2_VMB0",2022-10-12,2008-10-16
"795","CZ0314124","9130","CZ0502","VMB1_VMB2",2016-01-06,2005-05-11
"796","CZ0314124","9170","CZ0399","VMB2_VMB0",2020-09-02,2007-08-31
"797","CZ0314124","9170","CZ0488","VMB1_VMB2",2015-09-16,2001-07-16
"798","CZ0314124","9170","CZ0489","VMB1_VMB2",2011-08-24,2002-07-31
"799","CZ0314124","9170","CZ0492","VMB1_VMB2",2010-09-10,2002-07-31
"800","CZ0314124","9170","CZ0493","VMB1_VMB2",2015-09-06,2002-09-01
"801","CZ0314124","9170","CZ0498","VMB1_VMB2",2013-07-10,2002-06-10
"802","CZ0314124","9170","CZ0502","VMB1_VMB2",2013-08-29,2002-06-12
"803","CZ0314124","9170","CZ0503","VMB1_VMB2",2016-08-03,2002-06-01
"804","CZ0314124","9180","CZ0399","VMB1_VMB2",2007-08-31,2003-01-15
"805","CZ0314124","9180","CZ0400","VMB1_VMB2",2007-07-31,2002-06-14
"806","CZ0314124","9180","CZ0401","VMB1_VMB2",2007-05-27,2002-09-08
"807","CZ0314124","9180","CZ0487","VMB1_VMB2",2011-05-08,2001-07-16
"808","CZ0314124","9180","CZ0488","VMB1_VMB2",2015-09-17,2001-07-16
"809","CZ0314124","9180","CZ0489","VMB1_VMB2",2011-06-29,2002-07-31
"810","CZ0314124","9180","CZ0492","VMB1_VMB2",2010-09-10,2002-05-18
"811","CZ0314124","9180","CZ0493","VMB1_VMB2",2015-09-06,2002-09-01
"812","CZ0314124","9180","CZ0494","VMB1_VMB2",2012-10-18,2004-11-15
"813","CZ0314124","9180","CZ0495","VMB1_VMB2",2015-08-16,2003-06-01
"814","CZ0314124","9180","CZ0501","VMB2_VMB0",2022-10-12,2008-10-15
"815","CZ0314124","9180","CZ0502","VMB1_VMB2",2013-09-25,2003-11-26
"816","CZ0314124","91U0","CZ0399","VMB2_VMB0",2020-07-02,2007-08-31
"817","CZ0314641","91E0","CZ1347","VMB2_VMB0",2025-06-28,2013-09-14
"818","CZ0314641","91E0","CZ1399","VMB2_VMB0",2025-08-17,2013-09-14
"819","CZ0320013","91E0","CZ2213","VMB1_VMB2",2010-08-11,2004-05-17
"820","CZ0320022","9130","CZ0040","VMB1_VMB2",2014-06-08,2003-08-20
"821","CZ0320022","9130","CZ2143","VMB1_VMB2",2014-06-27,2003-09-10
"822","CZ0320022","9130","CZ2197","VMB1_VMB2",2014-06-25,2004-05-15
"823","CZ0320022","9170","CZ2197","VMB1_VMB2",2014-06-25,2004-05-15
"824","CZ0320022","9180","CZ0040","VMB1_VMB2",2014-06-06,2003-08-20
"825","CZ0320022","9180","CZ2143","VMB1_VMB2",2014-06-27,2003-09-10
"826","CZ0320022","9180","CZ2197","VMB1_VMB2",2014-06-25,2004-05-15
"827","CZ0320023","9150","CZ0512","VMB2_VMB0",2022-06-08,2017-06-22
"828","CZ0320023","91U0","CZ0512","VMB2_VMB0",2022-06-08,2017-06-14
"829","CZ0320029","9170","CZ0821","VMB2_VMB0",2021-05-21,2008-08-26
"830","CZ0320029","9170","CZ0826","VMB2_VMB0",2021-07-16,2008-08-27
"831","CZ0320029","9170","CZ2722","VMB1_VMB2",2018-08-14,2004-05-23
"832","CZ0320029","9180","CZ0821","VMB2_VMB0",2021-05-21,2008-07-23
"833","CZ0320029","9180","CZ0826","VMB2_VMB0",2021-07-15,2008-09-01
"834","CZ0320029","9180","CZ2722","VMB1_VMB2",2018-08-14,2004-05-23
"835","CZ0320030","9110","CZ0221","VMB2_VMB0",2023-09-14,2008-10-09
"836","CZ0320030","9110","CZ0222","VMB2_VMB0",2022-08-08,2008-10-09
"837","CZ0320030","9110","CZ2271","VMB1_VMB2",2010-08-10,2003-06-18
"838","CZ0320030","9180","CZ0221","VMB2_VMB0",2023-04-19,2008-09-19
"839","CZ0320030","9180","CZ0222","VMB2_VMB0",2022-08-08,2008-05-23
"840","CZ0320043","91D0","CZ0225","VMB1_VMB2",2007-10-01,2003-09-02
"841","CZ0320053","9130","CZ0183","VMB1_VMB2",2007-10-20,2003-09-17
"842","CZ0320053","9130","CZ2685","VMB1_VMB2",2012-08-02,2002-08-27
"843","CZ0320053","9130","CZ2706","VMB1_VMB2",2013-06-25,2002-07-31
"844","CZ0320053","9130","CZ2729","VMB1_VMB2",2012-09-10,2003-09-17
"845","CZ0320053","9170","CZ0183","VMB1_VMB2",2008-08-01,2003-09-17
"846","CZ0320053","9170","CZ0186","VMB2_VMB0",2024-07-08,2007-08-26
"847","CZ0320053","9170","CZ2685","VMB1_VMB2",2012-08-02,2002-08-28
"848","CZ0320053","9170","CZ2706","VMB1_VMB2",2013-06-25,2002-07-30
"849","CZ0320053","9170","CZ2729","VMB1_VMB2",2012-09-04,2003-09-17
"850","CZ0320053","9180","CZ0183","VMB1_VMB2",2007-10-20,2003-09-17
"851","CZ0320053","9180","CZ2685","VMB1_VMB2",2012-08-02,2002-08-28
"852","CZ0320053","9180","CZ2706","VMB1_VMB2",2013-06-25,2002-07-31
"853","CZ0320053","9180","CZ2729","VMB1_VMB2",2012-09-04,2003-09-17
"854","CZ0320140","9130","CZ0733","VMB1_VMB2",2015-07-23,2001-06-25
"855","CZ0320140","9130","CZ2213","VMB1_VMB2",2010-08-02,2001-06-23
"856","CZ0320140","9180","CZ0733","VMB1_VMB2",2015-07-23,2001-06-25
"857","CZ0320180","9110","CZ0041","VMB2_VMB0",2022-08-10,2009-09-22
"858","CZ0320180","9110","CZ0715","VMB2_VMB0",2024-10-03,2009-09-22
"859","CZ0320180","9130","CZ0041","VMB2_VMB0",2022-04-19,2006-09-07
"860","CZ0320180","9130","CZ0715","VMB2_VMB0",2024-09-17,2009-09-22
"861","CZ0320180","9180","CZ0041","VMB2_VMB0",2022-07-13,2006-09-11
"862","CZ0320180","9180","CZ0715","VMB2_VMB0",2024-09-25,2009-07-28
"863","CZ0320180","9190","CZ0041","VMB2_VMB0",2020-09-02,2006-09-12
"864","CZ0320180","91D0","CZ0041","VMB1_VMB2",2006-08-16,2003-10-01
"865","CZ0320180","91D0","CZ0715","VMB1_VMB2",2009-09-16,2003-10-16
"866","CZ0320180","9410","CZ0041","VMB2_VMB0",2022-08-09,2006-09-06
"867","CZ0320180","9410","CZ0715","VMB2_VMB0",2024-09-25,2009-09-16
"868","CZ0323159","9170","CZ0058","VMB2_VMB0",2024-10-08,2006-07-26
"869","CZ0323159","9180","CZ0058","VMB2_VMB0",2024-10-08,2006-07-25
"870","CZ0324025","9110","CZ0065","VMB2_VMB0",2025-08-08,2009-08-26
"871","CZ0324025","9110","CZ2751","VMB1_VMB2",2015-09-19,2003-06-01
"872","CZ0324025","9170","CZ0065","VMB2_VMB0",2025-08-08,2009-08-26
"873","CZ0324025","9170","CZ2751","VMB1_VMB2",2015-09-19,2003-06-02
"874","CZ0324025","9180","CZ0065","VMB2_VMB0",2025-08-08,2009-08-29
"875","CZ0324025","9180","CZ2751","VMB1_VMB2",2015-09-19,2003-06-01
"876","CZ0324026","91E0","CZ0220","VMB1_VMB2",2012-06-01,2005-03-17
"877","CZ0324026","91E0","CZ0222","VMB2_VMB0",2022-08-08,2008-10-19
"878","CZ0324026","91E0","CZ0223","VMB1_VMB2",2010-04-28,2005-03-17
"879","CZ0410020","91E0","CZ0874","VMB1_VMB2",2016-07-07,2002-06-20
"880","CZ0410020","91E0","CZ3055","VMB1_VMB2",2013-08-11,2003-09-15
"881","CZ0410020","91E0","CZ3064","VMB1_VMB2",2014-08-13,2003-06-30
"882","CZ0410020","91E0","CZ3090","VMB1_VMB2",2014-06-17,2002-06-20
"883","CZ0410021","91D0","CZ3073","VMB1_VMB2",2010-09-21,2002-09-10
"884","CZ0410021","9410","CZ3073","VMB1_VMB2",2010-09-23,2002-09-10
"885","CZ0410040","91D0","CZ3283","VMB1_VMB2",2016-07-30,2002-07-12
"886","CZ0410040","91D0","CZ3330","VMB1_VMB2",2014-05-10,2001-10-05
"887","CZ0410040","9410","CZ3283","VMB1_VMB2",2016-07-30,2005-09-01
"888","CZ0410040","9410","CZ3330","VMB1_VMB2",2014-05-10,2002-07-10
"889","CZ0410150","9190","CZ3130","VMB1_VMB2",2014-09-05,2001-07-23
"890","CZ0410150","91D0","CZ3130","VMB1_VMB2",2014-09-05,2001-09-14
"891","CZ0410150","91E0","CZ3130","VMB1_VMB2",2014-09-05,2001-09-14
"892","CZ0410151","9170","CZ0858","VMB2_VMB0",2023-05-06,2009-05-11
"893","CZ0410151","9180","CZ0858","VMB2_VMB0",2023-05-06,2009-05-25
"894","CZ0410155","9410","CZ0361","VMB2_VMB0",2022-10-21,2008-10-24
"895","CZ0410155","9410","CZ0919","VMB1_VMB2",2008-12-02,2003-09-24
"896","CZ0410168","91D0","CZ0919","VMB1_VMB2",2008-12-03,2002-06-11
"897","CZ0410168","9410","CZ0919","VMB1_VMB2",2008-12-03,2002-06-11
"898","CZ0410401","91D0","CZ0078","VMB1_VMB2",2008-03-21,2001-05-22
"899","CZ0410401","91D0","CZ3063","VMB1_VMB2",2010-07-10,2002-03-20
"900","CZ0410401","91D0","CZ3073","VMB1_VMB2",2010-09-23,2002-03-20
"901","CZ0410401","9410","CZ3063","VMB1_VMB2",2010-07-10,2002-03-20
"902","CZ0410401","9410","CZ3073","VMB1_VMB2",2010-08-22,2002-03-20
"903","CZ0410404","9410","CZ3000","VMB1_VMB2",2014-04-17,2002-09-20
"904","CZ0410413","9110","CZ0893","VMB2_VMB0",2023-08-10,2009-08-30
"905","CZ0410413","9110","CZ3082","VMB2_VMB0",2023-10-06,2009-09-28
"906","CZ0410413","9130","CZ0893","VMB2_VMB0",2023-07-27,2009-02-26
"907","CZ0410413","9130","CZ3082","VMB1_VMB2",2009-09-25,2003-11-03
"908","CZ0410413","9170","CZ0893","VMB2_VMB0",2023-08-09,2009-08-30
"909","CZ0410413","9170","CZ3082","VMB2_VMB0",2023-10-04,2009-08-30
"910","CZ0410413","9180","CZ0893","VMB2_VMB0",2023-08-10,2009-08-30
"911","CZ0410413","9180","CZ3082","VMB2_VMB0",2023-10-05,2009-09-04
"912","CZ0410413","91E0","CZ0893","VMB2_VMB0",2023-08-10,2009-09-04
"913","CZ0410413","91E0","CZ3082","VMB2_VMB0",2023-10-06,2009-09-04
"914","CZ0410413","91E0","CZ3121","VMB2_VMB0",2016-05-03,2009-02-05
"915","CZ0410414","91D0","CZ0363","VMB2_VMB0",2023-06-28,2009-08-10
"916","CZ0410414","91D0","CZ0857","VMB2_VMB0",2022-07-27,2009-04-27
"917","CZ0410414","91D0","CZ0864","VMB1_VMB2",2009-03-12,2000-09-15
"918","CZ0410414","91D0","CZ3008","VMB1_VMB2",2010-09-11,2003-06-20
"919","CZ0410414","9410","CZ0363","VMB2_VMB0",2023-07-04,2010-09-02
"920","CZ0410414","9410","CZ0857","VMB2_VMB0",2022-09-30,2009-08-10
"921","CZ0410414","9410","CZ0864","VMB1_VMB2",2009-03-12,2003-06-20
"922","CZ0410414","9410","CZ3008","VMB1_VMB2",2010-09-11,2003-06-20
"923","CZ0414026","9410","CZ0864","VMB1_VMB2",2009-03-28,2004-09-09
"924","CZ0414026","9410","CZ2938","VMB1_VMB2",2015-05-17,2004-05-20
"925","CZ0414026","9410","CZ2974","VMB1_VMB2",2015-05-13,2002-08-10
"926","CZ0414027","91E0","CZ0468","VMB1_VMB2",2018-05-28,2003-06-16
"927","CZ0414027","91E0","CZ3049","VMB1_VMB2",2010-06-21,2003-06-16
"928","CZ0414110","9140","CZ3310","VMB1_VMB2",2010-09-06,2005-10-06
"929","CZ0414110","9140","CZ3330","VMB1_VMB2",2014-09-15,2005-10-06
"930","CZ0414110","91D0","CZ0361","VMB2_VMB0",2022-10-19,2009-07-20
"931","CZ0414110","91D0","CZ0366","VMB2_VMB0",2022-07-29,2008-08-24
"932","CZ0414110","91D0","CZ0367","VMB1_VMB2",2010-10-14,2003-10-10
"933","CZ0414110","91D0","CZ0919","VMB1_VMB2",2008-12-01,2002-08-24
"934","CZ0414110","91D0","CZ3285","VMB1_VMB2",2011-08-20,2005-10-10
"935","CZ0414110","91D0","CZ3310","VMB1_VMB2",2010-09-07,2005-10-06
"936","CZ0414110","91D0","CZ3314","VMB1_VMB2",2015-07-08,2002-05-10
"937","CZ0414110","91D0","CZ3330","VMB1_VMB2",2014-09-30,2005-10-09
"938","CZ0414110","91D0","CZ3331","VMB1_VMB2",2014-09-23,2002-11-01
"939","CZ0414110","91D0","CZ3348","VMB1_VMB2",2014-10-20,2003-08-20
"940","CZ0414110","91D0","CZ3349","VMB1_VMB2",2015-09-09,2005-10-05
"941","CZ0414110","9410","CZ0361","VMB2_VMB0",2022-10-26,2014-09-23
"942","CZ0414110","9410","CZ0366","VMB2_VMB0",2022-07-29,2011-07-10
"943","CZ0414110","9410","CZ0367","VMB1_VMB2",2010-11-02,2003-10-10
"944","CZ0414110","9410","CZ0919","VMB1_VMB2",2008-12-01,2003-09-24
"945","CZ0414110","9410","CZ3283","VMB1_VMB2",2016-09-25,2002-09-05
"946","CZ0414110","9410","CZ3285","VMB1_VMB2",2011-08-20,2005-10-10
"947","CZ0414110","9410","CZ3301","VMB1_VMB2",2013-08-05,2005-10-04
"948","CZ0414110","9410","CZ3310","VMB1_VMB2",2010-09-07,2005-10-06
"949","CZ0414110","9410","CZ3314","VMB1_VMB2",2015-07-08,2002-06-25
"950","CZ0414110","9410","CZ3330","VMB1_VMB2",2014-09-30,2005-10-09
"951","CZ0414110","9410","CZ3331","VMB1_VMB2",2014-09-23,2003-10-01
"952","CZ0414110","9410","CZ3348","VMB1_VMB2",2014-10-20,2005-10-06
"953","CZ0414110","9410","CZ3349","VMB1_VMB2",2015-09-09,2003-08-20
"954","CZ0414127","9130","CZ0871","VMB2_VMB0",2022-06-18,2009-05-20
"955","CZ0414127","9130","CZ3032","VMB1_VMB2",2017-05-20,2001-08-12
"956","CZ0414127","9130","CZ3049","VMB1_VMB2",2010-08-20,2002-11-01
"957","CZ0414127","9130","CZ3054","VMB2_VMB0",2023-07-17,2010-07-18
"958","CZ0414127","9130","CZ3066","VMB2_VMB0",2022-07-02,2015-09-22
"959","CZ0414127","9130","CZ3098","VMB1_VMB2",2015-09-28,2003-07-24
"960","CZ0414127","9130","CZ3104","VMB1_VMB2",2015-09-30,2003-07-22
"961","CZ0414127","9130","CZ3106","VMB1_VMB2",2015-09-05,2003-07-22
"962","CZ0414127","9130","CZ3107","VMB1_VMB2",2012-05-18,2003-08-10
"963","CZ0414127","9130","CZ3125","VMB1_VMB2",2017-06-27,2002-08-30
"964","CZ0414127","9130","CZ3135","VMB2_VMB0",2024-06-18,2015-09-24
"965","CZ0414127","9130","CZ3141","VMB1_VMB2",2015-05-03,2002-08-05
"966","CZ0414127","9130","CZ3163","VMB1_VMB2",2012-05-12,2002-07-18
"967","CZ0414127","9130","CZ3174","VMB1_VMB2",2016-10-04,2002-02-07
"968","CZ0414127","9130","CZ3176","VMB1_VMB2",2012-09-22,2003-08-01
"969","CZ0414127","9130","CZ3207","VMB2_VMB0",2022-06-23,2016-06-24
"970","CZ0414127","9130","CZ3210","VMB1_VMB2",2017-08-14,2003-10-18
"971","CZ0414127","9130","CZ3228","VMB1_VMB2",2018-09-18,2002-07-08
"972","CZ0414127","9130","CZ3234","VMB1_VMB2",2018-09-08,2003-10-05
"973","CZ0414127","9130","CZ3239","VMB1_VMB2",2017-07-08,2003-10-10
"974","CZ0414127","9180","CZ0871","VMB2_VMB0",2022-05-20,2008-05-31
"975","CZ0414127","9180","CZ0903","VMB2_VMB0",2022-09-20,2008-12-31
"976","CZ0414127","9180","CZ3032","VMB1_VMB2",2017-05-20,2001-08-12
"977","CZ0414127","9180","CZ3054","VMB2_VMB0",2023-06-22,2010-05-21
"978","CZ0414127","9180","CZ3066","VMB2_VMB0",2022-06-15,2009-06-06
"979","CZ0414127","9180","CZ3098","VMB1_VMB2",2015-09-28,2003-08-07
"980","CZ0414127","9180","CZ3104","VMB2_VMB0",2015-09-15,2009-05-19
"981","CZ0414127","9180","CZ3106","VMB1_VMB2",2015-05-31,2002-09-05
"982","CZ0414127","9180","CZ3107","VMB1_VMB2",2012-06-21,2003-08-10
"983","CZ0414127","9180","CZ3125","VMB1_VMB2",2017-07-27,2002-09-01
"984","CZ0414127","9180","CZ3135","VMB2_VMB0",2024-07-02,2010-10-12
"985","CZ0414127","9180","CZ3141","VMB1_VMB2",2015-06-20,2002-10-01
"986","CZ0414127","9180","CZ3163","VMB1_VMB2",2012-05-29,2002-08-02
"987","CZ0414127","9180","CZ3174","VMB1_VMB2",2016-07-08,2001-12-29
"988","CZ0414127","9180","CZ3176","VMB1_VMB2",2012-09-22,2002-08-05
"989","CZ0414127","9180","CZ3207","VMB2_VMB0",2022-06-28,2009-10-28
"990","CZ0414127","9180","CZ3210","VMB1_VMB2",2017-07-09,2003-10-18
"991","CZ0414127","9180","CZ3228","VMB1_VMB2",2018-09-17,2001-09-25
"992","CZ0414127","9180","CZ3239","VMB1_VMB2",2017-07-08,2003-10-10
"993","CZ0414127","91E0","CZ0871","VMB2_VMB0",2022-07-17,2008-06-01
"994","CZ0414127","91E0","CZ3032","VMB1_VMB2",2017-05-20,2001-08-18
"995","CZ0414127","91E0","CZ3054","VMB2_VMB0",2023-07-14,2010-07-18
"996","CZ0414127","91E0","CZ3066","VMB2_VMB0",2022-07-02,2009-06-07
"997","CZ0414127","91E0","CZ3098","VMB1_VMB2",2015-09-28,2003-08-05
"998","CZ0414127","91E0","CZ3104","VMB1_VMB2",2015-09-30,2003-07-19
"999","CZ0414127","91E0","CZ3106","VMB1_VMB2",2015-09-05,2003-07-15
"1000","CZ0414127","91E0","CZ3107","VMB1_VMB2",2012-05-18,2003-08-10
"1001","CZ0414127","91E0","CZ3125","VMB1_VMB2",2017-07-27,2002-09-01
"1002","CZ0414127","91E0","CZ3135","VMB2_VMB0",2024-06-18,2010-10-30
"1003","CZ0414127","91E0","CZ3141","VMB1_VMB2",2015-06-20,2002-09-02
"1004","CZ0414127","91E0","CZ3163","VMB1_VMB2",2012-05-29,2002-08-02
"1005","CZ0414127","91E0","CZ3174","VMB1_VMB2",2016-10-04,2002-02-16
"1006","CZ0414127","91E0","CZ3176","VMB1_VMB2",2012-09-22,2003-08-01
"1007","CZ0414127","91E0","CZ3207","VMB2_VMB0",2022-06-28,2009-09-28
"1008","CZ0414127","91E0","CZ3210","VMB1_VMB2",2017-08-14,2003-09-28
"1009","CZ0414127","91E0","CZ3228","VMB1_VMB2",2018-09-19,2001-08-08
"1010","CZ0414127","91E0","CZ3234","VMB1_VMB2",2018-09-14,2002-07-08
"1011","CZ0414127","91E0","CZ3239","VMB1_VMB2",2017-08-06,2005-11-07
"1012","CZ0414127","91I0","CZ0871","VMB1_VMB2",2008-11-06,2002-10-02
"1013","CZ0414127","91I0","CZ3054","VMB2_VMB0",2023-07-12,2010-07-04
"1014","CZ0414127","91I0","CZ3106","VMB1_VMB2",2015-07-06,2003-07-22
"1015","CZ0414127","91I0","CZ3135","VMB2_VMB0",2024-06-10,2010-09-09
"1016","CZ0414127","91I0","CZ3141","VMB1_VMB2",2015-05-08,2002-09-01
"1017","CZ0414127","91I0","CZ3163","VMB1_VMB2",2012-04-23,2002-08-02
"1018","CZ0414127","91I0","CZ3174","VMB1_VMB2",2016-10-04,2002-02-15
"1019","CZ0414127","91I0","CZ3176","VMB1_VMB2",2012-09-19,2002-08-04
"1020","CZ0414127","91I0","CZ3207","VMB2_VMB0",2022-06-28,2009-09-12
"1021","CZ0414127","91I0","CZ3210","VMB1_VMB2",2017-05-08,2002-07-30
"1022","CZ0414127","91I0","CZ3228","VMB1_VMB2",2018-09-19,2002-06-25
"1023","CZ0420004","9170","CZ3175","VMB1_VMB2",2014-05-30,2005-08-25
"1024","CZ0420007","9170","CZ0478","VMB1_VMB2",2011-09-30,2007-05-09
"1025","CZ0420007","91H0","CZ0478","VMB1_VMB2",2011-09-30,2007-05-09
"1026","CZ0420008","91U0","CZ0091","VMB2_VMB0",2022-05-21,2006-08-17
"1027","CZ0420012","91E0","CZ0907","VMB1_VMB2",2009-01-27,2001-09-27
"1028","CZ0420013","9170","CZ0085","VMB1_VMB2",2017-07-23,2002-08-15
"1029","CZ0420013","9180","CZ0085","VMB1_VMB2",2017-08-23,2002-08-15
"1030","CZ0420014","9180","CZ0897","VMB2_VMB0",2021-06-24,2008-05-16
"1031","CZ0420015","9170","CZ0470","VMB1_VMB2",2014-09-16,2002-05-01
"1032","CZ0420015","91F0","CZ0470","VMB1_VMB2",2014-04-13,2002-05-01
"1033","CZ0420021","9110","CZ0128","VMB1_VMB2",2014-04-07,2002-05-21
"1034","CZ0420021","9110","CZ0131","VMB1_VMB2",2014-08-21,2002-05-21
"1035","CZ0420021","9130","CZ0128","VMB1_VMB2",2014-04-07,2002-05-21
"1036","CZ0420021","9130","CZ0131","VMB1_VMB2",2014-08-21,2002-05-21
"1037","CZ0420021","9180","CZ0128","VMB1_VMB2",2014-04-07,2002-05-21
"1038","CZ0420021","9180","CZ0131","VMB1_VMB2",2014-08-21,2002-05-21
"1039","CZ0420026","9180","CZ0124","VMB2_VMB0",2023-05-13,2009-01-17
"1040","CZ0420035","91D0","CZ0132","VMB2_VMB0",2025-06-26,2009-01-29
"1041","CZ0420035","9410","CZ0132","VMB2_VMB0",2025-06-26,2009-01-30
"1042","CZ0420041","9170","CZ0479","VMB1_VMB2",2014-08-12,2007-05-09
"1043","CZ0420041","91H0","CZ0479","VMB2_VMB0",2022-09-21,2008-07-03
"1044","CZ0420041","91I0","CZ0479","VMB2_VMB0",2022-09-21,2014-08-12
"1045","CZ0420053","91D0","CZ0100","VMB1_VMB2",2012-08-18,2002-11-30
"1046","CZ0420053","91D0","CZ3456","VMB1_VMB2",2012-08-25,2002-10-30
"1047","CZ0420053","9410","CZ0100","VMB1_VMB2",2012-08-18,2002-11-30
"1048","CZ0420069","91I0","CZ0082","VMB2_VMB0",2021-05-07,2006-08-29
"1049","CZ0420073","9170","CZ3150","VMB1_VMB2",2013-09-28,2005-06-19
"1050","CZ0420073","9180","CZ3150","VMB1_VMB2",2013-09-28,2001-06-20
"1051","CZ0420073","91H0","CZ3150","VMB1_VMB2",2013-09-28,2001-06-20
"1052","CZ0420073","91I0","CZ3150","VMB1_VMB2",2013-09-28,2001-07-08
"1053","CZ0420074","91D0","CZ3437","VMB1_VMB2",2013-08-30,2001-10-15
"1054","CZ0420082","9110","CZ3455","VMB2_VMB0",2023-09-29,2009-10-09
"1055","CZ0420082","9110","CZ3467","VMB1_VMB2",2016-10-28,2002-09-05
"1056","CZ0420082","9130","CZ3455","VMB2_VMB0",2023-09-28,2009-11-19
"1057","CZ0420082","9130","CZ3467","VMB1_VMB2",2016-10-28,2002-09-05
"1058","CZ0420082","9180","CZ3455","VMB2_VMB0",2023-07-17,2009-10-09
"1059","CZ0420082","9180","CZ3467","VMB1_VMB2",2016-10-28,2002-09-05
"1060","CZ0420083","91E0","CZ3478","VMB1_VMB2",2018-06-23,2002-11-20
"1061","CZ0420144","91D0","CZ3365","VMB1_VMB2",2014-09-15,2001-05-18
"1062","CZ0420144","91D0","CZ3371","VMB1_VMB2",2015-09-05,2005-09-19
"1063","CZ0420144","91D0","CZ3379","VMB1_VMB2",2015-07-21,2002-05-12
"1064","CZ0420144","91D0","CZ3401","VMB1_VMB2",2015-09-02,2002-05-10
"1065","CZ0420144","9410","CZ3365","VMB1_VMB2",2014-09-15,2001-05-21
"1066","CZ0420144","9410","CZ3371","VMB1_VMB2",2015-09-05,2001-07-05
"1067","CZ0420144","9410","CZ3379","VMB1_VMB2",2015-07-21,2002-05-12
"1068","CZ0420144","9410","CZ3401","VMB1_VMB2",2015-09-02,2002-05-12
"1069","CZ0420160","91E0","CZ0923","VMB2_VMB0",2025-05-10,2009-02-17
"1070","CZ0420165","91I0","CZ0127","VMB2_VMB0",2024-05-24,2007-06-14
"1071","CZ0420171","91E0","CZ3333","VMB1_VMB2",2015-04-26,2002-11-14
"1072","CZ0420416","9130","CZ0931","VMB1_VMB2",2015-08-19,2002-05-01
"1073","CZ0420416","9180","CZ0931","VMB1_VMB2",2015-08-19,2002-05-01
"1074","CZ0420416","91E0","CZ0931","VMB1_VMB2",2015-08-19,2002-05-01
"1075","CZ0420449","9180","CZ3359","VMB1_VMB2",2017-09-05,2001-09-15
"1076","CZ0420451","9170","CZ3448","VMB1_VMB2",2014-05-09,2003-09-23
"1077","CZ0420451","9180","CZ3448","VMB1_VMB2",2014-05-09,2003-09-23
"1078","CZ0420451","91E0","CZ3448","VMB1_VMB2",2014-05-09,2003-09-23
"1079","CZ0420454","9180","CZ3328","VMB2_VMB0",2024-06-16,2010-09-03
"1080","CZ0420455","9180","CZ3328","VMB2_VMB0",2024-06-16,2010-10-26
"1081","CZ0420455","91I0","CZ3328","VMB2_VMB0",2024-06-16,2010-08-11
"1082","CZ0420456","9170","CZ3328","VMB2_VMB0",2024-06-20,2010-09-01
"1083","CZ0420456","91I0","CZ3328","VMB1_VMB2",2010-09-01,2001-05-30
"1084","CZ0420459","9170","CZ3322","VMB1_VMB2",2015-09-17,2005-08-27
"1085","CZ0420459","9180","CZ3322","VMB1_VMB2",2015-05-02,2002-11-11
"1086","CZ0420459","91H0","CZ3322","VMB1_VMB2",2015-05-02,2002-08-09
"1087","CZ0420459","91I0","CZ3322","VMB1_VMB2",2015-05-02,2005-08-02
"1088","CZ0420500","9110","CZ0138","VMB1_VMB2",2012-08-10,2003-05-15
"1089","CZ0420500","9110","CZ3459","VMB1_VMB2",2012-06-03,2001-08-30
"1090","CZ0420500","9180","CZ0138","VMB1_VMB2",2012-08-11,2003-05-15
"1091","CZ0420501","91D0","CZ0130","VMB1_VMB2",2012-08-17,2001-09-10
"1092","CZ0420501","91E0","CZ0130","VMB1_VMB2",2012-08-17,2001-09-10
"1093","CZ0420507","9110","CZ0525","VMB2_VMB0",2022-09-25,2009-09-29
"1094","CZ0420507","9130","CZ0525","VMB2_VMB0",2022-09-20,2009-08-19
"1095","CZ0420507","91E0","CZ0525","VMB2_VMB0",2022-09-25,2009-08-29
"1096","CZ0420520","9110","CZ0951","VMB1_VMB2",2009-09-02,2001-08-15
"1097","CZ0420520","9130","CZ0951","VMB1_VMB2",2008-09-20,2002-12-31
"1098","CZ0420520","9180","CZ0951","VMB1_VMB2",2008-09-11,2001-08-15
"1099","CZ0420528","91D0","CZ0090","VMB1_VMB2",2013-09-07,2002-11-10
"1100","CZ0420528","91D0","CZ3289","VMB1_VMB2",2011-10-06,2002-05-17
"1101","CZ0420528","91D0","CZ3301","VMB1_VMB2",2013-08-05,2005-09-24
"1102","CZ0420528","91D0","CZ3319","VMB1_VMB2",2013-08-07,2005-09-11
"1103","CZ0420528","9410","CZ0090","VMB1_VMB2",2013-09-07,2005-08-23
"1104","CZ0420528","9410","CZ3289","VMB1_VMB2",2011-10-06,2002-05-17
"1105","CZ0420528","9410","CZ3301","VMB1_VMB2",2013-08-05,2005-09-24
"1106","CZ0420528","9410","CZ3319","VMB1_VMB2",2013-08-07,2002-05-17
"1107","CZ0424030","9110","CZ3344","VMB1_VMB2",2014-10-20,2003-05-10
"1108","CZ0424030","9110","CZ3365","VMB1_VMB2",2014-05-07,2002-05-18
"1109","CZ0424030","9110","CZ3379","VMB1_VMB2",2015-07-18,2003-01-19
"1110","CZ0424030","9130","CZ3344","VMB1_VMB2",2014-10-20,2002-11-14
"1111","CZ0424030","9180","CZ3344","VMB1_VMB2",2014-10-20,2003-02-22
"1112","CZ0424030","9180","CZ3365","VMB1_VMB2",2014-05-07,2003-01-19
"1113","CZ0424030","9180","CZ3379","VMB1_VMB2",2015-07-17,2003-01-19
"1114","CZ0424030","91E0","CZ3344","VMB1_VMB2",2014-10-20,2005-09-22
"1115","CZ0424030","91E0","CZ3365","VMB1_VMB2",2014-05-07,2005-09-22
"1116","CZ0424030","91E0","CZ3379","VMB1_VMB2",2015-07-17,2005-10-01
"1117","CZ0424031","9110","CZ0526","VMB2_VMB0",2025-07-30,2002-11-11
"1118","CZ0424031","9110","CZ0950","VMB1_VMB2",2016-06-21,2003-09-24
"1119","CZ0424031","9110","CZ0952","VMB1_VMB2",2008-10-17,2002-09-25
"1120","CZ0424031","9110","CZ0954","VMB1_VMB2",2015-08-28,2003-09-15
"1121","CZ0424031","9110","CZ3467","VMB1_VMB2",2016-07-23,2003-09-24
"1122","CZ0424031","9110","CZ3468","VMB1_VMB2",2018-01-15,2003-09-24
"1123","CZ0424031","9110","CZ3471","VMB1_VMB2",2015-09-02,2003-09-24
"1124","CZ0424031","9110","CZ3472","VMB1_VMB2",2017-09-19,2002-05-14
"1125","CZ0424031","9110","CZ3473","VMB1_VMB2",2015-07-30,2003-09-15
"1126","CZ0424031","9110","CZ3478","VMB1_VMB2",2018-06-23,2003-05-10
"1127","CZ0424031","9110","CZ3481","VMB1_VMB2",2015-08-27,2003-09-15
"1128","CZ0424031","9110","CZ3489","VMB1_VMB2",2015-10-27,2002-11-11
"1129","CZ0424031","9130","CZ0526","VMB2_VMB0",2025-04-27,2002-12-31
"1130","CZ0424031","9130","CZ0950","VMB1_VMB2",2016-06-19,2002-07-31
"1131","CZ0424031","9130","CZ0954","VMB1_VMB2",2015-08-28,2003-09-15
"1132","CZ0424031","9130","CZ3467","VMB1_VMB2",2014-09-16,2002-09-05
"1133","CZ0424031","9130","CZ3468","VMB1_VMB2",2015-09-29,2002-12-31
"1134","CZ0424031","9130","CZ3471","VMB1_VMB2",2015-09-02,2003-09-25
"1135","CZ0424031","9130","CZ3473","VMB1_VMB2",2015-07-30,2002-12-31
"1136","CZ0424031","9130","CZ3481","VMB1_VMB2",2015-08-17,2002-12-31
"1137","CZ0424031","9130","CZ3489","VMB1_VMB2",2015-07-29,2002-08-02
"1138","CZ0424031","9180","CZ0526","VMB2_VMB0",2025-07-30,2002-08-18
"1139","CZ0424031","9180","CZ0950","VMB1_VMB2",2015-08-24,2002-07-31
"1140","CZ0424031","9180","CZ0954","VMB1_VMB2",2015-08-28,2003-09-15
"1141","CZ0424031","9180","CZ3468","VMB1_VMB2",2015-10-01,2003-09-24
"1142","CZ0424031","9180","CZ3471","VMB1_VMB2",2015-08-31,2002-09-25
"1143","CZ0424031","9180","CZ3473","VMB1_VMB2",2015-07-28,2002-09-25
"1144","CZ0424031","9180","CZ3478","VMB1_VMB2",2018-06-23,2002-06-19
"1145","CZ0424031","9410","CZ0526","VMB2_VMB0",2025-07-30,2002-11-11
"1146","CZ0424031","9410","CZ0954","VMB1_VMB2",2015-08-28,2003-09-15
"1147","CZ0424031","9410","CZ3468","VMB1_VMB2",2015-10-02,2002-09-25
"1148","CZ0424031","9410","CZ3471","VMB1_VMB2",2015-09-02,2003-09-24
"1149","CZ0424031","9410","CZ3473","VMB1_VMB2",2015-07-30,2003-09-15
"1150","CZ0424031","9410","CZ3478","VMB1_VMB2",2018-06-23,2002-11-20
"1151","CZ0424031","9410","CZ3481","VMB1_VMB2",2015-08-27,2003-09-15
"1152","CZ0424036","91H0","CZ0907","VMB1_VMB2",2009-01-27,2001-09-25
"1153","CZ0424037","9110","CZ0924","VMB2_VMB0",2024-07-02,2014-07-03
"1154","CZ0424037","9170","CZ0924","VMB2_VMB0",2024-07-02,2015-06-18
"1155","CZ0424037","9180","CZ0924","VMB2_VMB0",2024-07-02,2014-07-29
"1156","CZ0424111","9110","CZ0954","VMB1_VMB2",2015-08-18,2003-05-08
"1157","CZ0424111","9110","CZ3472","VMB1_VMB2",2017-09-30,2003-05-01
"1158","CZ0424111","9110","CZ3473","VMB1_VMB2",2015-06-21,2003-05-01
"1159","CZ0424111","9110","CZ3475","VMB1_VMB2",2015-11-01,2002-12-31
"1160","CZ0424111","9180","CZ3472","VMB1_VMB2",2017-09-30,2001-10-11
"1161","CZ0424111","9180","CZ3475","VMB1_VMB2",2012-06-21,2002-05-30
"1162","CZ0424111","91E0","CZ3472","VMB1_VMB2",2017-09-30,2001-10-11
"1163","CZ0424111","91E0","CZ3475","VMB1_VMB2",2016-05-12,2002-05-31
"1164","CZ0424111","91T0","CZ0954","VMB1_VMB2",2015-08-18,2002-05-13
"1165","CZ0424111","91T0","CZ3472","VMB1_VMB2",2017-09-30,2002-12-31
"1166","CZ0424111","91T0","CZ3473","VMB1_VMB2",2015-06-21,2002-05-14
"1167","CZ0424111","91T0","CZ3475","VMB1_VMB2",2012-06-21,2002-12-31
"1168","CZ0424125","9130","CZ0082","VMB2_VMB0",2021-07-17,2006-09-03
"1169","CZ0424125","9130","CZ0903","VMB2_VMB0",2022-10-25,2009-01-20
"1170","CZ0424125","9130","CZ3054","VMB2_VMB0",2023-07-11,2010-07-04
"1171","CZ0424125","9130","CZ3106","VMB1_VMB2",2015-07-05,2003-07-22
"1172","CZ0424125","9130","CZ3107","VMB1_VMB2",2012-05-18,2003-08-10
"1173","CZ0424125","9130","CZ3119","VMB1_VMB2",2011-10-08,2002-05-29
"1174","CZ0424125","9130","CZ3135","VMB2_VMB0",2024-06-28,2010-10-16
"1175","CZ0424125","9130","CZ3146","VMB2_VMB0",2022-06-30,2009-05-06
"1176","CZ0424125","9130","CZ3147","VMB1_VMB2",2016-05-09,2001-07-21
"1177","CZ0424125","9130","CZ3176","VMB1_VMB2",2012-08-02,2001-07-27
"1178","CZ0424125","9130","CZ3207","VMB2_VMB0",2022-06-08,2009-08-22
"1179","CZ0424125","9130","CZ3210","VMB1_VMB2",2017-08-14,2003-10-10
"1180","CZ0424125","9130","CZ3228","VMB1_VMB2",2018-09-19,2001-09-25
"1181","CZ0424125","9130","CZ3234","VMB1_VMB2",2018-09-16,2002-07-08
"1182","CZ0424125","9130","CZ3239","VMB1_VMB2",2017-07-08,2005-11-07
"1183","CZ0424125","9130","CZ3252","VMB1_VMB2",2011-10-17,2005-11-07
"1184","CZ0424125","9130","CZ3260","VMB1_VMB2",2015-07-20,2003-10-12
"1185","CZ0424125","9130","CZ3289","VMB1_VMB2",2011-10-07,2005-11-07
"1186","CZ0424125","9180","CZ0087","VMB1_VMB2",2016-07-10,2002-05-25
"1187","CZ0424125","9180","CZ0903","VMB2_VMB0",2022-10-24,2009-01-20
"1188","CZ0424125","9180","CZ3054","VMB1_VMB2",2010-05-09,2001-11-06
"1189","CZ0424125","9180","CZ3107","VMB1_VMB2",2012-06-21,2003-08-10
"1190","CZ0424125","9180","CZ3119","VMB1_VMB2",2011-10-08,2001-05-31
"1191","CZ0424125","9180","CZ3135","VMB2_VMB0",2024-07-02,2010-09-17
"1192","CZ0424125","9180","CZ3146","VMB1_VMB2",2009-04-26,2002-06-11
"1193","CZ0424125","9180","CZ3147","VMB1_VMB2",2016-07-04,2002-08-04
"1194","CZ0424125","9180","CZ3176","VMB1_VMB2",2012-09-18,2002-07-20
"1195","CZ0424125","9180","CZ3183","VMB1_VMB2",2010-07-04,2001-08-20
"1196","CZ0424125","9180","CZ3207","VMB2_VMB0",2022-06-28,2009-09-12
"1197","CZ0424125","9180","CZ3210","VMB1_VMB2",2017-08-14,2003-08-05
"1198","CZ0424125","9180","CZ3228","VMB1_VMB2",2018-09-22,2001-09-25
"1199","CZ0424125","9180","CZ3234","VMB1_VMB2",2018-09-16,2001-07-12
"1200","CZ0424125","9180","CZ3239","VMB1_VMB2",2017-07-08,2005-11-07
"1201","CZ0424125","9180","CZ3247","VMB1_VMB2",2016-07-28,2001-10-03
"1202","CZ0424125","9180","CZ3252","VMB1_VMB2",2011-10-17,2003-10-12
"1203","CZ0424125","9180","CZ3260","VMB1_VMB2",2015-07-20,2002-09-06
"1204","CZ0424125","9180","CZ3300","VMB1_VMB2",2010-09-21,2001-10-03
"1205","CZ0424125","91E0","CZ0082","VMB2_VMB0",2021-07-17,2006-09-01
"1206","CZ0424125","91E0","CZ0087","VMB1_VMB2",2016-07-29,2002-07-05
"1207","CZ0424125","91E0","CZ0903","VMB2_VMB0",2022-10-25,2017-08-08
"1208","CZ0424125","91E0","CZ0907","VMB1_VMB2",2009-01-27,2001-09-27
"1209","CZ0424125","91E0","CZ3049","VMB1_VMB2",2010-09-19,2001-07-04
"1210","CZ0424125","91E0","CZ3054","VMB2_VMB0",2023-07-11,2010-06-27
"1211","CZ0424125","91E0","CZ3076","VMB2_VMB0",2023-05-24,2010-07-18
"1212","CZ0424125","91E0","CZ3106","VMB1_VMB2",2015-09-05,2003-07-15
"1213","CZ0424125","91E0","CZ3107","VMB1_VMB2",2012-06-21,2003-08-10
"1214","CZ0424125","91E0","CZ3119","VMB1_VMB2",2011-10-08,2001-05-31
"1215","CZ0424125","91E0","CZ3135","VMB2_VMB0",2024-06-18,2016-05-09
"1216","CZ0424125","91E0","CZ3141","VMB1_VMB2",2015-06-20,2002-10-01
"1217","CZ0424125","91E0","CZ3146","VMB2_VMB0",2022-06-30,2015-06-20
"1218","CZ0424125","91E0","CZ3147","VMB1_VMB2",2016-07-04,2002-08-04
"1219","CZ0424125","91E0","CZ3148","VMB1_VMB2",2014-08-14,2001-10-28
"1220","CZ0424125","91E0","CZ3155","VMB1_VMB2",2016-09-16,2001-08-20
"1221","CZ0424125","91E0","CZ3171","VMB1_VMB2",2016-07-13,2002-07-02
"1222","CZ0424125","91E0","CZ3174","VMB1_VMB2",2016-07-22,2002-02-07
"1223","CZ0424125","91E0","CZ3176","VMB1_VMB2",2012-08-01,2001-07-15
"1224","CZ0424125","91E0","CZ3183","VMB1_VMB2",2010-06-13,2001-08-20
"1225","CZ0424125","91E0","CZ3189","VMB1_VMB2",2013-09-15,2002-07-02
"1226","CZ0424125","91E0","CZ3207","VMB2_VMB0",2022-06-08,2009-09-28
"1227","CZ0424125","91E0","CZ3210","VMB1_VMB2",2017-08-14,2002-09-15
"1228","CZ0424125","91E0","CZ3228","VMB1_VMB2",2018-09-22,2001-08-08
"1229","CZ0424125","91E0","CZ3234","VMB1_VMB2",2018-09-16,2002-07-08
"1230","CZ0424125","91E0","CZ3239","VMB1_VMB2",2017-08-06,2005-11-07
"1231","CZ0424125","91E0","CZ3247","VMB1_VMB2",2016-08-11,2002-07-08
"1232","CZ0424125","91E0","CZ3252","VMB1_VMB2",2011-10-16,2005-11-07
"1233","CZ0424125","91E0","CZ3260","VMB1_VMB2",2015-07-22,2002-09-09
"1234","CZ0424125","91E0","CZ3267","VMB1_VMB2",2014-09-21,2002-05-15
"1235","CZ0424125","91E0","CZ3289","VMB1_VMB2",2011-10-09,2002-11-10
"1236","CZ0424125","91I0","CZ0082","VMB2_VMB0",2021-07-17,2006-09-02
"1237","CZ0424125","91I0","CZ0087","VMB1_VMB2",2016-07-31,2002-02-02
"1238","CZ0424125","91I0","CZ0903","VMB2_VMB0",2022-10-25,2009-01-15
"1239","CZ0424125","91I0","CZ3054","VMB2_VMB0",2023-07-05,2010-05-21
"1240","CZ0424125","91I0","CZ3106","VMB1_VMB2",2015-09-05,2003-07-22
"1241","CZ0424125","91I0","CZ3135","VMB1_VMB2",2010-08-22,2002-08-04
"1242","CZ0424125","91I0","CZ3146","VMB2_VMB0",2022-06-30,2009-05-08
"1243","CZ0424125","91I0","CZ3174","VMB1_VMB2",2016-08-12,2002-02-15
"1244","CZ0424125","91I0","CZ3176","VMB1_VMB2",2012-08-08,2002-08-04
"1245","CZ0424125","91I0","CZ3183","VMB1_VMB2",2010-05-22,2001-07-27
"1246","CZ0424125","91I0","CZ3207","VMB2_VMB0",2022-06-28,2009-08-22
"1247","CZ0424125","91I0","CZ3228","VMB1_VMB2",2018-09-19,2002-06-25
"1248","CZ0424127","9110","CZ0095","VMB1_VMB2",2012-08-27,2004-06-13
"1249","CZ0424127","9110","CZ0100","VMB1_VMB2",2012-08-17,2003-09-13
"1250","CZ0424127","9110","CZ0133","VMB2_VMB0",2024-06-29,2007-07-27
"1251","CZ0424127","9110","CZ0134","VMB2_VMB0",2024-07-22,2007-08-30
"1252","CZ0424127","9110","CZ3357","VMB1_VMB2",2015-06-26,2005-09-19
"1253","CZ0424127","9110","CZ3389","VMB1_VMB2",2015-08-29,2003-09-17
"1254","CZ0424127","9110","CZ3393","VMB2_VMB0",2023-07-29,2009-08-14
"1255","CZ0424127","9110","CZ3406","VMB1_VMB2",2009-08-15,2003-06-11
"1256","CZ0424127","9110","CZ3414","VMB1_VMB2",2012-08-16,2005-09-10
"1257","CZ0424127","9110","CZ3424","VMB1_VMB2",2012-08-17,2005-09-10
"1258","CZ0424127","9110","CZ3428","VMB1_VMB2",2013-10-04,2003-08-10
"1259","CZ0424127","9110","CZ3453","VMB1_VMB2",2012-09-11,2005-09-06
"1260","CZ0424127","9110","CZ3454","VMB1_VMB2",2012-10-16,2003-08-29
"1261","CZ0424127","9110","CZ3456","VMB1_VMB2",2012-08-20,2005-09-06
"1262","CZ0424127","9130","CZ0095","VMB1_VMB2",2012-08-27,2004-06-12
"1263","CZ0424127","9130","CZ0100","VMB1_VMB2",2012-08-17,2003-09-13
"1264","CZ0424127","9130","CZ0133","VMB2_VMB0",2024-06-29,2007-07-25
"1265","CZ0424127","9130","CZ0134","VMB2_VMB0",2024-07-22,2007-08-28
"1266","CZ0424127","9130","CZ0135","VMB1_VMB2",2007-08-06,2002-11-02
"1267","CZ0424127","9130","CZ0935","VMB1_VMB2",2009-02-24,2003-06-10
"1268","CZ0424127","9130","CZ0942","VMB1_VMB2",2009-03-03,2002-11-09
"1269","CZ0424127","9130","CZ3357","VMB1_VMB2",2015-05-25,2003-09-10
"1270","CZ0424127","9130","CZ3389","VMB1_VMB2",2015-08-29,2004-06-20
"1271","CZ0424127","9130","CZ3393","VMB2_VMB0",2023-07-29,2009-08-13
"1272","CZ0424127","9130","CZ3394","VMB1_VMB2",2014-04-17,2003-06-30
"1273","CZ0424127","9130","CZ3406","VMB1_VMB2",2009-08-15,2003-06-10
"1274","CZ0424127","9130","CZ3414","VMB1_VMB2",2012-08-16,2005-09-10
"1275","CZ0424127","9130","CZ3424","VMB1_VMB2",2012-08-17,2005-09-10
"1276","CZ0424127","9130","CZ3428","VMB1_VMB2",2013-10-04,2003-08-10
"1277","CZ0424127","9130","CZ3437","VMB1_VMB2",2013-08-20,2002-04-27
"1278","CZ0424127","9130","CZ3453","VMB1_VMB2",2012-09-11,2005-09-06
"1279","CZ0424127","9130","CZ3454","VMB1_VMB2",2012-10-21,2003-07-21
"1280","CZ0424127","9130","CZ3456","VMB1_VMB2",2012-08-20,2001-10-15
"1281","CZ0424127","9180","CZ0100","VMB1_VMB2",2012-07-13,2003-08-31
"1282","CZ0424127","9180","CZ0133","VMB2_VMB0",2024-06-09,2007-07-09
"1283","CZ0424127","9180","CZ0134","VMB2_VMB0",2023-10-11,2007-08-27
"1284","CZ0424127","9180","CZ3389","VMB1_VMB2",2015-05-09,2002-08-05
"1285","CZ0424127","9180","CZ3393","VMB2_VMB0",2023-07-28,2009-08-10
"1286","CZ0424127","9180","CZ3414","VMB1_VMB2",2012-05-30,2004-05-09
"1287","CZ0424127","9180","CZ3424","VMB1_VMB2",2012-08-15,2004-06-09
"1288","CZ0424127","9180","CZ3428","VMB1_VMB2",2013-09-13,2003-09-13
"1289","CZ0424127","9180","CZ3453","VMB1_VMB2",2012-09-11,2003-08-29
"1290","CZ0424127","9180","CZ3456","VMB1_VMB2",2012-08-18,2003-09-12
"1291","CZ0424127","91D0","CZ0100","VMB1_VMB2",2012-07-13,2003-08-24
"1292","CZ0424127","91D0","CZ0133","VMB1_VMB2",2007-07-27,2001-10-10
"1293","CZ0424127","91D0","CZ3424","VMB1_VMB2",2012-08-15,2003-07-07
"1294","CZ0424127","91D0","CZ3428","VMB1_VMB2",2013-10-03,2002-11-09
"1295","CZ0424127","91D0","CZ3437","VMB1_VMB2",2013-08-20,2001-07-10
"1296","CZ0424127","91D0","CZ3456","VMB1_VMB2",2012-08-18,2001-10-10
"1297","CZ0424127","91E0","CZ0095","VMB1_VMB2",2012-08-14,2004-06-13
"1298","CZ0424127","91E0","CZ0133","VMB2_VMB0",2024-06-29,2007-07-25
"1299","CZ0424127","91E0","CZ0134","VMB2_VMB0",2024-07-22,2007-08-31
"1300","CZ0424127","91E0","CZ3357","VMB1_VMB2",2015-04-25,2002-06-21
"1301","CZ0424127","91E0","CZ3389","VMB1_VMB2",2015-08-20,2002-08-05
"1302","CZ0424127","91E0","CZ3393","VMB2_VMB0",2023-05-01,2009-08-13
"1303","CZ0424127","91E0","CZ3406","VMB1_VMB2",2009-08-15,2002-04-17
"1304","CZ0424127","91E0","CZ3424","VMB1_VMB2",2012-08-10,2004-06-06
"1305","CZ0424127","91E0","CZ3428","VMB1_VMB2",2013-09-13,2002-11-09
"1306","CZ0424127","91E0","CZ3453","VMB1_VMB2",2012-09-11,2003-08-29
"1307","CZ0424127","91E0","CZ3454","VMB1_VMB2",2012-10-19,2003-07-21
"1308","CZ0424127","91E0","CZ3456","VMB1_VMB2",2012-08-19,2001-09-27
"1309","CZ0424127","9410","CZ0100","VMB1_VMB2",2012-08-17,2003-08-31
"1310","CZ0424127","9410","CZ0133","VMB2_VMB0",2024-06-29,2007-07-24
"1311","CZ0424127","9410","CZ0134","VMB1_VMB2",2007-08-19,2001-09-25
"1312","CZ0424127","9410","CZ0942","VMB1_VMB2",2009-03-03,2002-11-09
"1313","CZ0424127","9410","CZ3424","VMB1_VMB2",2012-08-01,2002-05-04
"1314","CZ0424127","9410","CZ3428","VMB1_VMB2",2013-10-04,2002-11-09
"1315","CZ0424127","9410","CZ3453","VMB1_VMB2",2012-09-10,2003-08-01
"1316","CZ0424127","9410","CZ3454","VMB1_VMB2",2012-09-20,2003-08-07
"1317","CZ0424127","9410","CZ3456","VMB1_VMB2",2012-08-20,2003-09-12
"1318","CZ0424129","91E0","CZ0125","VMB1_VMB2",2013-07-30,2001-07-08
"1319","CZ0424138","91F0","CZ0906","VMB2_VMB0",2022-05-05,2008-07-11
"1320","CZ0424139","91F0","CZ3243","VMB1_VMB2",2016-09-30,2003-05-02
"1321","CZ0424140","91F0","CZ0143","VMB2_VMB0",2022-04-15,2007-07-06
"1322","CZ0424141","9180","CZ0129","VMB1_VMB2",2017-09-29,2005-09-27
"1323","CZ0424141","9180","CZ0140","VMB1_VMB2",2018-06-15,2005-08-29
"1324","CZ0424141","9180","CZ0141","VMB1_VMB2",2017-09-30,2005-09-30
"1325","CZ0424141","9180","CZ0945","VMB1_VMB2",2018-07-01,2003-09-01
"1326","CZ0424141","9180","CZ3395","VMB2_VMB0",2024-06-26,2009-08-19
"1327","CZ0424141","9180","CZ3396","VMB1_VMB2",2009-07-06,2002-06-27
"1328","CZ0424141","9180","CZ3399","VMB1_VMB2",2010-08-02,2005-08-20
"1329","CZ0424141","9180","CZ3417","VMB1_VMB2",2018-06-17,2005-09-30
"1330","CZ0424141","9180","CZ3420","VMB1_VMB2",2012-09-25,2005-08-19
"1331","CZ0424141","9180","CZ3427","VMB1_VMB2",2016-09-09,2005-08-25
"1332","CZ0424141","9180","CZ3472","VMB1_VMB2",2017-09-19,2002-05-17
"1333","CZ0424141","9180","CZ3475","VMB1_VMB2",2015-11-01,2002-06-13
"1334","CZ0424141","91E0","CZ0129","VMB1_VMB2",2017-09-29,2002-08-08
"1335","CZ0424141","91E0","CZ0140","VMB1_VMB2",2018-06-14,2002-11-11
"1336","CZ0424141","91E0","CZ0141","VMB1_VMB2",2017-09-29,2005-08-24
"1337","CZ0424141","91E0","CZ0922","VMB2_VMB0",2021-09-28,2008-08-10
"1338","CZ0424141","91E0","CZ3395","VMB2_VMB0",2024-07-04,2009-08-10
"1339","CZ0424141","91E0","CZ3396","VMB1_VMB2",2009-09-07,2002-07-29
"1340","CZ0424141","91E0","CZ3399","VMB1_VMB2",2010-08-29,2005-08-29
"1341","CZ0424141","91E0","CZ3417","VMB1_VMB2",2018-06-17,2005-08-24
"1342","CZ0424141","91E0","CZ3427","VMB1_VMB2",2012-09-18,2005-08-25
"1343","CZ0424141","91E0","CZ3472","VMB1_VMB2",2017-09-19,2001-10-10
"1344","CZ0424141","91E0","CZ3475","VMB1_VMB2",2016-05-27,2005-08-16
"1345","CZ0510028","9110","CZ0345","VMB2_VMB0",2022-05-26,2007-09-09
"1346","CZ0510028","9130","CZ0345","VMB2_VMB0",2022-05-15,2007-09-09
"1347","CZ0510028","9180","CZ0345","VMB2_VMB0",2022-05-10,2007-08-24
"1348","CZ0510164","9130","CZ0900","VMB2_VMB0",2022-08-02,2008-08-20
"1349","CZ0510164","9130","CZ3161","VMB1_VMB2",2017-09-12,2004-08-24
"1350","CZ0510164","9130","CZ3195","VMB1_VMB2",2017-08-25,2004-08-24
"1351","CZ0510164","9170","CZ0900","VMB2_VMB0",2022-08-02,2008-08-20
"1352","CZ0510164","9170","CZ3161","VMB1_VMB2",2017-09-12,2004-08-24
"1353","CZ0510164","9170","CZ3195","VMB1_VMB2",2017-08-25,2004-08-24
"1354","CZ0510164","9180","CZ0900","VMB2_VMB0",2022-07-28,2008-08-20
"1355","CZ0510164","9180","CZ3195","VMB1_VMB2",2017-08-25,2004-08-24
"1356","CZ0510164","91E0","CZ0900","VMB2_VMB0",2022-08-02,2008-08-20
"1357","CZ0510164","91E0","CZ3161","VMB1_VMB2",2017-04-15,2003-08-01
"1358","CZ0510191","9110","CZ0477","VMB1_VMB2",2018-07-09,2003-10-08
"1359","CZ0510191","9110","CZ0925","VMB1_VMB2",2018-08-04,2004-07-10
"1360","CZ0510191","9130","CZ0477","VMB1_VMB2",2018-07-09,2003-10-08
"1361","CZ0510191","9130","CZ0925","VMB1_VMB2",2018-08-04,2004-07-10
"1362","CZ0510191","9130","CZ3288","VMB1_VMB2",2015-05-11,2003-10-08
"1363","CZ0510191","9150","CZ0477","VMB1_VMB2",2018-07-09,2002-08-22
"1364","CZ0510191","9150","CZ0925","VMB1_VMB2",2018-07-09,2002-06-22
"1365","CZ0510191","9180","CZ0477","VMB1_VMB2",2018-07-09,2004-07-20
"1366","CZ0510191","9180","CZ0925","VMB1_VMB2",2018-07-09,2004-07-20
"1367","CZ0510400","9110","CZ0339","VMB2_VMB0",2022-10-11,2014-08-22
"1368","CZ0510400","9110","CZ0949","VMB2_VMB0",2022-09-29,2008-10-24
"1369","CZ0510400","9110","CZ3441","VMB1_VMB2",2018-06-20,2003-08-29
"1370","CZ0510400","9110","CZ3458","VMB1_VMB2",2018-08-22,2005-10-25
"1371","CZ0510400","9110","CZ3463","VMB1_VMB2",2012-10-17,2003-09-10
"1372","CZ0510400","9110","CZ3465","VMB1_VMB2",2018-06-27,2005-10-11
"1373","CZ0510400","9110","CZ3466","VMB1_VMB2",2012-10-24,2001-07-27
"1374","CZ0510400","9130","CZ0339","VMB2_VMB0",2022-10-11,2008-10-20
"1375","CZ0510400","9130","CZ0949","VMB2_VMB0",2022-09-22,2008-10-11
"1376","CZ0510400","9130","CZ3458","VMB1_VMB2",2014-07-30,2005-10-11
"1377","CZ0510400","9140","CZ0339","VMB2_VMB0",2022-10-11,2008-10-09
"1378","CZ0510400","9140","CZ0949","VMB1_VMB2",2008-10-11,2003-07-10
"1379","CZ0510400","9180","CZ0339","VMB2_VMB0",2022-09-30,2008-07-23
"1380","CZ0510400","9180","CZ3458","VMB1_VMB2",2014-08-29,2005-10-11
"1381","CZ0510402","91D0","CZ3421","VMB1_VMB2",2009-10-13,2002-09-14
"1382","CZ0510402","91D0","CZ3434","VMB1_VMB2",2017-08-30,2002-06-08
"1383","CZ0510402","91D0","CZ3450","VMB2_VMB0",2023-10-01,2009-10-21
"1384","CZ0510402","9410","CZ3421","VMB2_VMB0",2023-08-02,2009-10-13
"1385","CZ0510402","9410","CZ3434","VMB1_VMB2",2017-08-14,2002-09-15
"1386","CZ0510402","9410","CZ3450","VMB2_VMB0",2023-10-05,2009-10-29
"1387","CZ0510403","91D0","CZ3450","VMB2_VMB0",2023-10-03,2009-09-25
"1388","CZ0510405","9130","CZ3421","VMB2_VMB0",2023-07-30,2009-09-26
"1389","CZ0510405","9140","CZ3421","VMB2_VMB0",2023-07-30,2009-09-26
"1390","CZ0510405","9180","CZ3421","VMB1_VMB2",2009-10-13,2002-09-19
"1391","CZ0510405","91D0","CZ3421","VMB2_VMB0",2023-08-02,2009-10-06
"1392","CZ0510405","91D0","CZ3450","VMB2_VMB0",2023-06-11,2009-09-09
"1393","CZ0510405","9410","CZ3421","VMB2_VMB0",2023-08-02,2009-10-13
"1394","CZ0510405","9410","CZ3450","VMB2_VMB0",2023-07-17,2009-10-13
"1395","CZ0510408","9110","CZ0340","VMB1_VMB2",2007-09-22,2002-09-15
"1396","CZ0510408","91D0","CZ0340","VMB1_VMB2",2007-09-22,2002-09-15
"1397","CZ0510408","91D0","CZ0949","VMB1_VMB2",2008-10-11,2002-09-15
"1398","CZ0510408","9410","CZ0340","VMB1_VMB2",2007-09-22,2002-09-15
"1399","CZ0510408","9410","CZ0949","VMB2_VMB0",2022-09-29,2008-10-11
"1400","CZ0510412","91D0","CZ0340","VMB1_VMB2",2007-09-28,2002-09-15
"1401","CZ0510412","91D0","CZ3429","VMB1_VMB2",2010-09-18,2002-08-19
"1402","CZ0510412","9410","CZ0340","VMB1_VMB2",2007-09-28,2002-09-15
"1403","CZ0510412","9410","CZ3429","VMB1_VMB2",2010-09-18,2002-08-19
"1404","CZ0510415","91D0","CZ3450","VMB2_VMB0",2023-10-01,2009-10-29
"1405","CZ0510415","9410","CZ3450","VMB2_VMB0",2023-10-01,2009-10-29
"1406","CZ0510441","9170","CZ3382","VMB1_VMB2",2014-06-06,2003-08-15
"1407","CZ0510441","9180","CZ3382","VMB1_VMB2",2014-06-06,2003-05-25
"1408","CZ0510441","91E0","CZ3382","VMB1_VMB2",2014-06-06,2002-07-09
"1409","CZ0510441","91I0","CZ3382","VMB1_VMB2",2014-06-01,2001-09-15
"1410","CZ0510508","9110","CZ3452","VMB2_VMB0",2024-03-15,2009-08-04
"1411","CZ0510509","9130","CZ0946","VMB1_VMB2",2013-07-29,2001-08-25
"1412","CZ0510509","9180","CZ0946","VMB1_VMB2",2013-07-29,2001-08-23
"1413","CZ0513506","91D0","CZ3354","VMB1_VMB2",2014-08-01,2002-05-01
"1414","CZ0513506","91D0","CZ3378","VMB1_VMB2",2008-08-21,2002-09-06
"1415","CZ0513506","91E0","CZ0094","VMB1_VMB2",2017-04-21,2002-07-20
"1416","CZ0513506","91E0","CZ0345","VMB2_VMB0",2022-07-02,2007-09-30
"1417","CZ0513506","91E0","CZ3354","VMB1_VMB2",2014-08-01,2004-07-17
"1418","CZ0513506","91E0","CZ3372","VMB1_VMB2",2012-11-26,2002-07-27
"1419","CZ0513506","91E0","CZ3378","VMB1_VMB2",2008-09-01,2002-07-25
"1420","CZ0513506","91E0","CZ3404","VMB1_VMB2",2016-08-26,2002-05-01
"1421","CZ0513506","91E0","CZ3415","VMB2_VMB0",2024-05-20,2009-08-18
"1422","CZ0514041","9110","CZ0102","VMB2_VMB0",2024-09-28,2009-11-12
"1423","CZ0514041","9130","CZ0102","VMB2_VMB0",2024-07-14,2006-11-30
"1424","CZ0514042","9110","CZ0348","VMB1_VMB2",2012-08-30,2002-07-14
"1425","CZ0514042","9110","CZ0480","VMB1_VMB2",2014-09-08,2005-05-04
"1426","CZ0514042","9110","CZ3345","VMB2_VMB0",2019-10-14,2012-11-24
"1427","CZ0514042","9110","CZ3370","VMB1_VMB2",2017-09-11,2002-08-12
"1428","CZ0514042","91D0","CZ0348","VMB1_VMB2",2012-08-30,2003-07-04
"1429","CZ0514042","91D0","CZ0349","VMB1_VMB2",2015-07-15,2005-08-30
"1430","CZ0514042","91D0","CZ0480","VMB1_VMB2",2016-08-03,2002-09-30
"1431","CZ0514042","91D0","CZ3345","VMB1_VMB2",2012-11-26,2002-09-15
"1432","CZ0514042","91D0","CZ3354","VMB1_VMB2",2014-08-01,2002-07-27
"1433","CZ0514042","91D0","CZ3370","VMB1_VMB2",2017-09-10,2002-06-30
"1434","CZ0514042","91T0","CZ0348","VMB1_VMB2",2011-09-14,2002-07-11
"1435","CZ0514042","91T0","CZ0349","VMB1_VMB2",2015-06-04,2001-08-08
"1436","CZ0514042","91T0","CZ0480","VMB1_VMB2",2014-09-08,2005-05-04
"1437","CZ0514042","91T0","CZ3345","VMB1_VMB2",2012-11-26,2002-12-31
"1438","CZ0514042","91T0","CZ3370","VMB1_VMB2",2017-08-31,2002-08-12
"1439","CZ0514042","9410","CZ0480","VMB1_VMB2",2014-09-04,2002-07-06
"1440","CZ0514042","9410","CZ3345","VMB2_VMB0",2019-10-14,2012-11-26
"1441","CZ0514042","9410","CZ3370","VMB1_VMB2",2017-09-11,2001-07-07
"1442","CZ0514243","9110","CZ0476","VMB1_VMB2",2012-11-27,2005-08-01
"1443","CZ0514668","9110","CZ3397","VMB1_VMB2",2014-09-28,2002-09-30
"1444","CZ0514668","9180","CZ3397","VMB1_VMB2",2014-09-15,2002-09-30
"1445","CZ0514669","91D0","CZ0348","VMB1_VMB2",2012-09-14,2005-08-01
"1446","CZ0514670","9130","CZ0482","VMB1_VMB2",2014-08-28,2003-10-07
"1447","CZ0514670","9170","CZ0093","VMB1_VMB2",2013-10-02,2004-06-20
"1448","CZ0514670","9170","CZ0482","VMB1_VMB2",2014-08-19,2003-10-09
"1449","CZ0514670","9180","CZ0093","VMB1_VMB2",2014-08-15,2004-06-19
"1450","CZ0514670","9180","CZ0482","VMB1_VMB2",2014-08-28,2003-08-23
"1451","CZ0514672","9110","CZ0929","VMB1_VMB2",2020-09-06,2004-06-11
"1452","CZ0514672","9110","CZ3287","VMB1_VMB2",2016-04-22,2003-07-20
"1453","CZ0514672","9110","CZ3366","VMB1_VMB2",2013-06-20,2004-06-11
"1454","CZ0514672","9130","CZ0335","VMB1_VMB2",2007-10-08,2003-07-20
"1455","CZ0514672","9130","CZ0929","VMB1_VMB2",2020-09-13,2004-07-10
"1456","CZ0514672","9130","CZ3287","VMB1_VMB2",2016-08-11,2004-07-10
"1457","CZ0514672","9180","CZ0929","VMB1_VMB2",2020-09-05,2004-07-10
"1458","CZ0514672","9180","CZ3287","VMB1_VMB2",2016-08-11,2004-07-10
"1459","CZ0514672","9180","CZ3294","VMB1_VMB2",2017-07-27,2003-07-20
"1460","CZ0514672","9180","CZ3366","VMB1_VMB2",2013-06-23,2004-06-11
"1461","CZ0520009","9170","CZ2968","VMB1_VMB2",2016-06-29,2003-08-27
"1462","CZ0520009","9170","CZ2984","VMB1_VMB2",2016-07-19,2001-06-06
"1463","CZ0520020","9110","CZ0908","VMB1_VMB2",2014-05-22,2002-05-24
"1464","CZ0520020","9110","CZ0913","VMB1_VMB2",2014-06-05,2002-05-23
"1465","CZ0520020","9130","CZ0908","VMB1_VMB2",2014-05-22,2002-12-31
"1466","CZ0520020","9130","CZ0913","VMB1_VMB2",2014-06-05,2002-05-24
"1467","CZ0520022","9170","CZ0873","VMB1_VMB2",2016-08-06,2002-05-23
"1468","CZ0520028","9180","CZ0875","VMB1_VMB2",2015-08-18,2001-08-11
"1469","CZ0520030","9170","CZ0072","VMB2_VMB0",2021-06-16,2007-08-07
"1470","CZ0520030","9170","CZ0375","VMB2_VMB0",2021-08-10,2007-08-18
"1471","CZ0520030","9170","CZ0855","VMB2_VMB0",2021-08-10,2010-08-31
"1472","CZ0520030","9170","CZ2830","VMB1_VMB2",2012-06-07,2001-08-20
"1473","CZ0520030","9170","CZ2871","VMB1_VMB2",2010-09-22,2001-07-30
"1474","CZ0520030","91E0","CZ0072","VMB2_VMB0",2021-06-16,2006-09-23
"1475","CZ0520038","9170","CZ0379","VMB2_VMB0",2021-06-16,2007-10-07
"1476","CZ0520038","9170","CZ0380","VMB2_VMB0",2021-06-11,2007-08-08
"1477","CZ0520038","9170","CZ0387","VMB1_VMB2",2008-03-28,2003-09-29
"1478","CZ0520038","9170","CZ3018","VMB1_VMB2",2016-07-16,2003-09-11
"1479","CZ0520038","9190","CZ0379","VMB1_VMB2",2007-10-07,2003-09-11
"1480","CZ0520038","9190","CZ3018","VMB1_VMB2",2016-07-16,2003-09-11
"1481","CZ0520178","9110","CZ0878","VMB1_VMB2",2010-06-17,2003-05-24
"1482","CZ0520178","9130","CZ0878","VMB1_VMB2",2010-06-17,2003-05-24
"1483","CZ0520178","91E0","CZ0878","VMB1_VMB2",2010-06-17,2003-05-24
"1484","CZ0520184","9170","CZ0865","VMB2_VMB0",2024-09-22,2009-05-28
"1485","CZ0520184","9190","CZ0865","VMB2_VMB0",2024-09-22,2009-05-28
"1486","CZ0520507","9130","CZ3085","VMB1_VMB2",2013-08-28,2001-07-26
"1487","CZ0520507","9130","CZ3142","VMB1_VMB2",2018-09-23,2002-09-11
"1488","CZ0520507","9180","CZ3085","VMB1_VMB2",2013-08-28,2002-05-08
"1489","CZ0520507","9180","CZ3142","VMB1_VMB2",2018-09-23,2002-09-11
"1490","CZ0520508","9130","CZ3142","VMB1_VMB2",2018-09-23,2003-08-29
"1491","CZ0520508","9130","CZ3190","VMB1_VMB2",2018-08-23,2005-10-03
"1492","CZ0520508","9130","CZ3246","VMB1_VMB2",2019-04-05,2005-10-03
"1493","CZ0520511","9110","CZ3193","VMB1_VMB2",2013-12-31,2004-10-14
"1494","CZ0520511","9130","CZ3193","VMB1_VMB2",2013-08-23,2001-05-27
"1495","CZ0520511","91E0","CZ3193","VMB1_VMB2",2013-12-31,2001-05-27
"1496","CZ0520518","9110","CZ0383","VMB1_VMB2",2008-10-20,2003-08-29
"1497","CZ0520518","9110","CZ0890","VMB1_VMB2",2013-10-30,2004-07-25
"1498","CZ0520518","9130","CZ0383","VMB1_VMB2",2008-10-20,2002-10-01
"1499","CZ0520518","9130","CZ0890","VMB1_VMB2",2013-10-30,2004-07-25
"1500","CZ0520519","9110","CZ0474","VMB1_VMB2",2018-11-24,2003-07-22
"1501","CZ0520519","9110","CZ3190","VMB1_VMB2",2018-08-30,2005-10-03
"1502","CZ0520519","91D0","CZ0474","VMB1_VMB2",2018-11-24,2003-07-23
"1503","CZ0520519","9410","CZ0474","VMB1_VMB2",2018-11-24,2005-10-03
"1504","CZ0520600","9110","CZ0374","VMB2_VMB0",2022-10-05,2007-08-19
"1505","CZ0520600","9110","CZ2924","VMB2_VMB0",2022-08-23,2009-07-22
"1506","CZ0520600","9130","CZ0374","VMB2_VMB0",2022-10-05,2007-08-20
"1507","CZ0520600","9130","CZ2924","VMB2_VMB0",2022-08-23,2009-07-22
"1508","CZ0520600","9410","CZ0374","VMB2_VMB0",2022-10-05,2007-08-19
"1509","CZ0520600","9410","CZ2924","VMB2_VMB0",2022-08-23,2009-07-22
"1510","CZ0520604","9110","CZ2697","VMB1_VMB2",2017-08-14,2002-10-18
"1511","CZ0520604","9110","CZ2747","VMB1_VMB2",2017-10-16,2005-09-08
"1512","CZ0520604","9110","CZ2794","VMB1_VMB2",2017-10-09,2002-11-06
"1513","CZ0520604","9110","CZ2799","VMB1_VMB2",2013-10-02,2005-09-08
"1514","CZ0520604","9130","CZ2697","VMB1_VMB2",2017-08-14,2002-10-18
"1515","CZ0520604","9130","CZ2747","VMB1_VMB2",2017-09-29,2005-09-08
"1516","CZ0520604","9130","CZ2794","VMB1_VMB2",2017-10-01,2002-10-10
"1517","CZ0520604","9130","CZ2799","VMB1_VMB2",2013-10-02,2005-09-08
"1518","CZ0520604","9180","CZ2697","VMB1_VMB2",2017-04-30,2002-10-18
"1519","CZ0520604","9180","CZ2747","VMB1_VMB2",2017-10-12,2005-09-08
"1520","CZ0520604","9180","CZ2794","VMB1_VMB2",2017-10-01,2002-10-10
"1521","CZ0520604","9180","CZ2799","VMB1_VMB2",2013-10-02,2002-11-17
"1522","CZ0523267","91E0","CZ2688","VMB1_VMB2",2017-09-26,2005-08-22
"1523","CZ0523267","91E0","CZ2774","VMB1_VMB2",2014-07-29,2005-06-13
"1524","CZ0523267","91E0","CZ2864","VMB2_VMB0",2024-09-11,2011-09-06
"1525","CZ0523268","9170","CZ0875","VMB1_VMB2",2015-08-21,2002-08-08
"1526","CZ0523268","9170","CZ3016","VMB2_VMB0",2021-08-23,2009-07-30
"1527","CZ0523268","91E0","CZ3016","VMB2_VMB0",2021-08-23,2009-07-30
"1528","CZ0524044","9110","CZ0384","VMB1_VMB2",2012-10-03,2005-08-08
"1529","CZ0524044","9110","CZ0385","VMB2_VMB0",2023-09-03,2009-08-18
"1530","CZ0524044","9110","CZ0386","VMB1_VMB2",2019-08-07,2001-10-11
"1531","CZ0524044","9110","CZ0481","VMB1_VMB2",2012-10-03,2002-07-15
"1532","CZ0524044","9110","CZ0916","VMB1_VMB2",2015-09-12,2002-07-15
"1533","CZ0524044","9110","CZ0934","VMB2_VMB0",2023-09-20,2013-07-23
"1534","CZ0524044","9110","CZ0938","VMB1_VMB2",2010-09-25,2005-09-24
"1535","CZ0524044","9110","CZ0940","VMB1_VMB2",2010-09-19,2005-09-18
"1536","CZ0524044","9110","CZ3281","VMB1_VMB2",2014-10-31,2002-07-15
"1537","CZ0524044","9110","CZ3295","VMB1_VMB2",2019-08-22,2004-06-16
"1538","CZ0524044","9110","CZ3304","VMB1_VMB2",2019-06-04,2002-07-15
"1539","CZ0524044","9110","CZ3306","VMB1_VMB2",2008-10-26,2002-07-15
"1540","CZ0524044","9110","CZ3309","VMB2_VMB0",2023-05-07,2002-07-17
"1541","CZ0524044","9110","CZ3317","VMB1_VMB2",2019-08-21,2002-07-15
"1542","CZ0524044","9110","CZ3324","VMB2_VMB0",2023-05-09,2012-06-23
"1543","CZ0524044","9110","CZ3325","VMB1_VMB2",2010-07-27,2002-07-15
"1544","CZ0524044","9110","CZ3332","VMB2_VMB0",2025-07-09,2010-09-03
"1545","CZ0524044","9110","CZ3339","VMB1_VMB2",2012-09-16,2002-06-05
"1546","CZ0524044","9110","CZ3342","VMB2_VMB0",2025-07-05,2009-09-21
"1547","CZ0524044","9110","CZ3343","VMB1_VMB2",2010-10-06,2002-07-15
"1548","CZ0524044","9110","CZ3352","VMB1_VMB2",2017-07-27,2003-07-20
"1549","CZ0524044","9110","CZ3355","VMB1_VMB2",2015-07-30,2002-12-31
"1550","CZ0524044","9110","CZ3362","VMB1_VMB2",2012-08-23,2005-09-30
"1551","CZ0524044","9110","CZ3363","VMB2_VMB0",2022-07-19,2009-10-28
"1552","CZ0524044","9110","CZ3364","VMB1_VMB2",2013-08-21,2003-07-20
"1553","CZ0524044","9110","CZ3376","VMB1_VMB2",2009-10-07,2005-07-22
"1554","CZ0524044","9110","CZ3390","VMB1_VMB2",2010-09-05,2005-10-07
"1555","CZ0524044","9110","CZ3391","VMB1_VMB2",2016-08-31,2005-07-22
"1556","CZ0524044","9110","CZ3400","VMB2_VMB0",2022-07-13,2010-09-05
"1557","CZ0524044","9110","CZ3421","VMB2_VMB0",2023-07-30,2008-09-03
"1558","CZ0524044","9130","CZ0384","VMB1_VMB2",2012-08-09,2002-07-15
"1559","CZ0524044","9130","CZ0385","VMB2_VMB0",2023-09-03,2009-08-18
"1560","CZ0524044","9130","CZ0481","VMB1_VMB2",2012-10-03,2002-07-15
"1561","CZ0524044","9130","CZ0916","VMB1_VMB2",2015-09-12,2004-04-20
"1562","CZ0524044","9130","CZ0934","VMB2_VMB0",2023-09-11,2009-08-26
"1563","CZ0524044","9130","CZ0938","VMB1_VMB2",2010-09-25,2002-07-15
"1564","CZ0524044","9130","CZ3281","VMB1_VMB2",2014-10-31,2002-07-15
"1565","CZ0524044","9130","CZ3295","VMB1_VMB2",2018-09-06,2002-08-18
"1566","CZ0524044","9130","CZ3304","VMB1_VMB2",2019-04-10,2002-07-15
"1567","CZ0524044","9130","CZ3306","VMB2_VMB0",2023-08-31,2008-10-16
"1568","CZ0524044","9130","CZ3309","VMB2_VMB0",2023-05-07,2002-12-31
"1569","CZ0524044","9130","CZ3317","VMB1_VMB2",2019-08-09,2002-07-15
"1570","CZ0524044","9130","CZ3324","VMB2_VMB0",2023-05-10,2002-12-31
"1571","CZ0524044","9130","CZ3325","VMB1_VMB2",2010-07-10,2002-07-15
"1572","CZ0524044","9130","CZ3332","VMB2_VMB0",2025-07-10,2010-09-02
"1573","CZ0524044","9130","CZ3339","VMB1_VMB2",2012-09-16,2004-06-21
"1574","CZ0524044","9130","CZ3342","VMB1_VMB2",2009-08-27,2002-12-31
"1575","CZ0524044","9130","CZ3343","VMB1_VMB2",2010-10-06,2003-07-15
"1576","CZ0524044","9130","CZ3352","VMB1_VMB2",2017-07-27,2003-07-20
"1577","CZ0524044","9130","CZ3355","VMB1_VMB2",2015-07-30,2002-12-31
"1578","CZ0524044","9130","CZ3362","VMB1_VMB2",2012-08-23,2002-07-15
"1579","CZ0524044","9130","CZ3364","VMB1_VMB2",2013-08-21,2003-07-20
"1580","CZ0524044","9130","CZ3390","VMB1_VMB2",2010-09-05,2002-07-15
"1581","CZ0524044","9130","CZ3391","VMB1_VMB2",2016-08-31,2001-09-27
"1582","CZ0524044","9130","CZ3400","VMB1_VMB2",2008-09-13,2002-07-15
"1583","CZ0524044","9140","CZ0384","VMB1_VMB2",2012-10-01,2005-08-08
"1584","CZ0524044","9140","CZ0385","VMB2_VMB0",2023-06-14,2009-08-21
"1585","CZ0524044","9140","CZ0386","VMB1_VMB2",2020-04-06,2001-10-04
"1586","CZ0524044","9140","CZ0481","VMB1_VMB2",2012-10-03,2002-07-15
"1587","CZ0524044","9140","CZ0916","VMB1_VMB2",2015-08-13,2002-07-15
"1588","CZ0524044","9140","CZ0934","VMB1_VMB2",2009-08-27,2002-07-15
"1589","CZ0524044","9140","CZ0938","VMB1_VMB2",2010-10-02,2001-10-18
"1590","CZ0524044","9140","CZ0940","VMB1_VMB2",2010-09-19,2001-10-17
"1591","CZ0524044","9140","CZ3281","VMB1_VMB2",2014-10-31,2002-07-15
"1592","CZ0524044","9140","CZ3295","VMB1_VMB2",2019-08-22,2002-07-15
"1593","CZ0524044","9140","CZ3306","VMB1_VMB2",2008-10-19,2002-06-04
"1594","CZ0524044","9140","CZ3309","VMB2_VMB0",2022-08-29,2002-06-28
"1595","CZ0524044","9140","CZ3317","VMB1_VMB2",2019-08-17,2002-07-15
"1596","CZ0524044","9140","CZ3324","VMB2_VMB0",2023-05-10,2002-06-06
"1597","CZ0524044","9140","CZ3325","VMB1_VMB2",2010-07-27,2002-07-15
"1598","CZ0524044","9140","CZ3339","VMB1_VMB2",2012-09-16,2004-06-22
"1599","CZ0524044","9140","CZ3342","VMB1_VMB2",2009-08-30,2002-12-31
"1600","CZ0524044","9140","CZ3343","VMB1_VMB2",2010-10-06,2002-07-15
"1601","CZ0524044","9140","CZ3355","VMB1_VMB2",2015-07-30,2002-05-31
"1602","CZ0524044","9140","CZ3362","VMB1_VMB2",2012-08-23,2002-07-15
"1603","CZ0524044","9140","CZ3363","VMB2_VMB0",2022-07-19,2009-09-10
"1604","CZ0524044","9140","CZ3364","VMB1_VMB2",2013-08-16,2002-07-18
"1605","CZ0524044","9140","CZ3376","VMB1_VMB2",2009-10-07,2002-05-27
"1606","CZ0524044","9140","CZ3390","VMB1_VMB2",2010-09-05,2005-10-07
"1607","CZ0524044","9140","CZ3391","VMB1_VMB2",2016-08-31,2001-10-25
"1608","CZ0524044","9140","CZ3400","VMB2_VMB0",2022-06-26,2008-08-29
"1609","CZ0524044","9180","CZ0335","VMB2_VMB0",2021-08-12,2007-09-24
"1610","CZ0524044","9180","CZ0384","VMB1_VMB2",2012-07-22,2002-07-15
"1611","CZ0524044","9180","CZ0385","VMB2_VMB0",2023-06-14,2009-07-26
"1612","CZ0524044","9180","CZ0481","VMB1_VMB2",2012-08-12,2002-07-15
"1613","CZ0524044","9180","CZ0916","VMB1_VMB2",2015-09-03,2002-07-15
"1614","CZ0524044","9180","CZ0934","VMB2_VMB0",2023-09-18,2009-08-20
"1615","CZ0524044","9180","CZ3281","VMB1_VMB2",2014-10-20,2002-07-15
"1616","CZ0524044","9180","CZ3295","VMB1_VMB2",2018-07-31,2002-07-15
"1617","CZ0524044","9180","CZ3304","VMB1_VMB2",2019-04-10,2002-07-15
"1618","CZ0524044","9180","CZ3306","VMB1_VMB2",2008-10-11,2002-07-15
"1619","CZ0524044","9180","CZ3309","VMB2_VMB0",2018-07-04,2002-07-15
"1620","CZ0524044","9180","CZ3317","VMB1_VMB2",2019-08-02,2002-07-15
"1621","CZ0524044","9180","CZ3324","VMB2_VMB0",2023-05-10,2002-06-14
"1622","CZ0524044","9180","CZ3325","VMB1_VMB2",2010-07-04,2002-07-15
"1623","CZ0524044","9180","CZ3332","VMB2_VMB0",2025-07-09,2009-08-06
"1624","CZ0524044","9180","CZ3339","VMB2_VMB0",2012-09-16,2002-06-04
"1625","CZ0524044","9180","CZ3342","VMB2_VMB0",2025-07-05,2009-08-25
"1626","CZ0524044","9180","CZ3343","VMB1_VMB2",2010-10-06,2004-05-27
"1627","CZ0524044","9180","CZ3352","VMB1_VMB2",2017-07-27,2003-07-20
"1628","CZ0524044","9180","CZ3355","VMB1_VMB2",2015-07-11,2002-05-30
"1629","CZ0524044","9180","CZ3362","VMB2_VMB0",2012-08-23,2012-08-21
"1630","CZ0524044","9180","CZ3363","VMB2_VMB0",2022-06-14,2009-10-28
"1631","CZ0524044","9180","CZ3364","VMB1_VMB2",2013-08-20,2003-07-20
"1632","CZ0524044","9180","CZ3390","VMB2_VMB0",2010-08-11,2008-08-22
"1633","CZ0524044","9180","CZ3400","VMB2_VMB0",2022-07-05,2008-08-29
"1634","CZ0524044","91D0","CZ0384","VMB1_VMB2",2012-09-04,2005-08-04
"1635","CZ0524044","91D0","CZ0385","VMB2_VMB0",2023-10-17,2009-08-24
"1636","CZ0524044","91D0","CZ0386","VMB1_VMB2",2019-08-04,2002-06-06
"1637","CZ0524044","91D0","CZ0916","VMB1_VMB2",2015-08-30,2002-07-15
"1638","CZ0524044","91D0","CZ0938","VMB1_VMB2",2010-09-02,2001-08-31
"1639","CZ0524044","91D0","CZ3281","VMB1_VMB2",2014-06-18,2002-07-15
"1640","CZ0524044","91D0","CZ3295","VMB1_VMB2",2017-06-07,2002-07-15
"1641","CZ0524044","91D0","CZ3309","VMB2_VMB0",2018-07-03,2001-10-07
"1642","CZ0524044","91D0","CZ3325","VMB1_VMB2",2010-07-27,2001-10-20
"1643","CZ0524044","91D0","CZ3339","VMB1_VMB2",2012-08-18,2002-05-25
"1644","CZ0524044","91D0","CZ3362","VMB1_VMB2",2012-08-22,2002-07-11
"1645","CZ0524044","91D0","CZ3363","VMB1_VMB2",2009-10-05,2002-07-15
"1646","CZ0524044","91D0","CZ3376","VMB1_VMB2",2009-10-05,2002-05-13
"1647","CZ0524044","91D0","CZ3391","VMB1_VMB2",2016-08-30,2001-10-14
"1648","CZ0524044","91E0","CZ0335","VMB2_VMB0",2021-08-12,2007-09-12
"1649","CZ0524044","91E0","CZ0384","VMB1_VMB2",2012-09-29,2005-08-08
"1650","CZ0524044","91E0","CZ0385","VMB2_VMB0",2023-10-13,2009-08-21
"1651","CZ0524044","91E0","CZ0481","VMB1_VMB2",2012-09-30,2003-07-10
"1652","CZ0524044","91E0","CZ0916","VMB1_VMB2",2015-09-12,2002-07-15
"1653","CZ0524044","91E0","CZ0934","VMB2_VMB0",2023-09-20,2009-08-27
"1654","CZ0524044","91E0","CZ0938","VMB1_VMB2",2010-10-02,2004-06-12
"1655","CZ0524044","91E0","CZ0940","VMB1_VMB2",2010-09-19,2005-10-17
"1656","CZ0524044","91E0","CZ3281","VMB1_VMB2",2014-10-23,2002-07-15
"1657","CZ0524044","91E0","CZ3294","VMB1_VMB2",2017-05-25,2003-09-18
"1658","CZ0524044","91E0","CZ3295","VMB1_VMB2",2018-07-31,2004-06-25
"1659","CZ0524044","91E0","CZ3306","VMB2_VMB0",2023-08-31,2009-07-27
"1660","CZ0524044","91E0","CZ3309","VMB2_VMB0",2022-08-29,2004-06-19
"1661","CZ0524044","91E0","CZ3317","VMB1_VMB2",2019-08-09,2003-08-22
"1662","CZ0524044","91E0","CZ3324","VMB2_VMB0",2023-05-10,2004-06-25
"1663","CZ0524044","91E0","CZ3325","VMB1_VMB2",2010-07-08,2002-07-01
"1664","CZ0524044","91E0","CZ3332","VMB2_VMB0",2025-08-07,2010-09-02
"1665","CZ0524044","91E0","CZ3339","VMB1_VMB2",2012-09-16,2004-06-24
"1666","CZ0524044","91E0","CZ3342","VMB2_VMB0",2025-07-05,2009-08-30
"1667","CZ0524044","91E0","CZ3343","VMB1_VMB2",2010-10-06,2004-06-13
"1668","CZ0524044","91E0","CZ3352","VMB1_VMB2",2017-07-27,2003-09-18
"1669","CZ0524044","91E0","CZ3355","VMB1_VMB2",2015-07-29,2004-06-23
"1670","CZ0524044","91E0","CZ3362","VMB1_VMB2",2012-08-23,2005-09-22
"1671","CZ0524044","91E0","CZ3363","VMB2_VMB0",2022-06-17,2009-08-18
"1672","CZ0524044","91E0","CZ3364","VMB1_VMB2",2013-08-20,2005-09-30
"1673","CZ0524044","91E0","CZ3376","VMB1_VMB2",2009-10-07,2004-06-23
"1674","CZ0524044","91E0","CZ3390","VMB1_VMB2",2010-09-02,2005-10-07
"1675","CZ0524044","91E0","CZ3391","VMB1_VMB2",2016-08-31,2005-07-22
"1676","CZ0524044","91E0","CZ3400","VMB2_VMB0",2022-07-05,2008-09-13
"1677","CZ0524044","9410","CZ0384","VMB1_VMB2",2012-10-03,2005-08-04
"1678","CZ0524044","9410","CZ0385","VMB2_VMB0",2023-10-17,2019-08-03
"1679","CZ0524044","9410","CZ0386","VMB1_VMB2",2019-08-07,2002-06-06
"1680","CZ0524044","9410","CZ0481","VMB1_VMB2",2012-10-03,2002-07-15
"1681","CZ0524044","9410","CZ0916","VMB1_VMB2",2015-09-03,2002-07-15
"1682","CZ0524044","9410","CZ0934","VMB2_VMB0",2023-09-20,2010-09-02
"1683","CZ0524044","9410","CZ0938","VMB1_VMB2",2010-10-02,2005-09-28
"1684","CZ0524044","9410","CZ0940","VMB1_VMB2",2010-09-19,2005-10-19
"1685","CZ0524044","9410","CZ3295","VMB1_VMB2",2018-09-04,2002-07-15
"1686","CZ0524044","9410","CZ3309","VMB2_VMB0",2022-06-12,2002-08-29
"1687","CZ0524044","9410","CZ3325","VMB1_VMB2",2010-07-27,2002-07-15
"1688","CZ0524044","9410","CZ3339","VMB1_VMB2",2012-08-18,2004-06-23
"1689","CZ0524044","9410","CZ3342","VMB2_VMB0",2025-07-05,2009-08-30
"1690","CZ0524044","9410","CZ3362","VMB1_VMB2",2012-08-23,2002-07-15
"1691","CZ0524044","9410","CZ3363","VMB2_VMB0",2022-07-17,2009-10-05
"1692","CZ0524044","9410","CZ3364","VMB1_VMB2",2013-08-21,2002-07-15
"1693","CZ0524044","9410","CZ3376","VMB1_VMB2",2009-10-07,2005-07-22
"1694","CZ0524044","9410","CZ3390","VMB1_VMB2",2010-09-02,2005-10-08
"1695","CZ0524044","9410","CZ3391","VMB1_VMB2",2016-08-31,2006-02-20
"1696","CZ0524044","9410","CZ3400","VMB2_VMB0",2022-07-13,2008-08-25
"1697","CZ0524044","9410","CZ3421","VMB2_VMB0",2023-08-02,2009-10-13
"1698","CZ0524045","91E0","CZ0853","VMB1_VMB2",2011-07-20,2003-05-25
"1699","CZ0524045","91F0","CZ0853","VMB1_VMB2",2011-07-20,2005-10-15
"1700","CZ0524046","9110","CZ0861","VMB2_VMB0",2024-06-21,2008-08-28
"1701","CZ0524046","9110","CZ2924","VMB2_VMB0",2022-08-31,2009-07-23
"1702","CZ0524046","9130","CZ0861","VMB2_VMB0",2024-06-21,2008-08-28
"1703","CZ0524046","9130","CZ2924","VMB2_VMB0",2022-08-31,2009-07-23
"1704","CZ0524046","9410","CZ0861","VMB2_VMB0",2022-08-11,2008-08-28
"1705","CZ0524046","9410","CZ2924","VMB2_VMB0",2022-08-31,2009-07-17
"1706","CZ0524047","9110","CZ2996","VMB1_VMB2",2016-05-22,2005-10-01
"1707","CZ0524047","9130","CZ2996","VMB1_VMB2",2016-05-22,2005-09-30
"1708","CZ0524047","9180","CZ2996","VMB1_VMB2",2016-05-22,2005-10-02
"1709","CZ0524049","91E0","CZ0063","VMB2_VMB0",2022-09-23,2006-09-14
"1710","CZ0524049","91E0","CZ0368","VMB2_VMB0",2022-07-02,2007-07-28
"1711","CZ0524049","91E0","CZ0388","VMB2_VMB0",2022-09-13,2007-09-15
"1712","CZ0524049","91E0","CZ0793","VMB2_VMB0",2023-05-13,2008-09-17
"1713","CZ0524049","91E0","CZ0804","VMB2_VMB0",2024-06-12,2008-09-17
"1714","CZ0524049","91E0","CZ0827","VMB2_VMB0",2022-07-26,2008-07-24
"1715","CZ0524049","91E0","CZ0834","VMB1_VMB2",2012-09-10,2005-08-08
"1716","CZ0524049","91E0","CZ0837","VMB1_VMB2",2016-05-12,2005-10-10
"1717","CZ0524049","91E0","CZ0840","VMB1_VMB2",2014-06-02,2005-06-09
"1718","CZ0524049","91E0","CZ2640","VMB1_VMB2",2015-09-22,2005-07-08
"1719","CZ0524049","91E0","CZ2834","VMB1_VMB2",2013-09-14,2002-08-15
"1720","CZ0524049","91F0","CZ0793","VMB1_VMB2",2008-09-17,2005-06-12
"1721","CZ0524049","91F0","CZ0804","VMB1_VMB2",2008-06-21,2002-12-31
"1722","CZ0524049","91F0","CZ0827","VMB2_VMB0",2022-07-28,2008-08-03
"1723","CZ0524049","91F0","CZ0834","VMB1_VMB2",2012-09-15,2005-08-04
"1724","CZ0524049","91F0","CZ0837","VMB1_VMB2",2016-05-12,2005-10-10
"1725","CZ0524049","91F0","CZ0840","VMB1_VMB2",2014-09-18,2002-08-23
"1726","CZ0524049","91F0","CZ2640","VMB1_VMB2",2015-08-05,2005-06-20
"1727","CZ0524049","91F0","CZ2744","VMB1_VMB2",2012-05-09,2003-05-09
"1728","CZ0524050","9170","CZ0076","VMB1_VMB2",2015-08-06,2005-10-15
"1729","CZ0530020","9130","CZ0247","VMB1_VMB2",2016-09-18,2005-09-09
"1730","CZ0530020","9130","CZ1003","VMB1_VMB2",2011-04-29,2003-08-18
"1731","CZ0530020","9130","CZ2013","VMB2_VMB0",2023-05-21,2009-09-25
"1732","CZ0530020","9130","CZ2101","VMB1_VMB2",2018-04-04,2003-08-18
"1733","CZ0530020","9130","CZ2172","VMB1_VMB2",2015-04-30,2003-08-02
"1734","CZ0530020","9180","CZ0247","VMB1_VMB2",2016-09-18,2003-08-15
"1735","CZ0530020","9180","CZ1003","VMB1_VMB2",2011-04-29,2003-08-14
"1736","CZ0530021","9170","CZ2725","VMB1_VMB2",2012-08-12,2004-05-22
"1737","CZ0530021","9190","CZ2725","VMB1_VMB2",2012-08-12,2001-11-16
"1738","CZ0530027","9130","CZ2305","VMB1_VMB2",2014-10-04,2005-09-13
"1739","CZ0530027","9130","CZ2328","VMB1_VMB2",2018-04-21,2002-06-15
"1740","CZ0530027","91E0","CZ2305","VMB1_VMB2",2014-10-05,2003-06-20
"1741","CZ0530028","9130","CZ0231","VMB1_VMB2",2016-04-30,2003-08-16
"1742","CZ0530028","9130","CZ0982","VMB1_VMB2",2013-09-24,2003-08-16
"1743","CZ0530033","9110","CZ2105","VMB1_VMB2",2017-06-30,2005-09-11
"1744","CZ0530033","9110","CZ2109","VMB1_VMB2",2017-06-07,2003-08-16
"1745","CZ0530033","9130","CZ2105","VMB1_VMB2",2017-06-24,2005-09-10
"1746","CZ0530033","9130","CZ2109","VMB1_VMB2",2017-06-07,2005-09-10
"1747","CZ0530034","9110","CZ0050","VMB1_VMB2",2013-09-19,2004-06-25
"1748","CZ0530034","9130","CZ0050","VMB1_VMB2",2013-09-19,2005-09-03
"1749","CZ0530034","91E0","CZ0050","VMB1_VMB2",2013-09-19,2004-06-10
"1750","CZ0530037","9180","CZ0981","VMB2_VMB0",2023-05-10,2008-05-06
"1751","CZ0530146","9110","CZ0815","VMB2_VMB0",2022-08-28,2008-09-09
"1752","CZ0530146","9110","CZ0819","VMB2_VMB0",2023-09-03,2008-08-23
"1753","CZ0530146","9110","CZ2732","VMB1_VMB2",2010-07-02,2005-08-28
"1754","CZ0530146","91D0","CZ2732","VMB1_VMB2",2010-07-09,2005-08-28
"1755","CZ0530146","9410","CZ0815","VMB2_VMB0",2022-08-29,2010-07-05
"1756","CZ0530146","9410","CZ0819","VMB2_VMB0",2023-09-03,2008-08-21
"1757","CZ0530146","9410","CZ2732","VMB1_VMB2",2010-07-10,2005-08-28
"1758","CZ0530149","9130","CZ0744","VMB1_VMB2",2015-10-23,2005-09-09
"1759","CZ0530149","9180","CZ0744","VMB1_VMB2",2012-09-26,2002-06-10
"1760","CZ0530149","91E0","CZ0744","VMB1_VMB2",2015-10-23,2002-06-10
"1761","CZ0530174","91E0","CZ0774","VMB2_VMB0",2023-05-30,2009-07-17
"1762","CZ0530500","9110","CZ0768","VMB2_VMB0",2020-09-29,2008-08-07
"1763","CZ0530500","9110","CZ2495","VMB1_VMB2",2016-08-26,2002-06-21
"1764","CZ0530500","9130","CZ0768","VMB2_VMB0",2020-07-29,2008-08-07
"1765","CZ0530500","9130","CZ2495","VMB1_VMB2",2016-08-26,2005-08-03
"1766","CZ0530500","9180","CZ0768","VMB2_VMB0",2020-09-29,2008-08-07
"1767","CZ0530500","9180","CZ2495","VMB1_VMB2",2016-08-12,2004-05-01
"1768","CZ0530501","9130","CZ2490","VMB1_VMB2",2015-05-30,2002-08-18
"1769","CZ0530501","9130","CZ2514","VMB1_VMB2",2015-05-29,2002-08-19
"1770","CZ0530501","9130","CZ2563","VMB1_VMB2",2015-05-15,2002-08-21
"1771","CZ0530501","9180","CZ0981","VMB2_VMB0",2023-05-10,2008-05-19
"1772","CZ0530501","9180","CZ2514","VMB1_VMB2",2015-05-29,2002-08-23
"1773","CZ0530501","9180","CZ2563","VMB1_VMB2",2015-05-08,2002-08-21
"1774","CZ0530503","9110","CZ0986","VMB2_VMB0",2023-09-28,2010-06-23
"1775","CZ0530503","9110","CZ2659","VMB1_VMB2",2010-07-02,2005-08-12
"1776","CZ0530503","9130","CZ0986","VMB2_VMB0",2023-09-10,2008-08-27
"1777","CZ0530503","9130","CZ2659","VMB1_VMB2",2010-07-04,2002-08-06
"1778","CZ0534051","91E0","CZ0762","VMB2_VMB0",2022-07-15,2008-07-17
"1779","CZ0534053","9110","CZ0236","VMB2_VMB0",2019-07-25,2008-07-28
"1780","CZ0534053","9110","CZ0959","VMB2_VMB0",2021-08-19,2008-11-04
"1781","CZ0534053","9130","CZ0236","VMB1_VMB2",2008-07-28,2003-06-20
"1782","CZ0534053","9130","CZ0959","VMB2_VMB0",2021-08-23,2008-11-04
"1783","CZ0534053","9180","CZ0236","VMB2_VMB0",2019-07-25,2008-07-28
"1784","CZ0534053","9180","CZ0959","VMB2_VMB0",2021-08-23,2008-11-04
"1785","CZ0534054","91E0","CZ2303","VMB1_VMB2",2012-07-12,2002-05-15
"1786","CZ0534054","91E0","CZ2307","VMB1_VMB2",2011-06-10,2002-05-15
"1787","CZ0610003","9130","CZ0317","VMB2_VMB0",2022-08-31,2007-07-11
"1788","CZ0610005","9150","CZ1780","VMB1_VMB2",2014-09-27,2003-05-02
"1789","CZ0610025","9130","CZ1195","VMB1_VMB2",2009-08-29,2002-11-19
"1790","CZ0610025","9130","CZ1199","VMB1_VMB2",2012-10-08,2002-11-19
"1791","CZ0610025","9170","CZ1195","VMB1_VMB2",2009-07-30,2001-10-18
"1792","CZ0610025","9170","CZ1199","VMB1_VMB2",2012-10-08,2002-11-19
"1793","CZ0610145","91E0","CZ0760","VMB1_VMB2",2015-06-09,2002-05-08
"1794","CZ0610159","9130","CZ0507","VMB2_VMB0",2021-10-18,2009-04-16
"1795","CZ0610159","9180","CZ0507","VMB2_VMB0",2021-10-15,2009-04-16
"1796","CZ0610175","9110","CZ0664","VMB1_VMB2",2011-09-06,2002-06-03
"1797","CZ0610179","9170","CZ0572","VMB2_VMB0",2025-08-20,2009-09-15
"1798","CZ0610179","9170","CZ0578","VMB1_VMB2",2012-08-16,2001-07-21
"1799","CZ0610179","9170","CZ1266","VMB1_VMB2",2012-08-09,2001-06-29
"1800","CZ0610401","9110","CZ0310","VMB1_VMB2",2012-08-16,2002-08-05
"1801","CZ0610401","9130","CZ0310","VMB1_VMB2",2012-08-15,2001-08-21
"1802","CZ0610412","9110","CZ0718","VMB2_VMB0",2023-08-17,2009-10-07
"1803","CZ0610412","9130","CZ0713","VMB1_VMB2",2009-09-23,2001-08-18
"1804","CZ0610412","9130","CZ0718","VMB2_VMB0",2023-08-17,2009-10-07
"1805","CZ0610412","9130","CZ2052","VMB1_VMB2",2020-06-23,2001-08-18
"1806","CZ0610412","91E0","CZ0713","VMB1_VMB2",2009-09-23,2001-08-18
"1807","CZ0610412","91E0","CZ0718","VMB2_VMB0",2023-08-17,2009-10-07
"1808","CZ0614053","91D0","CZ0708","VMB2_VMB0",2022-10-28,2008-08-26
"1809","CZ0614053","9410","CZ0708","VMB2_VMB0",2022-10-28,2008-08-07
"1810","CZ0614131","9170","CZ0594","VMB1_VMB2",2015-06-26,2002-06-19
"1811","CZ0614131","9170","CZ1315","VMB1_VMB2",2010-06-12,2005-05-03
"1812","CZ0614131","9170","CZ1364","VMB1_VMB2",2014-05-01,2004-07-26
"1813","CZ0614131","9170","CZ1387","VMB1_VMB2",2010-05-28,2005-05-19
"1814","CZ0614131","9180","CZ1315","VMB1_VMB2",2010-06-12,2004-06-26
"1815","CZ0614131","9180","CZ1364","VMB1_VMB2",2014-05-01,2004-07-24
"1816","CZ0614131","9180","CZ1387","VMB1_VMB2",2010-05-28,2005-05-19
"1817","CZ0614131","91I0","CZ1315","VMB1_VMB2",2010-06-12,2001-06-30
"1818","CZ0614131","91I0","CZ1364","VMB1_VMB2",2014-05-01,2005-05-03
"1819","CZ0614131","91I0","CZ1387","VMB1_VMB2",2010-05-25,2002-09-22
"1820","CZ0614134","9170","CZ1273","VMB1_VMB2",2014-08-23,2005-09-13
"1821","CZ0614134","9170","CZ1302","VMB1_VMB2",2014-09-06,2004-07-29
"1822","CZ0614134","9180","CZ1273","VMB1_VMB2",2014-08-23,2003-06-11
"1823","CZ0614134","9180","CZ1302","VMB1_VMB2",2014-06-20,2002-09-23
"1824","CZ0614134","91I0","CZ1273","VMB1_VMB2",2014-07-07,2005-09-13
"1825","CZ0614134","91I0","CZ1302","VMB1_VMB2",2014-09-06,2005-09-13
"1826","CZ0620005","91G0","CZ0485","VMB2_VMB0",2023-05-22,2009-09-10
"1827","CZ0620037","9170","CZ1357","VMB2_VMB0",2023-04-07,2008-06-18
"1828","CZ0620037","91I0","CZ1357","VMB2_VMB0",2022-07-06,2008-06-19
"1829","CZ0620055","91G0","CZ0536","VMB1_VMB2",2008-09-13,2004-05-16
"1830","CZ0620055","91G0","CZ1082","VMB1_VMB2",2015-09-16,2004-05-16
"1831","CZ0620084","91E0","CZ0485","VMB2_VMB0",2023-05-10,2009-09-02
"1832","CZ0620084","91E0","CZ1106","VMB1_VMB2",2017-04-25,2004-04-10
"1833","CZ0620084","91F0","CZ0485","VMB2_VMB0",2023-05-12,2009-09-01
"1834","CZ0620084","91F0","CZ1106","VMB1_VMB2",2017-04-25,2004-04-10
"1835","CZ0620101","91I0","CZ1172","VMB1_VMB2",2012-07-11,2005-09-06
"1836","CZ0620103","9170","CZ1158","VMB1_VMB2",2014-05-27,2002-08-21
"1837","CZ0620103","9170","CZ1165","VMB1_VMB2",2014-05-28,2002-09-28
"1838","CZ0620103","91G0","CZ1158","VMB1_VMB2",2014-05-27,2002-08-21
"1839","CZ0620103","91G0","CZ1165","VMB1_VMB2",2014-05-28,2002-12-31
"1840","CZ0620103","91I0","CZ1158","VMB1_VMB2",2014-05-27,2002-08-21
"1841","CZ0620103","91I0","CZ1165","VMB1_VMB2",2014-05-28,2002-08-22
"1842","CZ0620120","9170","CZ1511","VMB2_VMB0",2022-05-22,2008-05-16
"1843","CZ0620120","91I0","CZ1511","VMB2_VMB0",2022-05-21,2008-05-16
"1844","CZ0620132","9130","CZ1721","VMB1_VMB2",2013-09-28,2002-11-21
"1845","CZ0620132","9130","CZ1760","VMB1_VMB2",2014-09-28,2002-11-21
"1846","CZ0620132","9180","CZ1721","VMB1_VMB2",2013-09-27,2002-11-21
"1847","CZ0620132","9180","CZ1760","VMB1_VMB2",2014-09-28,2002-11-21
"1848","CZ0620158","91F0","CZ1212","VMB2_VMB0",2022-09-25,2009-07-24
"1849","CZ0620169","91G0","CZ0441","VMB2_VMB0",2021-09-30,2007-11-21
"1850","CZ0620169","91I0","CZ0441","VMB2_VMB0",2021-06-12,2007-07-26
"1851","CZ0620177","91G0","CZ0449","VMB2_VMB0",2021-09-17,2007-09-17
"1852","CZ0620177","91G0","CZ0450","VMB1_VMB2",2008-08-23,2002-09-01
"1853","CZ0620177","91G0","CZ1040","VMB1_VMB2",2018-04-20,2002-08-21
"1854","CZ0620177","91I0","CZ0449","VMB2_VMB0",2021-09-17,2007-09-17
"1855","CZ0620177","91I0","CZ0450","VMB1_VMB2",2008-08-23,2002-09-01
"1856","CZ0620181","91E0","CZ1050","VMB1_VMB2",2012-08-25,2002-11-19
"1857","CZ0620181","91F0","CZ1047","VMB1_VMB2",2012-09-25,2002-11-19
"1858","CZ0620181","91F0","CZ1050","VMB1_VMB2",2012-08-25,2002-11-19
"1859","CZ0620191","9130","CZ0632","VMB1_VMB2",2017-08-03,2003-07-14
"1860","CZ0620191","9130","CZ1721","VMB1_VMB2",2013-09-27,2003-07-10
"1861","CZ0620191","9170","CZ0632","VMB1_VMB2",2017-10-19,2003-07-15
"1862","CZ0620191","9170","CZ1721","VMB1_VMB2",2014-10-01,2003-07-11
"1863","CZ0620191","9180","CZ0632","VMB1_VMB2",2017-10-19,2003-07-11
"1864","CZ0620191","9180","CZ1721","VMB1_VMB2",2013-09-27,2003-07-10
"1865","CZ0620194","9180","CZ1780","VMB1_VMB2",2014-09-27,2003-05-07
"1866","CZ0620204","9170","CZ0456","VMB1_VMB2",2015-06-19,2002-12-31
"1867","CZ0620245","9110","CZ0464","VMB2_VMB0",2024-07-24,2007-07-17
"1868","CZ0620245","9110","CZ1000","VMB2_VMB0",2023-10-25,2008-09-26
"1869","CZ0620245","9110","CZ1484","VMB1_VMB2",2009-04-30,2005-09-06
"1870","CZ0620245","9130","CZ0464","VMB2_VMB0",2024-07-24,2009-06-15
"1871","CZ0620245","9130","CZ1000","VMB2_VMB0",2023-10-25,2008-09-26
"1872","CZ0620245","9130","CZ1484","VMB1_VMB2",2009-04-30,2005-09-06
"1873","CZ0620245","9180","CZ0464","VMB2_VMB0",2024-05-11,2007-07-27
"1874","CZ0620245","9180","CZ1000","VMB2_VMB0",2023-10-25,2008-09-26
"1875","CZ0620245","9180","CZ1484","VMB1_VMB2",2009-04-30,2005-09-06
"1876","CZ0620245","91E0","CZ0464","VMB2_VMB0",2024-07-24,2007-08-09
"1877","CZ0620245","91E0","CZ1000","VMB2_VMB0",2023-10-25,2007-08-09
"1878","CZ0620245","91E0","CZ1484","VMB1_VMB2",2009-04-30,2005-06-13
"1879","CZ0620412","9180","CZ0461","VMB2_VMB0",2023-10-18,2009-09-11
"1880","CZ0620421","91G0","CZ1184","VMB1_VMB2",2016-08-09,2002-04-26
"1881","CZ0620421","91G0","CZ1204","VMB2_VMB0",2024-07-18,2016-08-08
"1882","CZ0623004","91E0","CZ0540","VMB1_VMB2",2009-09-26,2005-09-05
"1883","CZ0623046","91E0","CZ1046","VMB1_VMB2",2012-06-20,2003-05-09
"1884","CZ0623798","91E0","CZ0533","VMB1_VMB2",2009-09-13,2002-08-20
"1885","CZ0623798","91E0","CZ1065","VMB1_VMB2",2018-04-30,2002-08-20
"1886","CZ0623799","91F0","CZ1046","VMB1_VMB2",2012-04-23,2002-07-15
"1887","CZ0624060","91G0","CZ0485","VMB2_VMB0",2024-05-30,2009-08-24
"1888","CZ0624060","91I0","CZ0485","VMB2_VMB0",2024-05-23,2009-08-24
"1889","CZ0624062","91G0","CZ1309","VMB1_VMB2",2012-05-14,2002-11-11
"1890","CZ0624062","91I0","CZ1309","VMB1_VMB2",2012-05-14,2002-09-29
"1891","CZ0624064","9170","CZ0435","VMB2_VMB0",2022-09-22,2010-07-04
"1892","CZ0624064","9170","CZ0445","VMB1_VMB2",2013-03-28,2002-10-21
"1893","CZ0624064","9170","CZ0452","VMB2_VMB0",2023-10-10,2010-07-24
"1894","CZ0624064","9170","CZ1188","VMB1_VMB2",2010-05-20,2002-08-21
"1895","CZ0624064","91G0","CZ0435","VMB2_VMB0",2022-05-31,2009-07-12
"1896","CZ0624064","91G0","CZ0445","VMB1_VMB2",2009-05-27,2002-10-21
"1897","CZ0624064","91G0","CZ0452","VMB2_VMB0",2023-09-23,2010-07-19
"1898","CZ0624064","91I0","CZ0435","VMB2_VMB0",2022-09-22,2009-07-12
"1899","CZ0624064","91I0","CZ0452","VMB2_VMB0",2023-09-18,2010-07-03
"1900","CZ0624065","9150","CZ0632","VMB1_VMB2",2017-10-19,2001-06-10
"1901","CZ0624065","9170","CZ0632","VMB1_VMB2",2017-10-19,2001-06-10
"1902","CZ0624065","9180","CZ0632","VMB1_VMB2",2017-10-19,2001-06-10
"1903","CZ0624065","91H0","CZ0632","VMB1_VMB2",2017-10-19,2001-06-10
"1904","CZ0624066","9170","CZ1077","VMB1_VMB2",2012-06-06,2001-06-18
"1905","CZ0624068","91E0","CZ1058","VMB1_VMB2",2009-07-16,2003-06-05
"1906","CZ0624068","91F0","CZ1058","VMB1_VMB2",2009-07-16,2005-07-05
"1907","CZ0624069","9170","CZ1290","VMB1_VMB2",2014-05-21,2005-09-27
"1908","CZ0624069","91I0","CZ1290","VMB1_VMB2",2014-05-21,2001-07-11
"1909","CZ0624070","91E0","CZ0439","VMB1_VMB2",2010-05-11,2005-08-02
"1910","CZ0624070","91E0","CZ0442","VMB2_VMB0",2022-09-12,2007-08-15
"1911","CZ0624070","91E0","CZ0450","VMB2_VMB0",2024-10-16,2008-09-29
"1912","CZ0624070","91E0","CZ0454","VMB2_VMB0",2022-08-16,2007-09-19
"1913","CZ0624070","91G0","CZ0439","VMB1_VMB2",2010-05-11,2002-09-04
"1914","CZ0624070","91G0","CZ0442","VMB2_VMB0",2022-10-14,2007-08-13
"1915","CZ0624070","91G0","CZ0450","VMB2_VMB0",2024-10-15,2008-09-28
"1916","CZ0624070","91G0","CZ0454","VMB2_VMB0",2022-08-19,2007-09-20
"1917","CZ0624070","91I0","CZ0439","VMB1_VMB2",2010-05-11,2002-09-04
"1918","CZ0624070","91I0","CZ0442","VMB2_VMB0",2022-10-26,2007-08-22
"1919","CZ0624070","91I0","CZ0450","VMB2_VMB0",2024-10-16,2008-09-28
"1920","CZ0624071","91E0","CZ1033","VMB2_VMB0",2025-06-25,2018-05-08
"1921","CZ0624071","91F0","CZ1033","VMB2_VMB0",2025-06-25,2018-05-08
"1922","CZ0624072","9130","CZ1018","VMB2_VMB0",2021-05-28,2013-07-01
"1923","CZ0624072","9130","CZ1035","VMB1_VMB2",2010-07-09,2002-11-19
"1924","CZ0624072","9130","CZ1041","VMB1_VMB2",2013-06-14,2003-01-06
"1925","CZ0624072","9170","CZ1018","VMB1_VMB2",2013-07-01,2004-08-15
"1926","CZ0624072","9170","CZ1024","VMB1_VMB2",2013-05-15,2003-09-01
"1927","CZ0624072","9170","CZ1034","VMB1_VMB2",2010-10-03,2003-06-23
"1928","CZ0624072","9170","CZ1035","VMB1_VMB2",2010-07-11,2002-11-19
"1929","CZ0624072","9170","CZ1041","VMB1_VMB2",2013-06-27,2004-05-19
"1930","CZ0624072","91E0","CZ1018","VMB2_VMB0",2021-05-28,2013-07-01
"1931","CZ0624072","91E0","CZ1024","VMB1_VMB2",2013-05-15,2004-05-19
"1932","CZ0624072","91E0","CZ1034","VMB1_VMB2",2010-10-02,2003-01-06
"1933","CZ0624072","91E0","CZ1035","VMB1_VMB2",2010-07-08,2002-11-19
"1934","CZ0624072","91E0","CZ1041","VMB1_VMB2",2013-06-27,2004-05-19
"1935","CZ0624072","91G0","CZ1018","VMB2_VMB0",2021-05-28,2013-07-01
"1936","CZ0624072","91G0","CZ1034","VMB1_VMB2",2010-10-02,2002-08-01
"1937","CZ0624072","91I0","CZ1018","VMB2_VMB0",2021-05-26,2013-07-01
"1938","CZ0624072","91I0","CZ1034","VMB1_VMB2",2010-08-02,2002-11-28
"1939","CZ0624072","91I0","CZ1035","VMB1_VMB2",2010-07-11,2002-11-19
"1940","CZ0624072","91I0","CZ1041","VMB1_VMB2",2013-06-14,2003-01-06
"1941","CZ0624094","9170","CZ1369","VMB2_VMB0",2024-08-14,2010-04-18
"1942","CZ0624095","9170","CZ0486","VMB1_VMB2",2014-09-09,2001-07-30
"1943","CZ0624095","9170","CZ0548","VMB1_VMB2",2009-08-12,2003-08-13
"1944","CZ0624095","9170","CZ1145","VMB1_VMB2",2014-09-06,2002-06-12
"1945","CZ0624095","9170","CZ1161","VMB1_VMB2",2009-05-13,2003-08-13
"1946","CZ0624095","9170","CZ1193","VMB1_VMB2",2014-10-03,2002-06-11
"1947","CZ0624095","9180","CZ0486","VMB1_VMB2",2014-09-09,2001-06-23
"1948","CZ0624095","9180","CZ0548","VMB1_VMB2",2009-05-13,2003-08-13
"1949","CZ0624095","9180","CZ1145","VMB1_VMB2",2014-09-06,2002-06-14
"1950","CZ0624095","9180","CZ1161","VMB1_VMB2",2009-05-13,2003-08-12
"1951","CZ0624095","9180","CZ1193","VMB1_VMB2",2014-10-03,2002-06-14
"1952","CZ0624095","91H0","CZ0486","VMB1_VMB2",2014-09-09,2001-06-23
"1953","CZ0624095","91H0","CZ0548","VMB1_VMB2",2009-05-08,2002-06-05
"1954","CZ0624095","91H0","CZ1161","VMB1_VMB2",2009-05-13,2003-06-05
"1955","CZ0624095","91U0","CZ0486","VMB1_VMB2",2014-09-09,2007-05-09
"1956","CZ0624096","9170","CZ0535","VMB1_VMB2",2018-04-30,2002-04-28
"1957","CZ0624096","9170","CZ1074","VMB2_VMB0",2023-10-14,2016-06-29
"1958","CZ0624096","9170","CZ1091","VMB1_VMB2",2016-07-07,2005-06-15
"1959","CZ0624096","9170","CZ1108","VMB1_VMB2",2016-08-11,2005-06-17
"1960","CZ0624096","9170","CZ1111","VMB1_VMB2",2010-08-28,2003-03-18
"1961","CZ0624096","9170","CZ1161","VMB1_VMB2",2009-04-28,2002-06-11
"1962","CZ0624096","9180","CZ0535","VMB1_VMB2",2018-04-30,2005-06-13
"1963","CZ0624096","9180","CZ1074","VMB2_VMB0",2023-10-15,2010-05-12
"1964","CZ0624096","9180","CZ1091","VMB1_VMB2",2016-07-07,2005-06-16
"1965","CZ0624096","9180","CZ1108","VMB1_VMB2",2016-08-11,2003-03-18
"1966","CZ0624096","91I0","CZ0535","VMB1_VMB2",2018-05-30,2005-06-12
"1967","CZ0624096","91I0","CZ1074","VMB2_VMB0",2023-10-13,2016-06-30
"1968","CZ0624096","91I0","CZ1091","VMB1_VMB2",2016-07-06,2005-06-16
"1969","CZ0624099","91E0","CZ1019","VMB1_VMB2",2014-09-07,2002-05-19
"1970","CZ0624099","91E0","CZ1037","VMB2_VMB0",2025-09-02,2011-09-19
"1971","CZ0624099","91F0","CZ0436","VMB1_VMB2",2014-09-14,2002-05-19
"1972","CZ0624099","91F0","CZ1019","VMB1_VMB2",2014-09-07,2005-09-14
"1973","CZ0624099","91F0","CZ1037","VMB2_VMB0",2025-09-03,2014-07-21
"1974","CZ0624100","91G0","CZ0001","VMB1_VMB2",2013-09-05,2002-06-20
"1975","CZ0624100","91G0","CZ1031","VMB1_VMB2",2011-08-20,2002-08-11
"1976","CZ0624100","91G0","CZ1037","VMB1_VMB2",2011-09-24,2002-08-04
"1977","CZ0624100","91H0","CZ0001","VMB1_VMB2",2013-09-05,2002-06-20
"1978","CZ0624100","91H0","CZ1031","VMB1_VMB2",2011-08-02,2002-10-12
"1979","CZ0624100","91I0","CZ0001","VMB1_VMB2",2013-09-05,2002-06-20
"1980","CZ0624100","91I0","CZ1031","VMB1_VMB2",2011-08-20,2005-06-10
"1981","CZ0624101","91G0","CZ0002","VMB1_VMB2",2014-06-04,2004-09-29
"1982","CZ0624101","91I0","CZ0002","VMB1_VMB2",2014-06-04,2002-07-18
"1983","CZ0624103","91E0","CZ0004","VMB1_VMB2",2014-07-10,2004-04-28
"1984","CZ0624103","91E0","CZ0444","VMB2_VMB0",2021-06-28,2007-06-21
"1985","CZ0624103","91E0","CZ1080","VMB2_VMB0",2024-08-31,2009-10-21
"1986","CZ0624103","91F0","CZ0004","VMB1_VMB2",2014-08-07,2004-05-01
"1987","CZ0624103","91F0","CZ1080","VMB2_VMB0",2024-08-31,2009-10-20
"1988","CZ0624104","9180","CZ0001","VMB1_VMB2",2013-04-26,2001-07-15
"1989","CZ0624104","9180","CZ0483","VMB2_VMB0",2022-08-14,2009-09-16
"1990","CZ0624104","91G0","CZ0001","VMB1_VMB2",2013-09-05,2001-07-15
"1991","CZ0624104","91G0","CZ0483","VMB2_VMB0",2022-08-14,2009-09-16
"1992","CZ0624104","91H0","CZ0483","VMB2_VMB0",2022-08-14,2009-09-16
"1993","CZ0624106","9170","CZ0961","VMB2_VMB0",2024-05-13,2015-04-13
"1994","CZ0624106","9170","CZ1104","VMB1_VMB2",2015-04-16,2004-09-17
"1995","CZ0624106","9170","CZ1133","VMB1_VMB2",2015-06-08,2004-09-17
"1996","CZ0624106","91G0","CZ0961","VMB2_VMB0",2024-05-13,2015-04-15
"1997","CZ0624106","91G0","CZ1104","VMB1_VMB2",2015-04-16,2004-09-17
"1998","CZ0624114","91G0","CZ0441","VMB1_VMB2",2007-07-26,2002-07-16
"1999","CZ0624114","91G0","CZ0546","VMB1_VMB2",2010-09-18,2001-08-13
"2000","CZ0624114","91G0","CZ1120","VMB1_VMB2",2012-05-18,2004-06-12
"2001","CZ0624114","91I0","CZ1120","VMB1_VMB2",2012-05-18,2004-06-12
"2002","CZ0624119","91E0","CZ1008","VMB1_VMB2",2012-08-28,2002-09-25
"2003","CZ0624119","91E0","CZ1009","VMB1_VMB2",2012-08-18,2002-09-25
"2004","CZ0624119","91E0","CZ1010","VMB2_VMB0",2025-06-17,2012-09-07
"2005","CZ0624119","91E0","CZ1011","VMB1_VMB2",2014-08-31,2004-08-02
"2006","CZ0624119","91E0","CZ1012","VMB2_VMB0",2025-07-23,2010-09-10
"2007","CZ0624119","91E0","CZ1020","VMB2_VMB0",2024-10-30,2010-08-18
"2008","CZ0624119","91F0","CZ1008","VMB1_VMB2",2012-08-28,2003-05-30
"2009","CZ0624119","91F0","CZ1009","VMB1_VMB2",2012-08-18,2003-05-30
"2010","CZ0624119","91F0","CZ1010","VMB2_VMB0",2025-06-17,2014-08-24
"2011","CZ0624119","91F0","CZ1011","VMB1_VMB2",2014-08-31,2004-08-02
"2012","CZ0624119","91F0","CZ1012","VMB2_VMB0",2025-07-23,2010-09-10
"2013","CZ0624119","91F0","CZ1020","VMB2_VMB0",2025-05-01,2010-09-10
"2014","CZ0624119","91G0","CZ1008","VMB1_VMB2",2012-08-28,2003-05-30
"2015","CZ0624119","91G0","CZ1009","VMB1_VMB2",2012-08-18,2002-09-25
"2016","CZ0624119","91G0","CZ1010","VMB2_VMB0",2025-06-17,2012-09-06
"2017","CZ0624119","91G0","CZ1011","VMB1_VMB2",2014-08-28,2002-09-25
"2018","CZ0624119","91G0","CZ1012","VMB2_VMB0",2025-07-10,2010-08-26
"2019","CZ0624119","91G0","CZ1020","VMB2_VMB0",2024-10-30,2010-08-18
"2020","CZ0624129","9130","CZ0465","VMB1_VMB2",2012-07-24,2004-08-05
"2021","CZ0624129","9130","CZ1484","VMB1_VMB2",2009-05-22,2004-09-09
"2022","CZ0624130","9130","CZ0105","VMB1_VMB2",2014-07-01,2004-08-10
"2023","CZ0624130","9130","CZ0463","VMB1_VMB2",2008-03-03,2002-07-15
"2024","CZ0624130","9130","CZ0465","VMB1_VMB2",2012-07-24,2003-08-05
"2025","CZ0624130","9130","CZ0593","VMB2_VMB0",2024-10-04,2010-09-07
"2026","CZ0624130","9130","CZ0964","VMB1_VMB2",2010-06-14,2003-05-13
"2027","CZ0624130","9130","CZ1397","VMB1_VMB2",2018-09-19,2001-05-06
"2028","CZ0624130","9130","CZ1432","VMB1_VMB2",2013-06-14,2001-08-01
"2029","CZ0624130","9130","CZ1456","VMB1_VMB2",2013-10-02,2003-10-15
"2030","CZ0624130","9130","CZ1484","VMB1_VMB2",2009-04-26,2003-08-05
"2031","CZ0624130","9130","CZ1493","VMB1_VMB2",2012-09-04,2001-09-07
"2032","CZ0624130","9130","CZ1569","VMB1_VMB2",2013-08-08,2005-08-19
"2033","CZ0624130","9130","CZ1613","VMB1_VMB2",2010-09-14,2005-08-19
"2034","CZ0624130","9130","CZ1672","VMB1_VMB2",2012-10-03,2002-07-15
"2035","CZ0624130","9150","CZ0105","VMB1_VMB2",2011-11-04,2002-07-15
"2036","CZ0624130","9150","CZ0463","VMB1_VMB2",2008-01-03,2002-07-15
"2037","CZ0624130","9150","CZ0465","VMB1_VMB2",2012-07-24,2001-08-01
"2038","CZ0624130","9150","CZ1456","VMB1_VMB2",2013-10-02,2001-08-01
"2039","CZ0624130","9150","CZ1493","VMB1_VMB2",2012-08-19,2001-08-01
"2040","CZ0624130","9150","CZ1569","VMB1_VMB2",2013-08-02,2002-07-15
"2041","CZ0624130","9150","CZ1613","VMB1_VMB2",2010-07-25,2002-07-15
"2042","CZ0624130","9150","CZ1672","VMB1_VMB2",2012-09-26,2002-07-15
"2043","CZ0624130","9170","CZ0105","VMB1_VMB2",2011-11-04,2004-08-10
"2044","CZ0624130","9170","CZ0463","VMB1_VMB2",2008-01-10,2002-07-15
"2045","CZ0624130","9170","CZ0465","VMB1_VMB2",2012-07-24,2003-08-05
"2046","CZ0624130","9170","CZ0587","VMB1_VMB2",2014-06-22,2002-07-15
"2047","CZ0624130","9170","CZ0593","VMB2_VMB0",2024-10-04,2010-09-07
"2048","CZ0624130","9170","CZ0964","VMB1_VMB2",2010-06-14,2003-05-13
"2049","CZ0624130","9170","CZ1432","VMB1_VMB2",2014-05-27,2002-07-15
"2050","CZ0624130","9170","CZ1456","VMB1_VMB2",2013-10-02,2003-08-05
"2051","CZ0624130","9170","CZ1484","VMB1_VMB2",2009-04-26,2003-08-05
"2052","CZ0624130","9170","CZ1493","VMB1_VMB2",2012-09-04,2001-09-07
"2053","CZ0624130","9170","CZ1569","VMB1_VMB2",2013-08-08,2002-07-15
"2054","CZ0624130","9170","CZ1613","VMB1_VMB2",2010-09-14,2003-08-05
"2055","CZ0624130","9170","CZ1665","VMB1_VMB2",2012-10-20,2002-07-15
"2056","CZ0624130","9170","CZ1672","VMB1_VMB2",2012-10-03,2002-07-15
"2057","CZ0624130","9180","CZ0105","VMB1_VMB2",2011-11-04,2005-07-06
"2058","CZ0624130","9180","CZ0463","VMB1_VMB2",2008-01-10,2005-07-06
"2059","CZ0624130","9180","CZ0465","VMB1_VMB2",2012-07-24,2002-07-15
"2060","CZ0624130","9180","CZ0593","VMB2_VMB0",2024-09-24,2010-09-06
"2061","CZ0624130","9180","CZ0964","VMB1_VMB2",2010-06-10,2001-07-01
"2062","CZ0624130","9180","CZ1432","VMB1_VMB2",2013-05-09,2001-08-01
"2063","CZ0624130","9180","CZ1456","VMB1_VMB2",2013-10-02,2003-10-15
"2064","CZ0624130","9180","CZ1484","VMB1_VMB2",2009-04-01,2002-07-15
"2065","CZ0624130","9180","CZ1493","VMB1_VMB2",2012-09-02,2001-09-07
"2066","CZ0624130","9180","CZ1569","VMB1_VMB2",2013-08-08,2002-07-15
"2067","CZ0624130","9180","CZ1613","VMB1_VMB2",2010-07-25,2002-07-15
"2068","CZ0624130","9180","CZ1665","VMB1_VMB2",2012-10-20,2002-07-15
"2069","CZ0624130","9180","CZ1672","VMB1_VMB2",2012-10-03,2002-07-15
"2070","CZ0624130","91E0","CZ0105","VMB1_VMB2",2011-07-14,2005-07-06
"2071","CZ0624130","91E0","CZ0463","VMB1_VMB2",2008-01-10,2002-07-15
"2072","CZ0624130","91E0","CZ0465","VMB1_VMB2",2012-07-24,2002-07-15
"2073","CZ0624130","91E0","CZ0593","VMB2_VMB0",2024-09-04,2010-09-07
"2074","CZ0624130","91E0","CZ0964","VMB1_VMB2",2010-06-10,2005-06-22
"2075","CZ0624130","91E0","CZ1432","VMB1_VMB2",2013-06-07,2001-07-25
"2076","CZ0624130","91E0","CZ1456","VMB1_VMB2",2013-08-27,2001-08-05
"2077","CZ0624130","91E0","CZ1493","VMB1_VMB2",2012-09-02,2001-08-05
"2078","CZ0624130","91E0","CZ1569","VMB1_VMB2",2013-08-06,2002-07-15
"2079","CZ0624130","91E0","CZ1613","VMB1_VMB2",2010-07-25,2002-07-15
"2080","CZ0624130","91G0","CZ0587","VMB1_VMB2",2014-06-22,2001-06-01
"2081","CZ0624130","91G0","CZ0593","VMB2_VMB0",2025-05-18,2010-09-06
"2082","CZ0624130","91G0","CZ0964","VMB1_VMB2",2010-06-14,2003-05-03
"2083","CZ0624130","91H0","CZ0105","VMB1_VMB2",2011-11-04,2005-07-06
"2084","CZ0624130","91H0","CZ0463","VMB1_VMB2",2007-11-22,2002-07-15
"2085","CZ0624130","91H0","CZ0593","VMB2_VMB0",2024-09-24,2010-09-01
"2086","CZ0624130","91H0","CZ0964","VMB1_VMB2",2010-06-06,2001-07-01
"2087","CZ0624130","91H0","CZ1456","VMB1_VMB2",2013-08-01,2001-07-20
"2088","CZ0624130","91H0","CZ1493","VMB1_VMB2",2012-08-19,2001-08-01
"2089","CZ0624132","9130","CZ0604","VMB1_VMB2",2014-10-13,2002-10-12
"2090","CZ0624132","9130","CZ1456","VMB1_VMB2",2013-08-14,2001-10-10
"2091","CZ0624132","9130","CZ1462","VMB2_VMB0",2022-07-12,2008-04-11
"2092","CZ0624132","9130","CZ1493","VMB1_VMB2",2012-09-01,2003-10-15
"2093","CZ0624132","9130","CZ1526","VMB2_VMB0",2024-07-23,2012-08-21
"2094","CZ0624132","9170","CZ0604","VMB1_VMB2",2014-10-14,2002-10-12
"2095","CZ0624132","9170","CZ1456","VMB1_VMB2",2013-08-14,2005-07-23
"2096","CZ0624132","9170","CZ1493","VMB1_VMB2",2012-09-01,2002-10-12
"2097","CZ0624132","9170","CZ1526","VMB2_VMB0",2024-09-26,2008-08-24
"2098","CZ0624132","9180","CZ0604","VMB1_VMB2",2014-10-12,2002-10-12
"2099","CZ0624132","9180","CZ1456","VMB1_VMB2",2013-09-27,2001-08-13
"2100","CZ0624132","9180","CZ1493","VMB1_VMB2",2012-08-30,2002-10-12
"2101","CZ0624132","9180","CZ1526","VMB2_VMB0",2024-07-25,2012-08-21
"2102","CZ0710006","9170","CZ0627","VMB2_VMB0",2022-08-23,2008-10-15
"2103","CZ0710007","9170","CZ0627","VMB2_VMB0",2022-08-18,2008-10-20
"2104","CZ0710007","91E0","CZ0627","VMB2_VMB0",2022-08-18,2008-10-20
"2105","CZ0710034","9170","CZ2872","VMB1_VMB2",2012-08-09,2005-08-10
"2106","CZ0710148","9170","CZ1530","VMB1_VMB2",2012-06-02,2003-06-15
"2107","CZ0710161","9170","CZ0647","VMB2_VMB0",2021-05-20,2008-04-29
"2108","CZ0710161","91F0","CZ0647","VMB2_VMB0",2021-05-20,2008-09-22
"2109","CZ0710182","9170","CZ1650","VMB1_VMB2",2017-07-23,2002-08-18
"2110","CZ0710182","91E0","CZ1650","VMB1_VMB2",2017-07-03,2002-08-16
"2111","CZ0710183","9110","CZ0852","VMB1_VMB2",2008-08-29,2003-11-28
"2112","CZ0710183","9110","CZ2950","VMB1_VMB2",2017-06-20,2001-08-13
"2113","CZ0710183","9130","CZ0852","VMB1_VMB2",2008-08-19,2001-08-14
"2114","CZ0710183","9130","CZ2950","VMB1_VMB2",2017-06-20,2001-08-05
"2115","CZ0710183","9180","CZ0852","VMB1_VMB2",2008-08-29,2001-08-11
"2116","CZ0710183","9180","CZ2950","VMB1_VMB2",2017-06-20,2001-08-13
"2117","CZ0710183","91E0","CZ0852","VMB1_VMB2",2008-08-19,2001-08-11
"2118","CZ0710183","91E0","CZ2950","VMB1_VMB2",2017-06-19,2001-08-14
"2119","CZ0714073","9170","CZ0035","VMB1_VMB2",2017-05-03,2001-06-05
"2120","CZ0714073","9170","CZ0290","VMB1_VMB2",2007-11-23,2002-06-26
"2121","CZ0714073","9170","CZ0518","VMB1_VMB2",2010-09-23,2002-06-20
"2122","CZ0714073","9170","CZ0712","VMB1_VMB2",2013-11-28,2002-11-08
"2123","CZ0714073","9170","CZ0743","VMB1_VMB2",2008-10-09,2001-06-18
"2124","CZ0714073","9170","CZ2124","VMB1_VMB2",2014-06-04,2002-11-22
"2125","CZ0714073","91E0","CZ0035","VMB1_VMB2",2017-05-18,2005-09-13
"2126","CZ0714073","91E0","CZ0290","VMB1_VMB2",2007-11-04,2002-06-10
"2127","CZ0714073","91E0","CZ0518","VMB1_VMB2",2010-09-23,2002-06-15
"2128","CZ0714073","91E0","CZ0712","VMB1_VMB2",2013-11-27,2002-11-08
"2129","CZ0714073","91E0","CZ0743","VMB2_VMB0",2022-10-26,2008-10-09
"2130","CZ0714073","91E0","CZ1892","VMB2_VMB0",2022-09-30,2009-07-13
"2131","CZ0714073","91E0","CZ1975","VMB1_VMB2",2012-07-20,2001-07-20
"2132","CZ0714073","91E0","CZ2111","VMB1_VMB2",2014-04-23,2002-11-08
"2133","CZ0714073","91E0","CZ2124","VMB1_VMB2",2014-05-21,2002-11-22
"2134","CZ0714073","91F0","CZ0035","VMB1_VMB2",2017-05-18,2003-12-22
"2135","CZ0714073","91F0","CZ0290","VMB1_VMB2",2007-11-23,2002-06-10
"2136","CZ0714073","91F0","CZ0518","VMB1_VMB2",2010-09-23,2003-12-22
"2137","CZ0714073","91F0","CZ0712","VMB1_VMB2",2013-11-28,2003-12-22
"2138","CZ0714073","91F0","CZ0743","VMB2_VMB0",2022-09-15,2008-10-09
"2139","CZ0714073","91F0","CZ1892","VMB2_VMB0",2023-05-27,2009-07-14
"2140","CZ0714073","91F0","CZ1975","VMB1_VMB2",2012-07-20,2002-10-24
"2141","CZ0714073","91F0","CZ2068","VMB1_VMB2",2012-07-10,2002-10-14
"2142","CZ0714073","91F0","CZ2111","VMB1_VMB2",2013-06-13,2002-10-24
"2143","CZ0714073","91F0","CZ2124","VMB1_VMB2",2014-05-04,2002-11-08
"2144","CZ0714075","9110","CZ2613","VMB1_VMB2",2012-10-04,2002-12-31
"2145","CZ0714075","9110","CZ2632","VMB1_VMB2",2013-08-06,2002-11-08
"2146","CZ0714075","9110","CZ2667","VMB1_VMB2",2013-07-25,2002-05-16
"2147","CZ0714075","9110","CZ2671","VMB1_VMB2",2012-07-25,2001-08-27
"2148","CZ0714075","9110","CZ2714","VMB1_VMB2",2010-07-17,2001-09-15
"2149","CZ0714075","91D0","CZ2632","VMB1_VMB2",2013-08-02,2002-05-18
"2150","CZ0714075","91D0","CZ2667","VMB1_VMB2",2013-07-24,2002-05-18
"2151","CZ0714075","91D0","CZ2671","VMB1_VMB2",2012-07-23,2002-05-18
"2152","CZ0714075","9410","CZ2632","VMB1_VMB2",2013-08-06,2002-07-01
"2153","CZ0714075","9410","CZ2667","VMB1_VMB2",2013-07-25,2002-05-18
"2154","CZ0714075","9410","CZ2671","VMB1_VMB2",2012-07-25,2002-05-18
"2155","CZ0714075","9410","CZ2714","VMB1_VMB2",2010-08-28,2002-05-16
"2156","CZ0714077","9110","CZ0296","VMB1_VMB2",2013-09-07,2001-10-20
"2157","CZ0714077","9110","CZ0297","VMB1_VMB2",2012-07-18,2002-07-17
"2158","CZ0714077","9110","CZ0298","VMB2_VMB0",2022-09-06,2008-01-30
"2159","CZ0714077","9110","CZ0775","VMB2_VMB0",2023-07-14,2008-09-10
"2160","CZ0714077","9110","CZ0781","VMB1_VMB2",2008-07-10,2001-09-03
"2161","CZ0714077","9110","CZ0782","VMB1_VMB2",2008-08-19,2002-10-25
"2162","CZ0714077","9110","CZ0790","VMB1_VMB2",2008-09-04,2001-08-17
"2163","CZ0714077","9110","CZ2471","VMB1_VMB2",2009-06-18,2001-10-01
"2164","CZ0714077","91D0","CZ0296","VMB1_VMB2",2013-09-07,2001-10-15
"2165","CZ0714077","91D0","CZ0297","VMB1_VMB2",2012-07-18,2001-10-15
"2166","CZ0714077","91D0","CZ0298","VMB2_VMB0",2022-09-06,2008-02-17
"2167","CZ0714077","91D0","CZ0775","VMB2_VMB0",2023-07-14,2008-09-03
"2168","CZ0714077","91D0","CZ0781","VMB1_VMB2",2008-07-01,2001-09-03
"2169","CZ0714077","91D0","CZ0782","VMB1_VMB2",2008-08-01,2001-10-03
"2170","CZ0714077","91D0","CZ0790","VMB1_VMB2",2008-09-02,2001-08-16
"2171","CZ0714077","91D0","CZ2438","VMB1_VMB2",2009-07-04,2001-07-01
"2172","CZ0714077","9410","CZ0296","VMB1_VMB2",2013-09-07,2002-12-31
"2173","CZ0714077","9410","CZ0297","VMB1_VMB2",2012-07-18,2002-07-16
"2174","CZ0714077","9410","CZ0298","VMB2_VMB0",2022-09-06,2013-09-07
"2175","CZ0714077","9410","CZ0775","VMB2_VMB0",2023-07-18,2008-09-03
"2176","CZ0714077","9410","CZ0781","VMB1_VMB2",2008-07-10,2002-12-31
"2177","CZ0714077","9410","CZ0782","VMB1_VMB2",2008-08-19,2002-12-31
"2178","CZ0714077","9410","CZ0790","VMB1_VMB2",2008-10-10,2001-10-11
"2179","CZ0714077","9410","CZ2438","VMB1_VMB2",2009-07-04,2001-07-01
"2180","CZ0714077","9410","CZ2471","VMB1_VMB2",2009-06-19,2002-12-31
"2181","CZ0714078","9110","CZ0764","VMB2_VMB0",2023-07-19,2008-08-21
"2182","CZ0714078","9130","CZ0764","VMB2_VMB0",2023-07-28,2008-08-25
"2183","CZ0714078","9130","CZ2332","VMB1_VMB2",2014-09-16,2001-10-10
"2184","CZ0714078","9130","CZ2438","VMB1_VMB2",2009-07-06,2001-09-27
"2185","CZ0714078","9180","CZ0764","VMB2_VMB0",2023-07-28,2008-08-25
"2186","CZ0714080","9130","CZ0699","VMB2_VMB0",2022-06-27,2008-06-09
"2187","CZ0714080","9150","CZ0699","VMB2_VMB0",2022-06-27,2008-06-09
"2188","CZ0714080","9180","CZ0699","VMB2_VMB0",2022-06-27,2008-06-07
"2189","CZ0714081","91D0","CZ2704","VMB2_VMB0",2024-08-13,2009-09-22
"2190","CZ0714081","91D0","CZ2712","VMB1_VMB2",2009-06-15,2002-08-17
"2191","CZ0714081","9410","CZ2704","VMB2_VMB0",2024-09-05,2009-09-22
"2192","CZ0714081","9410","CZ2767","VMB1_VMB2",2011-10-06,2002-08-17
"2193","CZ0714082","9170","CZ0629","VMB2_VMB0",2022-05-17,2008-08-05
"2194","CZ0714082","9170","CZ0641","VMB1_VMB2",2008-06-07,2001-07-08
"2195","CZ0714082","91F0","CZ0629","VMB2_VMB0",2022-05-17,2008-08-06
"2196","CZ0714082","91F0","CZ0641","VMB2_VMB0",2023-05-27,2008-06-06
"2197","CZ0714082","91F0","CZ1667","VMB1_VMB2",2012-09-01,2001-07-23
"2198","CZ0714082","91F0","CZ1687","VMB1_VMB2",2010-09-10,2004-08-12
"2199","CZ0714084","9110","CZ0797","VMB2_VMB0",2023-11-04,2008-09-27
"2200","CZ0714084","9110","CZ2574","VMB1_VMB2",2017-08-30,2003-06-30
"2201","CZ0714084","9130","CZ0797","VMB2_VMB0",2023-11-04,2008-10-05
"2202","CZ0714084","9130","CZ2508","VMB1_VMB2",2018-08-21,2002-10-01
"2203","CZ0714084","9130","CZ2574","VMB1_VMB2",2017-08-30,2003-06-30
"2204","CZ0714085","91E0","CZ0618","VMB2_VMB0",2023-04-22,2008-05-25
"2205","CZ0714085","91E0","CZ0647","VMB2_VMB0",2021-10-15,2008-09-23
"2206","CZ0714085","91E0","CZ1460","VMB1_VMB2",2014-05-13,2001-09-09
"2207","CZ0714085","91E0","CZ1561","VMB2_VMB0",2023-06-03,2010-06-26
"2208","CZ0714085","91E0","CZ1605","VMB2_VMB0",2023-05-31,2010-09-21
"2209","CZ0714085","91E0","CZ1648","VMB1_VMB2",2009-05-18,2001-07-07
"2210","CZ0714085","91E0","CZ1764","VMB1_VMB2",2012-09-17,2004-05-15
"2211","CZ0714085","91F0","CZ0613","VMB2_VMB0",2022-08-03,2014-04-19
"2212","CZ0714085","91F0","CZ0618","VMB2_VMB0",2023-04-24,2014-04-07
"2213","CZ0714085","91F0","CZ0647","VMB2_VMB0",2021-10-15,2008-09-23
"2214","CZ0714085","91F0","CZ1460","VMB1_VMB2",2014-05-13,2001-09-15
"2215","CZ0714085","91F0","CZ1561","VMB2_VMB0",2023-06-03,2010-06-26
"2216","CZ0714085","91F0","CZ1567","VMB1_VMB2",2012-06-16,2002-08-20
"2217","CZ0714085","91F0","CZ1605","VMB2_VMB0",2023-06-05,2010-09-21
"2218","CZ0714085","91F0","CZ1648","VMB2_VMB0",2022-05-03,2009-05-18
"2219","CZ0714086","9110","CZ0293","VMB1_VMB2",2009-03-28,2005-08-09
"2220","CZ0714086","9110","CZ0294","VMB2_VMB0",2024-10-14,2008-10-21
"2221","CZ0714086","9110","CZ0295","VMB2_VMB0",2023-07-09,2011-09-04
"2222","CZ0714086","9110","CZ0828","VMB1_VMB2",2010-10-01,2002-06-28
"2223","CZ0714086","9110","CZ0829","VMB1_VMB2",2008-09-05,2003-09-07
"2224","CZ0714086","9110","CZ0841","VMB1_VMB2",2009-10-29,2003-10-24
"2225","CZ0714086","9110","CZ2825","VMB1_VMB2",2010-10-11,2003-10-19
"2226","CZ0714086","9110","CZ2883","VMB1_VMB2",2011-09-04,2004-08-20
"2227","CZ0714086","9130","CZ0293","VMB1_VMB2",2009-03-28,2005-09-28
"2228","CZ0714086","9130","CZ0294","VMB2_VMB0",2024-10-14,2008-10-21
"2229","CZ0714086","9130","CZ0295","VMB2_VMB0",2023-07-09,2011-09-03
"2230","CZ0714086","9130","CZ0828","VMB1_VMB2",2010-10-01,2005-08-04
"2231","CZ0714086","9130","CZ0829","VMB1_VMB2",2008-09-05,2003-10-10
"2232","CZ0714086","9130","CZ0841","VMB1_VMB2",2009-10-29,2003-10-29
"2233","CZ0714086","9130","CZ2825","VMB1_VMB2",2010-10-11,2003-10-19
"2234","CZ0714086","9130","CZ2883","VMB1_VMB2",2011-09-04,2005-09-28
"2235","CZ0714086","9180","CZ0293","VMB1_VMB2",2009-03-28,2004-08-20
"2236","CZ0714086","9180","CZ0294","VMB2_VMB0",2024-09-28,2008-06-21
"2237","CZ0714086","9180","CZ0295","VMB1_VMB2",2007-08-31,2004-08-20
"2238","CZ0714086","9180","CZ0828","VMB1_VMB2",2010-09-30,2002-05-06
"2239","CZ0714086","9180","CZ0829","VMB1_VMB2",2008-09-05,2003-09-07
"2240","CZ0714086","9180","CZ0841","VMB1_VMB2",2009-10-29,2003-10-24
"2241","CZ0714086","9180","CZ2825","VMB1_VMB2",2010-10-11,2003-10-19
"2242","CZ0714086","91E0","CZ0293","VMB1_VMB2",2008-10-22,2004-08-20
"2243","CZ0714086","91E0","CZ0294","VMB2_VMB0",2024-10-14,2008-10-19
"2244","CZ0714086","91E0","CZ0295","VMB2_VMB0",2023-07-09,2007-08-31
"2245","CZ0714086","91E0","CZ0828","VMB1_VMB2",2010-10-01,2001-09-05
"2246","CZ0714086","91E0","CZ0829","VMB1_VMB2",2008-09-01,2001-09-08
"2247","CZ0714086","91E0","CZ2883","VMB1_VMB2",2011-09-04,2003-07-10
"2248","CZ0714086","9410","CZ0828","VMB1_VMB2",2010-10-01,2005-08-04
"2249","CZ0714086","9410","CZ0829","VMB1_VMB2",2008-08-30,2002-06-28
"2250","CZ0714086","9410","CZ0841","VMB1_VMB2",2009-10-29,2002-06-28
"2251","CZ0714133","9110","CZ1791","VMB2_VMB0",2024-08-14,2009-04-22
"2252","CZ0714133","9110","CZ1797","VMB1_VMB2",2020-06-16,2004-06-28
"2253","CZ0714133","9110","CZ1820","VMB1_VMB2",2012-08-07,2003-09-28
"2254","CZ0714133","9110","CZ1822","VMB1_VMB2",2012-09-09,2004-06-23
"2255","CZ0714133","9110","CZ1859","VMB1_VMB2",2013-06-18,2004-08-07
"2256","CZ0714133","9110","CZ1873","VMB1_VMB2",2015-10-10,2004-07-29
"2257","CZ0714133","9110","CZ1877","VMB1_VMB2",2013-06-18,2004-08-11
"2258","CZ0714133","9130","CZ1791","VMB2_VMB0",2025-05-22,2009-05-01
"2259","CZ0714133","9130","CZ1797","VMB1_VMB2",2020-06-16,2004-06-23
"2260","CZ0714133","9130","CZ1820","VMB1_VMB2",2012-08-07,2003-10-03
"2261","CZ0714133","9130","CZ1822","VMB1_VMB2",2012-09-09,2004-06-22
"2262","CZ0714133","9130","CZ1831","VMB1_VMB2",2012-07-29,2003-09-28
"2263","CZ0714133","9130","CZ1873","VMB1_VMB2",2015-10-10,2004-09-02
"2264","CZ0714133","9130","CZ1877","VMB1_VMB2",2013-07-02,2004-08-26
"2265","CZ0714133","9130","CZ1908","VMB1_VMB2",2013-09-06,2004-07-29
"2266","CZ0714133","9130","CZ1952","VMB1_VMB2",2013-07-31,2004-08-28
"2267","CZ0714133","9130","CZ2000","VMB1_VMB2",2017-09-09,2004-05-02
"2268","CZ0714133","9130","CZ2009","VMB2_VMB0",2025-10-22,2004-08-15
"2269","CZ0714133","9130","CZ2010","VMB1_VMB2",2020-08-16,2004-09-11
"2270","CZ0714133","9130","CZ2021","VMB1_VMB2",2013-07-09,2004-07-31
"2271","CZ0714133","9170","CZ1791","VMB2_VMB0",2025-06-23,2009-05-03
"2272","CZ0714133","9170","CZ1797","VMB1_VMB2",2020-06-16,2003-09-12
"2273","CZ0714133","9170","CZ1820","VMB1_VMB2",2012-08-07,2003-09-15
"2274","CZ0714133","9170","CZ1822","VMB1_VMB2",2012-09-06,2002-10-08
"2275","CZ0714133","9170","CZ1831","VMB1_VMB2",2012-07-29,2004-06-20
"2276","CZ0714133","9170","CZ1873","VMB1_VMB2",2015-10-03,2004-10-21
"2277","CZ0714133","9170","CZ2009","VMB2_VMB0",2025-10-22,2004-08-20
"2278","CZ0714133","9170","CZ2010","VMB1_VMB2",2020-08-26,2004-08-26
"2279","CZ0714133","9180","CZ1791","VMB2_VMB0",2025-06-23,2009-05-03
"2280","CZ0714133","9180","CZ1797","VMB1_VMB2",2020-06-14,2003-09-14
"2281","CZ0714133","9180","CZ1820","VMB1_VMB2",2012-08-07,2004-09-02
"2282","CZ0714133","9180","CZ1822","VMB1_VMB2",2012-09-09,2002-10-08
"2283","CZ0714133","9180","CZ1831","VMB1_VMB2",2012-07-22,2004-09-02
"2284","CZ0714133","9180","CZ1873","VMB1_VMB2",2015-10-10,2004-08-25
"2285","CZ0714133","9180","CZ1877","VMB1_VMB2",2013-07-02,2004-09-02
"2286","CZ0714133","9180","CZ1908","VMB1_VMB2",2013-09-06,2004-08-16
"2287","CZ0714133","9180","CZ1952","VMB1_VMB2",2013-07-22,2004-08-19
"2288","CZ0714133","9180","CZ2000","VMB1_VMB2",2017-09-09,2003-09-11
"2289","CZ0714133","9180","CZ2009","VMB2_VMB0",2025-10-22,2004-08-20
"2290","CZ0714133","9180","CZ2010","VMB1_VMB2",2020-07-14,2004-08-02
"2291","CZ0714133","9180","CZ2021","VMB1_VMB2",2013-07-13,2004-08-01
"2292","CZ0714133","91E0","CZ1791","VMB2_VMB0",2025-06-23,2009-05-03
"2293","CZ0714133","91E0","CZ1797","VMB1_VMB2",2020-06-16,2004-06-11
"2294","CZ0714133","91E0","CZ1822","VMB1_VMB2",2012-09-09,2004-06-11
"2295","CZ0714133","91E0","CZ1873","VMB1_VMB2",2015-06-16,2003-09-02
"2296","CZ0714133","91E0","CZ2009","VMB2_VMB0",2025-10-21,2004-08-09
"2297","CZ0714133","91E0","CZ2010","VMB1_VMB2",2020-08-26,2004-08-27
"2298","CZ0714772","9110","CZ0303","VMB1_VMB2",2007-09-03,2002-09-29
"2299","CZ0714772","9110","CZ1955","VMB1_VMB2",2015-08-03,2001-10-12
"2300","CZ0714772","9130","CZ0303","VMB2_VMB0",2023-08-21,2007-08-26
"2301","CZ0714772","9130","CZ1955","VMB1_VMB2",2015-08-03,2003-11-15
"2302","CZ0714772","9180","CZ0303","VMB2_VMB0",2023-08-16,2007-08-26
"2303","CZ0714772","9180","CZ1955","VMB1_VMB2",2015-08-03,2001-10-12
"2304","CZ0720013","91I0","CZ1077","VMB1_VMB2",2012-06-06,2001-06-18
"2305","CZ0720013","91I0","CZ1092","VMB1_VMB2",2013-06-27,2001-06-18
"2306","CZ0720016","9170","CZ0116","VMB1_VMB2",2013-08-28,2002-06-08
"2307","CZ0720016","91E0","CZ0116","VMB1_VMB2",2013-08-08,2002-06-02
"2308","CZ0720016","91I0","CZ0116","VMB1_VMB2",2013-08-05,2002-06-02
"2309","CZ0720033","9130","CZ0600","VMB1_VMB2",2011-08-11,2005-06-01
"2310","CZ0720033","9130","CZ0601","VMB2_VMB0",2021-10-20,2008-08-13
"2311","CZ0720033","9130","CZ1391","VMB1_VMB2",2016-06-15,2002-07-01
"2312","CZ0720033","9170","CZ0600","VMB1_VMB2",2011-08-11,2002-08-21
"2313","CZ0720033","9170","CZ0601","VMB2_VMB0",2021-09-14,2008-08-06
"2314","CZ0720153","9130","CZ0591","VMB2_VMB0",2023-09-26,2008-07-25
"2315","CZ0720153","9170","CZ0591","VMB2_VMB0",2023-10-02,2008-07-26
"2316","CZ0720185","9110","CZ1448","VMB2_VMB0",2023-05-27,2009-10-14
"2317","CZ0720185","9110","CZ1483","VMB1_VMB2",2010-09-30,2001-08-01
"2318","CZ0720185","9170","CZ1448","VMB2_VMB0",2023-05-28,2009-10-14
"2319","CZ0720185","91E0","CZ1448","VMB2_VMB0",2023-05-31,2009-10-14
"2320","CZ0720190","9130","CZ0596","VMB1_VMB2",2014-08-05,2001-08-01
"2321","CZ0720192","9130","CZ0596","VMB1_VMB2",2014-08-11,2001-07-25
"2322","CZ0720192","9170","CZ0596","VMB1_VMB2",2014-08-11,2001-09-16
"2323","CZ0720192","9170","CZ1406","VMB1_VMB2",2014-09-10,2001-07-25
"2324","CZ0720192","91E0","CZ0596","VMB1_VMB2",2014-08-05,2001-07-25
"2325","CZ0720420","9170","CZ1149","VMB1_VMB2",2012-09-20,2005-06-21
"2326","CZ0720420","91E0","CZ1149","VMB1_VMB2",2012-09-20,2005-06-21
"2327","CZ0720420","91I0","CZ1149","VMB1_VMB2",2012-09-20,2005-06-21
"2328","CZ0720422","9170","CZ0003","VMB2_VMB0",2022-05-11,2006-09-30
"2329","CZ0720422","9170","CZ0122","VMB2_VMB0",2023-09-15,2010-09-13
"2330","CZ0720422","9180","CZ0003","VMB2_VMB0",2021-07-18,2006-09-28
"2331","CZ0720422","91E0","CZ0003","VMB2_VMB0",2022-05-11,2006-09-30
"2332","CZ0720422","91E0","CZ0122","VMB2_VMB0",2023-09-15,2010-09-13
"2333","CZ0720428","9130","CZ0109","VMB2_VMB0",2023-05-23,2010-08-15
"2334","CZ0720428","9130","CZ0122","VMB2_VMB0",2024-04-07,2010-08-28
"2335","CZ0720428","9130","CZ0123","VMB1_VMB2",2013-08-02,2002-05-16
"2336","CZ0720428","9130","CZ1124","VMB1_VMB2",2013-08-15,2002-08-14
"2337","CZ0720428","9170","CZ0109","VMB2_VMB0",2022-10-24,2013-07-29
"2338","CZ0720428","9170","CZ0122","VMB2_VMB0",2024-04-09,2010-09-13
"2339","CZ0720428","9170","CZ0123","VMB1_VMB2",2013-08-02,2005-04-01
"2340","CZ0720435","9130","CZ0491","VMB1_VMB2",2014-07-30,2004-07-07
"2341","CZ0720435","9130","CZ1206","VMB1_VMB2",2014-06-14,2004-06-11
"2342","CZ0720435","9170","CZ0491","VMB1_VMB2",2014-07-30,2004-07-06
"2343","CZ0720437","9130","CZ0545","VMB2_VMB0",2024-07-25,2009-06-04
"2344","CZ0720437","9130","CZ1124","VMB1_VMB2",2013-08-24,2002-07-25
"2345","CZ0720437","9170","CZ0545","VMB2_VMB0",2024-04-18,2009-06-04
"2346","CZ0720437","9170","CZ1124","VMB1_VMB2",2013-08-24,2005-04-07
"2347","CZ0720437","9180","CZ0545","VMB2_VMB0",2024-04-19,2009-06-04
"2348","CZ0720437","9180","CZ1124","VMB1_VMB2",2013-08-24,2002-07-25
"2349","CZ0720437","91E0","CZ0545","VMB2_VMB0",2024-04-19,2009-06-04
"2350","CZ0720437","91E0","CZ1124","VMB1_VMB2",2013-08-24,2002-07-24
"2351","CZ0720441","9130","CZ0491","VMB1_VMB2",2014-07-27,2001-07-06
"2352","CZ0720441","9170","CZ0491","VMB1_VMB2",2014-07-30,2001-09-15
"2353","CZ0724087","9170","CZ0550","VMB2_VMB0",2022-05-23,2008-08-31
"2354","CZ0724087","9170","CZ1179","VMB1_VMB2",2016-04-25,2001-08-20
"2355","CZ0724087","91I0","CZ0550","VMB2_VMB0",2022-05-20,2008-08-31
"2356","CZ0724087","91I0","CZ1179","VMB1_VMB2",2016-04-25,2001-08-20
"2357","CZ0724089","9110","CZ0103","VMB1_VMB2",2018-09-26,2003-11-19
"2358","CZ0724089","9110","CZ0104","VMB1_VMB2",2015-05-13,2004-07-25
"2359","CZ0724089","9110","CZ0268","VMB1_VMB2",2011-07-16,2003-10-28
"2360","CZ0724089","9110","CZ0269","VMB2_VMB0",2022-09-10,2007-08-28
"2361","CZ0724089","9110","CZ0270","VMB2_VMB0",2024-10-03,2007-10-18
"2362","CZ0724089","9110","CZ0271","VMB1_VMB2",2011-08-06,2003-09-21
"2363","CZ0724089","9110","CZ0272","VMB1_VMB2",2012-06-24,2005-10-20
"2364","CZ0724089","9110","CZ0273","VMB1_VMB2",2017-08-31,2005-10-20
"2365","CZ0724089","9110","CZ0274","VMB2_VMB0",2024-07-06,2010-07-01
"2366","CZ0724089","9110","CZ0275","VMB1_VMB2",2019-08-21,2001-10-23
"2367","CZ0724089","9110","CZ0276","VMB2_VMB0",2024-09-02,2010-09-30
"2368","CZ0724089","9110","CZ0620","VMB1_VMB2",2013-10-25,2003-10-17
"2369","CZ0724089","9110","CZ0621","VMB2_VMB0",2022-09-07,2008-08-26
"2370","CZ0724089","9110","CZ0634","VMB2_VMB0",2023-10-15,2017-05-17
"2371","CZ0724089","9110","CZ1284","VMB1_VMB2",2015-09-18,2003-10-26
"2372","CZ0724089","9110","CZ1288","VMB1_VMB2",2015-09-23,2003-07-28
"2373","CZ0724089","9110","CZ1338","VMB1_VMB2",2015-10-01,2003-06-15
"2374","CZ0724089","9110","CZ1345","VMB1_VMB2",2018-08-27,2002-05-16
"2375","CZ0724089","9110","CZ1374","VMB1_VMB2",2019-08-29,2001-10-29
"2376","CZ0724089","9110","CZ1386","VMB1_VMB2",2011-09-15,2001-10-04
"2377","CZ0724089","9110","CZ1392","VMB1_VMB2",2010-10-02,2002-07-28
"2378","CZ0724089","9110","CZ1404","VMB1_VMB2",2012-07-20,2001-06-28
"2379","CZ0724089","9110","CZ1414","VMB1_VMB2",2013-08-22,2004-07-25
"2380","CZ0724089","9110","CZ1431","VMB1_VMB2",2018-08-29,2001-10-22
"2381","CZ0724089","9110","CZ1445","VMB1_VMB2",2012-08-30,2003-06-20
"2382","CZ0724089","9110","CZ1470","VMB1_VMB2",2017-10-08,2003-10-06
"2383","CZ0724089","9110","CZ1475","VMB1_VMB2",2015-07-30,2002-10-01
"2384","CZ0724089","9110","CZ1477","VMB1_VMB2",2013-07-18,2003-07-05
"2385","CZ0724089","9110","CZ1478","VMB1_VMB2",2014-11-12,2003-10-02
"2386","CZ0724089","9110","CZ1481","VMB1_VMB2",2010-10-02,2003-09-20
"2387","CZ0724089","9110","CZ1490","VMB1_VMB2",2012-08-19,2003-06-20
"2388","CZ0724089","9110","CZ1498","VMB1_VMB2",2016-08-31,2002-08-27
"2389","CZ0724089","9110","CZ1504","VMB2_VMB0",2023-08-12,2017-09-18
"2390","CZ0724089","9110","CZ1515","VMB1_VMB2",2013-06-23,2002-10-25
"2391","CZ0724089","9110","CZ1517","VMB1_VMB2",2018-09-02,2003-07-05
"2392","CZ0724089","9110","CZ1540","VMB1_VMB2",2010-07-15,2003-09-21
"2393","CZ0724089","9110","CZ1552","VMB1_VMB2",2017-09-11,2002-09-19
"2394","CZ0724089","9110","CZ1553","VMB1_VMB2",2018-09-07,2003-11-06
"2395","CZ0724089","9110","CZ1559","VMB1_VMB2",2010-10-28,2002-10-23
"2396","CZ0724089","9110","CZ1577","VMB1_VMB2",2013-08-07,2003-08-27
"2397","CZ0724089","9110","CZ1610","VMB1_VMB2",2019-10-25,2003-08-28
"2398","CZ0724089","9110","CZ1612","VMB1_VMB2",2016-09-29,2003-09-20
"2399","CZ0724089","9110","CZ1614","VMB1_VMB2",2012-09-12,2003-09-14
"2400","CZ0724089","9110","CZ1616","VMB1_VMB2",2014-08-01,2003-09-19
"2401","CZ0724089","9110","CZ1619","VMB1_VMB2",2016-10-04,2004-09-14
"2402","CZ0724089","9110","CZ1621","VMB1_VMB2",2009-09-19,2003-10-31
"2403","CZ0724089","9110","CZ1625","VMB1_VMB2",2018-07-30,2003-10-31
"2404","CZ0724089","9110","CZ1633","VMB1_VMB2",2012-08-22,2004-09-14
"2405","CZ0724089","9110","CZ1640","VMB1_VMB2",2017-08-25,2003-11-06
"2406","CZ0724089","9110","CZ1654","VMB1_VMB2",2012-09-03,2003-07-26
"2407","CZ0724089","9110","CZ1656","VMB1_VMB2",2017-08-05,2005-07-20
"2408","CZ0724089","9110","CZ1662","VMB1_VMB2",2017-08-21,2003-11-18
"2409","CZ0724089","9110","CZ1663","VMB1_VMB2",2020-08-27,2003-11-18
"2410","CZ0724089","9110","CZ1671","VMB1_VMB2",2012-09-09,2004-09-27
"2411","CZ0724089","9110","CZ1692","VMB1_VMB2",2018-09-19,2003-11-19
"2412","CZ0724089","9110","CZ1706","VMB1_VMB2",2018-09-15,2004-09-14
"2413","CZ0724089","9110","CZ1713","VMB1_VMB2",2018-09-02,2003-08-06
"2414","CZ0724089","9110","CZ1714","VMB1_VMB2",2017-09-07,2003-11-19
"2415","CZ0724089","9110","CZ1715","VMB1_VMB2",2012-09-19,2003-11-19
"2416","CZ0724089","9130","CZ0103","VMB1_VMB2",2018-09-13,2001-08-28
"2417","CZ0724089","9130","CZ0104","VMB1_VMB2",2015-05-13,2002-10-03
"2418","CZ0724089","9130","CZ0268","VMB1_VMB2",2007-08-02,2005-09-25
"2419","CZ0724089","9130","CZ0269","VMB2_VMB0",2022-09-09,2007-08-26
"2420","CZ0724089","9130","CZ0270","VMB2_VMB0",2024-10-01,2007-09-05
"2421","CZ0724089","9130","CZ0271","VMB1_VMB2",2011-08-06,2003-09-21
"2422","CZ0724089","9130","CZ0272","VMB1_VMB2",2012-06-24,2002-07-10
"2423","CZ0724089","9130","CZ0273","VMB1_VMB2",2017-08-31,2002-10-01
"2424","CZ0724089","9130","CZ0274","VMB2_VMB0",2024-07-06,2010-07-05
"2425","CZ0724089","9130","CZ0275","VMB1_VMB2",2019-09-12,2005-08-25
"2426","CZ0724089","9130","CZ0276","VMB2_VMB0",2024-09-04,2010-10-15
"2427","CZ0724089","9130","CZ0620","VMB1_VMB2",2013-10-09,2002-10-03
"2428","CZ0724089","9130","CZ0621","VMB2_VMB0",2022-08-12,2008-08-26
"2429","CZ0724089","9130","CZ0634","VMB2_VMB0",2023-10-15,2008-09-09
"2430","CZ0724089","9130","CZ1283","VMB1_VMB2",2015-09-14,2003-08-26
"2431","CZ0724089","9130","CZ1284","VMB1_VMB2",2015-09-18,2003-10-26
"2432","CZ0724089","9130","CZ1288","VMB1_VMB2",2015-09-25,2003-07-28
"2433","CZ0724089","9130","CZ1338","VMB1_VMB2",2015-10-03,2003-08-26
"2434","CZ0724089","9130","CZ1345","VMB1_VMB2",2018-09-04,2003-08-26
"2435","CZ0724089","9130","CZ1351","VMB1_VMB2",2017-09-05,2003-08-04
"2436","CZ0724089","9130","CZ1355","VMB1_VMB2",2017-09-14,2003-08-12
"2437","CZ0724089","9130","CZ1362","VMB1_VMB2",2018-09-05,2003-05-31
"2438","CZ0724089","9130","CZ1374","VMB1_VMB2",2019-09-04,2002-09-19
"2439","CZ0724089","9130","CZ1383","VMB1_VMB2",2011-07-24,2003-06-05
"2440","CZ0724089","9130","CZ1386","VMB1_VMB2",2011-09-16,2005-10-18
"2441","CZ0724089","9130","CZ1392","VMB1_VMB2",2010-10-02,2002-07-31
"2442","CZ0724089","9130","CZ1404","VMB1_VMB2",2012-08-15,2002-07-31
"2443","CZ0724089","9130","CZ1414","VMB1_VMB2",2013-08-22,2002-10-03
"2444","CZ0724089","9130","CZ1431","VMB1_VMB2",2018-08-29,2003-06-12
"2445","CZ0724089","9130","CZ1439","VMB1_VMB2",2016-08-06,2003-04-26
"2446","CZ0724089","9130","CZ1445","VMB1_VMB2",2012-08-10,2003-06-20
"2447","CZ0724089","9130","CZ1470","VMB1_VMB2",2017-10-08,2003-10-06
"2448","CZ0724089","9130","CZ1475","VMB1_VMB2",2015-09-18,2002-07-22
"2449","CZ0724089","9130","CZ1477","VMB1_VMB2",2013-07-18,2003-07-05
"2450","CZ0724089","9130","CZ1478","VMB1_VMB2",2014-11-06,2003-07-24
"2451","CZ0724089","9130","CZ1481","VMB1_VMB2",2014-07-22,2003-09-20
"2452","CZ0724089","9130","CZ1490","VMB1_VMB2",2012-08-19,2003-06-20
"2453","CZ0724089","9130","CZ1498","VMB1_VMB2",2016-09-07,2001-07-28
"2454","CZ0724089","9130","CZ1504","VMB2_VMB0",2023-08-12,2010-07-13
"2455","CZ0724089","9130","CZ1515","VMB1_VMB2",2013-07-04,2003-07-05
"2456","CZ0724089","9130","CZ1517","VMB1_VMB2",2018-07-13,2003-07-05
"2457","CZ0724089","9130","CZ1531","VMB1_VMB2",2009-06-20,2001-07-20
"2458","CZ0724089","9130","CZ1540","VMB1_VMB2",2010-07-12,2003-09-21
"2459","CZ0724089","9130","CZ1552","VMB1_VMB2",2017-09-11,2002-09-17
"2460","CZ0724089","9130","CZ1559","VMB1_VMB2",2010-10-28,2002-10-23
"2461","CZ0724089","9130","CZ1564","VMB1_VMB2",2017-07-01,2003-06-19
"2462","CZ0724089","9130","CZ1577","VMB1_VMB2",2013-08-07,2003-08-27
"2463","CZ0724089","9130","CZ1610","VMB1_VMB2",2019-10-25,2002-10-09
"2464","CZ0724089","9130","CZ1612","VMB1_VMB2",2016-09-27,2003-08-01
"2465","CZ0724089","9130","CZ1614","VMB1_VMB2",2012-09-12,2003-10-21
"2466","CZ0724089","9130","CZ1616","VMB1_VMB2",2014-08-01,2003-10-21
"2467","CZ0724089","9130","CZ1619","VMB1_VMB2",2016-10-04,2003-08-01
"2468","CZ0724089","9130","CZ1621","VMB1_VMB2",2009-09-19,2003-10-29
"2469","CZ0724089","9130","CZ1625","VMB1_VMB2",2018-07-02,2003-10-30
"2470","CZ0724089","9130","CZ1633","VMB1_VMB2",2012-08-22,2005-07-14
"2471","CZ0724089","9130","CZ1640","VMB1_VMB2",2017-08-25,2003-05-01
"2472","CZ0724089","9130","CZ1654","VMB1_VMB2",2012-09-17,2003-10-20
"2473","CZ0724089","9130","CZ1656","VMB1_VMB2",2017-08-05,2003-06-22
"2474","CZ0724089","9130","CZ1662","VMB1_VMB2",2017-08-21,2003-11-18
"2475","CZ0724089","9130","CZ1663","VMB1_VMB2",2020-08-27,2003-11-17
"2476","CZ0724089","9130","CZ1671","VMB1_VMB2",2012-09-09,2004-09-27
"2477","CZ0724089","9130","CZ1692","VMB1_VMB2",2018-09-19,2003-11-19
"2478","CZ0724089","9130","CZ1706","VMB1_VMB2",2018-09-15,2003-11-10
"2479","CZ0724089","9130","CZ1715","VMB1_VMB2",2012-09-19,2003-11-19
"2480","CZ0724089","9130","CZ1806","VMB1_VMB2",2012-09-09,2001-08-29
"2481","CZ0724089","9140","CZ0273","VMB1_VMB2",2017-08-31,2002-05-22
"2482","CZ0724089","9140","CZ0620","VMB1_VMB2",2013-10-09,2002-10-04
"2483","CZ0724089","9140","CZ0621","VMB2_VMB0",2022-04-20,2008-06-17
"2484","CZ0724089","9140","CZ0634","VMB1_VMB2",2008-09-10,2002-12-02
"2485","CZ0724089","9140","CZ1351","VMB1_VMB2",2017-06-03,2002-07-02
"2486","CZ0724089","9140","CZ1386","VMB1_VMB2",2011-09-16,2001-09-25
"2487","CZ0724089","9140","CZ1392","VMB1_VMB2",2010-09-23,2002-07-27
"2488","CZ0724089","9140","CZ1404","VMB1_VMB2",2012-08-30,2002-07-20
"2489","CZ0724089","9140","CZ1553","VMB1_VMB2",2018-09-07,2003-06-19
"2490","CZ0724089","9140","CZ1577","VMB1_VMB2",2013-07-11,2003-08-27
"2491","CZ0724089","9140","CZ1610","VMB1_VMB2",2019-10-14,2002-10-09
"2492","CZ0724089","9140","CZ1619","VMB1_VMB2",2016-10-02,2003-02-23
"2493","CZ0724089","9140","CZ1621","VMB1_VMB2",2009-09-19,2001-09-30
"2494","CZ0724089","9140","CZ1625","VMB1_VMB2",2018-07-05,2003-08-27
"2495","CZ0724089","9140","CZ1662","VMB1_VMB2",2017-08-16,2003-11-16
"2496","CZ0724089","9140","CZ1671","VMB1_VMB2",2012-09-09,2001-06-30
"2497","CZ0724089","9170","CZ0103","VMB1_VMB2",2018-09-21,2003-10-28
"2498","CZ0724089","9170","CZ0268","VMB1_VMB2",2007-08-05,2005-09-25
"2499","CZ0724089","9170","CZ0269","VMB2_VMB0",2022-09-10,2007-08-12
"2500","CZ0724089","9170","CZ0271","VMB1_VMB2",2011-08-06,2002-08-06
"2501","CZ0724089","9170","CZ0272","VMB1_VMB2",2012-06-23,2005-10-20
"2502","CZ0724089","9170","CZ0275","VMB1_VMB2",2019-09-12,2002-11-21
"2503","CZ0724089","9170","CZ0276","VMB2_VMB0",2024-08-10,2010-06-10
"2504","CZ0724089","9170","CZ0669","VMB1_VMB2",2008-07-30,2003-10-28
"2505","CZ0724089","9170","CZ1283","VMB1_VMB2",2015-09-13,2003-06-30
"2506","CZ0724089","9170","CZ1284","VMB1_VMB2",2015-09-18,2003-07-01
"2507","CZ0724089","9170","CZ1288","VMB1_VMB2",2015-09-25,2003-08-10
"2508","CZ0724089","9170","CZ1338","VMB1_VMB2",2015-10-02,2003-08-10
"2509","CZ0724089","9170","CZ1345","VMB1_VMB2",2018-08-27,2003-06-08
"2510","CZ0724089","9170","CZ1351","VMB1_VMB2",2017-09-05,2003-06-06
"2511","CZ0724089","9170","CZ1355","VMB1_VMB2",2018-09-12,2003-08-12
"2512","CZ0724089","9170","CZ1362","VMB1_VMB2",2018-09-03,2003-06-14
"2513","CZ0724089","9170","CZ1374","VMB1_VMB2",2019-08-27,2002-08-15
"2514","CZ0724089","9170","CZ1383","VMB1_VMB2",2011-07-24,2003-06-07
"2515","CZ0724089","9170","CZ1431","VMB1_VMB2",2017-08-31,2003-06-15
"2516","CZ0724089","9170","CZ1439","VMB1_VMB2",2016-07-04,2002-10-05
"2517","CZ0724089","9170","CZ1481","VMB1_VMB2",2010-09-29,2003-08-06
"2518","CZ0724089","9170","CZ1504","VMB2_VMB0",2023-08-12,2010-07-14
"2519","CZ0724089","9170","CZ1540","VMB1_VMB2",2010-07-15,2003-06-16
"2520","CZ0724089","9170","CZ1559","VMB1_VMB2",2010-10-28,2005-07-19
"2521","CZ0724089","9170","CZ1564","VMB1_VMB2",2017-07-01,2003-06-19
"2522","CZ0724089","9170","CZ1614","VMB1_VMB2",2012-09-12,2004-08-08
"2523","CZ0724089","9170","CZ1616","VMB1_VMB2",2014-08-16,2005-10-20
"2524","CZ0724089","9170","CZ1654","VMB1_VMB2",2012-07-28,2005-10-20
"2525","CZ0724089","9170","CZ1656","VMB1_VMB2",2017-08-08,2003-06-22
"2526","CZ0724089","9170","CZ1663","VMB1_VMB2",2020-06-27,2003-11-18
"2527","CZ0724089","9170","CZ1671","VMB1_VMB2",2012-09-07,2003-08-17
"2528","CZ0724089","9170","CZ1706","VMB1_VMB2",2018-09-15,2003-11-19
"2529","CZ0724089","9170","CZ1714","VMB1_VMB2",2017-08-25,2003-11-19
"2530","CZ0724089","9170","CZ1715","VMB1_VMB2",2012-09-18,2003-11-19
"2531","CZ0724089","9170","CZ1806","VMB1_VMB2",2012-09-09,2005-09-24
"2532","CZ0724089","9180","CZ0103","VMB1_VMB2",2018-09-20,2003-11-19
"2533","CZ0724089","9180","CZ0268","VMB1_VMB2",2011-07-09,2002-05-08
"2534","CZ0724089","9180","CZ0269","VMB2_VMB0",2022-09-10,2007-08-30
"2535","CZ0724089","9180","CZ0270","VMB2_VMB0",2024-10-03,2007-09-03
"2536","CZ0724089","9180","CZ0271","VMB1_VMB2",2011-08-06,2002-05-31
"2537","CZ0724089","9180","CZ0272","VMB1_VMB2",2012-06-23,2002-06-10
"2538","CZ0724089","9180","CZ0273","VMB1_VMB2",2017-08-31,2002-10-01
"2539","CZ0724089","9180","CZ0274","VMB2_VMB0",2024-07-04,2010-07-02
"2540","CZ0724089","9180","CZ0275","VMB1_VMB2",2019-09-12,2001-10-30
"2541","CZ0724089","9180","CZ0276","VMB2_VMB0",2024-09-04,2010-09-29
"2542","CZ0724089","9180","CZ0620","VMB1_VMB2",2013-09-12,2002-10-04
"2543","CZ0724089","9180","CZ0621","VMB2_VMB0",2022-07-21,2008-07-09
"2544","CZ0724089","9180","CZ0634","VMB2_VMB0",2023-10-15,2018-06-18
"2545","CZ0724089","9180","CZ1284","VMB1_VMB2",2015-09-15,2002-08-09
"2546","CZ0724089","9180","CZ1288","VMB1_VMB2",2015-09-24,2003-07-28
"2547","CZ0724089","9180","CZ1338","VMB1_VMB2",2015-10-02,2002-08-16
"2548","CZ0724089","9180","CZ1345","VMB1_VMB2",2018-09-04,2003-08-26
"2549","CZ0724089","9180","CZ1351","VMB1_VMB2",2017-07-20,2002-08-16
"2550","CZ0724089","9180","CZ1362","VMB1_VMB2",2018-09-05,2002-09-19
"2551","CZ0724089","9180","CZ1374","VMB1_VMB2",2019-09-04,2002-09-19
"2552","CZ0724089","9180","CZ1386","VMB1_VMB2",2011-09-15,2001-09-26
"2553","CZ0724089","9180","CZ1392","VMB1_VMB2",2010-09-23,2002-07-30
"2554","CZ0724089","9180","CZ1404","VMB1_VMB2",2012-08-30,2002-07-23
"2555","CZ0724089","9180","CZ1431","VMB1_VMB2",2017-08-30,2001-10-22
"2556","CZ0724089","9180","CZ1445","VMB1_VMB2",2012-06-14,2003-06-20
"2557","CZ0724089","9180","CZ1477","VMB1_VMB2",2013-07-18,2003-02-25
"2558","CZ0724089","9180","CZ1478","VMB1_VMB2",2014-06-12,2003-07-31
"2559","CZ0724089","9180","CZ1481","VMB1_VMB2",2010-09-23,2002-07-10
"2560","CZ0724089","9180","CZ1490","VMB1_VMB2",2012-07-24,2001-10-16
"2561","CZ0724089","9180","CZ1504","VMB2_VMB0",2023-07-20,2010-06-13
"2562","CZ0724089","9180","CZ1517","VMB1_VMB2",2016-09-16,2002-10-30
"2563","CZ0724089","9180","CZ1552","VMB1_VMB2",2017-08-28,2002-09-19
"2564","CZ0724089","9180","CZ1559","VMB1_VMB2",2010-10-28,2002-10-23
"2565","CZ0724089","9180","CZ1577","VMB1_VMB2",2013-08-07,2003-08-27
"2566","CZ0724089","9180","CZ1610","VMB1_VMB2",2019-10-25,2003-08-27
"2567","CZ0724089","9180","CZ1612","VMB1_VMB2",2016-09-26,2003-08-01
"2568","CZ0724089","9180","CZ1614","VMB1_VMB2",2012-09-12,2003-07-26
"2569","CZ0724089","9180","CZ1616","VMB1_VMB2",2014-08-01,2001-05-17
"2570","CZ0724089","9180","CZ1619","VMB1_VMB2",2016-10-04,2004-09-14
"2571","CZ0724089","9180","CZ1621","VMB1_VMB2",2009-09-19,2003-08-15
"2572","CZ0724089","9180","CZ1625","VMB1_VMB2",2018-07-08,2003-08-30
"2573","CZ0724089","9180","CZ1633","VMB1_VMB2",2012-08-22,2003-10-28
"2574","CZ0724089","9180","CZ1640","VMB1_VMB2",2017-08-23,2002-11-28
"2575","CZ0724089","9180","CZ1654","VMB1_VMB2",2012-09-03,2003-07-26
"2576","CZ0724089","9180","CZ1656","VMB1_VMB2",2017-08-08,2003-06-22
"2577","CZ0724089","9180","CZ1662","VMB1_VMB2",2017-08-21,2003-11-18
"2578","CZ0724089","9180","CZ1663","VMB1_VMB2",2020-08-27,2003-11-18
"2579","CZ0724089","9180","CZ1671","VMB1_VMB2",2012-09-09,2004-09-27
"2580","CZ0724089","9180","CZ1692","VMB1_VMB2",2018-09-19,2003-11-19
"2581","CZ0724089","9180","CZ1706","VMB1_VMB2",2018-09-15,2003-11-19
"2582","CZ0724089","9180","CZ1713","VMB1_VMB2",2018-09-01,2003-08-06
"2583","CZ0724089","9180","CZ1714","VMB1_VMB2",2017-09-07,2003-11-19
"2584","CZ0724089","9180","CZ1715","VMB1_VMB2",2012-09-19,2003-11-19
"2585","CZ0724089","91E0","CZ0103","VMB1_VMB2",2018-09-21,2003-10-28
"2586","CZ0724089","91E0","CZ0104","VMB1_VMB2",2014-09-09,2001-09-14
"2587","CZ0724089","91E0","CZ0268","VMB1_VMB2",2007-10-07,2005-09-25
"2588","CZ0724089","91E0","CZ0269","VMB2_VMB0",2022-09-10,2007-08-31
"2589","CZ0724089","91E0","CZ0270","VMB2_VMB0",2024-10-01,2007-09-06
"2590","CZ0724089","91E0","CZ0271","VMB1_VMB2",2011-08-06,2002-05-08
"2591","CZ0724089","91E0","CZ0272","VMB1_VMB2",2012-06-16,2002-07-10
"2592","CZ0724089","91E0","CZ0273","VMB1_VMB2",2017-08-18,2005-10-20
"2593","CZ0724089","91E0","CZ0274","VMB2_VMB0",2024-07-06,2010-07-05
"2594","CZ0724089","91E0","CZ0275","VMB1_VMB2",2019-08-21,2001-10-23
"2595","CZ0724089","91E0","CZ0276","VMB2_VMB0",2024-09-04,2010-09-30
"2596","CZ0724089","91E0","CZ0620","VMB1_VMB2",2013-10-09,2002-09-12
"2597","CZ0724089","91E0","CZ0621","VMB2_VMB0",2022-09-07,2008-08-26
"2598","CZ0724089","91E0","CZ0634","VMB2_VMB0",2023-10-14,2008-09-06
"2599","CZ0724089","91E0","CZ0635","VMB1_VMB2",2015-06-01,2002-08-27
"2600","CZ0724089","91E0","CZ1283","VMB1_VMB2",2015-09-14,2002-12-31
"2601","CZ0724089","91E0","CZ1284","VMB1_VMB2",2015-09-15,2003-07-23
"2602","CZ0724089","91E0","CZ1288","VMB1_VMB2",2015-09-22,2003-06-17
"2603","CZ0724089","91E0","CZ1338","VMB1_VMB2",2015-10-01,2002-08-16
"2604","CZ0724089","91E0","CZ1345","VMB1_VMB2",2018-09-03,2002-09-19
"2605","CZ0724089","91E0","CZ1351","VMB1_VMB2",2017-09-05,2002-08-30
"2606","CZ0724089","91E0","CZ1355","VMB1_VMB2",2017-09-11,2002-08-23
"2607","CZ0724089","91E0","CZ1362","VMB1_VMB2",2018-09-03,2002-09-18
"2608","CZ0724089","91E0","CZ1374","VMB1_VMB2",2019-09-04,2002-12-31
"2609","CZ0724089","91E0","CZ1383","VMB1_VMB2",2011-06-22,2002-10-05
"2610","CZ0724089","91E0","CZ1386","VMB1_VMB2",2011-09-16,2001-09-26
"2611","CZ0724089","91E0","CZ1392","VMB1_VMB2",2010-10-02,2002-07-28
"2612","CZ0724089","91E0","CZ1404","VMB1_VMB2",2012-10-04,2002-07-23
"2613","CZ0724089","91E0","CZ1414","VMB1_VMB2",2013-08-22,2001-09-14
"2614","CZ0724089","91E0","CZ1431","VMB1_VMB2",2017-08-31,2001-08-20
"2615","CZ0724089","91E0","CZ1439","VMB1_VMB2",2016-07-05,2002-10-05
"2616","CZ0724089","91E0","CZ1445","VMB1_VMB2",2012-08-06,2002-08-27
"2617","CZ0724089","91E0","CZ1470","VMB1_VMB2",2017-06-25,2002-09-10
"2618","CZ0724089","91E0","CZ1475","VMB1_VMB2",2015-09-18,2002-06-12
"2619","CZ0724089","91E0","CZ1477","VMB1_VMB2",2013-07-18,2003-07-05
"2620","CZ0724089","91E0","CZ1478","VMB1_VMB2",2014-10-29,2003-07-24
"2621","CZ0724089","91E0","CZ1481","VMB1_VMB2",2010-09-30,2002-08-01
"2622","CZ0724089","91E0","CZ1490","VMB1_VMB2",2012-08-19,2001-07-29
"2623","CZ0724089","91E0","CZ1498","VMB1_VMB2",2017-05-17,2002-08-27
"2624","CZ0724089","91E0","CZ1504","VMB2_VMB0",2023-08-12,2010-07-13
"2625","CZ0724089","91E0","CZ1515","VMB1_VMB2",2013-06-23,2003-07-05
"2626","CZ0724089","91E0","CZ1517","VMB1_VMB2",2018-09-02,2003-10-12
"2627","CZ0724089","91E0","CZ1531","VMB1_VMB2",2009-06-25,2002-07-12
"2628","CZ0724089","91E0","CZ1540","VMB1_VMB2",2010-07-12,2003-05-08
"2629","CZ0724089","91E0","CZ1552","VMB1_VMB2",2017-09-06,2002-09-20
"2630","CZ0724089","91E0","CZ1553","VMB1_VMB2",2018-09-07,2003-10-12
"2631","CZ0724089","91E0","CZ1559","VMB1_VMB2",2010-10-28,2002-09-17
"2632","CZ0724089","91E0","CZ1564","VMB1_VMB2",2017-07-01,2003-06-16
"2633","CZ0724089","91E0","CZ1577","VMB1_VMB2",2013-08-07,2003-08-27
"2634","CZ0724089","91E0","CZ1610","VMB1_VMB2",2019-10-14,2002-08-27
"2635","CZ0724089","91E0","CZ1619","VMB1_VMB2",2016-10-04,2003-10-28
"2636","CZ0724089","91E0","CZ1621","VMB1_VMB2",2009-09-18,2003-10-29
"2637","CZ0724089","91E0","CZ1625","VMB1_VMB2",2018-07-08,2003-10-17
"2638","CZ0724089","91E0","CZ1633","VMB1_VMB2",2012-08-20,2003-10-28
"2639","CZ0724089","91E0","CZ1640","VMB1_VMB2",2017-08-25,2002-11-13
"2640","CZ0724089","91E0","CZ1654","VMB1_VMB2",2012-09-03,2003-07-26
"2641","CZ0724089","91E0","CZ1656","VMB1_VMB2",2017-08-01,2003-06-20
"2642","CZ0724089","91E0","CZ1662","VMB1_VMB2",2017-08-21,2003-11-15
"2643","CZ0724089","91E0","CZ1663","VMB1_VMB2",2020-08-25,2003-11-15
"2644","CZ0724089","91E0","CZ1692","VMB1_VMB2",2018-09-19,2002-10-21
"2645","CZ0724089","91E0","CZ1706","VMB1_VMB2",2018-09-15,2002-07-06
"2646","CZ0724089","91E0","CZ1715","VMB1_VMB2",2012-09-19,2002-10-21
"2647","CZ0724089","91E0","CZ1806","VMB1_VMB2",2012-09-09,2005-09-24
"2648","CZ0724089","91E0","CZ1857","VMB1_VMB2",2017-07-07,2001-08-29
"2649","CZ0724089","9410","CZ0273","VMB1_VMB2",2017-08-31,2002-05-22
"2650","CZ0724089","9410","CZ0620","VMB1_VMB2",2013-10-15,2003-10-17
"2651","CZ0724089","9410","CZ0621","VMB2_VMB0",2022-09-07,2008-08-19
"2652","CZ0724089","9410","CZ0634","VMB2_VMB0",2023-09-26,2008-09-05
"2653","CZ0724089","9410","CZ1475","VMB1_VMB2",2015-07-30,2002-06-12
"2654","CZ0724089","9410","CZ1477","VMB1_VMB2",2013-07-18,2003-07-05
"2655","CZ0724089","9410","CZ1498","VMB1_VMB2",2017-05-17,2002-08-27
"2656","CZ0724089","9410","CZ1515","VMB1_VMB2",2013-06-23,2003-07-05
"2657","CZ0724089","9410","CZ1553","VMB1_VMB2",2018-09-07,2003-10-12
"2658","CZ0724089","9410","CZ1559","VMB1_VMB2",2010-10-03,2002-05-22
"2659","CZ0724089","9410","CZ1577","VMB1_VMB2",2013-08-07,2003-08-27
"2660","CZ0724089","9410","CZ1610","VMB1_VMB2",2019-10-08,2002-10-04
"2661","CZ0724089","9410","CZ1612","VMB1_VMB2",2016-09-26,2003-08-01
"2662","CZ0724089","9410","CZ1619","VMB1_VMB2",2016-10-04,2004-01-14
"2663","CZ0724089","9410","CZ1621","VMB1_VMB2",2009-09-19,2003-10-17
"2664","CZ0724089","9410","CZ1625","VMB1_VMB2",2018-06-12,2003-10-17
"2665","CZ0724089","9410","CZ1633","VMB1_VMB2",2012-08-19,2003-10-28
"2666","CZ0724089","9410","CZ1640","VMB1_VMB2",2017-08-22,2003-11-06
"2667","CZ0724089","9410","CZ1662","VMB1_VMB2",2017-08-16,2003-11-18
"2668","CZ0724089","9410","CZ1663","VMB1_VMB2",2020-08-26,2003-11-17
"2669","CZ0724090","9110","CZ0109","VMB2_VMB0",2023-06-14,2007-07-03
"2670","CZ0724090","9110","CZ1022","VMB1_VMB2",2010-07-05,2002-08-06
"2671","CZ0724090","9110","CZ1023","VMB1_VMB2",2017-09-26,2002-09-03
"2672","CZ0724090","9110","CZ1030","VMB1_VMB2",2018-08-03,2003-04-18
"2673","CZ0724090","9110","CZ1048","VMB1_VMB2",2015-09-16,2001-07-28
"2674","CZ0724090","9110","CZ1052","VMB1_VMB2",2016-06-18,2002-06-18
"2675","CZ0724090","9110","CZ1055","VMB1_VMB2",2017-06-01,2002-08-18
"2676","CZ0724090","9110","CZ1068","VMB1_VMB2",2015-09-05,2002-06-18
"2677","CZ0724090","9130","CZ0003","VMB2_VMB0",2021-07-06,2006-09-27
"2678","CZ0724090","9130","CZ0109","VMB2_VMB0",2023-06-18,2007-10-05
"2679","CZ0724090","9130","CZ0539","VMB1_VMB2",2008-07-12,2002-08-20
"2680","CZ0724090","9130","CZ1022","VMB1_VMB2",2010-07-05,2003-08-21
"2681","CZ0724090","9130","CZ1023","VMB1_VMB2",2017-09-30,2003-04-18
"2682","CZ0724090","9130","CZ1030","VMB1_VMB2",2018-09-24,2003-04-18
"2683","CZ0724090","9130","CZ1048","VMB1_VMB2",2015-10-05,2001-07-28
"2684","CZ0724090","9130","CZ1052","VMB1_VMB2",2016-06-18,2002-06-18
"2685","CZ0724090","9130","CZ1054","VMB1_VMB2",2012-06-22,2002-08-18
"2686","CZ0724090","9130","CZ1055","VMB1_VMB2",2017-07-13,2002-08-18
"2687","CZ0724090","9130","CZ1059","VMB1_VMB2",2018-08-10,2004-11-25
"2688","CZ0724090","9130","CZ1068","VMB1_VMB2",2015-09-06,2002-08-14
"2689","CZ0724090","9130","CZ1069","VMB1_VMB2",2012-05-22,2002-06-10
"2690","CZ0724090","9170","CZ0003","VMB2_VMB0",2021-07-06,2006-09-27
"2691","CZ0724090","9170","CZ0109","VMB2_VMB0",2023-06-15,2007-10-03
"2692","CZ0724090","9170","CZ0539","VMB1_VMB2",2008-07-15,2002-08-23
"2693","CZ0724090","9170","CZ1022","VMB1_VMB2",2010-07-05,2003-08-21
"2694","CZ0724090","9170","CZ1023","VMB1_VMB2",2017-09-22,2002-08-20
"2695","CZ0724090","9170","CZ1030","VMB1_VMB2",2018-09-24,2002-09-03
"2696","CZ0724090","9170","CZ1048","VMB1_VMB2",2015-10-21,2004-05-30
"2697","CZ0724090","9170","CZ1052","VMB1_VMB2",2016-06-18,2005-08-15
"2698","CZ0724090","9170","CZ1054","VMB1_VMB2",2012-06-22,2002-08-16
"2699","CZ0724090","9170","CZ1055","VMB1_VMB2",2017-09-08,2002-08-18
"2700","CZ0724090","9170","CZ1059","VMB1_VMB2",2018-08-10,2004-11-25
"2701","CZ0724090","9170","CZ1068","VMB1_VMB2",2015-09-05,2002-08-14
"2702","CZ0724090","9170","CZ1069","VMB1_VMB2",2012-05-23,2002-06-10
"2703","CZ0724090","9180","CZ0539","VMB1_VMB2",2008-07-12,2002-08-20
"2704","CZ0724090","9180","CZ1022","VMB1_VMB2",2010-06-18,2002-04-10
"2705","CZ0724090","9180","CZ1023","VMB1_VMB2",2017-09-26,2002-09-03
"2706","CZ0724090","9180","CZ1030","VMB1_VMB2",2018-08-04,2003-04-18
"2707","CZ0724090","9180","CZ1048","VMB1_VMB2",2015-10-21,2001-07-28
"2708","CZ0724090","9180","CZ1052","VMB1_VMB2",2016-06-09,2001-07-20
"2709","CZ0724090","9180","CZ1055","VMB1_VMB2",2017-06-08,2001-07-05
"2710","CZ0724090","9180","CZ1069","VMB1_VMB2",2012-05-21,2002-06-10
"2711","CZ0724090","91E0","CZ0003","VMB2_VMB0",2021-07-06,2006-09-27
"2712","CZ0724090","91E0","CZ0109","VMB2_VMB0",2023-06-18,2007-10-06
"2713","CZ0724090","91E0","CZ0539","VMB1_VMB2",2008-07-11,2005-08-15
"2714","CZ0724090","91E0","CZ1022","VMB1_VMB2",2010-06-10,2003-08-21
"2715","CZ0724090","91E0","CZ1023","VMB1_VMB2",2017-09-30,2002-08-20
"2716","CZ0724090","91E0","CZ1030","VMB1_VMB2",2018-09-24,2003-04-18
"2717","CZ0724090","91E0","CZ1048","VMB1_VMB2",2015-10-02,2001-07-20
"2718","CZ0724090","91E0","CZ1052","VMB1_VMB2",2016-06-17,2002-06-18
"2719","CZ0724090","91E0","CZ1054","VMB1_VMB2",2012-06-22,2002-08-16
"2720","CZ0724090","91E0","CZ1055","VMB1_VMB2",2017-09-08,2002-08-18
"2721","CZ0724090","91E0","CZ1059","VMB1_VMB2",2018-08-10,2001-09-18
"2722","CZ0724090","91E0","CZ1068","VMB1_VMB2",2015-09-05,2005-08-15
"2723","CZ0724090","91E0","CZ1069","VMB1_VMB2",2012-05-23,2002-06-10
"2724","CZ0724090","91G0","CZ0109","VMB1_VMB2",2007-06-27,2002-07-25
"2725","CZ0724090","91G0","CZ1022","VMB1_VMB2",2010-07-05,2001-06-22
"2726","CZ0724090","91G0","CZ1055","VMB1_VMB2",2017-07-14,2001-07-05
"2727","CZ0724090","91I0","CZ1022","VMB1_VMB2",2010-07-05,2003-08-21
"2728","CZ0724090","91I0","CZ1048","VMB1_VMB2",2015-10-09,2001-07-28
"2729","CZ0724090","91I0","CZ1055","VMB1_VMB2",2017-09-08,2002-08-17
"2730","CZ0724090","91I0","CZ1059","VMB1_VMB2",2018-08-06,2001-09-18
"2731","CZ0724091","9130","CZ0112","VMB2_VMB0",2025-09-07,2015-06-12
"2732","CZ0724091","9130","CZ0113","VMB1_VMB2",2014-05-02,2003-07-09
"2733","CZ0724091","9130","CZ0527","VMB2_VMB0",2022-07-20,2008-08-16
"2734","CZ0724091","9130","CZ0565","VMB2_VMB0",2024-10-01,2008-09-07
"2735","CZ0724091","9130","CZ0569","VMB2_VMB0",2023-09-04,2015-03-10
"2736","CZ0724091","9130","CZ0577","VMB2_VMB0",2023-10-01,2015-10-22
"2737","CZ0724091","9130","CZ0586","VMB2_VMB0",2021-08-26,2008-07-06
"2738","CZ0724091","9130","CZ1191","VMB1_VMB2",2019-06-11,2005-09-30
"2739","CZ0724091","9130","CZ1198","VMB1_VMB2",2015-10-14,2003-05-03
"2740","CZ0724091","9130","CZ1200","VMB1_VMB2",2010-08-10,2005-10-03
"2741","CZ0724091","9130","CZ1225","VMB1_VMB2",2010-08-10,2001-06-28
"2742","CZ0724091","9130","CZ1234","VMB1_VMB2",2015-10-18,2003-05-16
"2743","CZ0724091","9130","CZ1253","VMB1_VMB2",2015-10-25,2005-09-28
"2744","CZ0724091","9130","CZ1272","VMB1_VMB2",2015-08-27,2003-06-28
"2745","CZ0724091","9130","CZ1327","VMB1_VMB2",2014-04-09,2002-05-05
"2746","CZ0724091","9170","CZ0112","VMB2_VMB0",2025-09-07,2015-08-06
"2747","CZ0724091","9170","CZ0113","VMB1_VMB2",2014-05-02,2003-07-09
"2748","CZ0724091","9170","CZ0527","VMB2_VMB0",2022-07-27,2008-08-15
"2749","CZ0724091","9170","CZ0565","VMB2_VMB0",2024-10-01,2008-09-22
"2750","CZ0724091","9170","CZ0569","VMB2_VMB0",2023-09-04,2015-10-20
"2751","CZ0724091","9170","CZ0577","VMB2_VMB0",2023-10-01,2015-06-25
"2752","CZ0724091","9170","CZ0586","VMB2_VMB0",2021-09-09,2008-07-06
"2753","CZ0724091","9170","CZ1191","VMB1_VMB2",2019-06-11,2003-07-26
"2754","CZ0724091","9170","CZ1198","VMB1_VMB2",2015-10-14,2005-09-30
"2755","CZ0724091","9170","CZ1200","VMB1_VMB2",2010-08-10,2002-06-26
"2756","CZ0724091","9170","CZ1225","VMB1_VMB2",2010-08-10,2001-10-02
"2757","CZ0724091","9170","CZ1234","VMB1_VMB2",2015-10-18,2003-04-12
"2758","CZ0724091","9170","CZ1253","VMB1_VMB2",2015-10-25,2002-08-06
"2759","CZ0724091","9170","CZ1272","VMB1_VMB2",2015-08-27,2003-06-28
"2760","CZ0724091","9170","CZ1327","VMB1_VMB2",2014-04-08,2002-05-10
"2761","CZ0724091","9180","CZ0569","VMB1_VMB2",2008-07-24,2005-10-02
"2762","CZ0724091","9180","CZ0577","VMB1_VMB2",2008-08-28,2003-06-11
"2763","CZ0724091","9180","CZ1253","VMB1_VMB2",2015-10-21,2002-08-05
"2764","CZ0724091","9180","CZ1272","VMB1_VMB2",2015-05-28,2003-05-28
"2765","CZ0724091","91E0","CZ0112","VMB2_VMB0",2025-09-07,2015-08-26
"2766","CZ0724091","91E0","CZ0113","VMB1_VMB2",2014-04-30,2003-07-09
"2767","CZ0724091","91E0","CZ0527","VMB2_VMB0",2022-07-27,2007-09-16
"2768","CZ0724091","91E0","CZ0565","VMB2_VMB0",2024-08-22,2008-09-07
"2769","CZ0724091","91E0","CZ0569","VMB2_VMB0",2023-09-04,2008-09-07
"2770","CZ0724091","91E0","CZ0577","VMB2_VMB0",2023-10-01,2008-09-20
"2771","CZ0724091","91E0","CZ0586","VMB2_VMB0",2021-09-09,2008-07-06
"2772","CZ0724091","91E0","CZ1175","VMB1_VMB2",2009-08-17,2001-07-09
"2773","CZ0724091","91E0","CZ1191","VMB1_VMB2",2019-06-09,2002-06-26
"2774","CZ0724091","91E0","CZ1198","VMB1_VMB2",2015-10-12,2005-09-30
"2775","CZ0724091","91E0","CZ1200","VMB1_VMB2",2010-08-10,2005-10-03
"2776","CZ0724091","91E0","CZ1234","VMB1_VMB2",2015-10-17,2005-09-29
"2777","CZ0724091","91E0","CZ1253","VMB1_VMB2",2015-10-25,2005-09-28
"2778","CZ0724091","91E0","CZ1272","VMB1_VMB2",2015-08-26,2003-05-15
"2779","CZ0724091","91E0","CZ1327","VMB1_VMB2",2014-04-08,2002-04-29
"2780","CZ0724107","91F0","CZ1150","VMB1_VMB2",2009-08-17,2004-08-15
"2781","CZ0724120","91E0","CZ0559","VMB2_VMB0",2020-04-28,2008-09-04
"2782","CZ0724120","91F0","CZ0559","VMB2_VMB0",2020-04-23,2008-09-02
"2783","CZ0724121","9130","CZ0614","VMB1_VMB2",2008-09-15,2003-05-09
"2784","CZ0724121","9170","CZ0614","VMB1_VMB2",2008-06-21,2003-05-09
"2785","CZ0724429","9110","CZ0111","VMB1_VMB2",2007-09-21,2004-07-31
"2786","CZ0724429","9110","CZ1448","VMB2_VMB0",2024-06-30,2009-10-16
"2787","CZ0724429","9110","CZ1483","VMB1_VMB2",2010-09-16,2002-10-20
"2788","CZ0724429","9110","CZ1513","VMB1_VMB2",2002-11-18,2002-10-30
"2789","CZ0724429","9130","CZ0111","VMB1_VMB2",2007-09-21,2004-07-31
"2790","CZ0724429","9130","CZ1448","VMB2_VMB0",2024-07-02,2010-09-16
"2791","CZ0724429","9130","CZ1483","VMB1_VMB2",2010-09-18,2002-10-20
"2792","CZ0724429","9180","CZ0111","VMB1_VMB2",2007-09-21,2004-07-31
"2793","CZ0724429","9180","CZ1448","VMB2_VMB0",2024-07-02,2009-10-16
"2794","CZ0724430","9130","CZ0545","VMB2_VMB0",2025-04-19,2009-06-18
"2795","CZ0724430","9130","CZ0551","VMB1_VMB2",2014-07-31,2004-06-10
"2796","CZ0724430","9130","CZ1135","VMB1_VMB2",2018-09-29,2004-06-10
"2797","CZ0724430","9170","CZ0545","VMB2_VMB0",2024-05-30,2009-06-17
"2798","CZ0724430","9170","CZ0551","VMB1_VMB2",2014-07-17,2004-06-10
"2799","CZ0724430","9170","CZ1135","VMB1_VMB2",2018-09-27,2004-06-10
"2800","CZ0724430","9180","CZ0545","VMB1_VMB2",2009-06-18,2002-08-16
"2801","CZ0724430","9180","CZ1135","VMB1_VMB2",2018-09-27,2002-05-05
"2802","CZ0724430","91E0","CZ0545","VMB2_VMB0",2025-04-19,2009-06-18
"2803","CZ0724430","91E0","CZ0551","VMB1_VMB2",2014-07-31,2002-08-24
"2804","CZ0724430","91E0","CZ1135","VMB1_VMB2",2018-09-29,2002-09-07
"2805","CZ0810001","9180","CZ0511","VMB1_VMB2",2008-06-30,2002-05-12
"2806","CZ0810004","9170","CZ0661","VMB1_VMB2",2014-08-29,2001-11-08
"2807","CZ0810004","9170","CZ0663","VMB1_VMB2",2008-07-26,2001-11-08
"2808","CZ0810004","9170","CZ0669","VMB1_VMB2",2008-08-20,2005-09-23
"2809","CZ0810004","91E0","CZ0661","VMB1_VMB2",2014-04-24,2001-11-09
"2810","CZ0810004","91E0","CZ0669","VMB1_VMB2",2008-08-03,2005-09-23
"2811","CZ0810014","91E0","CZ2406","VMB1_VMB2",2016-09-19,2002-06-04
"2812","CZ0810018","9110","CZ0049","VMB2_VMB0",2022-09-28,2006-09-01
"2813","CZ0810018","9110","CZ2289","VMB1_VMB2",2014-07-23,2002-10-24
"2814","CZ0810018","9110","CZ2311","VMB1_VMB2",2014-09-17,2002-10-08
"2815","CZ0810018","9130","CZ0049","VMB2_VMB0",2022-09-29,2006-08-25
"2816","CZ0810018","9130","CZ2289","VMB1_VMB2",2014-07-23,2002-10-24
"2817","CZ0810018","9180","CZ0049","VMB2_VMB0",2022-09-29,2006-09-01
"2818","CZ0810018","9180","CZ2289","VMB1_VMB2",2014-07-23,2002-10-24
"2819","CZ0810021","9180","CZ0510","VMB1_VMB2",2008-09-28,2001-08-11
"2820","CZ0810031","9130","CZ0251","VMB2_VMB0",2025-08-20,2007-07-30
"2821","CZ0810032","9130","CZ0053","VMB2_VMB0",2022-05-19,2006-08-14
"2822","CZ0810036","9180","CZ0511","VMB1_VMB2",2008-06-29,2001-06-10
"2823","CZ0810423","9170","CZ2367","VMB1_VMB2",2010-06-10,2001-07-03
"2824","CZ0810423","9190","CZ2367","VMB1_VMB2",2010-06-10,2001-07-03
"2825","CZ0813456","91E0","CZ0759","VMB2_VMB0",2022-09-13,2016-07-24
"2826","CZ0813456","91E0","CZ0761","VMB1_VMB2",2008-10-28,2002-10-23
"2827","CZ0813456","91E0","CZ2286","VMB1_VMB2",2016-07-24,2003-09-27
"2828","CZ0813456","91E0","CZ2399","VMB1_VMB2",2017-05-19,2002-10-23
"2829","CZ0813456","91E0","CZ2436","VMB1_VMB2",2009-10-27,2002-06-04
"2830","CZ0813474","9130","CZ2157","VMB2_VMB0",2020-09-15,2009-07-02
"2831","CZ0813516","91E0","CZ1810","VMB1_VMB2",2021-02-04,2004-09-01
"2832","CZ0814092","9170","CZ0036","VMB2_VMB0",2024-06-21,2006-09-12
"2833","CZ0814092","9170","CZ0678","VMB2_VMB0",2022-06-30,2008-09-19
"2834","CZ0814092","9170","CZ1830","VMB1_VMB2",2012-05-10,2002-10-04
"2835","CZ0814092","9170","CZ1882","VMB1_VMB2",2012-05-19,2004-07-16
"2836","CZ0814092","9170","CZ1904","VMB1_VMB2",2009-07-31,2002-11-13
"2837","CZ0814092","9170","CZ1970","VMB1_VMB2",2011-08-30,2004-06-10
"2838","CZ0814092","9170","CZ2011","VMB2_VMB0",2023-10-14,2010-05-30
"2839","CZ0814092","91E0","CZ0036","VMB2_VMB0",2024-06-21,2010-08-07
"2840","CZ0814092","91E0","CZ0678","VMB2_VMB0",2022-10-15,2008-09-23
"2841","CZ0814092","91E0","CZ1830","VMB1_VMB2",2012-05-10,2002-10-04
"2842","CZ0814092","91E0","CZ1882","VMB1_VMB2",2012-05-20,2004-07-16
"2843","CZ0814092","91E0","CZ1904","VMB1_VMB2",2009-08-23,2005-08-12
"2844","CZ0814092","91E0","CZ1916","VMB1_VMB2",2012-05-21,2002-09-10
"2845","CZ0814092","91E0","CZ1953","VMB1_VMB2",2012-06-30,2002-04-20
"2846","CZ0814092","91E0","CZ1963","VMB1_VMB2",2012-08-19,2002-07-10
"2847","CZ0814092","91E0","CZ1970","VMB1_VMB2",2013-08-23,2002-11-11
"2848","CZ0814092","91E0","CZ2056","VMB1_VMB2",2010-08-18,2004-05-20
"2849","CZ0814092","91F0","CZ0036","VMB2_VMB0",2024-06-21,2006-09-27
"2850","CZ0814092","91F0","CZ0678","VMB2_VMB0",2022-06-30,2008-08-22
"2851","CZ0814092","91F0","CZ1830","VMB1_VMB2",2012-05-09,2005-07-25
"2852","CZ0814092","91F0","CZ1882","VMB1_VMB2",2012-05-20,2004-07-16
"2853","CZ0814092","91F0","CZ1904","VMB1_VMB2",2009-08-19,2005-08-12
"2854","CZ0814092","91F0","CZ1963","VMB1_VMB2",2012-07-03,2002-05-23
"2855","CZ0814092","91F0","CZ1970","VMB1_VMB2",2013-08-11,2005-08-18
"2856","CZ0814092","91F0","CZ2056","VMB1_VMB2",2010-09-08,2004-05-20
"2857","CZ0814093","91E0","CZ2243","VMB1_VMB2",2012-06-06,2002-06-15
