kod_chu,DRUH,ID_IND,KLIC,ROK,POLE,NAZEV_LOK,ID_ND_AKCE,HOD_IND,TYP_IND,LIM_IND,JEDNOTKA,LIM_INDLIST,STAV_IND,UROVEN,IND_GRP,CILMON_CHU
CZ0210111,Pulsatilla patens,LOK_PROCDOBR,ano,"2018, 2015, 2016, 2017, 2020, 2021, 2022, 2023, 2024",5555a,"PP Paterovské stráně, bor při zatáčce silnice do Hrdlořez, Bělá pod Bezdězem","10447875, 11275016, 11275017, 11275018, 11275019, 11773088, 11773089, 12488300, 12968136, 13029321",0,min,50,% lokalit v dobrém stavu,alespoň 50 % lokalit v dobrém stavu,špatný,chu,minmax,1
CZ0210111,Pulsatilla patens,POP_PROCDOB,ano,"2018, 2015, 2016, 2017, 2020, 2021, 2022, 2023, 2024",5555a,"PP Paterovské stráně, bor při zatáčce silnice do Hrdlořez, Bělá pod Bezdězem","10447875, 11275016, 11275017, 11275018, 11275019, 11773088, 11773089, 12488300, 12968136, 13029321",0,min,50,% populace v dobrém stavu,alespoň 50 % populace v dobrém stavu,špatný,chu,minmax,1
CZ0210111,Pulsatilla patens,CELKOVE_HODNOCENI,NA,"2018, 2015, 2016, 2017, 2020, 2021, 2022, 2023, 2024",5555a,"PP Paterovské stráně, bor při zatáčce silnice do Hrdlořez, Bělá pod Bezdězem","10447875, 11275016, 11275017, 11275018, 11275019, 11773088, 11773089, 12488300, 12968136, 13029321",špatný,NA,NA,NA,NA,špatný,chu,NA,1
CZ0414127,Pulsatilla patens,LOK_PROCDOBR,ano,"2018, 2019, 2020, 2017, 2021, 2022, 2023, 2012, 2014, 2013, 2015, 2016","5645c, 5644d","Žďár u Hradiště, Jindřichov 1, Dubový vrch 4, Dubina - západ, U Dubiny, Jindřichov 2, Havraň, Jindřichov 4, Humnický vrch, Jindřichov 3, Žďár u Hradiště_32070178, Žďár u Hradiště_32070201, Žďár u Hradiště_32070247, Žďár u Hradiště_32070249, Lesná","10259669, 10604278, 11275294, 10604279, 11275199, 11080663, 11080666, 11275142, 11275143, 11275144, 11275197, 11275198, 11275226, 11275227, 11275268, 11275292, 11275293, 11275384, 11275385, 11275386, 11275387, 11275758, 11275759, 11275760, 11446098, 11772607, 11446099, 11772609, 11446101, 11772611, 11450763, 11450764, 11450765, 11772606, 11772608, 11772610, 11772612, 11772613, 11772614, 11772615, 11777135, 12988736, 11777916, 12988769, 12675506, 12675574, 12675578, 12675867, 12968128, 12968130, 12968131, 12968132, 12968134, 12968135, 12968137, 12988735, 12988751, 12988755, 12988758, 12988784, 8574253, 8574346, 8574349, 8574458, 8574725, 9171121, 9171242, 9171243, 9171319, 9171320, 9171738, 9171775, 9171776, 9171843, 9171844, 9171894, 9171895, 9813303, 9813304, 9813362, 9813363, 11275225, 9813480, 9813481, 9813502, 9813503, 9813504, 9813505, 9813506, 9813507, 9813508, 9813509, 9813510, 9813687",0,min,50,% lokalit v dobrém stavu,alespoň 50 % lokalit v dobrém stavu,špatný,chu,minmax,1
CZ0414127,Pulsatilla patens,POP_PROCDOB,ano,"2018, 2019, 2020, 2017, 2021, 2022, 2023, 2012, 2014, 2013, 2015, 2016","5645c, 5644d","Žďár u Hradiště, Jindřichov 1, Dubový vrch 4, Dubina - západ, U Dubiny, Jindřichov 2, Havraň, Jindřichov 4, Humnický vrch, Jindřichov 3, Žďár u Hradiště_32070178, Žďár u Hradiště_32070201, Žďár u Hradiště_32070247, Žďár u Hradiště_32070249, Lesná","10259669, 10604278, 11275294, 10604279, 11275199, 11080663, 11080666, 11275142, 11275143, 11275144, 11275197, 11275198, 11275226, 11275227, 11275268, 11275292, 11275293, 11275384, 11275385, 11275386, 11275387, 11275758, 11275759, 11275760, 11446098, 11772607, 11446099, 11772609, 11446101, 11772611, 11450763, 11450764, 11450765, 11772606, 11772608, 11772610, 11772612, 11772613, 11772614, 11772615, 11777135, 12988736, 11777916, 12988769, 12675506, 12675574, 12675578, 12675867, 12968128, 12968130, 12968131, 12968132, 12968134, 12968135, 12968137, 12988735, 12988751, 12988755, 12988758, 12988784, 8574253, 8574346, 8574349, 8574458, 8574725, 9171121, 9171242, 9171243, 9171319, 9171320, 9171738, 9171775, 9171776, 9171843, 9171844, 9171894, 9171895, 9813303, 9813304, 9813362, 9813363, 11275225, 9813480, 9813481, 9813502, 9813503, 9813504, 9813505, 9813506, 9813507, 9813508, 9813509, 9813510, 9813687",0,min,50,% populace v dobrém stavu,alespoň 50 % populace v dobrém stavu,špatný,chu,minmax,1
CZ0414127,Pulsatilla patens,CELKOVE_HODNOCENI,NA,"2018, 2019, 2020, 2017, 2021, 2022, 2023, 2012, 2014, 2013, 2015, 2016","5645c, 5644d","Žďár u Hradiště, Jindřichov 1, Dubový vrch 4, Dubina - západ, U Dubiny, Jindřichov 2, Havraň, Jindřichov 4, Humnický vrch, Jindřichov 3, Žďár u Hradiště_32070178, Žďár u Hradiště_32070201, Žďár u Hradiště_32070247, Žďár u Hradiště_32070249, Lesná","10259669, 10604278, 11275294, 10604279, 11275199, 11080663, 11080666, 11275142, 11275143, 11275144, 11275197, 11275198, 11275226, 11275227, 11275268, 11275292, 11275293, 11275384, 11275385, 11275386, 11275387, 11275758, 11275759, 11275760, 11446098, 11772607, 11446099, 11772609, 11446101, 11772611, 11450763, 11450764, 11450765, 11772606, 11772608, 11772610, 11772612, 11772613, 11772614, 11772615, 11777135, 12988736, 11777916, 12988769, 12675506, 12675574, 12675578, 12675867, 12968128, 12968130, 12968131, 12968132, 12968134, 12968135, 12968137, 12988735, 12988751, 12988755, 12988758, 12988784, 8574253, 8574346, 8574349, 8574458, 8574725, 9171121, 9171242, 9171243, 9171319, 9171320, 9171738, 9171775, 9171776, 9171843, 9171844, 9171894, 9171895, 9813303, 9813304, 9813362, 9813363, 11275225, 9813480, 9813481, 9813502, 9813503, 9813504, 9813505, 9813506, 9813507, 9813508, 9813509, 9813510, 9813687",špatný,NA,NA,NA,NA,špatný,chu,NA,1
CZ0422075,Pulsatilla patens,LOK_PROCDOBR,ano,"2018, 2020, 2017, 2019, 2021, 2022, 2023, 2024, 2012, 2013, 2014, 2015, 2016",5449d,"Boreč u Lovosic, Boreč, Borečský vrch, 2587, Bílinka, EVL Borečský vrch, snímek 2 - plocha v lomu s P. patens, EVL Borečský vrch, snímek 2 - plocha v lomu s P. patens - kontrolní, Boreč u Lovosic_33220352, Boreč u Lovosic_33220358","10548321, 11092083, 11275446, 11275447, 11275448, 11275449, 11772535, 11772536, 11795831, 12029693, 12029694, 12029695, 12488298, 12716889, 13437599, 8574319, 9171612, 9171613, 9765532, 9765538, 9813046, 9813047, 9813048, 9813049",0,min,50,% lokalit v dobrém stavu,alespoň 50 % lokalit v dobrém stavu,špatný,chu,minmax,1
CZ0422075,Pulsatilla patens,POP_PROCDOB,ano,"2018, 2020, 2017, 2019, 2021, 2022, 2023, 2024, 2012, 2013, 2014, 2015, 2016",5449d,"Boreč u Lovosic, Boreč, Borečský vrch, 2587, Bílinka, EVL Borečský vrch, snímek 2 - plocha v lomu s P. patens, EVL Borečský vrch, snímek 2 - plocha v lomu s P. patens - kontrolní, Boreč u Lovosic_33220352, Boreč u Lovosic_33220358","10548321, 11092083, 11275446, 11275447, 11275448, 11275449, 11772535, 11772536, 11795831, 12029693, 12029694, 12029695, 12488298, 12716889, 13437599, 8574319, 9171612, 9171613, 9765532, 9765538, 9813046, 9813047, 9813048, 9813049",0,min,50,% populace v dobrém stavu,alespoň 50 % populace v dobrém stavu,špatný,chu,minmax,1
CZ0422075,Pulsatilla patens,CELKOVE_HODNOCENI,NA,"2018, 2020, 2017, 2019, 2021, 2022, 2023, 2024, 2012, 2013, 2014, 2015, 2016",5449d,"Boreč u Lovosic, Boreč, Borečský vrch, 2587, Bílinka, EVL Borečský vrch, snímek 2 - plocha v lomu s P. patens, EVL Borečský vrch, snímek 2 - plocha v lomu s P. patens - kontrolní, Boreč u Lovosic_33220352, Boreč u Lovosic_33220358","10548321, 11092083, 11275446, 11275447, 11275448, 11275449, 11772535, 11772536, 11795831, 12029693, 12029694, 12029695, 12488298, 12716889, 13437599, 8574319, 9171612, 9171613, 9765532, 9765538, 9813046, 9813047, 9813048, 9813049",špatný,NA,NA,NA,NA,špatný,chu,NA,1
CZ0424030,Pulsatilla patens,LOK_PROCDOBR,ano,"2017, 2018, 2019, 2020, 2021, 2023, 2012, 2013, 2014, 2015, 2016",5546a,"Krásná Lípa, Krásná Lípa u Křimova_33440275","11275203, 11275204, 11275205, 11275206, 11773343, 13029319, 8574317, 9171590, 9171591, 9767314, 9813635, 9813636",0,min,50,% lokalit v dobrém stavu,alespoň 50 % lokalit v dobrém stavu,špatný,chu,minmax,1
CZ0424030,Pulsatilla patens,POP_PROCDOB,ano,"2017, 2018, 2019, 2020, 2021, 2023, 2012, 2013, 2014, 2015, 2016",5546a,"Krásná Lípa, Krásná Lípa u Křimova_33440275","11275203, 11275204, 11275205, 11275206, 11773343, 13029319, 8574317, 9171590, 9171591, 9767314, 9813635, 9813636",0,min,50,% populace v dobrém stavu,alespoň 50 % populace v dobrém stavu,špatný,chu,minmax,1
CZ0424030,Pulsatilla patens,CELKOVE_HODNOCENI,NA,"2017, 2018, 2019, 2020, 2021, 2023, 2012, 2013, 2014, 2015, 2016",5546a,"Krásná Lípa, Krásná Lípa u Křimova_33440275","11275203, 11275204, 11275205, 11275206, 11773343, 13029319, 8574317, 9171590, 9171591, 9767314, 9813635, 9813636",špatný,NA,NA,NA,NA,špatný,chu,NA,1
CZ0424038,Pulsatilla patens,LOK_PROCDOBR,ano,"2019, 2017, 2018, 2020, 2021, 2022, 2023, 2024, 2012, 2013, 2014, 2015, 2016",5450b,"24719, Hlinná, Holý vrch, Hradiště u Hlinné, Holý Vrch P1, Holý vrch P4, EVL Holý vrch u Hlinné, snímek 2 - plocha s P.patens - s managementem, Hlinná, Hlinná_1250315, Hlinná_1250327, Hlinná_1250995, Hlinná_1250364, Holy vrch, Hradiste, Hlinna, Holý vrch - Hradiště","10610824, 11275592, 11275593, 11275594, 11275720, 11275721, 11275722, 11717182, 11717200, 11772519, 11772520, 11773221, 11773222, 11776685, 11795675, 12029700, 12029701, 12029702, 12085143, 12085144, 12255664, 12716888, 12732164, 13437594, 13437597, 8574060, 8574318, 9099510, 9099659, 9099700, 9099788, 9171032, 9171033, 9171739, 9171740, 9527176, 9788129, 9813395, 9813396, 9813397, 9813451, 9813452, 9813453",0,min,50,% lokalit v dobrém stavu,alespoň 50 % lokalit v dobrém stavu,špatný,chu,minmax,1
CZ0424038,Pulsatilla patens,POP_PROCDOB,ano,"2019, 2017, 2018, 2020, 2021, 2022, 2023, 2024, 2012, 2013, 2014, 2015, 2016",5450b,"24719, Hlinná, Holý vrch, Hradiště u Hlinné, Holý Vrch P1, Holý vrch P4, EVL Holý vrch u Hlinné, snímek 2 - plocha s P.patens - s managementem, Hlinná, Hlinná_1250315, Hlinná_1250327, Hlinná_1250995, Hlinná_1250364, Holy vrch, Hradiste, Hlinna, Holý vrch - Hradiště","10610824, 11275592, 11275593, 11275594, 11275720, 11275721, 11275722, 11717182, 11717200, 11772519, 11772520, 11773221, 11773222, 11776685, 11795675, 12029700, 12029701, 12029702, 12085143, 12085144, 12255664, 12716888, 12732164, 13437594, 13437597, 8574060, 8574318, 9099510, 9099659, 9099700, 9099788, 9171032, 9171033, 9171739, 9171740, 9527176, 9788129, 9813395, 9813396, 9813397, 9813451, 9813452, 9813453",0,min,50,% populace v dobrém stavu,alespoň 50 % populace v dobrém stavu,špatný,chu,minmax,1
CZ0424038,Pulsatilla patens,CELKOVE_HODNOCENI,NA,"2019, 2017, 2018, 2020, 2021, 2022, 2023, 2024, 2012, 2013, 2014, 2015, 2016",5450b,"24719, Hlinná, Holý vrch, Hradiště u Hlinné, Holý Vrch P1, Holý vrch P4, EVL Holý vrch u Hlinné, snímek 2 - plocha s P.patens - s managementem, Hlinná, Hlinná_1250315, Hlinná_1250327, Hlinná_1250995, Hlinná_1250364, Holy vrch, Hradiste, Hlinna, Holý vrch - Hradiště","10610824, 11275592, 11275593, 11275594, 11275720, 11275721, 11275722, 11717182, 11717200, 11772519, 11772520, 11773221, 11773222, 11776685, 11795675, 12029700, 12029701, 12029702, 12085143, 12085144, 12255664, 12716888, 12732164, 13437594, 13437597, 8574060, 8574318, 9099510, 9099659, 9099700, 9099788, 9171032, 9171033, 9171739, 9171740, 9527176, 9788129, 9813395, 9813396, 9813397, 9813451, 9813452, 9813453",špatný,NA,NA,NA,NA,špatný,chu,NA,1
CZ0424125,Pulsatilla patens,LOK_PROCDOBR,ano,"2018, 2019, 2020, 2017, 2021, 2022, 2023, 2024, 2012, 2013, 2014, 2015, 2016","5645d, 5645c","kopeček V od vrcholu Dubiny, Úhošťany, Zvoníčkov, Dubina - sedlo, Dubina - u borovic, Dubina - pahorek u silnice, Dubový vrch 2, Pastviny, Dubový vrch 1, Dubový vrch 3, Kadaň, 22423, Dubový vrch - vrstevnicová mez s jalovcem, Dubový vrch - Z okolí pahorku, Dubový vrch - U lípy, Dubový vrch - krátká vrstevnicová mez, Dubový vrch - dlouhá vrstevnicová mez, Dubový vrch - prudká stráň u borového hájku, Dubový vrch - spádnicová kamenná mez, Dubový vrch, Úhošťany_32070285, Úhošťany_32070584, Úhošťany_32070284, Úhošťany_32070298, Úhošťany - Dubový vrch, Dubina u Zvoníčkova 1, Dubina - Zvoníčkov 3, Dubina 4, Dubina 5, Dubina 6, Dubina 7","10158798, 10259668, 10604280, 11275221, 11080660, 11080662, 11117231, 11275207, 11275208, 11275209, 11275219, 11275220, 11275246, 11275247, 11275248, 11275249, 11275250, 11275251, 11275252, 11275253, 11275254, 11275255, 11444718, 11450431, 11772599, 11450754, 11450755, 11450756, 11450757, 11450758, 11450759, 11450761, 11450762, 11450766, 11454402, 11773344, 11460457, 11460458, 11460459, 11460460, 11460461, 11460462, 11460548, 11460552, 11772598, 11772600, 11772601, 11772602, 11772603, 11772604, 11772605, 11787935, 12988734, 11797014, 12988747, 12488329, 12488330, 12792644, 12488331, 12675516, 12675604, 12675702, 12675931, 12835044, 12847964, 12958547, 12958554, 12968124, 12968125, 12968127, 12968129, 12968133, 12988748, 13819127, 8574151, 8574345, 8574348, 8574565, 8574662, 8904676, 8904681, 8905859, 8906062, 8906063, 8906064, 8906066, 9016303, 9171378, 9171379, 9171457, 9171528, 9171529, 9171691, 9171692, 9171898, 9171899, 9813296, 9813297, 9813298, 9813299, 9813300, 9813301, 9813302, 9814032, 9814033, 9814793, 9814794",0,min,50,% lokalit v dobrém stavu,alespoň 50 % lokalit v dobrém stavu,špatný,chu,minmax,1
CZ0424125,Pulsatilla patens,POP_PROCDOB,ano,"2018, 2019, 2020, 2017, 2021, 2022, 2023, 2024, 2012, 2013, 2014, 2015, 2016","5645d, 5645c","kopeček V od vrcholu Dubiny, Úhošťany, Zvoníčkov, Dubina - sedlo, Dubina - u borovic, Dubina - pahorek u silnice, Dubový vrch 2, Pastviny, Dubový vrch 1, Dubový vrch 3, Kadaň, 22423, Dubový vrch - vrstevnicová mez s jalovcem, Dubový vrch - Z okolí pahorku, Dubový vrch - U lípy, Dubový vrch - krátká vrstevnicová mez, Dubový vrch - dlouhá vrstevnicová mez, Dubový vrch - prudká stráň u borového hájku, Dubový vrch - spádnicová kamenná mez, Dubový vrch, Úhošťany_32070285, Úhošťany_32070584, Úhošťany_32070284, Úhošťany_32070298, Úhošťany - Dubový vrch, Dubina u Zvoníčkova 1, Dubina - Zvoníčkov 3, Dubina 4, Dubina 5, Dubina 6, Dubina 7","10158798, 10259668, 10604280, 11275221, 11080660, 11080662, 11117231, 11275207, 11275208, 11275209, 11275219, 11275220, 11275246, 11275247, 11275248, 11275249, 11275250, 11275251, 11275252, 11275253, 11275254, 11275255, 11444718, 11450431, 11772599, 11450754, 11450755, 11450756, 11450757, 11450758, 11450759, 11450761, 11450762, 11450766, 11454402, 11773344, 11460457, 11460458, 11460459, 11460460, 11460461, 11460462, 11460548, 11460552, 11772598, 11772600, 11772601, 11772602, 11772603, 11772604, 11772605, 11787935, 12988734, 11797014, 12988747, 12488329, 12488330, 12792644, 12488331, 12675516, 12675604, 12675702, 12675931, 12835044, 12847964, 12958547, 12958554, 12968124, 12968125, 12968127, 12968129, 12968133, 12988748, 13819127, 8574151, 8574345, 8574348, 8574565, 8574662, 8904676, 8904681, 8905859, 8906062, 8906063, 8906064, 8906066, 9016303, 9171378, 9171379, 9171457, 9171528, 9171529, 9171691, 9171692, 9171898, 9171899, 9813296, 9813297, 9813298, 9813299, 9813300, 9813301, 9813302, 9814032, 9814033, 9814793, 9814794",0,min,50,% populace v dobrém stavu,alespoň 50 % populace v dobrém stavu,špatný,chu,minmax,1
CZ0424125,Pulsatilla patens,CELKOVE_HODNOCENI,NA,"2018, 2019, 2020, 2017, 2021, 2022, 2023, 2024, 2012, 2013, 2014, 2015, 2016","5645d, 5645c","kopeček V od vrcholu Dubiny, Úhošťany, Zvoníčkov, Dubina - sedlo, Dubina - u borovic, Dubina - pahorek u silnice, Dubový vrch 2, Pastviny, Dubový vrch 1, Dubový vrch 3, Kadaň, 22423, Dubový vrch - vrstevnicová mez s jalovcem, Dubový vrch - Z okolí pahorku, Dubový vrch - U lípy, Dubový vrch - krátká vrstevnicová mez, Dubový vrch - dlouhá vrstevnicová mez, Dubový vrch - prudká stráň u borového hájku, Dubový vrch - spádnicová kamenná mez, Dubový vrch, Úhošťany_32070285, Úhošťany_32070584, Úhošťany_32070284, Úhošťany_32070298, Úhošťany - Dubový vrch, Dubina u Zvoníčkova 1, Dubina - Zvoníčkov 3, Dubina 4, Dubina 5, Dubina 6, Dubina 7","10158798, 10259668, 10604280, 11275221, 11080660, 11080662, 11117231, 11275207, 11275208, 11275209, 11275219, 11275220, 11275246, 11275247, 11275248, 11275249, 11275250, 11275251, 11275252, 11275253, 11275254, 11275255, 11444718, 11450431, 11772599, 11450754, 11450755, 11450756, 11450757, 11450758, 11450759, 11450761, 11450762, 11450766, 11454402, 11773344, 11460457, 11460458, 11460459, 11460460, 11460461, 11460462, 11460548, 11460552, 11772598, 11772600, 11772601, 11772602, 11772603, 11772604, 11772605, 11787935, 12988734, 11797014, 12988747, 12488329, 12488330, 12792644, 12488331, 12675516, 12675604, 12675702, 12675931, 12835044, 12847964, 12958547, 12958554, 12968124, 12968125, 12968127, 12968129, 12968133, 12988748, 13819127, 8574151, 8574345, 8574348, 8574565, 8574662, 8904676, 8904681, 8905859, 8906062, 8906063, 8906064, 8906066, 9016303, 9171378, 9171379, 9171457, 9171528, 9171529, 9171691, 9171692, 9171898, 9171899, 9813296, 9813297, 9813298, 9813299, 9813300, 9813301, 9813302, 9814032, 9814033, 9814793, 9814794",špatný,NA,NA,NA,NA,špatný,chu,NA,1
CZ0514042,Pulsatilla patens,LOK_PROCDOBR,ano,"2016, 2017, 2018, 2019, 2014, 2012, 2020, 2021, 2022, 2024, 2023, 2015","5354c, 5353d","Jindřichova skála, Kozí kámen, Jelení vrch","11274827, 11274828, 11274829, 11274830, 11275049, 11275050, 11275051, 11275052, 11275053, 11771859, 11771860, 11771861, 11772502, 11772503, 11772504, 12488297, 12488299, 13029318, 13029320, 13029322, 13029323, 9813511, 9813512, 9813614, 9813615",0,min,50,% lokalit v dobrém stavu,alespoň 50 % lokalit v dobrém stavu,špatný,chu,minmax,1
CZ0514042,Pulsatilla patens,POP_PROCDOB,ano,"2016, 2017, 2018, 2019, 2014, 2012, 2020, 2021, 2022, 2024, 2023, 2015","5354c, 5353d","Jindřichova skála, Kozí kámen, Jelení vrch","11274827, 11274828, 11274829, 11274830, 11275049, 11275050, 11275051, 11275052, 11275053, 11771859, 11771860, 11771861, 11772502, 11772503, 11772504, 12488297, 12488299, 13029318, 13029320, 13029322, 13029323, 9813511, 9813512, 9813614, 9813615",0,min,50,% populace v dobrém stavu,alespoň 50 % populace v dobrém stavu,špatný,chu,minmax,1
CZ0514042,Pulsatilla patens,CELKOVE_HODNOCENI,NA,"2016, 2017, 2018, 2019, 2014, 2012, 2020, 2021, 2022, 2024, 2023, 2015","5354c, 5353d","Jindřichova skála, Kozí kámen, Jelení vrch","11274827, 11274828, 11274829, 11274830, 11275049, 11275050, 11275051, 11275052, 11275053, 11771859, 11771860, 11771861, 11772502, 11772503, 11772504, 12488297, 12488299, 13029318, 13029320, 13029322, 13029323, 9813511, 9813512, 9813614, 9813615",špatný,NA,NA,NA,NA,špatný,chu,NA,1
CZ0210043,Osmoderma barnabita,POP_PRESENCE,ano,2015,6150d,"PR Hradec, cca 2,5 Km E of Velký Chlumec (near Dobříš), EVL Hradec a Kuchyňka, PR Hradec, cca 3 Km E of Velký Chlumec (near Dobříš), EVL Hradec a Kuchyňka","9634061, 9634062, 9634063",ano,val,ano,přítomnost druhu,ano,dobrý,chu,val,0
CZ0210043,Osmoderma barnabita,STA_HABPOKRYV,ne,2015,6150d,"PR Hradec, cca 2,5 Km E of Velký Chlumec (near Dobříš), EVL Hradec a Kuchyňka, PR Hradec, cca 3 Km E of Velký Chlumec (near Dobříš), EVL Hradec a Kuchyňka","9634061, 9634062, 9634063",,min,10,procento pokryvnosti preferovaných biotopů,alespoň 10 procento pokryvnosti preferovaných biotopů,špatný,chu,minmax,0
CZ0210043,Osmoderma barnabita,CELKOVE_HODNOCENI,NA,2015,6150d,"PR Hradec, cca 2,5 Km E of Velký Chlumec (near Dobříš), EVL Hradec a Kuchyňka, PR Hradec, cca 3 Km E of Velký Chlumec (near Dobříš), EVL Hradec a Kuchyňka","9634061, 9634062, 9634063",dobrý,NA,NA,NA,NA,dobrý,chu,NA,0
CZ0213009,Osmoderma barnabita,POP_PRESENCE,ano,2024,6255c,Zámecký park,13111380,ano,val,ano,přítomnost druhu,ano,dobrý,chu,val,0
CZ0213009,Osmoderma barnabita,STA_HABPOKRYV,ne,2024,6255c,Zámecký park,13111380,,min,10,procento pokryvnosti preferovaných biotopů,alespoň 10 procento pokryvnosti preferovaných biotopů,špatný,chu,minmax,0
CZ0213009,Osmoderma barnabita,CELKOVE_HODNOCENI,NA,2024,6255c,Zámecký park,13111380,dobrý,NA,NA,NA,NA,dobrý,chu,NA,0
CZ0213015,Osmoderma barnabita,POP_PRESENCE,ano,2015,6251a,Dobříš 118,9661861,ano,val,ano,přítomnost druhu,ano,dobrý,chu,val,0
CZ0213015,Osmoderma barnabita,STA_HABPOKRYV,ne,2015,6251a,Dobříš 118,9661861,,min,10,procento pokryvnosti preferovaných biotopů,alespoň 10 procento pokryvnosti preferovaných biotopů,špatný,chu,minmax,0
CZ0213015,Osmoderma barnabita,CELKOVE_HODNOCENI,NA,2015,6251a,Dobříš 118,9661861,dobrý,NA,NA,NA,NA,dobrý,chu,NA,0
CZ0213070,Osmoderma barnabita,POP_PRESENCE,ano,"2021, 2014","5750c, 5750b","EVL Slánsko-Byšeňský potok, Otruby","11736494, 9172037",ano,val,ano,přítomnost druhu,ano,dobrý,chu,val,1
CZ0213070,Osmoderma barnabita,STA_HABPOKRYV,ne,"2021, 2014","5750c, 5750b","EVL Slánsko-Byšeňský potok, Otruby","11736494, 9172037",,min,10,procento pokryvnosti preferovaných biotopů,alespoň 10 procento pokryvnosti preferovaných biotopů,špatný,chu,minmax,1
CZ0213070,Osmoderma barnabita,CELKOVE_HODNOCENI,NA,"2021, 2014","5750c, 5750b","EVL Slánsko-Byšeňský potok, Otruby","11736494, 9172037",dobrý,NA,NA,NA,NA,dobrý,chu,NA,1
CZ0213072,Osmoderma barnabita,POP_PRESENCE,ano,2023,5850a,"Smečno, alej",12482344,ano,val,ano,přítomnost druhu,ano,dobrý,chu,val,0
CZ0213072,Osmoderma barnabita,STA_HABPOKRYV,ne,2023,5850a,"Smečno, alej",12482344,,min,10,procento pokryvnosti preferovaných biotopů,alespoň 10 procento pokryvnosti preferovaných biotopů,špatný,chu,minmax,0
CZ0213072,Osmoderma barnabita,CELKOVE_HODNOCENI,NA,2023,5850a,"Smečno, alej",12482344,dobrý,NA,NA,NA,NA,dobrý,chu,NA,0
CZ0213083,Osmoderma barnabita,POP_PRESENCE,ano,"2021, 2022","5751b, 5752a",Veltrusy,"12071790, 12081011, 12084932, 12225936, 12225939",ano,val,ano,přítomnost druhu,ano,dobrý,chu,val,0
CZ0213083,Osmoderma barnabita,STA_HABPOKRYV,ne,"2021, 2022","5751b, 5752a",Veltrusy,"12071790, 12081011, 12084932, 12225936, 12225939",,min,10,procento pokryvnosti preferovaných biotopů,alespoň 10 procento pokryvnosti preferovaných biotopů,špatný,chu,minmax,0
CZ0213083,Osmoderma barnabita,CELKOVE_HODNOCENI,NA,"2021, 2022","5751b, 5752a",Veltrusy,"12071790, 12081011, 12084932, 12225936, 12225939",dobrý,NA,NA,NA,NA,dobrý,chu,NA,0
CZ0213792,Osmoderma barnabita,POP_PRESENCE,ano,2012,"6058a, 6057b","Kačina1, Kačina2, Kačina3","8999644, 8999645, 8999646",ano,val,ano,přítomnost druhu,ano,dobrý,chu,val,0
CZ0213792,Osmoderma barnabita,STA_HABPOKRYV,ne,2012,"6058a, 6057b","Kačina1, Kačina2, Kačina3","8999644, 8999645, 8999646",,min,10,procento pokryvnosti preferovaných biotopů,alespoň 10 procento pokryvnosti preferovaných biotopů,špatný,chu,minmax,0
CZ0213792,Osmoderma barnabita,CELKOVE_HODNOCENI,NA,2012,"6058a, 6057b","Kačina1, Kačina2, Kačina3","8999644, 8999645, 8999646",dobrý,NA,NA,NA,NA,dobrý,chu,NA,0
CZ0214007,Osmoderma barnabita,POP_PRESENCE,ano,2019,5854b,"Přerov nad Labem - Ochoz, PR Káraný - Hrbáčkovy tůně",10866045,ano,val,ano,přítomnost druhu,ano,dobrý,chu,val,0
CZ0214007,Osmoderma barnabita,STA_HABPOKRYV,ne,2019,5854b,"Přerov nad Labem - Ochoz, PR Káraný - Hrbáčkovy tůně",10866045,,min,10,procento pokryvnosti preferovaných biotopů,alespoň 10 procento pokryvnosti preferovaných biotopů,špatný,chu,minmax,0
CZ0214007,Osmoderma barnabita,CELKOVE_HODNOCENI,NA,2019,5854b,"Přerov nad Labem - Ochoz, PR Káraný - Hrbáčkovy tůně",10866045,dobrý,NA,NA,NA,NA,dobrý,chu,NA,0
CZ0214008,Osmoderma barnabita,POP_PRESENCE,ano,"2015, 2018, 2020","5949b, 5849c, 5849d","Lány, Lány, Zvonečníková louka, Lány, Unnamed Road, EVL Lánská obora","10073817, 10283281, 10368374, 11195061, 11272233",ano,val,ano,přítomnost druhu,ano,dobrý,chu,val,0
CZ0214008,Osmoderma barnabita,STA_HABPOKRYV,ne,"2015, 2018, 2020","5949b, 5849c, 5849d","Lány, Lány, Zvonečníková louka, Lány, Unnamed Road, EVL Lánská obora","10073817, 10283281, 10368374, 11195061, 11272233",,min,10,procento pokryvnosti preferovaných biotopů,alespoň 10 procento pokryvnosti preferovaných biotopů,špatný,chu,minmax,0
CZ0214008,Osmoderma barnabita,CELKOVE_HODNOCENI,NA,"2015, 2018, 2020","5949b, 5849c, 5849d","Lány, Lány, Zvonečníková louka, Lány, Unnamed Road, EVL Lánská obora","10073817, 10283281, 10368374, 11195061, 11272233",dobrý,NA,NA,NA,NA,dobrý,chu,NA,0
CZ0214009,Osmoderma barnabita,POP_PRESENCE,ano,2021,5856d,Kokořínsko-Máchův Kraj,12501550,ne,val,ano,přítomnost druhu,ano,špatný,chu,val,1
CZ0214009,Osmoderma barnabita,STA_HABPOKRYV,ne,2021,5856d,Kokořínsko-Máchův Kraj,12501550,,min,10,procento pokryvnosti preferovaných biotopů,alespoň 10 procento pokryvnosti preferovaných biotopů,špatný,chu,minmax,1
CZ0214009,Osmoderma barnabita,CELKOVE_HODNOCENI,NA,2021,5856d,Kokořínsko-Máchův Kraj,12501550,zhoršený,NA,NA,NA,NA,zhoršený,chu,NA,1
CZ0214041,Osmoderma barnabita,POP_PRESENCE,ano,2020,6448b,Jihočeský,11567045,ano,val,ano,přítomnost druhu,ano,dobrý,chu,val,0
CZ0214041,Osmoderma barnabita,STA_HABPOKRYV,ne,2020,6448b,Jihočeský,11567045,,min,10,procento pokryvnosti preferovaných biotopů,alespoň 10 procento pokryvnosti preferovaných biotopů,špatný,chu,minmax,0
CZ0214041,Osmoderma barnabita,CELKOVE_HODNOCENI,NA,2020,6448b,Jihočeský,11567045,dobrý,NA,NA,NA,NA,dobrý,chu,NA,0
CZ0310001,Osmoderma barnabita,POP_PRESENCE,ano,2019,6955d,PR Fabián 599,12775225,ano,val,ano,přítomnost druhu,ano,dobrý,chu,val,0
CZ0310001,Osmoderma barnabita,STA_HABPOKRYV,ne,2019,6955d,PR Fabián 599,12775225,,min,10,procento pokryvnosti preferovaných biotopů,alespoň 10 procento pokryvnosti preferovaných biotopů,špatný,chu,minmax,0
CZ0310001,Osmoderma barnabita,CELKOVE_HODNOCENI,NA,2019,6955d,PR Fabián 599,12775225,dobrý,NA,NA,NA,NA,dobrý,chu,NA,0
CZ0313094,Osmoderma barnabita,POP_PRESENCE,ano,2019,6549c,PP Blatná 5867,12774459,ano,val,ano,přítomnost druhu,ano,dobrý,chu,val,0
CZ0313094,Osmoderma barnabita,STA_HABPOKRYV,ne,2019,6549c,PP Blatná 5867,12774459,,min,10,procento pokryvnosti preferovaných biotopů,alespoň 10 procento pokryvnosti preferovaných biotopů,špatný,chu,minmax,0
CZ0313094,Osmoderma barnabita,CELKOVE_HODNOCENI,NA,2019,6549c,PP Blatná 5867,12774459,dobrý,NA,NA,NA,NA,dobrý,chu,NA,0
CZ0313098,Osmoderma barnabita,POP_PRESENCE,ano,2020,6854c,Bošilec - Hliníř,11030171,ano,val,ano,přítomnost druhu,ano,dobrý,chu,val,0
CZ0313098,Osmoderma barnabita,STA_HABPOKRYV,ne,2020,6854c,Bošilec - Hliníř,11030171,,min,10,procento pokryvnosti preferovaných biotopů,alespoň 10 procento pokryvnosti preferovaných biotopů,špatný,chu,minmax,0
CZ0313098,Osmoderma barnabita,CELKOVE_HODNOCENI,NA,2020,6854c,Bošilec - Hliníř,11030171,dobrý,NA,NA,NA,NA,dobrý,chu,NA,0
CZ0313099,Osmoderma barnabita,POP_PRESENCE,ano,"2021, 2022, 2019","6952c, 6952d, 6952b","Hluboká nad Vltavou, Bašta Bezdrev, Hluboká nad Vltavou, Hlubocké hráze, strom 802","11600831, 11963016, 12776085",ano,val,ano,přítomnost druhu,ano,dobrý,chu,val,0
CZ0313099,Osmoderma barnabita,STA_HABPOKRYV,ne,"2021, 2022, 2019","6952c, 6952d, 6952b","Hluboká nad Vltavou, Bašta Bezdrev, Hluboká nad Vltavou, Hlubocké hráze, strom 802","11600831, 11963016, 12776085",,min,10,procento pokryvnosti preferovaných biotopů,alespoň 10 procento pokryvnosti preferovaných biotopů,špatný,chu,minmax,0
CZ0313099,Osmoderma barnabita,CELKOVE_HODNOCENI,NA,"2021, 2022, 2019","6952c, 6952d, 6952b","Hluboká nad Vltavou, Bašta Bezdrev, Hluboká nad Vltavou, Hlubocké hráze, strom 802","11600831, 11963016, 12776085",dobrý,NA,NA,NA,NA,dobrý,chu,NA,0
CZ0313106,Osmoderma barnabita,POP_PRESENCE,ano,"2012, 2015","6854d, 6754c, 6955a","Nežárka u Vydýmače, EVL Lužnice a Nežárka (projekt JCK), Jemčinský park, Jemčina - Nežárka","8193426, 9153524, 9519086, 9519100",ano,val,ano,přítomnost druhu,ano,dobrý,chu,val,0
CZ0313106,Osmoderma barnabita,STA_HABPOKRYV,ne,"2012, 2015","6854d, 6754c, 6955a","Nežárka u Vydýmače, EVL Lužnice a Nežárka (projekt JCK), Jemčinský park, Jemčina - Nežárka","8193426, 9153524, 9519086, 9519100",,min,10,procento pokryvnosti preferovaných biotopů,alespoň 10 procento pokryvnosti preferovaných biotopů,špatný,chu,minmax,0
CZ0313106,Osmoderma barnabita,CELKOVE_HODNOCENI,NA,"2012, 2015","6854d, 6754c, 6955a","Nežárka u Vydýmače, EVL Lužnice a Nežárka (projekt JCK), Jemčinský park, Jemčina - Nežárka","8193426, 9153524, 9519086, 9519100",dobrý,NA,NA,NA,NA,dobrý,chu,NA,0
CZ0313113,Osmoderma barnabita,POP_PRESENCE,ano,"2021, 2015","7254b, 7154d","EVL Sokolí hnízdo a Bažantnice, EVL Sokolí hnízdo a Bažantnice - 2a","12241130, 9535078",ano,val,ano,přítomnost druhu,ano,dobrý,chu,val,1
CZ0313113,Osmoderma barnabita,STA_HABPOKRYV,ne,"2021, 2015","7254b, 7154d","EVL Sokolí hnízdo a Bažantnice, EVL Sokolí hnízdo a Bažantnice - 2a","12241130, 9535078",,min,10,procento pokryvnosti preferovaných biotopů,alespoň 10 procento pokryvnosti preferovaných biotopů,špatný,chu,minmax,1
CZ0313113,Osmoderma barnabita,CELKOVE_HODNOCENI,NA,"2021, 2015","7254b, 7154d","EVL Sokolí hnízdo a Bažantnice, EVL Sokolí hnízdo a Bažantnice - 2a","12241130, 9535078",dobrý,NA,NA,NA,NA,dobrý,chu,NA,1
CZ0313128,Osmoderma barnabita,POP_PRESENCE,ano,"2015, 2024","6854c, 6854d",Klec,"10014183, 10014184, 10014185, 10014186, 13453378",ano,val,ano,přítomnost druhu,ano,dobrý,chu,val,0
CZ0313128,Osmoderma barnabita,STA_HABPOKRYV,ne,"2015, 2024","6854c, 6854d",Klec,"10014183, 10014184, 10014185, 10014186, 13453378",,min,10,procento pokryvnosti preferovaných biotopů,alespoň 10 procento pokryvnosti preferovaných biotopů,špatný,chu,minmax,0
CZ0313128,Osmoderma barnabita,CELKOVE_HODNOCENI,NA,"2015, 2024","6854c, 6854d",Klec,"10014183, 10014184, 10014185, 10014186, 13453378",dobrý,NA,NA,NA,NA,dobrý,chu,NA,0
CZ0313131,Osmoderma barnabita,POP_PRESENCE,ano,2021,"7054b, 6954d","Třeboň, Unnamed Road, KÚ: Branná, KÚ: Třeboň","11445954, 11445955, 12243900, 12243902, 12243904, 12243906, 12243908, 12243910, 12243912, 12243914, 12243916, 12243917, 12243919, 12243921, 12243923, 12243925, 12243927, 12243929, 12243931, 12243933, 12243935, 12243937, 12243939, 12243941, 12243943, 12243945, 12243947, 12243949, 12243951, 12243953, 12243955, 12243957, 12243959, 12243961, 12243963, 12243965, 12243967, 12243969, 12243971, 12243973, 12243975, 12243977, 12243979, 12243981, 12243983, 12243985, 12243987, 12243989, 12243991, 12243993, 12243995, 12243997, 12243999, 12244001, 12244003, 12244005, 12244007, 12244009, 12244011, 12244013, 12244015, 12244016, 12244018, 12244020, 12244022, 12244024, 12244026, 12244028, 12244030, 12244032, 12244035, 12244036, 12244038, 12244040, 12244042, 12244044, 12244046, 12244050, 12244054, 12244056, 12244058, 12244062, 12244066, 12244070, 12244072, 12244074, 12244078, 12244080, 12244083, 12244084, 12244090, 12244094, 12244096, 12244098, 12244100, 12244102, 12244104, 12244110, 12244112, 12244114, 12244119, 12244123, 12244129, 12244131, 12244133, 12244145, 12244147, 12244149, 12244151",ano,val,ano,přítomnost druhu,ano,dobrý,chu,val,1
CZ0313131,Osmoderma barnabita,STA_HABPOKRYV,ne,2021,"7054b, 6954d","Třeboň, Unnamed Road, KÚ: Branná, KÚ: Třeboň","11445954, 11445955, 12243900, 12243902, 12243904, 12243906, 12243908, 12243910, 12243912, 12243914, 12243916, 12243917, 12243919, 12243921, 12243923, 12243925, 12243927, 12243929, 12243931, 12243933, 12243935, 12243937, 12243939, 12243941, 12243943, 12243945, 12243947, 12243949, 12243951, 12243953, 12243955, 12243957, 12243959, 12243961, 12243963, 12243965, 12243967, 12243969, 12243971, 12243973, 12243975, 12243977, 12243979, 12243981, 12243983, 12243985, 12243987, 12243989, 12243991, 12243993, 12243995, 12243997, 12243999, 12244001, 12244003, 12244005, 12244007, 12244009, 12244011, 12244013, 12244015, 12244016, 12244018, 12244020, 12244022, 12244024, 12244026, 12244028, 12244030, 12244032, 12244035, 12244036, 12244038, 12244040, 12244042, 12244044, 12244046, 12244050, 12244054, 12244056, 12244058, 12244062, 12244066, 12244070, 12244072, 12244074, 12244078, 12244080, 12244083, 12244084, 12244090, 12244094, 12244096, 12244098, 12244100, 12244102, 12244104, 12244110, 12244112, 12244114, 12244119, 12244123, 12244129, 12244131, 12244133, 12244145, 12244147, 12244149, 12244151",,min,10,procento pokryvnosti preferovaných biotopů,alespoň 10 procento pokryvnosti preferovaných biotopů,špatný,chu,minmax,1
CZ0313131,Osmoderma barnabita,CELKOVE_HODNOCENI,NA,2021,"7054b, 6954d","Třeboň, Unnamed Road, KÚ: Branná, KÚ: Třeboň","11445954, 11445955, 12243900, 12243902, 12243904, 12243906, 12243908, 12243910, 12243912, 12243914, 12243916, 12243917, 12243919, 12243921, 12243923, 12243925, 12243927, 12243929, 12243931, 12243933, 12243935, 12243937, 12243939, 12243941, 12243943, 12243945, 12243947, 12243949, 12243951, 12243953, 12243955, 12243957, 12243959, 12243961, 12243963, 12243965, 12243967, 12243969, 12243971, 12243973, 12243975, 12243977, 12243979, 12243981, 12243983, 12243985, 12243987, 12243989, 12243991, 12243993, 12243995, 12243997, 12243999, 12244001, 12244003, 12244005, 12244007, 12244009, 12244011, 12244013, 12244015, 12244016, 12244018, 12244020, 12244022, 12244024, 12244026, 12244028, 12244030, 12244032, 12244035, 12244036, 12244038, 12244040, 12244042, 12244044, 12244046, 12244050, 12244054, 12244056, 12244058, 12244062, 12244066, 12244070, 12244072, 12244074, 12244078, 12244080, 12244083, 12244084, 12244090, 12244094, 12244096, 12244098, 12244100, 12244102, 12244104, 12244110, 12244112, 12244114, 12244119, 12244123, 12244129, 12244131, 12244133, 12244145, 12244147, 12244149, 12244151",dobrý,NA,NA,NA,NA,dobrý,chu,NA,1
CZ0313138,Osmoderma barnabita,POP_PRESENCE,ano,2020,6952d,Domin hráz,11078291,ano,val,ano,přítomnost druhu,ano,dobrý,chu,val,0
CZ0313138,Osmoderma barnabita,STA_HABPOKRYV,ne,2020,6952d,Domin hráz,11078291,,min,10,procento pokryvnosti preferovaných biotopů,alespoň 10 procento pokryvnosti preferovaných biotopů,špatný,chu,minmax,0
CZ0313138,Osmoderma barnabita,CELKOVE_HODNOCENI,NA,2020,6952d,Domin hráz,11078291,dobrý,NA,NA,NA,NA,dobrý,chu,NA,0
CZ0314019,Osmoderma barnabita,POP_PRESENCE,ano,2022,6954a,Dubovce,12493258,ano,val,ano,přítomnost druhu,ano,dobrý,chu,val,0
CZ0314019,Osmoderma barnabita,STA_HABPOKRYV,ne,2022,6954a,Dubovce,12493258,,min,10,procento pokryvnosti preferovaných biotopů,alespoň 10 procento pokryvnosti preferovaných biotopů,špatný,chu,minmax,0
CZ0314019,Osmoderma barnabita,CELKOVE_HODNOCENI,NA,2022,6954a,Dubovce,12493258,dobrý,NA,NA,NA,NA,dobrý,chu,NA,0
CZ0314023,Osmoderma barnabita,POP_PRESENCE,ano,"2021, 2023, 2015","6954b, 6955c, 7055a, 6954d","6954b - Klec - Potěšil, Žíteč, Chlumecká rybniční soustava, Lutová, Stříbřec, Holičky u Staré Hlíny, hráz rybníka Rožmberk, hráz Rybníka Rožmberk, Holičky u Staré Hlíny","12033571, 12805052, 12249320, 9381680, 10014097, 10014099, 10014103, 10014105, 10014115, 10014116, 10014117, 10014118, 10014119, 10014122, 10014125, 10014126, 10014130, 10014131, 10014132, 10014136, 9390693, 9544173, 9544339, 10014175",ano,val,ano,přítomnost druhu,ano,dobrý,chu,val,0
CZ0314023,Osmoderma barnabita,STA_HABPOKRYV,ne,"2021, 2023, 2015","6954b, 6955c, 7055a, 6954d","6954b - Klec - Potěšil, Žíteč, Chlumecká rybniční soustava, Lutová, Stříbřec, Holičky u Staré Hlíny, hráz rybníka Rožmberk, hráz Rybníka Rožmberk, Holičky u Staré Hlíny","12033571, 12805052, 12249320, 9381680, 10014097, 10014099, 10014103, 10014105, 10014115, 10014116, 10014117, 10014118, 10014119, 10014122, 10014125, 10014126, 10014130, 10014131, 10014132, 10014136, 9390693, 9544173, 9544339, 10014175",,min,10,procento pokryvnosti preferovaných biotopů,alespoň 10 procento pokryvnosti preferovaných biotopů,špatný,chu,minmax,0
CZ0314023,Osmoderma barnabita,CELKOVE_HODNOCENI,NA,"2021, 2023, 2015","6954b, 6955c, 7055a, 6954d","6954b - Klec - Potěšil, Žíteč, Chlumecká rybniční soustava, Lutová, Stříbřec, Holičky u Staré Hlíny, hráz rybníka Rožmberk, hráz Rybníka Rožmberk, Holičky u Staré Hlíny","12033571, 12805052, 12249320, 9381680, 10014097, 10014099, 10014103, 10014105, 10014115, 10014116, 10014117, 10014118, 10014119, 10014122, 10014125, 10014126, 10014130, 10014131, 10014132, 10014136, 9390693, 9544173, 9544339, 10014175",dobrý,NA,NA,NA,NA,dobrý,chu,NA,0
CZ0314126,Osmoderma barnabita,POP_PRESENCE,ano,"2020, 2019","6952b, 6852d","Hluboká-Stará obora, okolí hájovny, Hlubocké obory, strom 1136","11218809, 12778895",ano,val,ano,přítomnost druhu,ano,dobrý,chu,val,0
CZ0314126,Osmoderma barnabita,STA_HABPOKRYV,ne,"2020, 2019","6952b, 6852d","Hluboká-Stará obora, okolí hájovny, Hlubocké obory, strom 1136","11218809, 12778895",,min,10,procento pokryvnosti preferovaných biotopů,alespoň 10 procento pokryvnosti preferovaných biotopů,špatný,chu,minmax,0
CZ0314126,Osmoderma barnabita,CELKOVE_HODNOCENI,NA,"2020, 2019","6952b, 6852d","Hluboká-Stará obora, okolí hájovny, Hlubocké obory, strom 1136","11218809, 12778895",dobrý,NA,NA,NA,NA,dobrý,chu,NA,0
CZ0320053,Osmoderma barnabita,POP_PRESENCE,ano,2013,6048d,Ostrovec u Terešova,"9000672, 9000675",ano,val,ano,přítomnost druhu,ano,dobrý,chu,val,0
CZ0320053,Osmoderma barnabita,STA_HABPOKRYV,ne,2013,6048d,Ostrovec u Terešova,"9000672, 9000675",,min,10,procento pokryvnosti preferovaných biotopů,alespoň 10 procento pokryvnosti preferovaných biotopů,špatný,chu,minmax,0
CZ0320053,Osmoderma barnabita,CELKOVE_HODNOCENI,NA,2013,6048d,Ostrovec u Terešova,"9000672, 9000675",dobrý,NA,NA,NA,NA,dobrý,chu,NA,0
CZ0323155,Osmoderma barnabita,POP_PRESENCE,ano,2023,6347a,lopata,12998851,ne,val,ano,přítomnost druhu,ano,špatný,chu,val,1
CZ0323155,Osmoderma barnabita,STA_HABPOKRYV,ne,2023,6347a,lopata,12998851,,min,10,procento pokryvnosti preferovaných biotopů,alespoň 10 procento pokryvnosti preferovaných biotopů,špatný,chu,minmax,1
CZ0323155,Osmoderma barnabita,CELKOVE_HODNOCENI,NA,2023,6347a,lopata,12998851,zhoršený,NA,NA,NA,NA,zhoršený,chu,NA,1
CZ0323159,Osmoderma barnabita,POP_PRESENCE,ano,2013,6246b,Chrást u Plzně,"9000677, 9000679, 9000680",ano,val,ano,přítomnost druhu,ano,dobrý,chu,val,0
CZ0323159,Osmoderma barnabita,STA_HABPOKRYV,ne,2013,6246b,Chrást u Plzně,"9000677, 9000679, 9000680",,min,10,procento pokryvnosti preferovaných biotopů,alespoň 10 procento pokryvnosti preferovaných biotopů,špatný,chu,minmax,0
CZ0323159,Osmoderma barnabita,CELKOVE_HODNOCENI,NA,2013,6246b,Chrást u Plzně,"9000677, 9000679, 9000680",dobrý,NA,NA,NA,NA,dobrý,chu,NA,0
CZ0413190,Osmoderma barnabita,POP_PRESENCE,ano,2018,5743b,Ostrovské rybníky,10407428,ne,val,ano,přítomnost druhu,ano,špatný,chu,val,0
CZ0413190,Osmoderma barnabita,STA_HABPOKRYV,ne,2018,5743b,Ostrovské rybníky,10407428,,min,10,procento pokryvnosti preferovaných biotopů,alespoň 10 procento pokryvnosti preferovaných biotopů,špatný,chu,minmax,0
CZ0413190,Osmoderma barnabita,CELKOVE_HODNOCENI,NA,2018,5743b,Ostrovské rybníky,10407428,zhoršený,NA,NA,NA,NA,zhoršený,chu,NA,0
CZ0420021,Osmoderma barnabita,POP_PRESENCE,ano,2015,5545c,"Hasištejn env. (cca 1 Km Z od zříceniny hradu Hasištejn), EVL Kokrháč - Hasištejn",9643067,ano,val,ano,přítomnost druhu,ano,dobrý,chu,val,0
CZ0420021,Osmoderma barnabita,STA_HABPOKRYV,ne,2015,5545c,"Hasištejn env. (cca 1 Km Z od zříceniny hradu Hasištejn), EVL Kokrháč - Hasištejn",9643067,,min,10,procento pokryvnosti preferovaných biotopů,alespoň 10 procento pokryvnosti preferovaných biotopů,špatný,chu,minmax,0
CZ0420021,Osmoderma barnabita,CELKOVE_HODNOCENI,NA,2015,5545c,"Hasištejn env. (cca 1 Km Z od zříceniny hradu Hasištejn), EVL Kokrháč - Hasištejn",9643067,dobrý,NA,NA,NA,NA,dobrý,chu,NA,0
CZ0423202,Osmoderma barnabita,POP_PRESENCE,ano,2021,5449c,"PR Březina, 5449",12051863,ano,val,ano,přítomnost druhu,ano,dobrý,chu,val,0
CZ0423202,Osmoderma barnabita,STA_HABPOKRYV,ne,2021,5449c,"PR Březina, 5449",12051863,,min,10,procento pokryvnosti preferovaných biotopů,alespoň 10 procento pokryvnosti preferovaných biotopů,špatný,chu,minmax,0
CZ0423202,Osmoderma barnabita,CELKOVE_HODNOCENI,NA,2021,5449c,"PR Březina, 5449",12051863,dobrý,NA,NA,NA,NA,dobrý,chu,NA,0
CZ0423210,Osmoderma barnabita,POP_PRESENCE,ano,2025,5349c,"Teplice, Doubravka","13826261, 13826280",ano,val,ano,přítomnost druhu,ano,dobrý,chu,val,0
CZ0423210,Osmoderma barnabita,STA_HABPOKRYV,ne,2025,5349c,"Teplice, Doubravka","13826261, 13826280",,min,10,procento pokryvnosti preferovaných biotopů,alespoň 10 procento pokryvnosti preferovaných biotopů,špatný,chu,minmax,0
CZ0423210,Osmoderma barnabita,CELKOVE_HODNOCENI,NA,2025,5349c,"Teplice, Doubravka","13826261, 13826280",dobrý,NA,NA,NA,NA,dobrý,chu,NA,0
CZ0423213,Osmoderma barnabita,POP_PRESENCE,ano,2025,5546b,"Chomutov, Chomutov Zoopark",13826251,ano,val,ano,přítomnost druhu,ano,dobrý,chu,val,0
CZ0423213,Osmoderma barnabita,STA_HABPOKRYV,ne,2025,5546b,"Chomutov, Chomutov Zoopark",13826251,,min,10,procento pokryvnosti preferovaných biotopů,alespoň 10 procento pokryvnosti preferovaných biotopů,špatný,chu,minmax,0
CZ0423213,Osmoderma barnabita,CELKOVE_HODNOCENI,NA,2025,5546b,"Chomutov, Chomutov Zoopark",13826251,dobrý,NA,NA,NA,NA,dobrý,chu,NA,0
CZ0423217,Osmoderma barnabita,POP_PRESENCE,ano,2014,"5746c, 5746a","Krásný Dvůr - Poustevníkova rokle, Krásný Dvůr","9141637, 9141646, 9818342",ano,val,ano,přítomnost druhu,ano,dobrý,chu,val,0
CZ0423217,Osmoderma barnabita,STA_HABPOKRYV,ne,2014,"5746c, 5746a","Krásný Dvůr - Poustevníkova rokle, Krásný Dvůr","9141637, 9141646, 9818342",,min,10,procento pokryvnosti preferovaných biotopů,alespoň 10 procento pokryvnosti preferovaných biotopů,špatný,chu,minmax,0
CZ0423217,Osmoderma barnabita,CELKOVE_HODNOCENI,NA,2014,"5746c, 5746a","Krásný Dvůr - Poustevníkova rokle, Krásný Dvůr","9141637, 9141646, 9818342",dobrý,NA,NA,NA,NA,dobrý,chu,NA,0
CZ0423223,Osmoderma barnabita,POP_PRESENCE,ano,2022,5846d,Petrohrad,12255067,ano,val,ano,přítomnost druhu,ano,dobrý,chu,val,0
CZ0423223,Osmoderma barnabita,STA_HABPOKRYV,ne,2022,5846d,Petrohrad,12255067,,min,10,procento pokryvnosti preferovaných biotopů,alespoň 10 procento pokryvnosti preferovaných biotopů,špatný,chu,minmax,0
CZ0423223,Osmoderma barnabita,CELKOVE_HODNOCENI,NA,2022,5846d,Petrohrad,12255067,dobrý,NA,NA,NA,NA,dobrý,chu,NA,0
CZ0423224,Osmoderma barnabita,POP_PRESENCE,ano,2022,5451a,Ploskovice,"12820545, 12820547",ano,val,ano,přítomnost druhu,ano,dobrý,chu,val,0
CZ0423224,Osmoderma barnabita,STA_HABPOKRYV,ne,2022,5451a,Ploskovice,"12820545, 12820547",,min,10,procento pokryvnosti preferovaných biotopů,alespoň 10 procento pokryvnosti preferovaných biotopů,špatný,chu,minmax,0
CZ0423224,Osmoderma barnabita,CELKOVE_HODNOCENI,NA,2022,5451a,Ploskovice,"12820545, 12820547",dobrý,NA,NA,NA,NA,dobrý,chu,NA,0
CZ0423233,Osmoderma barnabita,POP_PRESENCE,ano,2020,5548d,PR milá,"11197072, 11197094",ano,val,ano,přítomnost druhu,ano,dobrý,chu,val,0
CZ0423233,Osmoderma barnabita,STA_HABPOKRYV,ne,2020,5548d,PR milá,"11197072, 11197094",,min,10,procento pokryvnosti preferovaných biotopů,alespoň 10 procento pokryvnosti preferovaných biotopů,špatný,chu,minmax,0
CZ0423233,Osmoderma barnabita,CELKOVE_HODNOCENI,NA,2020,5548d,PR milá,"11197072, 11197094",dobrý,NA,NA,NA,NA,dobrý,chu,NA,0
CZ0424127,Osmoderma barnabita,POP_PRESENCE,ano,"2021, 2014","5447a, 5446d","Černice u Horního Jiřetína, VD Jirkov - Červený hrádek, VD Jirkov - Hovězí sklály","11461476, 11661551, 11666958, 9822762, 9822764",ano,val,ano,přítomnost druhu,ano,dobrý,chu,val,0
CZ0424127,Osmoderma barnabita,STA_HABPOKRYV,ne,"2021, 2014","5447a, 5446d","Černice u Horního Jiřetína, VD Jirkov - Červený hrádek, VD Jirkov - Hovězí sklály","11461476, 11661551, 11666958, 9822762, 9822764",,min,10,procento pokryvnosti preferovaných biotopů,alespoň 10 procento pokryvnosti preferovaných biotopů,špatný,chu,minmax,0
CZ0424127,Osmoderma barnabita,CELKOVE_HODNOCENI,NA,"2021, 2014","5447a, 5446d","Černice u Horního Jiřetína, VD Jirkov - Červený hrádek, VD Jirkov - Hovězí sklály","11461476, 11661551, 11666958, 9822762, 9822764",dobrý,NA,NA,NA,NA,dobrý,chu,NA,0
CZ0424138,Osmoderma barnabita,POP_PRESENCE,ano,2018,5550d,Písty,10543831,ano,val,ano,přítomnost druhu,ano,dobrý,chu,val,0
CZ0424138,Osmoderma barnabita,STA_HABPOKRYV,ne,2018,5550d,Písty,10543831,,min,10,procento pokryvnosti preferovaných biotopů,alespoň 10 procento pokryvnosti preferovaných biotopů,špatný,chu,minmax,0
CZ0424138,Osmoderma barnabita,CELKOVE_HODNOCENI,NA,2018,5550d,Písty,10543831,dobrý,NA,NA,NA,NA,dobrý,chu,NA,0
CZ0513255,Osmoderma barnabita,POP_PRESENCE,ano,2023,5454a,Slatinné vrchy,12543700,ano,val,ano,přítomnost druhu,ano,dobrý,chu,val,0
CZ0513255,Osmoderma barnabita,STA_HABPOKRYV,ne,2023,5454a,Slatinné vrchy,12543700,,min,10,procento pokryvnosti preferovaných biotopů,alespoň 10 procento pokryvnosti preferovaných biotopů,špatný,chu,minmax,0
CZ0513255,Osmoderma barnabita,CELKOVE_HODNOCENI,NA,2023,5454a,Slatinné vrchy,12543700,dobrý,NA,NA,NA,NA,dobrý,chu,NA,0
CZ0513505,Osmoderma barnabita,POP_PRESENCE,ano,2017,5251b,Březiny u Děčína,10149189,ano,val,ano,přítomnost druhu,ano,dobrý,chu,val,0
CZ0513505,Osmoderma barnabita,STA_HABPOKRYV,ne,2017,5251b,Březiny u Děčína,10149189,,min,10,procento pokryvnosti preferovaných biotopů,alespoň 10 procento pokryvnosti preferovaných biotopů,špatný,chu,minmax,0
CZ0513505,Osmoderma barnabita,CELKOVE_HODNOCENI,NA,2017,5251b,Březiny u Děčína,10149189,dobrý,NA,NA,NA,NA,dobrý,chu,NA,0
CZ0513508,Osmoderma barnabita,POP_PRESENCE,ano,2021,5353c,Zahrádky,12518439,ano,val,ano,přítomnost druhu,ano,dobrý,chu,val,1
CZ0513508,Osmoderma barnabita,STA_HABPOKRYV,ne,2021,5353c,Zahrádky,12518439,,min,10,procento pokryvnosti preferovaných biotopů,alespoň 10 procento pokryvnosti preferovaných biotopů,špatný,chu,minmax,1
CZ0513508,Osmoderma barnabita,CELKOVE_HODNOCENI,NA,2021,5353c,Zahrádky,12518439,dobrý,NA,NA,NA,NA,dobrý,chu,NA,1
CZ0514042,Osmoderma barnabita,POP_PRESENCE,ano,"2019, 2021, 2022, 2023","5453b, 5353c, 5454a, 5354c, 5454b","Borný - vrch S od Máchova jezera, Jestřebí u České Lípy, Doksy u Máchova jezera, Pecopala - Mufloní roh, Velká Buková a okolí","10866041, 11501543, 11501545, 11599901, 12246789, 13443716",ano,val,ano,přítomnost druhu,ano,dobrý,chu,val,1
CZ0514042,Osmoderma barnabita,STA_HABPOKRYV,ne,"2019, 2021, 2022, 2023","5453b, 5353c, 5454a, 5354c, 5454b","Borný - vrch S od Máchova jezera, Jestřebí u České Lípy, Doksy u Máchova jezera, Pecopala - Mufloní roh, Velká Buková a okolí","10866041, 11501543, 11501545, 11599901, 12246789, 13443716",,min,10,procento pokryvnosti preferovaných biotopů,alespoň 10 procento pokryvnosti preferovaných biotopů,špatný,chu,minmax,1
CZ0514042,Osmoderma barnabita,CELKOVE_HODNOCENI,NA,"2019, 2021, 2022, 2023","5453b, 5353c, 5454a, 5354c, 5454b","Borný - vrch S od Máchova jezera, Jestřebí u České Lípy, Doksy u Máchova jezera, Pecopala - Mufloní roh, Velká Buková a okolí","10866041, 11501543, 11501545, 11599901, 12246789, 13443716",dobrý,NA,NA,NA,NA,dobrý,chu,NA,1
CZ0514243,Osmoderma barnabita,POP_PRESENCE,ano,2020,5454c,Bezděz,"11205248, 11322379",ano,val,ano,přítomnost druhu,ano,dobrý,chu,val,0
CZ0514243,Osmoderma barnabita,STA_HABPOKRYV,ne,2020,5454c,Bezděz,"11205248, 11322379",,min,10,procento pokryvnosti preferovaných biotopů,alespoň 10 procento pokryvnosti preferovaných biotopů,špatný,chu,minmax,0
CZ0514243,Osmoderma barnabita,CELKOVE_HODNOCENI,NA,2020,5454c,Bezděz,"11205248, 11322379",dobrý,NA,NA,NA,NA,dobrý,chu,NA,0
CZ0514670,Osmoderma barnabita,POP_PRESENCE,ano,"2022, 2021","5352c, 5352d","Ronov, PR Vlhošť","12246786, 12524346",ano,val,ano,přítomnost druhu,ano,dobrý,chu,val,1
CZ0514670,Osmoderma barnabita,STA_HABPOKRYV,ne,"2022, 2021","5352c, 5352d","Ronov, PR Vlhošť","12246786, 12524346",,min,10,procento pokryvnosti preferovaných biotopů,alespoň 10 procento pokryvnosti preferovaných biotopů,špatný,chu,minmax,1
CZ0514670,Osmoderma barnabita,CELKOVE_HODNOCENI,NA,"2022, 2021","5352c, 5352d","Ronov, PR Vlhošť","12246786, 12524346",dobrý,NA,NA,NA,NA,dobrý,chu,NA,1
CZ0523010,Osmoderma barnabita,POP_PRESENCE,ano,2017,5861a,"Nový Hradec Králové - Na Plachtě 3, Nový Hradec Králové - PP Na Plachtě 3","10124052, 10549558",ano,val,ano,přítomnost druhu,ano,dobrý,chu,val,0
CZ0523010,Osmoderma barnabita,STA_HABPOKRYV,ne,2017,5861a,"Nový Hradec Králové - Na Plachtě 3, Nový Hradec Králové - PP Na Plachtě 3","10124052, 10549558",,min,10,procento pokryvnosti preferovaných biotopů,alespoň 10 procento pokryvnosti preferovaných biotopů,špatný,chu,minmax,0
CZ0523010,Osmoderma barnabita,CELKOVE_HODNOCENI,NA,2017,5861a,"Nový Hradec Králové - Na Plachtě 3, Nový Hradec Králové - PP Na Plachtě 3","10124052, 10549558",dobrý,NA,NA,NA,NA,dobrý,chu,NA,0
CZ0523264,Osmoderma barnabita,POP_PRESENCE,ano,2016,5760a,"Dohalice, Mokrovousy","9808427, 9808428",ano,val,ano,přítomnost druhu,ano,dobrý,chu,val,0
CZ0523264,Osmoderma barnabita,STA_HABPOKRYV,ne,2016,5760a,"Dohalice, Mokrovousy","9808427, 9808428",,min,10,procento pokryvnosti preferovaných biotopů,alespoň 10 procento pokryvnosti preferovaných biotopů,špatný,chu,minmax,0
CZ0523264,Osmoderma barnabita,CELKOVE_HODNOCENI,NA,2016,5760a,"Dohalice, Mokrovousy","9808427, 9808428",dobrý,NA,NA,NA,NA,dobrý,chu,NA,0
CZ0523268,Osmoderma barnabita,POP_PRESENCE,ano,2017,5562c,Kleny,10087875,ano,val,ano,přítomnost druhu,ano,dobrý,chu,val,0
CZ0523268,Osmoderma barnabita,STA_HABPOKRYV,ne,2017,5562c,Kleny,10087875,,min,10,procento pokryvnosti preferovaných biotopů,alespoň 10 procento pokryvnosti preferovaných biotopů,špatný,chu,minmax,0
CZ0523268,Osmoderma barnabita,CELKOVE_HODNOCENI,NA,2017,5562c,Kleny,10087875,dobrý,NA,NA,NA,NA,dobrý,chu,NA,0
CZ0523274,Osmoderma barnabita,POP_PRESENCE,ano,2021,5558c,"Jičín, Valdštejnská alej, naproti areálu nemocnice, lípa ozn. B12, Soudná, Jičín","11742853, 11961708",ano,val,ano,přítomnost druhu,ano,dobrý,chu,val,0
CZ0523274,Osmoderma barnabita,STA_HABPOKRYV,ne,2021,5558c,"Jičín, Valdštejnská alej, naproti areálu nemocnice, lípa ozn. B12, Soudná, Jičín","11742853, 11961708",,min,10,procento pokryvnosti preferovaných biotopů,alespoň 10 procento pokryvnosti preferovaných biotopů,špatný,chu,minmax,0
CZ0523274,Osmoderma barnabita,CELKOVE_HODNOCENI,NA,2021,5558c,"Jičín, Valdštejnská alej, naproti areálu nemocnice, lípa ozn. B12, Soudná, Jičín","11742853, 11961708",dobrý,NA,NA,NA,NA,dobrý,chu,NA,0
CZ0523284,Osmoderma barnabita,POP_PRESENCE,ano,2023,5762b,EVL Opočno,12799664,ano,val,ano,přítomnost druhu,ano,dobrý,chu,val,1
CZ0523284,Osmoderma barnabita,STA_HABPOKRYV,ne,2023,5762b,EVL Opočno,12799664,,min,10,procento pokryvnosti preferovaných biotopů,alespoň 10 procento pokryvnosti preferovaných biotopů,špatný,chu,minmax,1
CZ0523284,Osmoderma barnabita,CELKOVE_HODNOCENI,NA,2023,5762b,EVL Opočno,12799664,dobrý,NA,NA,NA,NA,dobrý,chu,NA,1
CZ0523290,Osmoderma barnabita,POP_PRESENCE,ano,2017,5862a,"Petrovice nad Orlicí_3, Petrovice nad Orlicí_4, Petrovice nad Orlicí_5","10124618, 10124619, 10124620",ano,val,ano,přítomnost druhu,ano,dobrý,chu,val,0
CZ0523290,Osmoderma barnabita,STA_HABPOKRYV,ne,2017,5862a,"Petrovice nad Orlicí_3, Petrovice nad Orlicí_4, Petrovice nad Orlicí_5","10124618, 10124619, 10124620",,min,10,procento pokryvnosti preferovaných biotopů,alespoň 10 procento pokryvnosti preferovaných biotopů,špatný,chu,minmax,0
CZ0523290,Osmoderma barnabita,CELKOVE_HODNOCENI,NA,2017,5862a,"Petrovice nad Orlicí_3, Petrovice nad Orlicí_4, Petrovice nad Orlicí_5","10124618, 10124619, 10124620",dobrý,NA,NA,NA,NA,dobrý,chu,NA,0
CZ0533295,Osmoderma barnabita,POP_PRESENCE,ano,2022,"6159c, 6159d",6159d,"12501155, 12998854",ano,val,ano,přítomnost druhu,ano,dobrý,chu,val,1
CZ0533295,Osmoderma barnabita,STA_HABPOKRYV,ne,2022,"6159c, 6159d",6159d,"12501155, 12998854",,min,10,procento pokryvnosti preferovaných biotopů,alespoň 10 procento pokryvnosti preferovaných biotopů,špatný,chu,minmax,1
CZ0533295,Osmoderma barnabita,CELKOVE_HODNOCENI,NA,2022,"6159c, 6159d",6159d,"12501155, 12998854",dobrý,NA,NA,NA,NA,dobrý,chu,NA,1
CZ0533297,Osmoderma barnabita,POP_PRESENCE,ano,2015,5861d,Bělečko 173,9661919,ano,val,ano,přítomnost druhu,ano,dobrý,chu,val,0
CZ0533297,Osmoderma barnabita,STA_HABPOKRYV,ne,2015,5861d,Bělečko 173,9661919,,min,10,procento pokryvnosti preferovaných biotopů,alespoň 10 procento pokryvnosti preferovaných biotopů,špatný,chu,minmax,0
CZ0533297,Osmoderma barnabita,CELKOVE_HODNOCENI,NA,2015,5861d,Bělečko 173,9661919,dobrý,NA,NA,NA,NA,dobrý,chu,NA,0
CZ0533300,Osmoderma barnabita,POP_PRESENCE,ano,2021,"6060c, 6060a, 6059d","Heřmanův Městec, bažantnice (1), Heřmanův Městec, bažantnice (4), Heřmanův Městec, bažantnice (3), Heřmanův Městec, bažantnice (2), Heřmanův Městec, zámecký park (1), Heřmanův Městec, zámecký park (2), Heřmanův Městec, zámecký park (3), Heřmanův Městec, zámecký paark (4), Heřmanův Městec, zámecký park (5)","11716616, 11716619, 11716621, 11716618, 11716623, 11716624, 11716629, 11716630, 11716632",ano,val,ano,přítomnost druhu,ano,dobrý,chu,val,0
CZ0533300,Osmoderma barnabita,STA_HABPOKRYV,ne,2021,"6060c, 6060a, 6059d","Heřmanův Městec, bažantnice (1), Heřmanův Městec, bažantnice (4), Heřmanův Městec, bažantnice (3), Heřmanův Městec, bažantnice (2), Heřmanův Městec, zámecký park (1), Heřmanův Městec, zámecký park (2), Heřmanův Městec, zámecký park (3), Heřmanův Městec, zámecký paark (4), Heřmanův Městec, zámecký park (5)","11716616, 11716619, 11716621, 11716618, 11716623, 11716624, 11716629, 11716630, 11716632",,min,10,procento pokryvnosti preferovaných biotopů,alespoň 10 procento pokryvnosti preferovaných biotopů,špatný,chu,minmax,0
CZ0533300,Osmoderma barnabita,CELKOVE_HODNOCENI,NA,2021,"6060c, 6060a, 6059d","Heřmanův Městec, bažantnice (1), Heřmanův Městec, bažantnice (4), Heřmanův Městec, bažantnice (3), Heřmanův Městec, bažantnice (2), Heřmanův Městec, zámecký park (1), Heřmanův Městec, zámecký park (2), Heřmanův Městec, zámecký park (3), Heřmanův Městec, zámecký paark (4), Heřmanův Městec, zámecký park (5)","11716616, 11716619, 11716621, 11716618, 11716623, 11716624, 11716629, 11716630, 11716632",dobrý,NA,NA,NA,NA,dobrý,chu,NA,0
CZ0533302,Osmoderma barnabita,POP_PRESENCE,ano,2021,6059b,"PR a EVL Choltická obora (6), PR a EVL Choltická obora (7), PR a EVL Choltická obora (8), PR a EVL Choltická obora (9)","11716565, 11716569, 11716570, 11716572",ano,val,ano,přítomnost druhu,ano,dobrý,chu,val,0
CZ0533302,Osmoderma barnabita,STA_HABPOKRYV,ne,2021,6059b,"PR a EVL Choltická obora (6), PR a EVL Choltická obora (7), PR a EVL Choltická obora (8), PR a EVL Choltická obora (9)","11716565, 11716569, 11716570, 11716572",,min,10,procento pokryvnosti preferovaných biotopů,alespoň 10 procento pokryvnosti preferovaných biotopů,špatný,chu,minmax,0
CZ0533302,Osmoderma barnabita,CELKOVE_HODNOCENI,NA,2021,6059b,"PR a EVL Choltická obora (6), PR a EVL Choltická obora (7), PR a EVL Choltická obora (8), PR a EVL Choltická obora (9)","11716565, 11716569, 11716570, 11716572",dobrý,NA,NA,NA,NA,dobrý,chu,NA,0
CZ0533307,Osmoderma barnabita,POP_PRESENCE,ano,2022,5960b,Kunětická hora,12499324,ano,val,ano,přítomnost druhu,ano,dobrý,chu,val,1
CZ0533307,Osmoderma barnabita,STA_HABPOKRYV,ne,2022,5960b,Kunětická hora,12499324,,min,10,procento pokryvnosti preferovaných biotopů,alespoň 10 procento pokryvnosti preferovaných biotopů,špatný,chu,minmax,1
CZ0533307,Osmoderma barnabita,CELKOVE_HODNOCENI,NA,2022,5960b,Kunětická hora,12499324,dobrý,NA,NA,NA,NA,dobrý,chu,NA,1
CZ0533308,Osmoderma barnabita,POP_PRESENCE,ano,2014,5959b,NPR Bohdanečský rybník - Polákův poloostrov,9056648,ano,val,ano,přítomnost druhu,ano,dobrý,chu,val,0
CZ0533308,Osmoderma barnabita,STA_HABPOKRYV,ne,2014,5959b,NPR Bohdanečský rybník - Polákův poloostrov,9056648,,min,10,procento pokryvnosti preferovaných biotopů,alespoň 10 procento pokryvnosti preferovaných biotopů,špatný,chu,minmax,0
CZ0533308,Osmoderma barnabita,CELKOVE_HODNOCENI,NA,2014,5959b,NPR Bohdanečský rybník - Polákův poloostrov,9056648,dobrý,NA,NA,NA,NA,dobrý,chu,NA,0
CZ0533309,Osmoderma barnabita,POP_PRESENCE,ano,2022,5960d,Pardubice - alej u zámku,12499313,ano,val,ano,přítomnost druhu,ano,dobrý,chu,val,1
CZ0533309,Osmoderma barnabita,STA_HABPOKRYV,ne,2022,5960d,Pardubice - alej u zámku,12499313,,min,10,procento pokryvnosti preferovaných biotopů,alespoň 10 procento pokryvnosti preferovaných biotopů,špatný,chu,minmax,1
CZ0533309,Osmoderma barnabita,CELKOVE_HODNOCENI,NA,2022,5960d,Pardubice - alej u zámku,12499313,dobrý,NA,NA,NA,NA,dobrý,chu,NA,1
CZ0533310,Osmoderma barnabita,POP_PRESENCE,ano,2021,6161a,PP a EVL rybník Hluboký  (1),11716284,ano,val,ano,přítomnost druhu,ano,dobrý,chu,val,0
CZ0533310,Osmoderma barnabita,STA_HABPOKRYV,ne,2021,6161a,PP a EVL rybník Hluboký  (1),11716284,,min,10,procento pokryvnosti preferovaných biotopů,alespoň 10 procento pokryvnosti preferovaných biotopů,špatný,chu,minmax,0
CZ0533310,Osmoderma barnabita,CELKOVE_HODNOCENI,NA,2021,6161a,PP a EVL rybník Hluboký  (1),11716284,dobrý,NA,NA,NA,NA,dobrý,chu,NA,0
CZ0533316,Osmoderma barnabita,POP_PRESENCE,ano,2021,6062a,"Uhersko - Ostrov, Loučná, Uhersko, Loučná z. od obce (1), Uhersko, Loučná z. od obce (2)","11716142, 11716224, 11716234",ano,val,ano,přítomnost druhu,ano,dobrý,chu,val,0
CZ0533316,Osmoderma barnabita,STA_HABPOKRYV,ne,2021,6062a,"Uhersko - Ostrov, Loučná, Uhersko, Loučná z. od obce (1), Uhersko, Loučná z. od obce (2)","11716142, 11716224, 11716234",,min,10,procento pokryvnosti preferovaných biotopů,alespoň 10 procento pokryvnosti preferovaných biotopů,špatný,chu,minmax,0
CZ0533316,Osmoderma barnabita,CELKOVE_HODNOCENI,NA,2021,6062a,"Uhersko - Ostrov, Loučná, Uhersko, Loučná z. od obce (1), Uhersko, Loučná z. od obce (2)","11716142, 11716224, 11716234",dobrý,NA,NA,NA,NA,dobrý,chu,NA,0
CZ0533501,Osmoderma barnabita,POP_PRESENCE,ano,2022,6160b,EVL Slavická obora,12501165,ano,val,ano,přítomnost druhu,ano,dobrý,chu,val,1
CZ0533501,Osmoderma barnabita,STA_HABPOKRYV,ne,2022,6160b,EVL Slavická obora,12501165,,min,10,procento pokryvnosti preferovaných biotopů,alespoň 10 procento pokryvnosti preferovaných biotopů,špatný,chu,minmax,1
CZ0533501,Osmoderma barnabita,CELKOVE_HODNOCENI,NA,2022,6160b,EVL Slavická obora,12501165,dobrý,NA,NA,NA,NA,dobrý,chu,NA,1
CZ0533696,Osmoderma barnabita,POP_PRESENCE,ano,2022,6060d,6060d,12499309,ne,val,ano,přítomnost druhu,ano,špatný,chu,val,1
CZ0533696,Osmoderma barnabita,STA_HABPOKRYV,ne,2022,6060d,6060d,12499309,,min,10,procento pokryvnosti preferovaných biotopů,alespoň 10 procento pokryvnosti preferovaných biotopů,špatný,chu,minmax,1
CZ0533696,Osmoderma barnabita,CELKOVE_HODNOCENI,NA,2022,6060d,6060d,12499309,zhoršený,NA,NA,NA,NA,zhoršený,chu,NA,1
CZ0533698,Osmoderma barnabita,POP_PRESENCE,ano,"2017, 2022","5958b, 5958d","Kladruby nad Labem, KÚ: Kladruby nad Labem","11307525, 11307526, 11307527, 11307529, 12244163, 12244164, 12244166",ano,val,ano,přítomnost druhu,ano,dobrý,chu,val,1
CZ0533698,Osmoderma barnabita,STA_HABPOKRYV,ne,"2017, 2022","5958b, 5958d","Kladruby nad Labem, KÚ: Kladruby nad Labem","11307525, 11307526, 11307527, 11307529, 12244163, 12244164, 12244166",,min,10,procento pokryvnosti preferovaných biotopů,alespoň 10 procento pokryvnosti preferovaných biotopů,špatný,chu,minmax,1
CZ0533698,Osmoderma barnabita,CELKOVE_HODNOCENI,NA,"2017, 2022","5958b, 5958d","Kladruby nad Labem, KÚ: Kladruby nad Labem","11307525, 11307526, 11307527, 11307529, 12244163, 12244164, 12244166",dobrý,NA,NA,NA,NA,dobrý,chu,NA,1
CZ0534053,Osmoderma barnabita,POP_PRESENCE,ano,2018,6160b,"PR Krkanka, PR Strádovské peklo","11307579, 11307580, 11307585, 11307586, 11307696, 11307702",ano,val,ano,přítomnost druhu,ano,dobrý,chu,val,0
CZ0534053,Osmoderma barnabita,STA_HABPOKRYV,ne,2018,6160b,"PR Krkanka, PR Strádovské peklo","11307579, 11307580, 11307585, 11307586, 11307696, 11307702",,min,10,procento pokryvnosti preferovaných biotopů,alespoň 10 procento pokryvnosti preferovaných biotopů,špatný,chu,minmax,0
CZ0534053,Osmoderma barnabita,CELKOVE_HODNOCENI,NA,2018,6160b,"PR Krkanka, PR Strádovské peklo","11307579, 11307580, 11307585, 11307586, 11307696, 11307702",dobrý,NA,NA,NA,NA,dobrý,chu,NA,0
CZ0610159,Osmoderma barnabita,POP_PRESENCE,ano,2022,6659c,NPR Velký Špičák - část Velký Špičák,13100029,ano,val,ano,přítomnost druhu,ano,dobrý,chu,val,0
CZ0610159,Osmoderma barnabita,STA_HABPOKRYV,ne,2022,6659c,NPR Velký Špičák - část Velký Špičák,13100029,,min,10,procento pokryvnosti preferovaných biotopů,alespoň 10 procento pokryvnosti preferovaných biotopů,špatný,chu,minmax,0
CZ0610159,Osmoderma barnabita,CELKOVE_HODNOCENI,NA,2022,6659c,NPR Velký Špičák - část Velký Špičák,13100029,dobrý,NA,NA,NA,NA,dobrý,chu,NA,0
CZ0610179,Osmoderma barnabita,POP_PRESENCE,ano,2021,6961b,Příštpo,11606107,ano,val,ano,přítomnost druhu,ano,dobrý,chu,val,0
CZ0610179,Osmoderma barnabita,STA_HABPOKRYV,ne,2021,6961b,Příštpo,11606107,,min,10,procento pokryvnosti preferovaných biotopů,alespoň 10 procento pokryvnosti preferovaných biotopů,špatný,chu,minmax,0
CZ0610179,Osmoderma barnabita,CELKOVE_HODNOCENI,NA,2021,6961b,Příštpo,11606107,dobrý,NA,NA,NA,NA,dobrý,chu,NA,0
CZ0612149,Osmoderma barnabita,POP_PRESENCE,ano,2021,7059d,PP Suché skály,"11718245, 11718246",ano,val,ano,přítomnost druhu,ano,dobrý,chu,val,1
CZ0612149,Osmoderma barnabita,STA_HABPOKRYV,ne,2021,7059d,PP Suché skály,"11718245, 11718246",,min,10,procento pokryvnosti preferovaných biotopů,alespoň 10 procento pokryvnosti preferovaných biotopů,špatný,chu,minmax,1
CZ0612149,Osmoderma barnabita,CELKOVE_HODNOCENI,NA,2021,7059d,PP Suché skály,"11718245, 11718246",dobrý,NA,NA,NA,NA,dobrý,chu,NA,1
CZ0613002,Osmoderma barnabita,POP_PRESENCE,ano,2014,6758b,"EVL Roštýnská obora, Doupě","9126096, 9481851",ano,val,ano,přítomnost druhu,ano,dobrý,chu,val,0
CZ0613002,Osmoderma barnabita,STA_HABPOKRYV,ne,2014,6758b,"EVL Roštýnská obora, Doupě","9126096, 9481851",,min,10,procento pokryvnosti preferovaných biotopů,alespoň 10 procento pokryvnosti preferovaných biotopů,špatný,chu,minmax,0
CZ0613002,Osmoderma barnabita,CELKOVE_HODNOCENI,NA,2014,6758b,"EVL Roštýnská obora, Doupě","9126096, 9481851",dobrý,NA,NA,NA,NA,dobrý,chu,NA,0
CZ0613816,Osmoderma barnabita,POP_PRESENCE,ano,"2020, 2021","6762d, 6863a, 6763c","Náměšť nad Oslavou - obora, PP Náměšťská obora","11268846, 11268909, 11268910, 11268911, 11268922, 11718353",ano,val,ano,přítomnost druhu,ano,dobrý,chu,val,1
CZ0613816,Osmoderma barnabita,STA_HABPOKRYV,ne,"2020, 2021","6762d, 6863a, 6763c","Náměšť nad Oslavou - obora, PP Náměšťská obora","11268846, 11268909, 11268910, 11268911, 11268922, 11718353",,min,10,procento pokryvnosti preferovaných biotopů,alespoň 10 procento pokryvnosti preferovaných biotopů,špatný,chu,minmax,1
CZ0613816,Osmoderma barnabita,CELKOVE_HODNOCENI,NA,"2020, 2021","6762d, 6863a, 6763c","Náměšť nad Oslavou - obora, PP Náměšťská obora","11268846, 11268909, 11268910, 11268911, 11268922, 11718353",dobrý,NA,NA,NA,NA,dobrý,chu,NA,1
CZ0614131,Osmoderma barnabita,POP_PRESENCE,ano,2022,6862b,Březník,12042142,ano,val,ano,přítomnost druhu,ano,dobrý,chu,val,0
CZ0614131,Osmoderma barnabita,STA_HABPOKRYV,ne,2022,6862b,Březník,12042142,,min,10,procento pokryvnosti preferovaných biotopů,alespoň 10 procento pokryvnosti preferovaných biotopů,špatný,chu,minmax,0
CZ0614131,Osmoderma barnabita,CELKOVE_HODNOCENI,NA,2022,6862b,Březník,12042142,dobrý,NA,NA,NA,NA,dobrý,chu,NA,0
CZ0620084,Osmoderma barnabita,POP_PRESENCE,ano,2019,7065d,"Šatava, Ivaň, Loučky","11268645, 11268647, 11268648, 11268649, 11268650, 11268651",ano,val,ano,přítomnost druhu,ano,dobrý,chu,val,0
CZ0620084,Osmoderma barnabita,STA_HABPOKRYV,ne,2019,7065d,"Šatava, Ivaň, Loučky","11268645, 11268647, 11268648, 11268649, 11268650, 11268651",,min,10,procento pokryvnosti preferovaných biotopů,alespoň 10 procento pokryvnosti preferovaných biotopů,špatný,chu,minmax,0
CZ0620084,Osmoderma barnabita,CELKOVE_HODNOCENI,NA,2019,7065d,"Šatava, Ivaň, Loučky","11268645, 11268647, 11268648, 11268649, 11268650, 11268651",dobrý,NA,NA,NA,NA,dobrý,chu,NA,0
CZ0623022,Osmoderma barnabita,POP_PRESENCE,ano,2024,"7164b, 7164d",Drnholec,"13435620, 13435625",ano,val,ano,přítomnost druhu,ano,dobrý,chu,val,0
CZ0623022,Osmoderma barnabita,STA_HABPOKRYV,ne,2024,"7164b, 7164d",Drnholec,"13435620, 13435625",,min,10,procento pokryvnosti preferovaných biotopů,alespoň 10 procento pokryvnosti preferovaných biotopů,špatný,chu,minmax,0
CZ0623022,Osmoderma barnabita,CELKOVE_HODNOCENI,NA,2024,"7164b, 7164d",Drnholec,"13435620, 13435625",dobrý,NA,NA,NA,NA,dobrý,chu,NA,0
CZ0623025,Osmoderma barnabita,POP_PRESENCE,ano,2020,6867a,"Slavkov, zám. park, 6965d","11268925, 11268926, 11268927",ano,val,ano,přítomnost druhu,ano,dobrý,chu,val,0
CZ0623025,Osmoderma barnabita,STA_HABPOKRYV,ne,2020,6867a,"Slavkov, zám. park, 6965d","11268925, 11268926, 11268927",,min,10,procento pokryvnosti preferovaných biotopů,alespoň 10 procento pokryvnosti preferovaných biotopů,špatný,chu,minmax,0
CZ0623025,Osmoderma barnabita,CELKOVE_HODNOCENI,NA,2020,6867a,"Slavkov, zám. park, 6965d","11268925, 11268926, 11268927",dobrý,NA,NA,NA,NA,dobrý,chu,NA,0
CZ0623032,Osmoderma barnabita,POP_PRESENCE,ano,2016,6965d,Židlochovice,"10272346, 10272360",ano,val,ano,přítomnost druhu,ano,dobrý,chu,val,0
CZ0623032,Osmoderma barnabita,STA_HABPOKRYV,ne,2016,6965d,Židlochovice,"10272346, 10272360",,min,10,procento pokryvnosti preferovaných biotopů,alespoň 10 procento pokryvnosti preferovaných biotopů,špatný,chu,minmax,0
CZ0623032,Osmoderma barnabita,CELKOVE_HODNOCENI,NA,2016,6965d,Židlochovice,"10272346, 10272360",dobrý,NA,NA,NA,NA,dobrý,chu,NA,0
CZ0623045,Osmoderma barnabita,POP_PRESENCE,ano,2014,7266b,Valtice,9481653,ano,val,ano,přítomnost druhu,ano,dobrý,chu,val,0
CZ0623045,Osmoderma barnabita,STA_HABPOKRYV,ne,2014,7266b,Valtice,9481653,,min,10,procento pokryvnosti preferovaných biotopů,alespoň 10 procento pokryvnosti preferovaných biotopů,špatný,chu,minmax,0
CZ0623045,Osmoderma barnabita,CELKOVE_HODNOCENI,NA,2014,7266b,Valtice,9481653,dobrý,NA,NA,NA,NA,dobrý,chu,NA,0
CZ0623801,Osmoderma barnabita,POP_PRESENCE,ano,2019,6965d,"Šatava, Přísnotice, PP Přísnotický les",11268671,ano,val,ano,přítomnost druhu,ano,dobrý,chu,val,0
CZ0623801,Osmoderma barnabita,STA_HABPOKRYV,ne,2019,6965d,"Šatava, Přísnotice, PP Přísnotický les",11268671,,min,10,procento pokryvnosti preferovaných biotopů,alespoň 10 procento pokryvnosti preferovaných biotopů,špatný,chu,minmax,0
CZ0623801,Osmoderma barnabita,CELKOVE_HODNOCENI,NA,2019,6965d,"Šatava, Přísnotice, PP Přísnotický les",11268671,dobrý,NA,NA,NA,NA,dobrý,chu,NA,0
CZ0624001,Osmoderma barnabita,POP_PRESENCE,ano,2016,7163c,Krhovice,10148780,ano,val,ano,přítomnost druhu,ano,dobrý,chu,val,0
CZ0624001,Osmoderma barnabita,STA_HABPOKRYV,ne,2016,7163c,Krhovice,10148780,,min,10,procento pokryvnosti preferovaných biotopů,alespoň 10 procento pokryvnosti preferovaných biotopů,špatný,chu,minmax,0
CZ0624001,Osmoderma barnabita,CELKOVE_HODNOCENI,NA,2016,7163c,Krhovice,10148780,dobrý,NA,NA,NA,NA,dobrý,chu,NA,0
CZ0624095,Osmoderma barnabita,POP_PRESENCE,ano,2023,"7060d, 7060c","Zálesí, Chvalatice","12799635, 12799703",ano,val,ano,přítomnost druhu,ano,dobrý,chu,val,1
CZ0624095,Osmoderma barnabita,STA_HABPOKRYV,ne,2023,"7060d, 7060c","Zálesí, Chvalatice","12799635, 12799703",,min,10,procento pokryvnosti preferovaných biotopů,alespoň 10 procento pokryvnosti preferovaných biotopů,špatný,chu,minmax,1
CZ0624095,Osmoderma barnabita,CELKOVE_HODNOCENI,NA,2023,"7060d, 7060c","Zálesí, Chvalatice","12799635, 12799703",dobrý,NA,NA,NA,NA,dobrý,chu,NA,1
CZ0624096,Osmoderma barnabita,POP_PRESENCE,ano,2023,7162a,Znojmo - Hradiště,12799557,ano,val,ano,přítomnost druhu,ano,dobrý,chu,val,1
CZ0624096,Osmoderma barnabita,STA_HABPOKRYV,ne,2023,7162a,Znojmo - Hradiště,12799557,,min,10,procento pokryvnosti preferovaných biotopů,alespoň 10 procento pokryvnosti preferovaných biotopů,špatný,chu,minmax,1
CZ0624096,Osmoderma barnabita,CELKOVE_HODNOCENI,NA,2023,7162a,Znojmo - Hradiště,12799557,dobrý,NA,NA,NA,NA,dobrý,chu,NA,1
CZ0624099,Osmoderma barnabita,POP_PRESENCE,ano,"2019, 2022, 2013","7166c, 7267a, 7166d, 7167c, 7166a","NPR Křivé jezero, Kančí obora, Břeclav - Břeclav, 41417, Břeclav - Poštorná, Ladná, Anglická cesta, Lednice, Ladenská cesta, Ladná, Anglická cesta, Charvátská Nová Ves, Pod Zámkem, Břeclav - Břeclav, 422, Lednice, Nejdek, 42117, Bulhary, Bulhary, Lednice, Podivín, Hubertova šopa, Dřevěný most, Lednice, Lednice-Nejdek, Nejdek, Hájenka, Podivín, Anglická cesta, Lednice, Masarykova, Ladná, Krive jezero_Moravec_Saprox_P1","10614515, 11776256, 11776257, 11776258, 11776259, 11776260, 11776261, 11776262, 11776263, 11776264, 11776283, 11776284, 11776285, 11776286, 11776305, 11776329, 11776330, 11776334, 11776335, 11776374, 11776375, 11776379, 11776298, 11776299, 11776300, 11776301, 11776328, 11776376, 11776419, 11776420, 11776421, 11776422, 11776408, 11776409, 11776410, 11776411, 11776433, 11776428, 11776432, 11776447, 11776448, 11776323, 11776418, 11776427, 11776429, 11776430, 11776431, 9143857",ano,val,ano,přítomnost druhu,ano,dobrý,chu,val,0
CZ0624099,Osmoderma barnabita,STA_HABPOKRYV,ne,"2019, 2022, 2013","7166c, 7267a, 7166d, 7167c, 7166a","NPR Křivé jezero, Kančí obora, Břeclav - Břeclav, 41417, Břeclav - Poštorná, Ladná, Anglická cesta, Lednice, Ladenská cesta, Ladná, Anglická cesta, Charvátská Nová Ves, Pod Zámkem, Břeclav - Břeclav, 422, Lednice, Nejdek, 42117, Bulhary, Bulhary, Lednice, Podivín, Hubertova šopa, Dřevěný most, Lednice, Lednice-Nejdek, Nejdek, Hájenka, Podivín, Anglická cesta, Lednice, Masarykova, Ladná, Krive jezero_Moravec_Saprox_P1","10614515, 11776256, 11776257, 11776258, 11776259, 11776260, 11776261, 11776262, 11776263, 11776264, 11776283, 11776284, 11776285, 11776286, 11776305, 11776329, 11776330, 11776334, 11776335, 11776374, 11776375, 11776379, 11776298, 11776299, 11776300, 11776301, 11776328, 11776376, 11776419, 11776420, 11776421, 11776422, 11776408, 11776409, 11776410, 11776411, 11776433, 11776428, 11776432, 11776447, 11776448, 11776323, 11776418, 11776427, 11776429, 11776430, 11776431, 9143857",,min,10,procento pokryvnosti preferovaných biotopů,alespoň 10 procento pokryvnosti preferovaných biotopů,špatný,chu,minmax,0
CZ0624099,Osmoderma barnabita,CELKOVE_HODNOCENI,NA,"2019, 2022, 2013","7166c, 7267a, 7166d, 7167c, 7166a","NPR Křivé jezero, Kančí obora, Břeclav - Břeclav, 41417, Břeclav - Poštorná, Ladná, Anglická cesta, Lednice, Ladenská cesta, Ladná, Anglická cesta, Charvátská Nová Ves, Pod Zámkem, Břeclav - Břeclav, 422, Lednice, Nejdek, 42117, Bulhary, Bulhary, Lednice, Podivín, Hubertova šopa, Dřevěný most, Lednice, Lednice-Nejdek, Nejdek, Hájenka, Podivín, Anglická cesta, Lednice, Masarykova, Ladná, Krive jezero_Moravec_Saprox_P1","10614515, 11776256, 11776257, 11776258, 11776259, 11776260, 11776261, 11776262, 11776263, 11776264, 11776283, 11776284, 11776285, 11776286, 11776305, 11776329, 11776330, 11776334, 11776335, 11776374, 11776375, 11776379, 11776298, 11776299, 11776300, 11776301, 11776328, 11776376, 11776419, 11776420, 11776421, 11776422, 11776408, 11776409, 11776410, 11776411, 11776433, 11776428, 11776432, 11776447, 11776448, 11776323, 11776418, 11776427, 11776429, 11776430, 11776431, 9143857",dobrý,NA,NA,NA,NA,dobrý,chu,NA,0
CZ0624119,Osmoderma barnabita,POP_PRESENCE,ano,"2022, 2023, 2014","7268a, 7267c, 7267d, 7367b, 7268c, 7367d, 7168d, 7267a","Týnec, Nová alej, Tvrdonice, Tvrdonice, Moravská Nová Ves, Hraniční cesta, Břeclav - Břeclav, Anglická alej, Břeclav - Břeclav, lesní úzkokolejka, Lanžhot - Lanžhot, Tvrdonice, Hamre, Brodské, Stárkovská alej, Lanžhot - Lanžhot, Anglická alej, Lanžhot - Lanžhot, Anglická alej, Břeclav - Břeclav, Veřejná cesta, Lanžhot - Lanžhot, Lanžhot, D2, Lanžhot - Lanžhot, Anglická alej, Lanžhot - Lanžhot, Hraniční cesta, Lanžhot - Lanžhot, Lanžhot - Lanžhot, Doubravenská alej, Lanžhot - Lanžhot, lesní úzkokolejka, Lanžhot - Lanžhot, Vlčí alej, Lanžhot - Lanžhot, Křenová alej, Lanžhot - Lanžhot, Hrázová cesta, Lanžhot - Lanžhot, Adamov, Nová alej, Tvrdonice, Tvrdonice, Adamov, Gbely, Lanžhot - Lanžhot, Anglická alej, Lanžhot - Lanžhot, Jiklínská cesta, Lanžhot - Lanžhot, Kód lokality: TV13|3, Břeclav","11776249, 11776250, 11776276, 11776304, 11776402, 11776403, 11776404, 11776405, 11776467, 11776468, 11776251, 11776253, 11776297, 11776333, 11776358, 11776359, 11776361, 11776362, 11776365, 11776366, 11776367, 11776368, 11776369, 11776370, 11776388, 11776445, 11776446, 11776474, 11776252, 11776282, 11776303, 11776327, 11776357, 11776360, 11776363, 11776364, 11776371, 11776464, 11776470, 11776254, 11776255, 11776293, 11776296, 11776356, 11776372, 11776389, 11776396, 11776397, 11776398, 11776399, 11776413, 11776414, 11776415, 11776441, 11776442, 11776443, 11776444, 11776454, 11776475, 11776471, 11776472, 11776473, 11776477, 11776478, 11776291, 11776292, 11776425, 11776426, 11776412, 11776465, 11776466, 11776294, 11776295, 11776373, 11776378, 11776440, 11776453, 13825531, 9525066",ano,val,ano,přítomnost druhu,ano,dobrý,chu,val,0
CZ0624119,Osmoderma barnabita,STA_HABPOKRYV,ne,"2022, 2023, 2014","7268a, 7267c, 7267d, 7367b, 7268c, 7367d, 7168d, 7267a","Týnec, Nová alej, Tvrdonice, Tvrdonice, Moravská Nová Ves, Hraniční cesta, Břeclav - Břeclav, Anglická alej, Břeclav - Břeclav, lesní úzkokolejka, Lanžhot - Lanžhot, Tvrdonice, Hamre, Brodské, Stárkovská alej, Lanžhot - Lanžhot, Anglická alej, Lanžhot - Lanžhot, Anglická alej, Břeclav - Břeclav, Veřejná cesta, Lanžhot - Lanžhot, Lanžhot, D2, Lanžhot - Lanžhot, Anglická alej, Lanžhot - Lanžhot, Hraniční cesta, Lanžhot - Lanžhot, Lanžhot - Lanžhot, Doubravenská alej, Lanžhot - Lanžhot, lesní úzkokolejka, Lanžhot - Lanžhot, Vlčí alej, Lanžhot - Lanžhot, Křenová alej, Lanžhot - Lanžhot, Hrázová cesta, Lanžhot - Lanžhot, Adamov, Nová alej, Tvrdonice, Tvrdonice, Adamov, Gbely, Lanžhot - Lanžhot, Anglická alej, Lanžhot - Lanžhot, Jiklínská cesta, Lanžhot - Lanžhot, Kód lokality: TV13|3, Břeclav","11776249, 11776250, 11776276, 11776304, 11776402, 11776403, 11776404, 11776405, 11776467, 11776468, 11776251, 11776253, 11776297, 11776333, 11776358, 11776359, 11776361, 11776362, 11776365, 11776366, 11776367, 11776368, 11776369, 11776370, 11776388, 11776445, 11776446, 11776474, 11776252, 11776282, 11776303, 11776327, 11776357, 11776360, 11776363, 11776364, 11776371, 11776464, 11776470, 11776254, 11776255, 11776293, 11776296, 11776356, 11776372, 11776389, 11776396, 11776397, 11776398, 11776399, 11776413, 11776414, 11776415, 11776441, 11776442, 11776443, 11776444, 11776454, 11776475, 11776471, 11776472, 11776473, 11776477, 11776478, 11776291, 11776292, 11776425, 11776426, 11776412, 11776465, 11776466, 11776294, 11776295, 11776373, 11776378, 11776440, 11776453, 13825531, 9525066",,min,10,procento pokryvnosti preferovaných biotopů,alespoň 10 procento pokryvnosti preferovaných biotopů,špatný,chu,minmax,0
CZ0624119,Osmoderma barnabita,CELKOVE_HODNOCENI,NA,"2022, 2023, 2014","7268a, 7267c, 7267d, 7367b, 7268c, 7367d, 7168d, 7267a","Týnec, Nová alej, Tvrdonice, Tvrdonice, Moravská Nová Ves, Hraniční cesta, Břeclav - Břeclav, Anglická alej, Břeclav - Břeclav, lesní úzkokolejka, Lanžhot - Lanžhot, Tvrdonice, Hamre, Brodské, Stárkovská alej, Lanžhot - Lanžhot, Anglická alej, Lanžhot - Lanžhot, Anglická alej, Břeclav - Břeclav, Veřejná cesta, Lanžhot - Lanžhot, Lanžhot, D2, Lanžhot - Lanžhot, Anglická alej, Lanžhot - Lanžhot, Hraniční cesta, Lanžhot - Lanžhot, Lanžhot - Lanžhot, Doubravenská alej, Lanžhot - Lanžhot, lesní úzkokolejka, Lanžhot - Lanžhot, Vlčí alej, Lanžhot - Lanžhot, Křenová alej, Lanžhot - Lanžhot, Hrázová cesta, Lanžhot - Lanžhot, Adamov, Nová alej, Tvrdonice, Tvrdonice, Adamov, Gbely, Lanžhot - Lanžhot, Anglická alej, Lanžhot - Lanžhot, Jiklínská cesta, Lanžhot - Lanžhot, Kód lokality: TV13|3, Břeclav","11776249, 11776250, 11776276, 11776304, 11776402, 11776403, 11776404, 11776405, 11776467, 11776468, 11776251, 11776253, 11776297, 11776333, 11776358, 11776359, 11776361, 11776362, 11776365, 11776366, 11776367, 11776368, 11776369, 11776370, 11776388, 11776445, 11776446, 11776474, 11776252, 11776282, 11776303, 11776327, 11776357, 11776360, 11776363, 11776364, 11776371, 11776464, 11776470, 11776254, 11776255, 11776293, 11776296, 11776356, 11776372, 11776389, 11776396, 11776397, 11776398, 11776399, 11776413, 11776414, 11776415, 11776441, 11776442, 11776443, 11776444, 11776454, 11776475, 11776471, 11776472, 11776473, 11776477, 11776478, 11776291, 11776292, 11776425, 11776426, 11776412, 11776465, 11776466, 11776294, 11776295, 11776373, 11776378, 11776440, 11776453, 13825531, 9525066",dobrý,NA,NA,NA,NA,dobrý,chu,NA,0
CZ0624130,Osmoderma barnabita,POP_PRESENCE,ano,2023,6666c,Býčí skála,12799616,ano,val,ano,přítomnost druhu,ano,dobrý,chu,val,1
CZ0624130,Osmoderma barnabita,STA_HABPOKRYV,ne,2023,6666c,Býčí skála,12799616,,min,10,procento pokryvnosti preferovaných biotopů,alespoň 10 procento pokryvnosti preferovaných biotopů,špatný,chu,minmax,1
CZ0624130,Osmoderma barnabita,CELKOVE_HODNOCENI,NA,2023,6666c,Býčí skála,12799616,dobrý,NA,NA,NA,NA,dobrý,chu,NA,1
CZ0714082,Osmoderma barnabita,POP_PRESENCE,ano,2013,6570b,NPR Žebračka,8906980,ano,val,ano,přítomnost druhu,ano,dobrý,chu,val,0
CZ0714082,Osmoderma barnabita,STA_HABPOKRYV,ne,2013,6570b,NPR Žebračka,8906980,,min,10,procento pokryvnosti preferovaných biotopů,alespoň 10 procento pokryvnosti preferovaných biotopů,špatný,chu,minmax,0
CZ0714082,Osmoderma barnabita,CELKOVE_HODNOCENI,NA,2013,6570b,NPR Žebračka,8906980,dobrý,NA,NA,NA,NA,dobrý,chu,NA,0
CZ0714085,Osmoderma barnabita,POP_PRESENCE,ano,2022,6569d,"6569d Tovačov, Donbas",12246809,ne,val,ano,přítomnost druhu,ano,špatný,chu,val,1
CZ0714085,Osmoderma barnabita,STA_HABPOKRYV,ne,2022,6569d,"6569d Tovačov, Donbas",12246809,,min,10,procento pokryvnosti preferovaných biotopů,alespoň 10 procento pokryvnosti preferovaných biotopů,špatný,chu,minmax,1
CZ0714085,Osmoderma barnabita,CELKOVE_HODNOCENI,NA,2022,6569d,"6569d Tovačov, Donbas",12246809,zhoršený,NA,NA,NA,NA,zhoršený,chu,NA,1
CZ0724087,Osmoderma barnabita,POP_PRESENCE,ano,2024,"6972c, 6972a",Újezdec u Luhačovic,"13134858, 13134867",ano,val,ano,přítomnost druhu,ano,dobrý,chu,val,0
CZ0724087,Osmoderma barnabita,STA_HABPOKRYV,ne,2024,"6972c, 6972a",Újezdec u Luhačovic,"13134858, 13134867",,min,10,procento pokryvnosti preferovaných biotopů,alespoň 10 procento pokryvnosti preferovaných biotopů,špatný,chu,minmax,0
CZ0724087,Osmoderma barnabita,CELKOVE_HODNOCENI,NA,2024,"6972c, 6972a",Újezdec u Luhačovic,"13134858, 13134867",dobrý,NA,NA,NA,NA,dobrý,chu,NA,0
CZ0724120,Osmoderma barnabita,POP_PRESENCE,ano,"2022, 2015","6870d, 6871c","PR Kanada, Kněžpole u Uherského Hradiště","12069263, 9479573",ano,val,ano,přítomnost druhu,ano,dobrý,chu,val,1
CZ0724120,Osmoderma barnabita,STA_HABPOKRYV,ne,"2022, 2015","6870d, 6871c","PR Kanada, Kněžpole u Uherského Hradiště","12069263, 9479573",,min,10,procento pokryvnosti preferovaných biotopů,alespoň 10 procento pokryvnosti preferovaných biotopů,špatný,chu,minmax,1
CZ0724120,Osmoderma barnabita,CELKOVE_HODNOCENI,NA,"2022, 2015","6870d, 6871c","PR Kanada, Kněžpole u Uherského Hradiště","12069263, 9479573",dobrý,NA,NA,NA,NA,dobrý,chu,NA,1
CZ0813447,Osmoderma barnabita,POP_PRESENCE,ano,2014,6375c,"EVL Hukvaldy, Sklenov","9142759, 9481925",ano,val,ano,přítomnost druhu,ano,dobrý,chu,val,1
CZ0813447,Osmoderma barnabita,STA_HABPOKRYV,ne,2014,6375c,"EVL Hukvaldy, Sklenov","9142759, 9481925",,min,10,procento pokryvnosti preferovaných biotopů,alespoň 10 procento pokryvnosti preferovaných biotopů,špatný,chu,minmax,1
CZ0813447,Osmoderma barnabita,CELKOVE_HODNOCENI,NA,2014,6375c,"EVL Hukvaldy, Sklenov","9142759, 9481925",dobrý,NA,NA,NA,NA,dobrý,chu,NA,1
CZ0813449,Osmoderma barnabita,POP_PRESENCE,ano,2015,6175a,"Děhylov, Poštovní rybník, Děhylov - u Poštovního rybníka","9414231, 9479320",ano,val,ano,přítomnost druhu,ano,dobrý,chu,val,0
CZ0813449,Osmoderma barnabita,STA_HABPOKRYV,ne,2015,6175a,"Děhylov, Poštovní rybník, Děhylov - u Poštovního rybníka","9414231, 9479320",,min,10,procento pokryvnosti preferovaných biotopů,alespoň 10 procento pokryvnosti preferovaných biotopů,špatný,chu,minmax,0
CZ0813449,Osmoderma barnabita,CELKOVE_HODNOCENI,NA,2015,6175a,"Děhylov, Poštovní rybník, Děhylov - u Poštovního rybníka","9414231, 9479320",dobrý,NA,NA,NA,NA,dobrý,chu,NA,0
CZ0813451,Osmoderma barnabita,POP_PRESENCE,ano,2019,"6177a, 6176b","Strom č. 24, Strom č. 11, Strom č. 12, Strom č. 13, Strom č. 19, Strom č. 22, Strom č. 23, Strom č. 35, Strom č. 40, Strom č. 46, Strom č. 48, Strom č. 51, Strom č. 58, Strom č. 59, Strom č. 5, Strom č. 9, Strom č. 10, Strom č. 28, Strom č. 30, Strom č. 32","10764883, 10764887, 10764888, 10764889, 10764891, 10764892, 10764893, 10764897, 10764898, 10764899, 10764900, 10764901, 10764902, 10764903, 10764884, 10764885, 10764886, 10764894, 10764895, 10764896",ano,val,ano,přítomnost druhu,ano,dobrý,chu,val,0
CZ0813451,Osmoderma barnabita,STA_HABPOKRYV,ne,2019,"6177a, 6176b","Strom č. 24, Strom č. 11, Strom č. 12, Strom č. 13, Strom č. 19, Strom č. 22, Strom č. 23, Strom č. 35, Strom č. 40, Strom č. 46, Strom č. 48, Strom č. 51, Strom č. 58, Strom č. 59, Strom č. 5, Strom č. 9, Strom č. 10, Strom č. 28, Strom č. 30, Strom č. 32","10764883, 10764887, 10764888, 10764889, 10764891, 10764892, 10764893, 10764897, 10764898, 10764899, 10764900, 10764901, 10764902, 10764903, 10764884, 10764885, 10764886, 10764894, 10764895, 10764896",,min,10,procento pokryvnosti preferovaných biotopů,alespoň 10 procento pokryvnosti preferovaných biotopů,špatný,chu,minmax,0
CZ0813451,Osmoderma barnabita,CELKOVE_HODNOCENI,NA,2019,"6177a, 6176b","Strom č. 24, Strom č. 11, Strom č. 12, Strom č. 13, Strom č. 19, Strom č. 22, Strom č. 23, Strom č. 35, Strom č. 40, Strom č. 46, Strom č. 48, Strom č. 51, Strom č. 58, Strom č. 59, Strom č. 5, Strom č. 9, Strom č. 10, Strom č. 28, Strom č. 30, Strom č. 32","10764883, 10764887, 10764888, 10764889, 10764891, 10764892, 10764893, 10764897, 10764898, 10764899, 10764900, 10764901, 10764902, 10764903, 10764884, 10764885, 10764886, 10764894, 10764895, 10764896",dobrý,NA,NA,NA,NA,dobrý,chu,NA,0
CZ0813457,Osmoderma barnabita,POP_PRESENCE,ano,2019,"6076d, 6076c","Dětmarovice - Segment V, Dětmarovice - Segment IV, Bezdínek + Segment III, Věřňovice - Segment II/A, Věřňovice - Segment II/B, Věřňovice - Segment II/C, Věřňovice - Dembina 1, Strom č. 86, Strom č. 57, Strom č. 66, Strom č. 78, Strom č. 87, Strom č. 92, Strom č. 98, Strom č. 108, Strom č. 117, Strom č. 126, Strom č. 128, Strom č. 133, Strom č. 137, Strom č. 147, Strom č. 154, Strom č. 166, Strom č. 167, Strom č. 168, Strom č. 171, Strom č. 173, Strom č. 174, Strom č. 180, Červín - Segment I, Červín - Lutyňka 1, Červín - Lutyňka 2, Strom č. 3, Strom č. 6, Strom č. 8, Strom č. 9, Strom č. 12, Strom č. 16, Strom č. 17, Strom č. 19, Strom č. 20, Strom č. 21, Strom č. 23, Strom č. 24, Strom č. 25, Strom č. 26, Strom č. 27, Strom č. 28, Strom č. 29, Strom č. 31, Strom č. 32, Strom č. 33, Strom č. 34, Strom č. 36, Strom č. 201, Strom č. 203, Strom č. 204, Strom č. 205, Strom č. 212","10754603, 10754604, 10754605, 10754607, 10754608, 10754609, 10754611, 10754613, 10757829, 10757852, 10757853, 10757854, 10757855, 10757856, 10757857, 10757859, 10757860, 10757861, 10757862, 10757863, 10757864, 10757865, 10757866, 10757867, 10757868, 10757869, 10757870, 10757871, 10757872, 10757873, 10754606, 10754614, 10754615, 10757830, 10757831, 10757832, 10757833, 10757834, 10757835, 10757836, 10757837, 10757838, 10757839, 10757840, 10757841, 10757842, 10757843, 10757844, 10757845, 10757846, 10757847, 10757848, 10757849, 10757850, 10757851, 10757874, 10757875, 10757876, 10757877, 10757878",ano,val,ano,přítomnost druhu,ano,dobrý,chu,val,0
CZ0813457,Osmoderma barnabita,STA_HABPOKRYV,ne,2019,"6076d, 6076c","Dětmarovice - Segment V, Dětmarovice - Segment IV, Bezdínek + Segment III, Věřňovice - Segment II/A, Věřňovice - Segment II/B, Věřňovice - Segment II/C, Věřňovice - Dembina 1, Strom č. 86, Strom č. 57, Strom č. 66, Strom č. 78, Strom č. 87, Strom č. 92, Strom č. 98, Strom č. 108, Strom č. 117, Strom č. 126, Strom č. 128, Strom č. 133, Strom č. 137, Strom č. 147, Strom č. 154, Strom č. 166, Strom č. 167, Strom č. 168, Strom č. 171, Strom č. 173, Strom č. 174, Strom č. 180, Červín - Segment I, Červín - Lutyňka 1, Červín - Lutyňka 2, Strom č. 3, Strom č. 6, Strom č. 8, Strom č. 9, Strom č. 12, Strom č. 16, Strom č. 17, Strom č. 19, Strom č. 20, Strom č. 21, Strom č. 23, Strom č. 24, Strom č. 25, Strom č. 26, Strom č. 27, Strom č. 28, Strom č. 29, Strom č. 31, Strom č. 32, Strom č. 33, Strom č. 34, Strom č. 36, Strom č. 201, Strom č. 203, Strom č. 204, Strom č. 205, Strom č. 212","10754603, 10754604, 10754605, 10754607, 10754608, 10754609, 10754611, 10754613, 10757829, 10757852, 10757853, 10757854, 10757855, 10757856, 10757857, 10757859, 10757860, 10757861, 10757862, 10757863, 10757864, 10757865, 10757866, 10757867, 10757868, 10757869, 10757870, 10757871, 10757872, 10757873, 10754606, 10754614, 10754615, 10757830, 10757831, 10757832, 10757833, 10757834, 10757835, 10757836, 10757837, 10757838, 10757839, 10757840, 10757841, 10757842, 10757843, 10757844, 10757845, 10757846, 10757847, 10757848, 10757849, 10757850, 10757851, 10757874, 10757875, 10757876, 10757877, 10757878",,min,10,procento pokryvnosti preferovaných biotopů,alespoň 10 procento pokryvnosti preferovaných biotopů,špatný,chu,minmax,0
CZ0813457,Osmoderma barnabita,CELKOVE_HODNOCENI,NA,2019,"6076d, 6076c","Dětmarovice - Segment V, Dětmarovice - Segment IV, Bezdínek + Segment III, Věřňovice - Segment II/A, Věřňovice - Segment II/B, Věřňovice - Segment II/C, Věřňovice - Dembina 1, Strom č. 86, Strom č. 57, Strom č. 66, Strom č. 78, Strom č. 87, Strom č. 92, Strom č. 98, Strom č. 108, Strom č. 117, Strom č. 126, Strom č. 128, Strom č. 133, Strom č. 137, Strom č. 147, Strom č. 154, Strom č. 166, Strom č. 167, Strom č. 168, Strom č. 171, Strom č. 173, Strom č. 174, Strom č. 180, Červín - Segment I, Červín - Lutyňka 1, Červín - Lutyňka 2, Strom č. 3, Strom č. 6, Strom č. 8, Strom č. 9, Strom č. 12, Strom č. 16, Strom č. 17, Strom č. 19, Strom č. 20, Strom č. 21, Strom č. 23, Strom č. 24, Strom č. 25, Strom č. 26, Strom č. 27, Strom č. 28, Strom č. 29, Strom č. 31, Strom č. 32, Strom č. 33, Strom č. 34, Strom č. 36, Strom č. 201, Strom č. 203, Strom č. 204, Strom č. 205, Strom č. 212","10754603, 10754604, 10754605, 10754607, 10754608, 10754609, 10754611, 10754613, 10757829, 10757852, 10757853, 10757854, 10757855, 10757856, 10757857, 10757859, 10757860, 10757861, 10757862, 10757863, 10757864, 10757865, 10757866, 10757867, 10757868, 10757869, 10757870, 10757871, 10757872, 10757873, 10754606, 10754614, 10754615, 10757830, 10757831, 10757832, 10757833, 10757834, 10757835, 10757836, 10757837, 10757838, 10757839, 10757840, 10757841, 10757842, 10757843, 10757844, 10757845, 10757846, 10757847, 10757848, 10757849, 10757850, 10757851, 10757874, 10757875, 10757876, 10757877, 10757878",dobrý,NA,NA,NA,NA,dobrý,chu,NA,0
CZ0813460,Osmoderma barnabita,POP_PRESENCE,ano,2021,5672c,Slezské Pavlovice,11607875,ano,val,ano,přítomnost druhu,ano,dobrý,chu,val,0
CZ0813460,Osmoderma barnabita,STA_HABPOKRYV,ne,2021,5672c,Slezské Pavlovice,11607875,,min,10,procento pokryvnosti preferovaných biotopů,alespoň 10 procento pokryvnosti preferovaných biotopů,špatný,chu,minmax,0
CZ0813460,Osmoderma barnabita,CELKOVE_HODNOCENI,NA,2021,5672c,Slezské Pavlovice,11607875,dobrý,NA,NA,NA,NA,dobrý,chu,NA,0
CZ0813461,Osmoderma barnabita,POP_PRESENCE,ano,2019,6075d,Šilheřovice,"10734815, 10734822, 10734829, 10734836, 10734838, 10734844, 10734849, 10734853, 10734854, 10734857, 10734859, 10734860",ano,val,ano,přítomnost druhu,ano,dobrý,chu,val,0
CZ0813461,Osmoderma barnabita,STA_HABPOKRYV,ne,2019,6075d,Šilheřovice,"10734815, 10734822, 10734829, 10734836, 10734838, 10734844, 10734849, 10734853, 10734854, 10734857, 10734859, 10734860",,min,10,procento pokryvnosti preferovaných biotopů,alespoň 10 procento pokryvnosti preferovaných biotopů,špatný,chu,minmax,0
CZ0813461,Osmoderma barnabita,CELKOVE_HODNOCENI,NA,2019,6075d,Šilheřovice,"10734815, 10734822, 10734829, 10734836, 10734838, 10734844, 10734849, 10734853, 10734854, 10734857, 10734859, 10734860",dobrý,NA,NA,NA,NA,dobrý,chu,NA,0
CZ0813463,Osmoderma barnabita,POP_PRESENCE,ano,2019,6275d,Paskov,"10734637, 10734639",ano,val,ano,přítomnost druhu,ano,dobrý,chu,val,0
CZ0813463,Osmoderma barnabita,STA_HABPOKRYV,ne,2019,6275d,Paskov,"10734637, 10734639",,min,10,procento pokryvnosti preferovaných biotopů,alespoň 10 procento pokryvnosti preferovaných biotopů,špatný,chu,minmax,0
CZ0813463,Osmoderma barnabita,CELKOVE_HODNOCENI,NA,2019,6275d,Paskov,"10734637, 10734639",dobrý,NA,NA,NA,NA,dobrý,chu,NA,0
CZ0814092,Osmoderma barnabita,POP_PRESENCE,ano,"2020, 2023, 2022, 2014, 2015","6373b, 6275c, 6373d, 6274d, 6374a, 6274c, 6373c, 6275a","Kunín a Hladké Životice, dřeviny okolo silnice I/57., K142, K126, K129, K131, K136, K137, K138, K140, K143, K145, K148, B148, Opl10, S391, S396, S397, K153, K154, K53, K55, S246, S91, S92, S93, S98, S109, S111, S117, Pu107, Pu109, Pu149a, Pu71, Pu73, S51, Jeseník nad Odrou - Jesenický rybník, hráze, CHKO a EVL Poodří, Polanka nad Odrou, U Hunculy","11031380, 12255803, 12255832, 12255833, 12255834, 12255835, 12255836, 12255837, 12255838, 12255839, 12255840, 12255841, 12255807, 12255808, 12255813, 12255814, 12255815, 12255842, 12255843, 12255845, 12255846, 12255871, 12255879, 12255880, 12255881, 12255882, 12255809, 12255810, 12255811, 12255856, 12255857, 12255858, 12255862, 12255863, 12255873, 9172802, 11093935, 9531935",ano,val,ano,přítomnost druhu,ano,dobrý,chu,val,0
CZ0814092,Osmoderma barnabita,STA_HABPOKRYV,ne,"2020, 2023, 2022, 2014, 2015","6373b, 6275c, 6373d, 6274d, 6374a, 6274c, 6373c, 6275a","Kunín a Hladké Životice, dřeviny okolo silnice I/57., K142, K126, K129, K131, K136, K137, K138, K140, K143, K145, K148, B148, Opl10, S391, S396, S397, K153, K154, K53, K55, S246, S91, S92, S93, S98, S109, S111, S117, Pu107, Pu109, Pu149a, Pu71, Pu73, S51, Jeseník nad Odrou - Jesenický rybník, hráze, CHKO a EVL Poodří, Polanka nad Odrou, U Hunculy","11031380, 12255803, 12255832, 12255833, 12255834, 12255835, 12255836, 12255837, 12255838, 12255839, 12255840, 12255841, 12255807, 12255808, 12255813, 12255814, 12255815, 12255842, 12255843, 12255845, 12255846, 12255871, 12255879, 12255880, 12255881, 12255882, 12255809, 12255810, 12255811, 12255856, 12255857, 12255858, 12255862, 12255863, 12255873, 9172802, 11093935, 9531935",,min,10,procento pokryvnosti preferovaných biotopů,alespoň 10 procento pokryvnosti preferovaných biotopů,špatný,chu,minmax,0
CZ0814092,Osmoderma barnabita,CELKOVE_HODNOCENI,NA,"2020, 2023, 2022, 2014, 2015","6373b, 6275c, 6373d, 6274d, 6374a, 6274c, 6373c, 6275a","Kunín a Hladké Životice, dřeviny okolo silnice I/57., K142, K126, K129, K131, K136, K137, K138, K140, K143, K145, K148, B148, Opl10, S391, S396, S397, K153, K154, K53, K55, S246, S91, S92, S93, S98, S109, S111, S117, Pu107, Pu109, Pu149a, Pu71, Pu73, S51, Jeseník nad Odrou - Jesenický rybník, hráze, CHKO a EVL Poodří, Polanka nad Odrou, U Hunculy","11031380, 12255803, 12255832, 12255833, 12255834, 12255835, 12255836, 12255837, 12255838, 12255839, 12255840, 12255841, 12255807, 12255808, 12255813, 12255814, 12255815, 12255842, 12255843, 12255845, 12255846, 12255871, 12255879, 12255880, 12255881, 12255882, 12255809, 12255810, 12255811, 12255856, 12255857, 12255858, 12255862, 12255863, 12255873, 9172802, 11093935, 9531935",dobrý,NA,NA,NA,NA,dobrý,chu,NA,0
CZ0814093,Osmoderma barnabita,POP_PRESENCE,ano,2024,6076c,PP Hraniční meandry Odry 3369,13086972,ano,val,ano,přítomnost druhu,ano,dobrý,chu,val,0
CZ0814093,Osmoderma barnabita,STA_HABPOKRYV,ne,2024,6076c,PP Hraniční meandry Odry 3369,13086972,,min,10,procento pokryvnosti preferovaných biotopů,alespoň 10 procento pokryvnosti preferovaných biotopů,špatný,chu,minmax,0
CZ0814093,Osmoderma barnabita,CELKOVE_HODNOCENI,NA,2024,6076c,PP Hraniční meandry Odry 3369,13086972,dobrý,NA,NA,NA,NA,dobrý,chu,NA,0
CZ0212020,Lampetra planeri,LOK_PROCDOBR,ne,2012,5555a,"Bělá - Nová Ves_NPP Rečkov-P9, Rokytka - NPP Rečkov-P8","8535594, 8535592",,min,50,% lokalit v dobrém stavu,alespoň 50 % lokalit v dobrém stavu,špatný,chu,minmax,0
CZ0212020,Lampetra planeri,CELKOVE_HODNOCENI,NA,2012,5555a,"Bělá - Nová Ves_NPP Rečkov-P9, Rokytka - NPP Rečkov-P8","8535594, 8535592",dobrý,NA,NA,NA,NA,dobrý,chu,NA,0
CZ0213009,Lampetra planeri,LOK_PROCDOBR,NA,"2014, 2020, 2021, 2022, 2023","6355a, 6454d, 6355c","Polánecký potok I - Polánka_ústí, Polánecký potok I - Polánka_ústí do Blanice, Vlašimská Blanice – Mladá Vožice, Vlašimská Blanice – Louňovice p. Blaníkem, Vlašimská Blanice – Nové mlýny – pod jezem, Vlašimská Blanice – Kondrac, Vlašimská Blanice – Polánka, Vlašimská Blanice - Hradiště, Vlašimská Blanice - Ostrov, Vlašímská Blanice - Louňovice p. Blaníkem_nad, Vlašmská Blanice - Šelmberk, Polánecký potok - Polánka_ústí do Blanice, Častrovický potok - Dub_u brodu, Pravětický potok - Smršťov, Bořkovický potok - Smršťov_ústí do Blanice, Vlašimská Blanice - Šelmberk u silničního mostku","10598176, 12975738, 13410595, 13410596, 13410597, 13410598, 13410599, 13411076, 13411077, 13411078, 13411079, 13411676, 13411677, 13411678, 13411679, 13411680, 13411700",0,min,50,% lokalit v dobrém stavu,alespoň 50 % lokalit v dobrém stavu,špatný,chu,minmax,1
CZ0213009,Lampetra planeri,CELKOVE_HODNOCENI,NA,"2014, 2020, 2021, 2022, 2023","6355a, 6454d, 6355c","Polánecký potok I - Polánka_ústí, Polánecký potok I - Polánka_ústí do Blanice, Vlašimská Blanice – Mladá Vožice, Vlašimská Blanice – Louňovice p. Blaníkem, Vlašimská Blanice – Nové mlýny – pod jezem, Vlašimská Blanice – Kondrac, Vlašimská Blanice – Polánka, Vlašimská Blanice - Hradiště, Vlašimská Blanice - Ostrov, Vlašímská Blanice - Louňovice p. Blaníkem_nad, Vlašmská Blanice - Šelmberk, Polánecký potok - Polánka_ústí do Blanice, Častrovický potok - Dub_u brodu, Pravětický potok - Smršťov, Bořkovický potok - Smršťov_ústí do Blanice, Vlašimská Blanice - Šelmberk u silničního mostku","10598176, 12975738, 13410595, 13410596, 13410597, 13410598, 13410599, 13411076, 13411077, 13411078, 13411079, 13411676, 13411677, 13411678, 13411679, 13411680, 13411700",dobrý,NA,NA,NA,NA,dobrý,chu,NA,1
CZ0213016,Lampetra planeri,LOK_PROCDOBR,ne,2014,"5851a, 5851c","Zákolanský potok - Kováry, Zákolanský potok - Velké Číčovice, Dolanský potok - Běloky","9159269, 9159270, 9159271",,min,50,% lokalit v dobrém stavu,alespoň 50 % lokalit v dobrém stavu,špatný,chu,minmax,0
CZ0213016,Lampetra planeri,CELKOVE_HODNOCENI,NA,2014,"5851a, 5851c","Zákolanský potok - Kováry, Zákolanský potok - Velké Číčovice, Dolanský potok - Běloky","9159269, 9159270, 9159271",dobrý,NA,NA,NA,NA,dobrý,chu,NA,0
CZ0213042,Lampetra planeri,LOK_PROCDOBR,NA,"2015, 2016, 2021, 2023",6256a,"Losinský potok - Chobotský Mlýn, Losinský potok – Zderadinky","10598166, 10598167, 13410547, 13411468",0,min,50,% lokalit v dobrém stavu,alespoň 50 % lokalit v dobrém stavu,špatný,chu,minmax,1
CZ0213042,Lampetra planeri,CELKOVE_HODNOCENI,NA,"2015, 2016, 2021, 2023",6256a,"Losinský potok - Chobotský Mlýn, Losinský potok – Zderadinky","10598166, 10598167, 13410547, 13411468",dobrý,NA,NA,NA,NA,dobrý,chu,NA,1
CZ0213050,Lampetra planeri,LOK_PROCDOBR,ne,"2025, 2016",6249b,"Mlýnský rybník Velcí, Ohrazenický potok - Ohrazenice","14074577, 9793215",,min,50,% lokalit v dobrém stavu,alespoň 50 % lokalit v dobrém stavu,špatný,chu,minmax,0
CZ0213050,Lampetra planeri,CELKOVE_HODNOCENI,NA,"2025, 2016",6249b,"Mlýnský rybník Velcí, Ohrazenický potok - Ohrazenice","14074577, 9793215",dobrý,NA,NA,NA,NA,dobrý,chu,NA,0
CZ0213069,Lampetra planeri,LOK_PROCDOBR,NA,"2021, 2022, 2023","6354d, 6354b","Strašický potok – Libouň, Strašický potok - Libouň_nad mostem, Sedlečský potok - Kralín, Sedlečský potok - Sedlečko_pod, Sedlečský potok - Šipalky","13410571, 13411089, 13411436, 13411441, 13411447",0,min,50,% lokalit v dobrém stavu,alespoň 50 % lokalit v dobrém stavu,špatný,chu,minmax,1
CZ0213069,Lampetra planeri,CELKOVE_HODNOCENI,NA,"2021, 2022, 2023","6354d, 6354b","Strašický potok – Libouň, Strašický potok - Libouň_nad mostem, Sedlečský potok - Kralín, Sedlečský potok - Sedlečko_pod, Sedlečský potok - Šipalky","13410571, 13411089, 13411436, 13411441, 13411447",dobrý,NA,NA,NA,NA,dobrý,chu,NA,1
CZ0213076,Lampetra planeri,LOK_PROCDOBR,NA,"2014, 2022, 2019, 2021, 2023, 2015","6256a, 6256c","Štěpánovský potok I - Mařanův Mlýn, Štěpánovský potok - Střechov nad Sázavou_I, Štěpánovský potok - Střechov nad Sázavou_II, Štěpánovský potok - Soutice_IV, Štěpánovský potok - Mařanův Mlýn_ústí, Štěpánovský potok II - Mařanův Mlýn_nad jízkem, Štěpánovský potok - Pod Kubicí_pod mostem, Štěpánovský potok - Štěpánovská Lhota, Štěpánovský potok - Mařanův Mlýn, Štěpánovský potok - Střechov nad Sázavou II","10598174, 12222705, 12223002, 12223006, 12975618, 12975619, 13410589, 13410590, 13410591, 13411130, 13411154, 13411155, 13411697, 13411698, 13411699, 9544266, 9808756, 9808758",0,min,50,% lokalit v dobrém stavu,alespoň 50 % lokalit v dobrém stavu,špatný,chu,minmax,1
CZ0213076,Lampetra planeri,CELKOVE_HODNOCENI,NA,"2014, 2022, 2019, 2021, 2023, 2015","6256a, 6256c","Štěpánovský potok I - Mařanův Mlýn, Štěpánovský potok - Střechov nad Sázavou_I, Štěpánovský potok - Střechov nad Sázavou_II, Štěpánovský potok - Soutice_IV, Štěpánovský potok - Mařanův Mlýn_ústí, Štěpánovský potok II - Mařanův Mlýn_nad jízkem, Štěpánovský potok - Pod Kubicí_pod mostem, Štěpánovský potok - Štěpánovská Lhota, Štěpánovský potok - Mařanův Mlýn, Štěpánovský potok - Střechov nad Sázavou II","10598174, 12222705, 12223002, 12223006, 12975618, 12975619, 13410589, 13410590, 13410591, 13411130, 13411154, 13411155, 13411697, 13411698, 13411699, 9544266, 9808756, 9808758",dobrý,NA,NA,NA,NA,dobrý,chu,NA,1
CZ0213814,Lampetra planeri,LOK_PROCDOBR,ne,2016,6248c,Ledný potok - Dobřív_EVL Ledný potok,9796734,,min,50,% lokalit v dobrém stavu,alespoň 50 % lokalit v dobrém stavu,špatný,chu,minmax,0
CZ0213814,Lampetra planeri,CELKOVE_HODNOCENI,NA,2016,6248c,Ledný potok - Dobřív_EVL Ledný potok,9796734,dobrý,NA,NA,NA,NA,dobrý,chu,NA,0
CZ0213817,Lampetra planeri,LOK_PROCDOBR,NA,"2020, 2021, 2023",6249d,"Obecnický potok - Šachta_sp. hranice, Obecnický potok - Obecnice_nad ČOV","12975885, 13410761, 13410762, 13411557, 13411558",0,min,50,% lokalit v dobrém stavu,alespoň 50 % lokalit v dobrém stavu,špatný,chu,minmax,1
CZ0213817,Lampetra planeri,CELKOVE_HODNOCENI,NA,"2020, 2021, 2023",6249d,"Obecnický potok - Šachta_sp. hranice, Obecnický potok - Obecnice_nad ČOV","12975885, 13410761, 13410762, 13411557, 13411558",dobrý,NA,NA,NA,NA,dobrý,chu,NA,1
CZ0213818,Lampetra planeri,LOK_PROCDOBR,NA,"2020, 2021, 2022, 2023, 2016",6249d,"bezejmenný přítok VN Obecnice, Obecnický potok - nad VN Obecnice, Obecnický potok - pod VN Obecnice, bezejmenný přítok VN Obecnice - Obecnice v Brdech, Obecnický potok - Obecnice_EVL Octárna","12975887, 12975888, 13410758, 13410759, 13410760, 13411328, 13411329, 13411554, 13411555, 9796720, 9796721",0,min,50,% lokalit v dobrém stavu,alespoň 50 % lokalit v dobrém stavu,špatný,chu,minmax,1
CZ0213818,Lampetra planeri,CELKOVE_HODNOCENI,NA,"2020, 2021, 2022, 2023, 2016",6249d,"bezejmenný přítok VN Obecnice, Obecnický potok - nad VN Obecnice, Obecnický potok - pod VN Obecnice, bezejmenný přítok VN Obecnice - Obecnice v Brdech, Obecnický potok - Obecnice_EVL Octárna","12975887, 12975888, 13410758, 13410759, 13410760, 13411328, 13411329, 13411554, 13411555, 9796720, 9796721",dobrý,NA,NA,NA,NA,dobrý,chu,NA,1
CZ0214008,Lampetra planeri,LOK_PROCDOBR,NA,"2018, 2024, 2012, 2014, 2015","5849c, 5949a","Myší díra - Brejlský potok, Klíčava II - Klíčavské louky, Klíčava III - Karlův luh můstek, Klíčava I -  soutok s Brejlským potokem, Klíčava I -  Na Brejli|267, Klíčava II - Klíčavské louky|269, Klíčava III - Karlův luh_můstek|271, Klíčava Lánská obora, Klíčava I - most u staré brány do Fürstenbergské obory, Klíčava - úsek č.3, most Karlův loužek, Klíčava, Lány, Klíčava u ústí Jeleního luhu, Klíčavský potok - Plátěný, Klíčava - nad Myší dírou, Klíčava","10381046, 10381047, 10381048, 10590988, 12976307, 12976309, 12976311, 13392597, 13392600, 13392602, 13392603, 13392605, 13392610, 8574656, 8783946, 10614707, 10614708, 9121907, 9630767, 9630768, 9809708, 9812744, 9812746, 9812748",0,min,50,% lokalit v dobrém stavu,alespoň 50 % lokalit v dobrém stavu,špatný,chu,minmax,1
CZ0214008,Lampetra planeri,CELKOVE_HODNOCENI,NA,"2018, 2024, 2012, 2014, 2015","5849c, 5949a","Myší díra - Brejlský potok, Klíčava II - Klíčavské louky, Klíčava III - Karlův luh můstek, Klíčava I -  soutok s Brejlským potokem, Klíčava I -  Na Brejli|267, Klíčava II - Klíčavské louky|269, Klíčava III - Karlův luh_můstek|271, Klíčava Lánská obora, Klíčava I - most u staré brány do Fürstenbergské obory, Klíčava - úsek č.3, most Karlův loužek, Klíčava, Lány, Klíčava u ústí Jeleního luhu, Klíčavský potok - Plátěný, Klíčava - nad Myší dírou, Klíčava","10381046, 10381047, 10381048, 10590988, 12976307, 12976309, 12976311, 13392597, 13392600, 13392602, 13392603, 13392605, 13392610, 8574656, 8783946, 10614707, 10614708, 9121907, 9630767, 9630768, 9809708, 9812744, 9812746, 9812748",dobrý,NA,NA,NA,NA,dobrý,chu,NA,1
CZ0214013,Lampetra planeri,LOK_PROCDOBR,ne,2014,5653c,Pšovka - Velký Borek,9160030,,min,50,% lokalit v dobrém stavu,alespoň 50 % lokalit v dobrém stavu,špatný,chu,minmax,0
CZ0214013,Lampetra planeri,CELKOVE_HODNOCENI,NA,2014,5653c,Pšovka - Velký Borek,9160030,dobrý,NA,NA,NA,NA,dobrý,chu,NA,0
CZ0214041,Lampetra planeri,LOK_PROCDOBR,NA,"2018, 2021, 2022, 2023, 2015, 2016","6348d, 6448b","Kotelský potok III - Hutě p. Třemšínem, Kotelský potok - Věšín, Kotelský potok - Věšín_mezi Kotelským r. a r. Obžera, Kotelský potok - Hutě p. Tř._mezi Kotelským rybníkem a Obžerou, Kotelský potok I - pod Kotelskými rybníky, Kotelský potok II - Věšín, Kotelský a Nový potok, Kotelský potok - Hutě pod Třemšínem","12976357, 12976358, 13410516, 13411322, 13411470, 13411471, 9544228, 9544229, 9544230, 9544231, 9812750, 9812751, 9670716, 9796762",0,min,50,% lokalit v dobrém stavu,alespoň 50 % lokalit v dobrém stavu,špatný,chu,minmax,1
CZ0214041,Lampetra planeri,CELKOVE_HODNOCENI,NA,"2018, 2021, 2022, 2023, 2015, 2016","6348d, 6448b","Kotelský potok III - Hutě p. Třemšínem, Kotelský potok - Věšín, Kotelský potok - Věšín_mezi Kotelským r. a r. Obžera, Kotelský potok - Hutě p. Tř._mezi Kotelským rybníkem a Obžerou, Kotelský potok I - pod Kotelskými rybníky, Kotelský potok II - Věšín, Kotelský a Nový potok, Kotelský potok - Hutě pod Třemšínem","12976357, 12976358, 13410516, 13411322, 13411470, 13411471, 9544228, 9544229, 9544230, 9544231, 9812750, 9812751, 9670716, 9796762",dobrý,NA,NA,NA,NA,dobrý,chu,NA,1
CZ0310035,Lampetra planeri,LOK_PROCDOBR,ne,2019,"7251b, 7251d, 7352a","Vltava - Dobrné, Vltava - Všeměry, Vltava - Závratná, Vltava - Rožmberk","11022704, 11022705, 11022706, 11022707",,min,50,% lokalit v dobrém stavu,alespoň 50 % lokalit v dobrém stavu,špatný,chu,minmax,0
CZ0310035,Lampetra planeri,CELKOVE_HODNOCENI,NA,2019,"7251b, 7251d, 7352a","Vltava - Dobrné, Vltava - Všeměry, Vltava - Závratná, Vltava - Rožmberk","11022704, 11022705, 11022706, 11022707",dobrý,NA,NA,NA,NA,dobrý,chu,NA,0
CZ0313092,Lampetra planeri,LOK_PROCDOBR,NA,"2016, 2012, 2022, 2020, 2018, 2023, 2015","7254a, 7254c","Bedřichovský potok III. - Chlupatá Ves, Bedřichovský potok - Horní Stropnice_Filkův vrch, Bedřichovský potok - Bedřichov_olšina, Bedřichovský potok - Bedřichov_regulace, Bedřichovský potok - Filkův vrch, Bedřichovský potok - Bedřichov, Bedřichovský potok – Chlupatá Ves, Bedřichovský potok I. - Filkův vrch, Bedrichovský potok - Bedřichov, Bedřichovský potok - Chlupatá Ves_nad mostkem, Bedřichovský potok II. - Bedřichov - Filkův vrch, Bedřichovský potok I. - Bedřichov - Filkův vrch, Bedřichovský potok II - olšina","10148539, 10614702, 11924643, 11924644, 11924645, 11924646, 11924647, 11924648, 11924650, 11924652, 11924653, 11924655, 11924656, 11924658, 11924660, 11924661, 11924662, 11924663, 11924664, 11924665, 11924667, 11924668, 12975753, 12975754, 12975755, 12976325, 12976326, 12976327, 13411333, 13411775, 13411334, 13411335, 13411789, 13411790, 8574053, 9812728, 9812729",0,min,50,% lokalit v dobrém stavu,alespoň 50 % lokalit v dobrém stavu,špatný,chu,minmax,1
CZ0313092,Lampetra planeri,CELKOVE_HODNOCENI,NA,"2016, 2012, 2022, 2020, 2018, 2023, 2015","7254a, 7254c","Bedřichovský potok III. - Chlupatá Ves, Bedřichovský potok - Horní Stropnice_Filkův vrch, Bedřichovský potok - Bedřichov_olšina, Bedřichovský potok - Bedřichov_regulace, Bedřichovský potok - Filkův vrch, Bedřichovský potok - Bedřichov, Bedřichovský potok – Chlupatá Ves, Bedřichovský potok I. - Filkův vrch, Bedrichovský potok - Bedřichov, Bedřichovský potok - Chlupatá Ves_nad mostkem, Bedřichovský potok II. - Bedřichov - Filkův vrch, Bedřichovský potok I. - Bedřichov - Filkův vrch, Bedřichovský potok II - olšina","10148539, 10614702, 11924643, 11924644, 11924645, 11924646, 11924647, 11924648, 11924650, 11924652, 11924653, 11924655, 11924656, 11924658, 11924660, 11924661, 11924662, 11924663, 11924664, 11924665, 11924667, 11924668, 12975753, 12975754, 12975755, 12976325, 12976326, 12976327, 13411333, 13411775, 13411334, 13411335, 13411789, 13411790, 8574053, 9812728, 9812729",dobrý,NA,NA,NA,NA,dobrý,chu,NA,1
CZ0313137,Lampetra planeri,LOK_PROCDOBR,NA,"2020, 2021, 2022, 2023, 2015",7254b,"Veveřský potok -  Veveří_nad, Veveřský potok - na přítokem z r. Velký Blatouch, Veveřský potok - nad přítokem z r. Velký Blatouch, Veveřský potok – nad Veveřím, Veveřský potok - Veveří_nad, Veverský potok - 2. úsek - Veveří, Veverský potok - 3 - úsek - Veveří","12975742, 12975743, 13410592, 13410593, 13411277, 13411283, 13411792, 13411793, 9635565, 9635566",0,min,50,% lokalit v dobrém stavu,alespoň 50 % lokalit v dobrém stavu,špatný,chu,minmax,1
CZ0313137,Lampetra planeri,CELKOVE_HODNOCENI,NA,"2020, 2021, 2022, 2023, 2015",7254b,"Veveřský potok -  Veveří_nad, Veveřský potok - na přítokem z r. Velký Blatouch, Veveřský potok - nad přítokem z r. Velký Blatouch, Veveřský potok – nad Veveřím, Veveřský potok - Veveří_nad, Veverský potok - 2. úsek - Veveří, Veverský potok - 3 - úsek - Veveří","12975742, 12975743, 13410592, 13410593, 13411277, 13411283, 13411792, 13411793, 9635565, 9635566",dobrý,NA,NA,NA,NA,dobrý,chu,NA,1
CZ0313140,Lampetra planeri,LOK_PROCDOBR,NA,2012,6448d,Závišinský potok III. - nad rybníky u Vacíkova,9370954,0,min,50,% lokalit v dobrém stavu,alespoň 50 % lokalit v dobrém stavu,špatný,chu,minmax,1
CZ0313140,Lampetra planeri,CELKOVE_HODNOCENI,NA,2012,6448d,Závišinský potok III. - nad rybníky u Vacíkova,9370954,dobrý,NA,NA,NA,NA,dobrý,chu,NA,1
CZ0313805,Lampetra planeri,LOK_PROCDOBR,NA,"2019, 2022, 2014",6949d,"Blanice (Vodňanská) - Podedvorský Mlýn|205, Blanice (Vodňanská) - Zábrdský Mlýn|207, Blanice (Vodňanská) - Podedvorský Mlýn, Blanice (Vodňanská) - Zábrdský Mlýn, Blanice (Vodňanská) - Horní Záblatí, Blanice (Vodňanská) - Dvory","12976135, 12976137, 13411151, 13411152, 13411153, 9803526",0,min,50,% lokalit v dobrém stavu,alespoň 50 % lokalit v dobrém stavu,špatný,chu,minmax,1
CZ0313805,Lampetra planeri,CELKOVE_HODNOCENI,NA,"2019, 2022, 2014",6949d,"Blanice (Vodňanská) - Podedvorský Mlýn|205, Blanice (Vodňanská) - Zábrdský Mlýn|207, Blanice (Vodňanská) - Podedvorský Mlýn, Blanice (Vodňanská) - Zábrdský Mlýn, Blanice (Vodňanská) - Horní Záblatí, Blanice (Vodňanská) - Dvory","12976135, 12976137, 13411151, 13411152, 13411153, 9803526",dobrý,NA,NA,NA,NA,dobrý,chu,NA,1
CZ0313822,Lampetra planeri,LOK_PROCDOBR,ne,2019,6956c,"Koštěnický potok - Mládkův mlýn, Koštěnický potok - Mládkův mlýn_pod","11022243, 11022885",,min,50,% lokalit v dobrém stavu,alespoň 50 % lokalit v dobrém stavu,špatný,chu,minmax,0
CZ0313822,Lampetra planeri,CELKOVE_HODNOCENI,NA,2019,6956c,"Koštěnický potok - Mládkův mlýn, Koštěnický potok - Mládkův mlýn_pod","11022243, 11022885",dobrý,NA,NA,NA,NA,dobrý,chu,NA,0
CZ0314022,Lampetra planeri,LOK_PROCDOBR,NA,"2017, 2018, 2012, 2013, 2020, 2022, 2024, 2023, 2014","7352d, 7353c, 7352b, 7253c, 7252d, 7353d","Malše I - Dolní Dvořiště, Cetviny - pravostranný přítok Malše, Malše - Rychnov n. Malší, Malše - Kaplice, Malše - Kaplice_U Kovářů, Malše - Rychnov n. Malší, Malše - Rychnov n. Malší II, Malše - Rychnov n. Malší III, Malše - Rychnov n. Malší IV, Malše - Dolní Dvořiště, Malše - Dolní Dvořiště_nad, Malše - Cetviny, Cetvinský potok - Cetviny, Malše - Unterwald, Malše - Unterwald_nad, Kabelský potok - Leopoldov, Kabelský potok - Dolní Příbraní II, Kabelský potok - Dolní Příbraní, Malše - Tichá_lok. 1, Malše - Cetviny_lok. 2, Malše - Mairspindt_lok. 3, Cetvinský potok - Cetviny, Malše - Dolně Dvořiště, Malše - Dolní Dvořiště, Malše - Skoronice, Malše - Certviny_hr. přechod, Malše - Certviny, Kaplice, U Kovářů, Dolní Dvořiště, Most na signálce, Stiegersdorf, pod jezem, Stiegersdorf, Bifurkace 2 - CZ rameno, Leopoldschlag, Malše - pod soutokem Felberbach, Cetvinský potok","10148535, 10260470, 10362434, 10398560, 10398563, 10398595, 10398598, 10398599, 10398601, 10398603, 10398604, 10398605, 10399446, 10398606, 10398607, 10399469, 10399468, 10399462, 10403169, 10403171, 10403173, 10403187, 11000706, 11186614, 11186615, 11776416, 11776417, 13184807, 13184810, 13184811, 13184814, 13184818, 13184820, 13184815, 13184819, 13184821, 13184824, 13184830, 13184825, 13184831, 9804421",0,min,50,% lokalit v dobrém stavu,alespoň 50 % lokalit v dobrém stavu,špatný,chu,minmax,1
CZ0314022,Lampetra planeri,CELKOVE_HODNOCENI,NA,"2017, 2018, 2012, 2013, 2020, 2022, 2024, 2023, 2014","7352d, 7353c, 7352b, 7253c, 7252d, 7353d","Malše I - Dolní Dvořiště, Cetviny - pravostranný přítok Malše, Malše - Rychnov n. Malší, Malše - Kaplice, Malše - Kaplice_U Kovářů, Malše - Rychnov n. Malší, Malše - Rychnov n. Malší II, Malše - Rychnov n. Malší III, Malše - Rychnov n. Malší IV, Malše - Dolní Dvořiště, Malše - Dolní Dvořiště_nad, Malše - Cetviny, Cetvinský potok - Cetviny, Malše - Unterwald, Malše - Unterwald_nad, Kabelský potok - Leopoldov, Kabelský potok - Dolní Příbraní II, Kabelský potok - Dolní Příbraní, Malše - Tichá_lok. 1, Malše - Cetviny_lok. 2, Malše - Mairspindt_lok. 3, Cetvinský potok - Cetviny, Malše - Dolně Dvořiště, Malše - Dolní Dvořiště, Malše - Skoronice, Malše - Certviny_hr. přechod, Malše - Certviny, Kaplice, U Kovářů, Dolní Dvořiště, Most na signálce, Stiegersdorf, pod jezem, Stiegersdorf, Bifurkace 2 - CZ rameno, Leopoldschlag, Malše - pod soutokem Felberbach, Cetvinský potok","10148535, 10260470, 10362434, 10398560, 10398563, 10398595, 10398598, 10398599, 10398601, 10398603, 10398604, 10398605, 10399446, 10398606, 10398607, 10399469, 10399468, 10399462, 10403169, 10403171, 10403173, 10403187, 11000706, 11186614, 11186615, 11776416, 11776417, 13184807, 13184810, 13184811, 13184814, 13184818, 13184820, 13184815, 13184819, 13184821, 13184824, 13184830, 13184825, 13184831, 9804421",dobrý,NA,NA,NA,NA,dobrý,chu,NA,1
CZ0314023,Lampetra planeri,LOK_PROCDOBR,NA,"2019, 2018, 2021, 2012, 2013, 2015","7055a, 7155a, 7155d, 7055c, 6954d","Lužnice - U hodin, NPR Stará a Nová řeka - Stará řeka_2, NPR Stará a Nová řeka - Stará řeka_1, NPR Stará a Nová řeka - Stará řeka_3, Lužnice - Na Primárně_profil1, Lužnice - Halámky_profil2, Lužnice - Nová Ves_profil3, Lužnice III - Hrdlořezy, Lužnice II - Klikov, Lužnice I - Holičky, Lužnice - Na Ivance, Lužnice - Hrdlořezy_ústí Gamzy, Lužnice - Holičky_r. km 100, 8, Lužnice I - Klikov, Dračice - Klikov_ústí, Lužnice - Krabonošská niva u mostu, NPR Stará řeka - Lužnice 1, NPR Stará řeka - Lužnice 2, NPR Stará řeka - Lužnice 3, NPR Stará řeka - Lužnice 4, Stará řeka_laguna, Lužnice - Stará řeka - U Hodin","10628639, 10864054, 10864052, 10864061, 10863533, 10863548, 10863562, 12976300, 12976303, 12976305, 13410834, 13410838, 13410839, 8574169, 8574517, 8897180, 8897187, 8909701, 8909710, 8909716, 8909743, 9638790, 9812766, 9812767, 9812768",0,min,50,% lokalit v dobrém stavu,alespoň 50 % lokalit v dobrém stavu,špatný,chu,minmax,1
CZ0314023,Lampetra planeri,CELKOVE_HODNOCENI,NA,"2019, 2018, 2021, 2012, 2013, 2015","7055a, 7155a, 7155d, 7055c, 6954d","Lužnice - U hodin, NPR Stará a Nová řeka - Stará řeka_2, NPR Stará a Nová řeka - Stará řeka_1, NPR Stará a Nová řeka - Stará řeka_3, Lužnice - Na Primárně_profil1, Lužnice - Halámky_profil2, Lužnice - Nová Ves_profil3, Lužnice III - Hrdlořezy, Lužnice II - Klikov, Lužnice I - Holičky, Lužnice - Na Ivance, Lužnice - Hrdlořezy_ústí Gamzy, Lužnice - Holičky_r. km 100, 8, Lužnice I - Klikov, Dračice - Klikov_ústí, Lužnice - Krabonošská niva u mostu, NPR Stará řeka - Lužnice 1, NPR Stará řeka - Lužnice 2, NPR Stará řeka - Lužnice 3, NPR Stará řeka - Lužnice 4, Stará řeka_laguna, Lužnice - Stará řeka - U Hodin","10628639, 10864054, 10864052, 10864061, 10863533, 10863548, 10863562, 12976300, 12976303, 12976305, 13410834, 13410838, 13410839, 8574169, 8574517, 8897180, 8897187, 8909701, 8909710, 8909716, 8909743, 9638790, 9812766, 9812767, 9812768",dobrý,NA,NA,NA,NA,dobrý,chu,NA,1
CZ0314024,Lampetra planeri,LOK_PROCDOBR,NA,"2017, 2018, 2015, 2012, 2019, 2021, 2022, 2023, 2024, 2020, 2013, 2016, 2014","6947d, 7148b, 7149a, 7048d, 7048c, 7047b, 7048a, 7049b, 7050d, 7050c, 7149d, 7049d, 6846b, 6847a, 6847c, 7148d, 6846a, 6745b, 7149b, 7049a, 6949d, 6746a, 6745d, 6744b, 6744d, 6745a, 6948c, 6949c, 7250a, 7250c, 7249d, 7350a, 7350b, 7450b, 7451a, 6744a, 6845a, 6745c, 6845d, 6746d, 6947b, 6948a, 6948d, 7249b, 7350c, 7350d, 6747c, 6845b, 6846c, 6846d, 6845c, 6946b, 7250d","Vydří potok - Nové Hutě, Studená Vltava - Stožec, Studená Vltava - Stožec, Studená Vltava - Stožec_u polesí, přítok Jedlového potoka - Volary, Hlučina - Černý Kříž, Studená Vltava - Černý Kříž_U lávky, Studená Vltava - Černý Kříž_Nad soutokem, Řasnice - Lenora_nad soutokem s T. Vltavou, Řasnice - Řasnice_most Vlčí Jámy, Řasnice  - Hliniště_hráz byv. rybníka, Teplá Vltava - Polka_most, Borová Lada - rybí líheň NP Šumava, Teplá Vltava - Polka_nad jezem, Blanice - Blažejovice, Černý potok - Blažejovice nad, Zlatý potok - Miletínky, Zlatý potok - Záhoří_U Mlýna, Zlatý potok - Ovesné, Zlatý potok - Ovesné_Ledrův Mlýn, OP Map&Inv: Monitoring a mapování vybraných druhů - 7051c Dobročkov, Vltava - Želnava, Blanice - Zbytiny, Vydří potok - Nové Hutě, Vydří potok - Borová Lada, Vydří potok - Borová Lada II, Luční potok - Nové Městečko, Otava - Nové Městečko, Otava - Annín, Otava - Rejštejn, Záhvozdský potok - Záhvozdí, Studená Vltava - Stožec, most na Dobrou, Údolský potok - Nové Údolí, rybí líheň - Borová Lada, Borová Lada, přítok na rybí líheň - Borová Lada, Vltavský potok - Borová Lada, Teplá Vltava - Polka, LB přítok Slatinného potoka - Nová Hůrka, nádrž v Polce - Horní Vltavice, Náhon k Zahrádeckému mlýnu - Ostružná pod Čachrovem, Zelenohorský potok - Polka, Zahrádky u Borových Lad, Vydří potok - Nové Hutě, Vydří potok - Nový Svět u Borových Lad, Vydří potok - Nové Hutě (PP Pasecká slať), Vydří potok - Nové Hutě (PP Pasecká slať IV), Nové Hutě, Vltavský potok - Borová Lada, Teplá Vltava - Borová Lada, Blanice - Zbytiny, Zbytinský potok - Zbytiny (NPP Blanice), Magdalénský potok - Blažejovice (NPP Blažejovice), LB přítok - Spálenec, Blanice - Blažejovice (NPP Blanice), Blanice - Arnoštov (NPP Blanice), Blanice - Blažejovice pod (NPP Blanice), Blanice - Křišťanovice (PR Kaňon Blanice), Blanice - Zvěřenice (PR Kaňon Blanice), Blanice - Krejčovice (PR Kaňon Blanice), Křemenný potok - Krejčovice (PR Kaňon Blanice), Farský potok - Záblatí u Prachatic, Ovesné - Ledrův mlýn, Zlatý potok - Ovesné, Luční potok - Miletínky, Tisovka - Miletínky, Zlatý potok - nad Chroboly, Zlatý potok - Záhoří, U Mlýna, Polecká nádrž - Polka, Teplá Vltava - Lenora, Ostružná III - Čachrov|11, Ostružná II - Nemilkov|12, Ostružná – Jesení, Ostružná III - Čachrov|22, Ostružná – Nemilkov, Úhlava – Milence|27, Úhlava - Přední Hamry|29, Zelenský potok – Zelená Lhota|31, Svinský potok – Gubrův Dvorec_soutok s Lomnicí|121, Úhlava - Hamry_U Chaláka|125, Jelenka - Želiv|33, Jelenka – Divišovice|35, Volšovka - Harmanice_Peklo|37, Otava – Rejštejn|38, Volyňka – soutok s Medvědím p.|41, Blanice – Řepešín|43, Blanice – Krečovice, Blanice – Blanický Mlýn|45, Blanice – žel. stanice Spálenec|47, Cikánský potok – Včelná (most)|49, Boubínský potok Dobišův Mlýn, Černý potok – Blažejovice|51, Tetřívčí potok – Spálenec|53, Tisovka – Miletínky|55, Luční potok – Miletínky|57, Zlatý potok – Ovesné|59, Zlatý potok – Ovesné_býv. Ledrův mlýn|61, Zlatý potok – Chroboly|63, Zlatý potok – Záhoří_U Mlýna, Křemžský potok – Dobročkov II.|65, Křemžský potok – Ktiš|67, Křemžský potok – Tisovka|69, Vltava - Želnava|71, Teplá Vltava – Lenora, Teplá Vltava – Polka u MVE|73, Teplá Vltava – Polka|75, Polecký potok - Polka_nad nádrží|85, Řasnice – Lenora|77, Řasnice – Vlčí Jámy|79, Řasnice – Hliniště|81, Račí potok - Račí|83, Kaplický potok – Zátoň|87, Olšinka - Lenora|89, Jedlový potok – Soumarské rašeliniště – úsek I.|91, Volatský potok - Planerův Dvůr_pod, Záhvozdenský potok – Záhvozdí|93, Uhlíkovský potok - Záhvozdí|95, Ostřice - Žlábek|97, Hamerský potok – Zadní Hamry|99, Hamerský potok – Přední Zvonková|101, Medvědí potok – Zadní Hamry|103, Pestřice – Račín II.|105, Pestřice – Račín I.|107, Pestřice – Pod Pestřickým vrchem|187, Ostřice - Kovářov|109, Mlýnský potok – Pasečná|111, Horský potok – Spáleniště|203, Horský potok – Kaplické Chalupy|113, Chodská Úhlava - Svatá Katerina_st. hranice|115, Chodská Úhlava – Uhliště|117, Svinský potok - Hamerský Dvůr|119, Úhlava – Stará Lhota|123, Úhlava – Úhlavské údolí|127, Úhlava – nad nádrží Hamry|129, Dešenický potok - Na Ovčím Vrchu|131, Zelenský potok – Denkův Dvůr|133, Jelenka – Městiště|135, Strážovský potok - Hořákov|137, Ostružná – Hamerské údolí|139, Řezná - Železná Ruda_nad|141, Kepelský potok – Puchverk|143, Volšovka – Starzmühle|145, Volšovka – Františkova Ves|147, Otava – Annín|151, Losenice – Rejštejn|153, Losenice – U Wágnera_PR Losenice|155, Losenice – Popelná|157, Spůlka – Pucherský mlýn, Rýžovní potok - Velký Kozí Hřbet|159, Červený potok - Červená|161, Zlatý potok – Amálino údolí|163, Spůlka – Stachy|165, Volyňka – Vimperk|167, Arnoštský potok - Solná Lhota|169, Pravětínský potok - Pravětín|170, Cikánský potok – Saladín|173, Puchéřský potok – Arnoštov|175, Blanice – Arnoštov|177, Vltava - Smolná Pec|179, Jezerní potok – Nová Pec u Krejzů|181, Novopecký potok - Nová Pec|183, Smrčínský potok - silnice Nová Pec-Bližní Lhota|185, Rothovský potok – silnice Pestřice – Kyselov|189, Rothovský potok – pod PR Kozí stráň|191, Otovský potok – státní hranice|193, Světlá – Rychnůvek|194, Světlá – pod Lindou|197, Bukový potok – Výrovna|199, Horský potok – Pasečná|201, Zelenohorský potok III - Pravětínská Lada|283, Teplá Vltava II - Borová Lada|284, Teplá Vltava I - Polka|285, Blanice - Záblatí_u brodu Z obce, Světlá - Nové Údolí, Stožec, Jezerní potok - Nová Pec_profil PVL_2116, Teplá Vltava - Lenora_nad_profil PVL_2504, Pestřice - Dolní Vltavice, profil_PVL_2571, Volšovka (přítokOtavy), Sušice, profil PVL_2803, Vltavský potok - Borová Lada, Hlučina - Rudolfova cesta, Stožec, Farský potok  - Záblatí u Prachatic, Svinský Potok - Dvorec, Blanice - Blanický Mlýn, Chodská Úhlava - Svatá Katerina_st. hranice, Chodská Úhlava – Uhliště, Úhlava – Stará Lhota, Úhlava - Hamry_U Chaláka, Úhlava – Úhlavské údolí, Svinský potok – Dvorce, Dešenický potok - Na Ovčím Vrchu, Jelenka – Městiště, Ostružná – Hamerské údolí, Křemelná – Starý Brunst, Slatinný potok - Gerlova Huť, Křemelná – Zhůří, Volšovka – Starzmühle, Křemelná – nad soutokem se Slatinným potokem, Jezerní potok - Zettlova hůrka, Prášilský potok - Prášily, Křemelná – Stodůlky_most, Křemelná – nad Čeňkovou pilou, Řezná – Alžbětín, Řezná – Železná Ruda_pod soutokem s Jezerním p., Jezerní potok - Železná Ruda_nad soutokem s Řeznou, Jezerní potok – Železná Ruda_pod viaduktem, Jezerní potok – Železná Ruda, Řezná - Železná Ruda_nad, Otava – Rejštejn, Zlatý potok – Kašperské Hory (Amálino údolí), Hrádecký potok - Srní_Truhlářský mlýn, Volyňka – soutok s Medvědím p., Volyňka – Vimperk, Pravětínský potok - Pravětín, Teplá Vltava – Františkov, Teplá Vltava – Polka, Častá – Strážný, Vydří potok - Nový Svět, Račí potok - Račí, Studená Vltava – Stožec, Studená Vltava - Černý Kříž_pod, Volarský potok - Planerův Dvůr_pod, Puchéřský potok – Arnoštov, Blanice – Arnoštov, Křemžský potok – Tisovka, Rothovský potok – silnice Pestřice – Kyselov, Rothovský potok – pod PR Kozí stráň, Světlá – Rychnůvek, Bukový potok – Výrovna, Horský potok – Spáleniště, Horský potok – Kaplické Chalupy, Ostružná II - Nemilkov, Ostružná III - Čachrov, Úhlava – Milence, Úhlava - Přední Hamry, Jelenka - Krotějov, Jelenka – Divišovice, Blanice – Řepešín, Blanice – Krejčovice, Blanice – Blanický Mlýn, Blanice – žel. stanice Spálenec, Černý potok – Blažejovice, Tetřívčí potok – Spálenec, Cikánský potok – Včelná (most), Zlatý potok – Chroboly, Zlatý potok – Ovesné, Zlatý potok – Ovesné_býv. Ledrův Mlýn, Tisovka – Miletínky, Luční potok – Miletínky, Vltava – Želnava_chaty, Teplá Vltava – Polka u MVE, Uhlíkovský potok - Záhvozdí, Vltavský potok - Borová Lada_rybí líheň, Řasnice – Lenora, Řasnice – Vlčí Jámy, Řasnice – Hliniště, Hamerský potok – Zadní Hamry, Hamerský potok – Přední Zvonková, Pestřice – Račín II., Volšovka – Františkova Ves, Volšovka - Harmanice_Peklo, Losenice – Rejštejn, Losenice – U Wágnera_PR Losenice, Křemžský potok – Ktiš, Chodská Úhlava - Uhliště, Úhlava - Milence, Úhlava - Stará Lhota, Jelenka - Divišovice, Jelenka - Městiště, Ostružná - Jesení, Volšovka - Hartmanice_Peklo, Volšovka - Františkova Ves, Losenice - Rejštejn, Vltavský potok - Borová Lada - rybí líheň, Teplá Vltava - Polka u MVE, Řasnice - Hliniště, Řasnice - Vlčí Jámy, Řasnice - Lenora, Cikánský potok - Včelná, Blanice - Řepešín, Černý potok - Blažejovice, Blanice - Spálenec - žel. st., Tetřívčí potok - Spálenec, Puchéřský potok - Arnoštov, Vltava - Smolná Pec, Hamerský potok - Přední Zvonková, Hamerský potok - Zadní Hamry, Pestřice - Račín II, Pestřice - Pod Pestřickým vrchem, Rothovský potok - Nad PR Kozí stráň, Rothovský potok - silnice Pestřice - Kyselov, Zlatý potok - Ovesné, Luční potok - Miletínky, Tisovka - Miletínky, Zlatý potok - Chroboly, Křemžský potok - Tisovka, Křemžský potok - Ktiš, Farský potok - Obec Záblatí, Polka, Spálenec, Černá v Pošumaví, Přední Výtoň, Ostružná-Čachrov, Ostružná-Nemilkov, Vltava - Ovesná, Teplá Vltava a Zelenohorský potok I - Polka, Teplá Vltava a Zelenohorský potok II - Borová Lada, Teplá Vltava a Zelenohorský potok III - nad soutokem s TV, Křemelná - soutok s Prášilským p., Křemelná a Slatinný potok II - Slučí Tah, Slatinný potok - Gerlova Huť, VD Nýrsko - Hamry, Úhlava - Hamry, Vltava - Pěkná, Teplá Vltava - Chlum_z. Dobrá, Teplá Vltava - Lenora, Vltava - Lenora, Teplá Vltava - Stožec, VD Nýrsko - Zelená Lhota, Blanice (Vodňanská) - Záblatí","10014614, 10019500, 10261596, 10369207, 10273211, 10274731, 10274732, 10374506, 10374507, 10363356, 10367763, 10363357, 10376189, 10367767, 10376190, 10391371, 10391372, 10391374, 10397828, 10397972, 10397973, 10406168, 10622950, 10624728, 10722844, 10722845, 10722846, 10724602, 10752620, 10752726, 10752727, 11454201, 11485955, 11488766, 11603287, 11615256, 11920035, 11926686, 11954345, 11976212, 12048671, 12051109, 12498606, 12498608, 12498638, 12500584, 12820102, 12501331, 12511745, 12726840, 12726846, 12820101, 12501333, 12511343, 12517789, 12724819, 12726691, 12726716, 12726732, 12726834, 12726733, 12726835, 12726855, 12726854, 12726863, 12726874, 12747977, 12800821, 12800822, 12800823, 12800825, 12800827, 12800830, 12820259, 12975256, 12975648, 12975649, 12975892, 12975893, 12975894, 12975947, 12975949, 12975951, 12976048, 12976052, 12975953, 12975955, 12975957, 12975958, 12975961, 12975963, 12975965, 12975967, 12975969, 12975971, 12975973, 12975975, 12975977, 12975979, 12975981, 12975983, 12975985, 12975987, 12975989, 12975991, 12975993, 12975995, 12975997, 12975998, 12976000, 12976002, 12976012, 12976004, 12976006, 12976008, 12976010, 12976014, 12976016, 12976018, 12976107, 12976020, 12976022, 12976024, 12976026, 12976028, 12976030, 12976032, 12976034, 12976117, 12976036, 12976038, 12976133, 12976040, 12976042, 12976044, 12976046, 12976050, 12976054, 12976056, 12976058, 12976060, 12976062, 12976064, 12976066, 12976068, 12976070, 12976072, 12976074, 12976078, 12976080, 12976082, 12976084, 12976094, 12976086, 12976088, 12976090, 12976092, 12976096, 12976097, 12976098, 12976101, 12976103, 12976105, 12976109, 12976111, 12976113, 12976115, 12976119, 12976121, 12976123, 12976124, 12976127, 12976129, 12976131, 12976354, 12976355, 12976356, 12980810, 13021015, 13046801, 13046802, 13046896, 13046952, 13047123, 13061976, 13076416, 13390170, 13410508, 13410509, 13410600, 13410601, 13410602, 13410603, 13410604, 13410605, 13410606, 13410607, 13410608, 13410609, 13410614, 13410610, 13410623, 13410611, 13410615, 13410616, 13410612, 13410613, 13410617, 13410618, 13410620, 13410621, 13410622, 13410619, 13410624, 13410625, 13410626, 13410627, 13410628, 13410629, 13410630, 13410631, 13410634, 13410632, 13410633, 13410635, 13410636, 13410637, 13410638, 13410639, 13410640, 13410641, 13410642, 13410643, 13410644, 13410645, 13410646, 13410953, 13410954, 13411183, 13411184, 13411185, 13411186, 13411187, 13411188, 13411189, 13411190, 13411191, 13411192, 13411193, 13411194, 13411196, 13411197, 13411204, 13411205, 13411206, 13411207, 13411208, 13411209, 13411210, 13411211, 13411212, 13411213, 13411214, 13411215, 13411216, 13411217, 13411218, 13411219, 13411220, 13411221, 13411222, 13411223, 13411224, 13411226, 13411227, 13411229, 13411231, 13411232, 13411235, 13411236, 13411237, 13411238, 13411239, 13411240, 13411241, 13411663, 13411664, 13411665, 13411666, 13411667, 13411668, 13411669, 13411670, 13411671, 13411675, 13411687, 13411688, 13411689, 13411690, 13411691, 13411692, 13411730, 13411731, 13411732, 13411739, 13411746, 13411763, 13411764, 13411765, 13411766, 13411767, 13411768, 13411769, 13411770, 13411771, 13411772, 13411773, 13411774, 13411776, 13411777, 13411778, 13411779, 13411780, 13411781, 13411782, 13411783, 13411784, 13411785, 13411786, 13411787, 13411788, 8218775, 9051501, 9051505, 9051508, 9051509, 9053632, 9053843, 9053945, 9371056, 9371057, 9391576, 9395129, 9544240, 9544241, 9544242, 9544243, 9544244, 9544245, 9544292, 9544293, 9544294, 9544295, 9544296, 9544297, 9655244, 9795987, 9790220, 9790225, 9790229, 9790230, 9803061, 9790244, 9792461, 9803527, 9812775, 9812778, 9917523",10.86,min,50,% lokalit v dobrém stavu,alespoň 50 % lokalit v dobrém stavu,špatný,chu,minmax,1
CZ0314024,Lampetra planeri,CELKOVE_HODNOCENI,NA,"2017, 2018, 2015, 2012, 2019, 2021, 2022, 2023, 2024, 2020, 2013, 2016, 2014","6947d, 7148b, 7149a, 7048d, 7048c, 7047b, 7048a, 7049b, 7050d, 7050c, 7149d, 7049d, 6846b, 6847a, 6847c, 7148d, 6846a, 6745b, 7149b, 7049a, 6949d, 6746a, 6745d, 6744b, 6744d, 6745a, 6948c, 6949c, 7250a, 7250c, 7249d, 7350a, 7350b, 7450b, 7451a, 6744a, 6845a, 6745c, 6845d, 6746d, 6947b, 6948a, 6948d, 7249b, 7350c, 7350d, 6747c, 6845b, 6846c, 6846d, 6845c, 6946b, 7250d","Vydří potok - Nové Hutě, Studená Vltava - Stožec, Studená Vltava - Stožec, Studená Vltava - Stožec_u polesí, přítok Jedlového potoka - Volary, Hlučina - Černý Kříž, Studená Vltava - Černý Kříž_U lávky, Studená Vltava - Černý Kříž_Nad soutokem, Řasnice - Lenora_nad soutokem s T. Vltavou, Řasnice - Řasnice_most Vlčí Jámy, Řasnice  - Hliniště_hráz byv. rybníka, Teplá Vltava - Polka_most, Borová Lada - rybí líheň NP Šumava, Teplá Vltava - Polka_nad jezem, Blanice - Blažejovice, Černý potok - Blažejovice nad, Zlatý potok - Miletínky, Zlatý potok - Záhoří_U Mlýna, Zlatý potok - Ovesné, Zlatý potok - Ovesné_Ledrův Mlýn, OP Map&Inv: Monitoring a mapování vybraných druhů - 7051c Dobročkov, Vltava - Želnava, Blanice - Zbytiny, Vydří potok - Nové Hutě, Vydří potok - Borová Lada, Vydří potok - Borová Lada II, Luční potok - Nové Městečko, Otava - Nové Městečko, Otava - Annín, Otava - Rejštejn, Záhvozdský potok - Záhvozdí, Studená Vltava - Stožec, most na Dobrou, Údolský potok - Nové Údolí, rybí líheň - Borová Lada, Borová Lada, přítok na rybí líheň - Borová Lada, Vltavský potok - Borová Lada, Teplá Vltava - Polka, LB přítok Slatinného potoka - Nová Hůrka, nádrž v Polce - Horní Vltavice, Náhon k Zahrádeckému mlýnu - Ostružná pod Čachrovem, Zelenohorský potok - Polka, Zahrádky u Borových Lad, Vydří potok - Nové Hutě, Vydří potok - Nový Svět u Borových Lad, Vydří potok - Nové Hutě (PP Pasecká slať), Vydří potok - Nové Hutě (PP Pasecká slať IV), Nové Hutě, Vltavský potok - Borová Lada, Teplá Vltava - Borová Lada, Blanice - Zbytiny, Zbytinský potok - Zbytiny (NPP Blanice), Magdalénský potok - Blažejovice (NPP Blažejovice), LB přítok - Spálenec, Blanice - Blažejovice (NPP Blanice), Blanice - Arnoštov (NPP Blanice), Blanice - Blažejovice pod (NPP Blanice), Blanice - Křišťanovice (PR Kaňon Blanice), Blanice - Zvěřenice (PR Kaňon Blanice), Blanice - Krejčovice (PR Kaňon Blanice), Křemenný potok - Krejčovice (PR Kaňon Blanice), Farský potok - Záblatí u Prachatic, Ovesné - Ledrův mlýn, Zlatý potok - Ovesné, Luční potok - Miletínky, Tisovka - Miletínky, Zlatý potok - nad Chroboly, Zlatý potok - Záhoří, U Mlýna, Polecká nádrž - Polka, Teplá Vltava - Lenora, Ostružná III - Čachrov|11, Ostružná II - Nemilkov|12, Ostružná – Jesení, Ostružná III - Čachrov|22, Ostružná – Nemilkov, Úhlava – Milence|27, Úhlava - Přední Hamry|29, Zelenský potok – Zelená Lhota|31, Svinský potok – Gubrův Dvorec_soutok s Lomnicí|121, Úhlava - Hamry_U Chaláka|125, Jelenka - Želiv|33, Jelenka – Divišovice|35, Volšovka - Harmanice_Peklo|37, Otava – Rejštejn|38, Volyňka – soutok s Medvědím p.|41, Blanice – Řepešín|43, Blanice – Krečovice, Blanice – Blanický Mlýn|45, Blanice – žel. stanice Spálenec|47, Cikánský potok – Včelná (most)|49, Boubínský potok Dobišův Mlýn, Černý potok – Blažejovice|51, Tetřívčí potok – Spálenec|53, Tisovka – Miletínky|55, Luční potok – Miletínky|57, Zlatý potok – Ovesné|59, Zlatý potok – Ovesné_býv. Ledrův mlýn|61, Zlatý potok – Chroboly|63, Zlatý potok – Záhoří_U Mlýna, Křemžský potok – Dobročkov II.|65, Křemžský potok – Ktiš|67, Křemžský potok – Tisovka|69, Vltava - Želnava|71, Teplá Vltava – Lenora, Teplá Vltava – Polka u MVE|73, Teplá Vltava – Polka|75, Polecký potok - Polka_nad nádrží|85, Řasnice – Lenora|77, Řasnice – Vlčí Jámy|79, Řasnice – Hliniště|81, Račí potok - Račí|83, Kaplický potok – Zátoň|87, Olšinka - Lenora|89, Jedlový potok – Soumarské rašeliniště – úsek I.|91, Volatský potok - Planerův Dvůr_pod, Záhvozdenský potok – Záhvozdí|93, Uhlíkovský potok - Záhvozdí|95, Ostřice - Žlábek|97, Hamerský potok – Zadní Hamry|99, Hamerský potok – Přední Zvonková|101, Medvědí potok – Zadní Hamry|103, Pestřice – Račín II.|105, Pestřice – Račín I.|107, Pestřice – Pod Pestřickým vrchem|187, Ostřice - Kovářov|109, Mlýnský potok – Pasečná|111, Horský potok – Spáleniště|203, Horský potok – Kaplické Chalupy|113, Chodská Úhlava - Svatá Katerina_st. hranice|115, Chodská Úhlava – Uhliště|117, Svinský potok - Hamerský Dvůr|119, Úhlava – Stará Lhota|123, Úhlava – Úhlavské údolí|127, Úhlava – nad nádrží Hamry|129, Dešenický potok - Na Ovčím Vrchu|131, Zelenský potok – Denkův Dvůr|133, Jelenka – Městiště|135, Strážovský potok - Hořákov|137, Ostružná – Hamerské údolí|139, Řezná - Železná Ruda_nad|141, Kepelský potok – Puchverk|143, Volšovka – Starzmühle|145, Volšovka – Františkova Ves|147, Otava – Annín|151, Losenice – Rejštejn|153, Losenice – U Wágnera_PR Losenice|155, Losenice – Popelná|157, Spůlka – Pucherský mlýn, Rýžovní potok - Velký Kozí Hřbet|159, Červený potok - Červená|161, Zlatý potok – Amálino údolí|163, Spůlka – Stachy|165, Volyňka – Vimperk|167, Arnoštský potok - Solná Lhota|169, Pravětínský potok - Pravětín|170, Cikánský potok – Saladín|173, Puchéřský potok – Arnoštov|175, Blanice – Arnoštov|177, Vltava - Smolná Pec|179, Jezerní potok – Nová Pec u Krejzů|181, Novopecký potok - Nová Pec|183, Smrčínský potok - silnice Nová Pec-Bližní Lhota|185, Rothovský potok – silnice Pestřice – Kyselov|189, Rothovský potok – pod PR Kozí stráň|191, Otovský potok – státní hranice|193, Světlá – Rychnůvek|194, Světlá – pod Lindou|197, Bukový potok – Výrovna|199, Horský potok – Pasečná|201, Zelenohorský potok III - Pravětínská Lada|283, Teplá Vltava II - Borová Lada|284, Teplá Vltava I - Polka|285, Blanice - Záblatí_u brodu Z obce, Světlá - Nové Údolí, Stožec, Jezerní potok - Nová Pec_profil PVL_2116, Teplá Vltava - Lenora_nad_profil PVL_2504, Pestřice - Dolní Vltavice, profil_PVL_2571, Volšovka (přítokOtavy), Sušice, profil PVL_2803, Vltavský potok - Borová Lada, Hlučina - Rudolfova cesta, Stožec, Farský potok  - Záblatí u Prachatic, Svinský Potok - Dvorec, Blanice - Blanický Mlýn, Chodská Úhlava - Svatá Katerina_st. hranice, Chodská Úhlava – Uhliště, Úhlava – Stará Lhota, Úhlava - Hamry_U Chaláka, Úhlava – Úhlavské údolí, Svinský potok – Dvorce, Dešenický potok - Na Ovčím Vrchu, Jelenka – Městiště, Ostružná – Hamerské údolí, Křemelná – Starý Brunst, Slatinný potok - Gerlova Huť, Křemelná – Zhůří, Volšovka – Starzmühle, Křemelná – nad soutokem se Slatinným potokem, Jezerní potok - Zettlova hůrka, Prášilský potok - Prášily, Křemelná – Stodůlky_most, Křemelná – nad Čeňkovou pilou, Řezná – Alžbětín, Řezná – Železná Ruda_pod soutokem s Jezerním p., Jezerní potok - Železná Ruda_nad soutokem s Řeznou, Jezerní potok – Železná Ruda_pod viaduktem, Jezerní potok – Železná Ruda, Řezná - Železná Ruda_nad, Otava – Rejštejn, Zlatý potok – Kašperské Hory (Amálino údolí), Hrádecký potok - Srní_Truhlářský mlýn, Volyňka – soutok s Medvědím p., Volyňka – Vimperk, Pravětínský potok - Pravětín, Teplá Vltava – Františkov, Teplá Vltava – Polka, Častá – Strážný, Vydří potok - Nový Svět, Račí potok - Račí, Studená Vltava – Stožec, Studená Vltava - Černý Kříž_pod, Volarský potok - Planerův Dvůr_pod, Puchéřský potok – Arnoštov, Blanice – Arnoštov, Křemžský potok – Tisovka, Rothovský potok – silnice Pestřice – Kyselov, Rothovský potok – pod PR Kozí stráň, Světlá – Rychnůvek, Bukový potok – Výrovna, Horský potok – Spáleniště, Horský potok – Kaplické Chalupy, Ostružná II - Nemilkov, Ostružná III - Čachrov, Úhlava – Milence, Úhlava - Přední Hamry, Jelenka - Krotějov, Jelenka – Divišovice, Blanice – Řepešín, Blanice – Krejčovice, Blanice – Blanický Mlýn, Blanice – žel. stanice Spálenec, Černý potok – Blažejovice, Tetřívčí potok – Spálenec, Cikánský potok – Včelná (most), Zlatý potok – Chroboly, Zlatý potok – Ovesné, Zlatý potok – Ovesné_býv. Ledrův Mlýn, Tisovka – Miletínky, Luční potok – Miletínky, Vltava – Želnava_chaty, Teplá Vltava – Polka u MVE, Uhlíkovský potok - Záhvozdí, Vltavský potok - Borová Lada_rybí líheň, Řasnice – Lenora, Řasnice – Vlčí Jámy, Řasnice – Hliniště, Hamerský potok – Zadní Hamry, Hamerský potok – Přední Zvonková, Pestřice – Račín II., Volšovka – Františkova Ves, Volšovka - Harmanice_Peklo, Losenice – Rejštejn, Losenice – U Wágnera_PR Losenice, Křemžský potok – Ktiš, Chodská Úhlava - Uhliště, Úhlava - Milence, Úhlava - Stará Lhota, Jelenka - Divišovice, Jelenka - Městiště, Ostružná - Jesení, Volšovka - Hartmanice_Peklo, Volšovka - Františkova Ves, Losenice - Rejštejn, Vltavský potok - Borová Lada - rybí líheň, Teplá Vltava - Polka u MVE, Řasnice - Hliniště, Řasnice - Vlčí Jámy, Řasnice - Lenora, Cikánský potok - Včelná, Blanice - Řepešín, Černý potok - Blažejovice, Blanice - Spálenec - žel. st., Tetřívčí potok - Spálenec, Puchéřský potok - Arnoštov, Vltava - Smolná Pec, Hamerský potok - Přední Zvonková, Hamerský potok - Zadní Hamry, Pestřice - Račín II, Pestřice - Pod Pestřickým vrchem, Rothovský potok - Nad PR Kozí stráň, Rothovský potok - silnice Pestřice - Kyselov, Zlatý potok - Ovesné, Luční potok - Miletínky, Tisovka - Miletínky, Zlatý potok - Chroboly, Křemžský potok - Tisovka, Křemžský potok - Ktiš, Farský potok - Obec Záblatí, Polka, Spálenec, Černá v Pošumaví, Přední Výtoň, Ostružná-Čachrov, Ostružná-Nemilkov, Vltava - Ovesná, Teplá Vltava a Zelenohorský potok I - Polka, Teplá Vltava a Zelenohorský potok II - Borová Lada, Teplá Vltava a Zelenohorský potok III - nad soutokem s TV, Křemelná - soutok s Prášilským p., Křemelná a Slatinný potok II - Slučí Tah, Slatinný potok - Gerlova Huť, VD Nýrsko - Hamry, Úhlava - Hamry, Vltava - Pěkná, Teplá Vltava - Chlum_z. Dobrá, Teplá Vltava - Lenora, Vltava - Lenora, Teplá Vltava - Stožec, VD Nýrsko - Zelená Lhota, Blanice (Vodňanská) - Záblatí","10014614, 10019500, 10261596, 10369207, 10273211, 10274731, 10274732, 10374506, 10374507, 10363356, 10367763, 10363357, 10376189, 10367767, 10376190, 10391371, 10391372, 10391374, 10397828, 10397972, 10397973, 10406168, 10622950, 10624728, 10722844, 10722845, 10722846, 10724602, 10752620, 10752726, 10752727, 11454201, 11485955, 11488766, 11603287, 11615256, 11920035, 11926686, 11954345, 11976212, 12048671, 12051109, 12498606, 12498608, 12498638, 12500584, 12820102, 12501331, 12511745, 12726840, 12726846, 12820101, 12501333, 12511343, 12517789, 12724819, 12726691, 12726716, 12726732, 12726834, 12726733, 12726835, 12726855, 12726854, 12726863, 12726874, 12747977, 12800821, 12800822, 12800823, 12800825, 12800827, 12800830, 12820259, 12975256, 12975648, 12975649, 12975892, 12975893, 12975894, 12975947, 12975949, 12975951, 12976048, 12976052, 12975953, 12975955, 12975957, 12975958, 12975961, 12975963, 12975965, 12975967, 12975969, 12975971, 12975973, 12975975, 12975977, 12975979, 12975981, 12975983, 12975985, 12975987, 12975989, 12975991, 12975993, 12975995, 12975997, 12975998, 12976000, 12976002, 12976012, 12976004, 12976006, 12976008, 12976010, 12976014, 12976016, 12976018, 12976107, 12976020, 12976022, 12976024, 12976026, 12976028, 12976030, 12976032, 12976034, 12976117, 12976036, 12976038, 12976133, 12976040, 12976042, 12976044, 12976046, 12976050, 12976054, 12976056, 12976058, 12976060, 12976062, 12976064, 12976066, 12976068, 12976070, 12976072, 12976074, 12976078, 12976080, 12976082, 12976084, 12976094, 12976086, 12976088, 12976090, 12976092, 12976096, 12976097, 12976098, 12976101, 12976103, 12976105, 12976109, 12976111, 12976113, 12976115, 12976119, 12976121, 12976123, 12976124, 12976127, 12976129, 12976131, 12976354, 12976355, 12976356, 12980810, 13021015, 13046801, 13046802, 13046896, 13046952, 13047123, 13061976, 13076416, 13390170, 13410508, 13410509, 13410600, 13410601, 13410602, 13410603, 13410604, 13410605, 13410606, 13410607, 13410608, 13410609, 13410614, 13410610, 13410623, 13410611, 13410615, 13410616, 13410612, 13410613, 13410617, 13410618, 13410620, 13410621, 13410622, 13410619, 13410624, 13410625, 13410626, 13410627, 13410628, 13410629, 13410630, 13410631, 13410634, 13410632, 13410633, 13410635, 13410636, 13410637, 13410638, 13410639, 13410640, 13410641, 13410642, 13410643, 13410644, 13410645, 13410646, 13410953, 13410954, 13411183, 13411184, 13411185, 13411186, 13411187, 13411188, 13411189, 13411190, 13411191, 13411192, 13411193, 13411194, 13411196, 13411197, 13411204, 13411205, 13411206, 13411207, 13411208, 13411209, 13411210, 13411211, 13411212, 13411213, 13411214, 13411215, 13411216, 13411217, 13411218, 13411219, 13411220, 13411221, 13411222, 13411223, 13411224, 13411226, 13411227, 13411229, 13411231, 13411232, 13411235, 13411236, 13411237, 13411238, 13411239, 13411240, 13411241, 13411663, 13411664, 13411665, 13411666, 13411667, 13411668, 13411669, 13411670, 13411671, 13411675, 13411687, 13411688, 13411689, 13411690, 13411691, 13411692, 13411730, 13411731, 13411732, 13411739, 13411746, 13411763, 13411764, 13411765, 13411766, 13411767, 13411768, 13411769, 13411770, 13411771, 13411772, 13411773, 13411774, 13411776, 13411777, 13411778, 13411779, 13411780, 13411781, 13411782, 13411783, 13411784, 13411785, 13411786, 13411787, 13411788, 8218775, 9051501, 9051505, 9051508, 9051509, 9053632, 9053843, 9053945, 9371056, 9371057, 9391576, 9395129, 9544240, 9544241, 9544242, 9544243, 9544244, 9544245, 9544292, 9544293, 9544294, 9544295, 9544296, 9544297, 9655244, 9795987, 9790220, 9790225, 9790229, 9790230, 9803061, 9790244, 9792461, 9803527, 9812775, 9812778, 9917523",dobrý,NA,NA,NA,NA,dobrý,chu,NA,1
CZ0314123,Lampetra planeri,LOK_PROCDOBR,ne,"2021, 2022, 2014, 2016","7149d, 7151a","Uhlíkovský potok - Žumberský mlýn, Uhlíkovský potok - Slunečná_ pod Žumberským mlýnem, Uhlíkovský potok - Slunečná_ pod Žumberským mlýnem_V, Uhlíkovský potok - Slunečná_ pod Žumberským mlýnem_VI, Uhlíkovský potok - Slunečná_ Žumberský mlýn, Uhlíkovský potok - Slunečná_nad Žumberským potokem, Třebovický potok - Střemily, Pernek, Pernek - hnízdo čápa","11489704, 11919795, 11919798, 11919799, 11919803, 11920136, 9136977, 9679308, 10589567",,min,50,% lokalit v dobrém stavu,alespoň 50 % lokalit v dobrém stavu,špatný,chu,minmax,0
CZ0314123,Lampetra planeri,CELKOVE_HODNOCENI,NA,"2021, 2022, 2014, 2016","7149d, 7151a","Uhlíkovský potok - Žumberský mlýn, Uhlíkovský potok - Slunečná_ pod Žumberským mlýnem, Uhlíkovský potok - Slunečná_ pod Žumberským mlýnem_V, Uhlíkovský potok - Slunečná_ pod Žumberským mlýnem_VI, Uhlíkovský potok - Slunečná_ Žumberský mlýn, Uhlíkovský potok - Slunečná_nad Žumberským potokem, Třebovický potok - Střemily, Pernek, Pernek - hnízdo čápa","11489704, 11919795, 11919798, 11919799, 11919803, 11920136, 9136977, 9679308, 10589567",dobrý,NA,NA,NA,NA,dobrý,chu,NA,0
CZ0314124,Lampetra planeri,LOK_PROCDOBR,NA,"2021, 2022, 2023, 2019, 2024, 2012, 2016, 2014","7151a, 7151c, 7152a, 7050d, 7051c, 7051d, 7151d, 7152c, 7052c","Borová - Chvalšiny, Chvalšinský potok - Křenov, Vltava - Dívčí Kámen_klidová část při pravém břehu (lok. 3), Vltava - Dívčí Kámen_klidová část při levém břehu (lok. 2), Vltava - Dívčí Kámen_ústí Křemžského potoka (lok. 1), Křemžský potok - PP Dobročkovské hadce|211, Křemžský potok - Cvrčkův Mlýn_nad|213, náhon na Cvrčkův Mlýn - Brloh|215, Křemžský potok - Brloh_nad|217, Křemžský potok - Klimšův Mlýn, Křemžský potok - Červený Mlýn|219, Kremžský potok - Vackův mlýn|221, Kremžský potok - Křemža_náhon MVE Čížek, Kremžský potok - Třísovský Hamr|223, Borová - Borová_nad|225, Borová - Červený Dvůr|227, Chvalšinský potok – Křenov, Polečnice - Kájov|233, Polečnice – Nové Dobrkovice, Vltava - Č. Krumlov_U Trojice|235, Vltava - Svachova Lhota_tábořiště Marina|237, Vltava - Černice_kemp Paradijs, Vltava – U Rohana|239, Vltava – Dívčí Kámen|241, Vltava – U Rybáka, Vltava - Boršov_jez U Rybů|243, Kokotínský potok - Zlatá Koruna|245, Vltava - Třísov, Vltava – U Mašků, Křemžský potok - PP Dobročkovské hadce, Křemžský potok - Cvrčkův Mlýn_nad, náhon na Cvrčkův Mlýn - Brloh, Křemžský potok - Brloh_nad, Křemžský potok - Červený Mlýn, Chmelenský potok – Chlum, Polečnice - Kájov, Vltava - Č. Krumlov_U Trojice, Vltava - Svachova Lhota_tábořiště Marina, Vltava – U Rohana, Vltava – Dívčí kámen, Vltava - Boršov_jez U Rybů, Křemžský potok - U Bendelínů, Křemžský potok - Brloh_ČOV, Křemžský potok - Vackův Mlýn, Křemžský potok - Hamry, Křenovský potok - Křenov, Borová - Červený Dvůr, Borová - Borová_nad, Polečnice – Kájovský potok – Kájov II., Chvalšinský potok - PP Meandry Chvalšinského potoka, Vltava - U Rohana_profil V4, Jílecký potok - Svachova Lhotka_P3, Chvalšinský potok - Křenov u Kájova, Křemžský potok - Dívčí Kámen_V, Křemžský potok - Brloh","11642213, 11770002, 12746836, 12746859, 12746872, 12976159, 12976161, 12976163, 12976165, 12976166, 12976168, 12976170, 12976172, 12976174, 12976176, 12976178, 12976179, 12976185, 12976187, 12976189, 12976191, 12976192, 12976195, 12976196, 12976197, 12976199, 12976201, 13384675, 13410503, 13410524, 13410525, 13410526, 13410527, 13410528, 13410529, 13410530, 13410531, 13410532, 13410533, 13410534, 13410535, 13410536, 13410537, 13410538, 13410539, 13411173, 13411175, 13411176, 13411249, 13411178, 13411179, 13411180, 13411255, 13411181, 13411182, 13411242, 13411243, 13411244, 13411245, 13411246, 13411247, 13411248, 13411250, 13411251, 13411252, 13411253, 13411254, 13411256, 13411257, 13411747, 13411748, 13411749, 13411750, 13411751, 13411752, 13411753, 13411754, 13411755, 13411756, 13411757, 13411758, 13411759, 13411760, 13411761, 13411762, 8512895, 9410622, 9410751, 9788307, 9803030, 9803531",0,min,50,% lokalit v dobrém stavu,alespoň 50 % lokalit v dobrém stavu,špatný,chu,minmax,1
CZ0314124,Lampetra planeri,CELKOVE_HODNOCENI,NA,"2021, 2022, 2023, 2019, 2024, 2012, 2016, 2014","7151a, 7151c, 7152a, 7050d, 7051c, 7051d, 7151d, 7152c, 7052c","Borová - Chvalšiny, Chvalšinský potok - Křenov, Vltava - Dívčí Kámen_klidová část při pravém břehu (lok. 3), Vltava - Dívčí Kámen_klidová část při levém břehu (lok. 2), Vltava - Dívčí Kámen_ústí Křemžského potoka (lok. 1), Křemžský potok - PP Dobročkovské hadce|211, Křemžský potok - Cvrčkův Mlýn_nad|213, náhon na Cvrčkův Mlýn - Brloh|215, Křemžský potok - Brloh_nad|217, Křemžský potok - Klimšův Mlýn, Křemžský potok - Červený Mlýn|219, Kremžský potok - Vackův mlýn|221, Kremžský potok - Křemža_náhon MVE Čížek, Kremžský potok - Třísovský Hamr|223, Borová - Borová_nad|225, Borová - Červený Dvůr|227, Chvalšinský potok – Křenov, Polečnice - Kájov|233, Polečnice – Nové Dobrkovice, Vltava - Č. Krumlov_U Trojice|235, Vltava - Svachova Lhota_tábořiště Marina|237, Vltava - Černice_kemp Paradijs, Vltava – U Rohana|239, Vltava – Dívčí Kámen|241, Vltava – U Rybáka, Vltava - Boršov_jez U Rybů|243, Kokotínský potok - Zlatá Koruna|245, Vltava - Třísov, Vltava – U Mašků, Křemžský potok - PP Dobročkovské hadce, Křemžský potok - Cvrčkův Mlýn_nad, náhon na Cvrčkův Mlýn - Brloh, Křemžský potok - Brloh_nad, Křemžský potok - Červený Mlýn, Chmelenský potok – Chlum, Polečnice - Kájov, Vltava - Č. Krumlov_U Trojice, Vltava - Svachova Lhota_tábořiště Marina, Vltava – U Rohana, Vltava – Dívčí kámen, Vltava - Boršov_jez U Rybů, Křemžský potok - U Bendelínů, Křemžský potok - Brloh_ČOV, Křemžský potok - Vackův Mlýn, Křemžský potok - Hamry, Křenovský potok - Křenov, Borová - Červený Dvůr, Borová - Borová_nad, Polečnice – Kájovský potok – Kájov II., Chvalšinský potok - PP Meandry Chvalšinského potoka, Vltava - U Rohana_profil V4, Jílecký potok - Svachova Lhotka_P3, Chvalšinský potok - Křenov u Kájova, Křemžský potok - Dívčí Kámen_V, Křemžský potok - Brloh","11642213, 11770002, 12746836, 12746859, 12746872, 12976159, 12976161, 12976163, 12976165, 12976166, 12976168, 12976170, 12976172, 12976174, 12976176, 12976178, 12976179, 12976185, 12976187, 12976189, 12976191, 12976192, 12976195, 12976196, 12976197, 12976199, 12976201, 13384675, 13410503, 13410524, 13410525, 13410526, 13410527, 13410528, 13410529, 13410530, 13410531, 13410532, 13410533, 13410534, 13410535, 13410536, 13410537, 13410538, 13410539, 13411173, 13411175, 13411176, 13411249, 13411178, 13411179, 13411180, 13411255, 13411181, 13411182, 13411242, 13411243, 13411244, 13411245, 13411246, 13411247, 13411248, 13411250, 13411251, 13411252, 13411253, 13411254, 13411256, 13411257, 13411747, 13411748, 13411749, 13411750, 13411751, 13411752, 13411753, 13411754, 13411755, 13411756, 13411757, 13411758, 13411759, 13411760, 13411761, 13411762, 8512895, 9410622, 9410751, 9788307, 9803030, 9803531",dobrý,NA,NA,NA,NA,dobrý,chu,NA,1
CZ0314126,Lampetra planeri,LOK_PROCDOBR,ne,2012,6953a,Libochovka - Na Libochově,8536016,,min,50,% lokalit v dobrém stavu,alespoň 50 % lokalit v dobrém stavu,špatný,chu,minmax,0
CZ0314126,Lampetra planeri,CELKOVE_HODNOCENI,NA,2012,6953a,Libochovka - Na Libochově,8536016,dobrý,NA,NA,NA,NA,dobrý,chu,NA,0
CZ0314641,Lampetra planeri,LOK_PROCDOBR,NA,"2017, 2019, 2024, 2022, 2012, 2014, 2015","6950c, 7050a","Zlatý potok II - PP U Piláta, Zlatý potok III - U Žahoura, Zlatý potok II. - U Piláta, Zlatý potok III. - U Žahoura, Zlatý potok - Frantoly_most, Zlatý potok II - U Piláta, Zlatý potok III - U Žahoura, Zlatý potok jižně od Vítějovic, Zlatý potok - 2. úsek - Vitějovice, Zlatý potok - 1. úsek - Lažišťka","10267088, 10267091, 12976371, 12976372, 13073482, 13411296, 13411297, 8574074, 8574584, 9134651, 9635562, 9635561",0,min,50,% lokalit v dobrém stavu,alespoň 50 % lokalit v dobrém stavu,špatný,chu,minmax,1
CZ0314641,Lampetra planeri,CELKOVE_HODNOCENI,NA,"2017, 2019, 2024, 2022, 2012, 2014, 2015","6950c, 7050a","Zlatý potok II - PP U Piláta, Zlatý potok III - U Žahoura, Zlatý potok II. - U Piláta, Zlatý potok III. - U Žahoura, Zlatý potok - Frantoly_most, Zlatý potok II - U Piláta, Zlatý potok III - U Žahoura, Zlatý potok jižně od Vítějovic, Zlatý potok - 2. úsek - Vitějovice, Zlatý potok - 1. úsek - Lažišťka","10267088, 10267091, 12976371, 12976372, 13073482, 13411296, 13411297, 8574074, 8574584, 9134651, 9635562, 9635561",dobrý,NA,NA,NA,NA,dobrý,chu,NA,1
CZ0323145,Lampetra planeri,LOK_PROCDOBR,ne,2016,"6347d, 6348c","Bradava - Hořehledy, Bojovka - Číčov","9796755, 9796862",,min,50,% lokalit v dobrém stavu,alespoň 50 % lokalit v dobrém stavu,špatný,chu,minmax,0
CZ0323145,Lampetra planeri,CELKOVE_HODNOCENI,NA,2016,"6347d, 6348c","Bradava - Hořehledy, Bojovka - Číčov","9796755, 9796862",dobrý,NA,NA,NA,NA,dobrý,chu,NA,0
CZ0323151,Lampetra planeri,LOK_PROCDOBR,ne,2020,6341b,Kateřinský potok - Hošťka,12240670,,min,50,% lokalit v dobrém stavu,alespoň 50 % lokalit v dobrém stavu,špatný,chu,minmax,0
CZ0323151,Lampetra planeri,CELKOVE_HODNOCENI,NA,2020,6341b,Kateřinský potok - Hošťka,12240670,dobrý,NA,NA,NA,NA,dobrý,chu,NA,0
CZ0323165,Lampetra planeri,LOK_PROCDOBR,NA,"2015, 2020, 2018, 2021, 2022, 2024","6443c, 6442b, 6443a","Radbuza - Srby, Radbuza I - Roudná, Radbuza - Roudná, Radbuza – Roudná, Radbuza - Svržno, Radbuza - Svinná","10267076, 12975927, 12976313, 13410947, 13411143, 13411960, 13411962",0,min,50,% lokalit v dobrém stavu,alespoň 50 % lokalit v dobrém stavu,špatný,chu,minmax,1
CZ0323165,Lampetra planeri,CELKOVE_HODNOCENI,NA,"2015, 2020, 2018, 2021, 2022, 2024","6443c, 6442b, 6443a","Radbuza - Srby, Radbuza I - Roudná, Radbuza - Roudná, Radbuza – Roudná, Radbuza - Svržno, Radbuza - Svinná","10267076, 12975927, 12976313, 13410947, 13411143, 13411960, 13411962",dobrý,NA,NA,NA,NA,dobrý,chu,NA,1
CZ0323166,Lampetra planeri,LOK_PROCDOBR,ne,"2022, 2015","6442c, 6441b","Radbuza - Mostek, Radbuza - Mostek u Rybníku, Radbuza - Nový Dvůr, Radbuza - u soutoku Smolov","11915178, 9635558, 9635560, 9635559",,min,50,% lokalit v dobrém stavu,alespoň 50 % lokalit v dobrém stavu,špatný,chu,minmax,0
CZ0323166,Lampetra planeri,CELKOVE_HODNOCENI,NA,"2022, 2015","6442c, 6441b","Radbuza - Mostek, Radbuza - Mostek u Rybníku, Radbuza - Nový Dvůr, Radbuza - u soutoku Smolov","11915178, 9635558, 9635560, 9635559",dobrý,NA,NA,NA,NA,dobrý,chu,NA,0
CZ0323812,Lampetra planeri,LOK_PROCDOBR,NA,"2017, 2020, 2023, 2016, 2014",6248c,"Klabava II - Strašice_pod mostem, Klabava II - most Strašice - Dobřív, Klabava - Strašice_EVL Klabava, Klabava - Dobřív_EVL Klabava, Klabava II - most Strašice - Dobrív","10148530, 12975623, 13411562, 9796736, 9796737, 9812743",0,min,50,% lokalit v dobrém stavu,alespoň 50 % lokalit v dobrém stavu,špatný,chu,minmax,1
CZ0323812,Lampetra planeri,CELKOVE_HODNOCENI,NA,"2017, 2020, 2023, 2016, 2014",6248c,"Klabava II - Strašice_pod mostem, Klabava II - most Strašice - Dobřív, Klabava - Strašice_EVL Klabava, Klabava - Dobřív_EVL Klabava, Klabava II - most Strašice - Dobrív","10148530, 12975623, 13411562, 9796736, 9796737, 9812743",dobrý,NA,NA,NA,NA,dobrý,chu,NA,1
CZ0323824,Lampetra planeri,LOK_PROCDOBR,NA,"2015, 2020, 2019, 2021, 2023","6747a, 6746b, 6746a","Ostružná - Sušice, Ostružná – Hrádek, Ostružná - Velhartice|13, Ostružná – Nemilkov – ústí Radvanického potoka, Ostružná – Velhartice, Ostružná – Cihelna, Ostružná - Nemilkov_ústí Radvanického p., Ostružná - 3. Ujčín, Ostružná - 2. Hrádek u Sušice, Ostružná - Nemilkov_prof. 4","10391388, 12975585, 12975650, 12975895, 12975896, 12975899, 13410579, 13411618, 9634158, 9634157, 9634159",0,min,50,% lokalit v dobrém stavu,alespoň 50 % lokalit v dobrém stavu,špatný,chu,minmax,1
CZ0323824,Lampetra planeri,CELKOVE_HODNOCENI,NA,"2015, 2020, 2019, 2021, 2023","6747a, 6746b, 6746a","Ostružná - Sušice, Ostružná – Hrádek, Ostružná - Velhartice|13, Ostružná – Nemilkov – ústí Radvanického potoka, Ostružná – Velhartice, Ostružná – Cihelna, Ostružná - Nemilkov_ústí Radvanického p., Ostružná - 3. Ujčín, Ostružná - 2. Hrádek u Sušice, Ostružná - Nemilkov_prof. 4","10391388, 12975585, 12975650, 12975895, 12975896, 12975899, 13410579, 13411618, 9634158, 9634157, 9634159",dobrý,NA,NA,NA,NA,dobrý,chu,NA,1
CZ0323825,Lampetra planeri,LOK_PROCDOBR,ne,2021,6143b,Hadovka II - Strahov,11747077,,min,50,% lokalit v dobrém stavu,alespoň 50 % lokalit v dobrém stavu,špatný,chu,minmax,0
CZ0323825,Lampetra planeri,CELKOVE_HODNOCENI,NA,2021,6143b,Hadovka II - Strahov,11747077,dobrý,NA,NA,NA,NA,dobrý,chu,NA,0
CZ0324025,Lampetra planeri,LOK_PROCDOBR,ne,2015,6046d,Střela - 2. Chaloupkův mlýn,9634144,,min,50,% lokalit v dobrém stavu,alespoň 50 % lokalit v dobrém stavu,špatný,chu,minmax,0
CZ0324025,Lampetra planeri,CELKOVE_HODNOCENI,NA,2015,6046d,Střela - 2. Chaloupkův mlýn,9634144,dobrý,NA,NA,NA,NA,dobrý,chu,NA,0
CZ0324026,Lampetra planeri,LOK_PROCDOBR,NA,"2019, 2021, 2022, 2012, 2016","6542a, 6542c","Nemanický potok – Lískovec, Nemanický potok - Mýtnice, Nemanický potok – Nemaničky, Nemanický potok – Křížová Huť, Nemanický potok – Nemaničky, Nemanický potok – Mýtnice, Nemanický potok - Lískovec, Nemanický potok - Novosedly, Nemanický potok - Nemaničky_st. hranice, Nemanický potok - Lísková u Nemanic, Nemanický potok - Nemaničky, Nemanický potok - Novosedly_Mýtnice, Nemanický potok - Lučina u Nemanic","12976246, 12976248, 13410561, 13410562, 13411135, 13411137, 13411136, 8535915, 8535937, 8535939, 9808827, 9808828, 9808829, 9808830",0,min,50,% lokalit v dobrém stavu,alespoň 50 % lokalit v dobrém stavu,špatný,chu,minmax,1
CZ0324026,Lampetra planeri,CELKOVE_HODNOCENI,NA,"2019, 2021, 2022, 2012, 2016","6542a, 6542c","Nemanický potok – Lískovec, Nemanický potok - Mýtnice, Nemanický potok – Nemaničky, Nemanický potok – Křížová Huť, Nemanický potok – Nemaničky, Nemanický potok – Mýtnice, Nemanický potok - Lískovec, Nemanický potok - Novosedly, Nemanický potok - Nemaničky_st. hranice, Nemanický potok - Lísková u Nemanic, Nemanický potok - Nemaničky, Nemanický potok - Novosedly_Mýtnice, Nemanický potok - Lučina u Nemanic","12976246, 12976248, 13410561, 13410562, 13411135, 13411137, 13411136, 8535915, 8535937, 8535939, 9808827, 9808828, 9808829, 9808830",dobrý,NA,NA,NA,NA,dobrý,chu,NA,1
CZ0410020,Lampetra planeri,LOK_PROCDOBR,ne,"2019, 2021, 2015",5841c,"Ohře - Dasnice, Ohře - Kynšperk nad Ohří","10613822, 10613823, 11486588, 9514314",,min,50,% lokalit v dobrém stavu,alespoň 50 % lokalit v dobrém stavu,špatný,chu,minmax,0
CZ0410020,Lampetra planeri,CELKOVE_HODNOCENI,NA,"2019, 2021, 2015",5841c,"Ohře - Dasnice, Ohře - Kynšperk nad Ohří","10613822, 10613823, 11486588, 9514314",dobrý,NA,NA,NA,NA,dobrý,chu,NA,0
CZ0413177,Lampetra planeri,LOK_PROCDOBR,NA,"2019, 2021, 2022, 2023, 2013, 2017","5638d, 5738b","Rokytnice - Trojmezí_hranice, Lužní potok - nad soutokem s Rokytnicí, Rokytnice - Trojmezí_nad soutokem s Lužním p., Lužní potok - Pastviny, Lužní potok - nad soutokem s Rokytnicí, Rokytnice - Trojmezí_nad soutokem s Lužním p., NPP Lužní potok - Trojmezí, NPP Lužní potok - Pastviny II, NPP Lužní potok - Pastviny, Lužní potok - Pastviny u Studánky_revitalizace","12976211, 12976212, 12976213, 12976214, 13410511, 13410512, 13410513, 13410514, 13411131, 13411132, 13411133, 13411134, 13411693, 13411694, 13411695, 13411696, 9014730, 9014731, 9014732, 9919426",0,min,50,% lokalit v dobrém stavu,alespoň 50 % lokalit v dobrém stavu,špatný,chu,minmax,1
CZ0413177,Lampetra planeri,CELKOVE_HODNOCENI,NA,"2019, 2021, 2022, 2023, 2013, 2017","5638d, 5738b","Rokytnice - Trojmezí_hranice, Lužní potok - nad soutokem s Rokytnicí, Rokytnice - Trojmezí_nad soutokem s Lužním p., Lužní potok - Pastviny, Lužní potok - nad soutokem s Rokytnicí, Rokytnice - Trojmezí_nad soutokem s Lužním p., NPP Lužní potok - Trojmezí, NPP Lužní potok - Pastviny II, NPP Lužní potok - Pastviny, Lužní potok - Pastviny u Studánky_revitalizace","12976211, 12976212, 12976213, 12976214, 13410511, 13410512, 13410513, 13410514, 13411131, 13411132, 13411133, 13411134, 13411693, 13411694, 13411695, 13411696, 9014730, 9014731, 9014732, 9919426",dobrý,NA,NA,NA,NA,dobrý,chu,NA,1
CZ0413194,Lampetra planeri,LOK_PROCDOBR,NA,"2021, 2022, 2023, 2015","5945b, 5945a","Střela – Čichořice, Střela - Záhořice","13410586, 13411138, 13411406, 9804735",0,min,50,% lokalit v dobrém stavu,alespoň 50 % lokalit v dobrém stavu,špatný,chu,minmax,1
CZ0413194,Lampetra planeri,CELKOVE_HODNOCENI,NA,"2021, 2022, 2023, 2015","5945b, 5945a","Střela – Čichořice, Střela - Záhořice","13410586, 13411138, 13411406, 9804735",dobrý,NA,NA,NA,NA,dobrý,chu,NA,1
CZ0414110,Lampetra planeri,LOK_PROCDOBR,ne,2015,5542d,Černá - H. Blatná,9544325,,min,50,% lokalit v dobrém stavu,alespoň 50 % lokalit v dobrém stavu,špatný,chu,minmax,0
CZ0414110,Lampetra planeri,CELKOVE_HODNOCENI,NA,2015,5542d,Černá - H. Blatná,9544325,dobrý,NA,NA,NA,NA,dobrý,chu,NA,0
CZ0414127,Lampetra planeri,LOK_PROCDOBR,ne,2015,5745a,Liboc - Kadaňský Rohozec,9544321,,min,50,% lokalit v dobrém stavu,alespoň 50 % lokalit v dobrém stavu,špatný,chu,minmax,0
CZ0414127,Lampetra planeri,CELKOVE_HODNOCENI,NA,2015,5745a,Liboc - Kadaňský Rohozec,9544321,dobrý,NA,NA,NA,NA,dobrý,chu,NA,0
CZ0420144,Lampetra planeri,LOK_PROCDOBR,ne,2015,5445a,Černá - Pohraniční,9544324,,min,50,% lokalit v dobrém stavu,alespoň 50 % lokalit v dobrém stavu,špatný,chu,minmax,0
CZ0420144,Lampetra planeri,CELKOVE_HODNOCENI,NA,2015,5445a,Černá - Pohraniční,9544324,dobrý,NA,NA,NA,NA,dobrý,chu,NA,0
CZ0423510,Lampetra planeri,LOK_PROCDOBR,ne,2015,"5647c, 5648a, 5648b","Ohře - Žatec, Liboc - Libočany, Ohře - Březno u Loun, Ohře - Lenešice","9544314, 9544317, 9544315, 9544316",,min,50,% lokalit v dobrém stavu,alespoň 50 % lokalit v dobrém stavu,špatný,chu,minmax,0
CZ0423510,Lampetra planeri,CELKOVE_HODNOCENI,NA,2015,"5647c, 5648a, 5648b","Ohře - Žatec, Liboc - Libočany, Ohře - Březno u Loun, Ohře - Lenešice","9544314, 9544317, 9544315, 9544316",dobrý,NA,NA,NA,NA,dobrý,chu,NA,0
CZ0424030,Lampetra planeri,LOK_PROCDOBR,ne,2015,"5445d, 5546a","Chomutovka - Suchdol u Křímova, Chomutovka - Chomutov_Horní Ves","9544302, 9544303",,min,50,% lokalit v dobrém stavu,alespoň 50 % lokalit v dobrém stavu,špatný,chu,minmax,0
CZ0424030,Lampetra planeri,CELKOVE_HODNOCENI,NA,2015,"5445d, 5546a","Chomutovka - Suchdol u Křímova, Chomutovka - Chomutov_Horní Ves","9544302, 9544303",dobrý,NA,NA,NA,NA,dobrý,chu,NA,0
CZ0424031,Lampetra planeri,LOK_PROCDOBR,NA,"2014, 2022, 2021, 2023, 2020, 2019, 2018, 2024, 2012, 2013","5152d, 5052c, 5152a, 5152c, 5151b, 5152b, 5052d","Chřibská Kamenice - Studený II, Křinice - Kopec, Křinice - Jetřichovice u Děčína, Kamenice - Vysoká Lípa_nad soutokme s Jetř. Bělou, Kamenice - Vysoká Lípa_pod Jetřichovickou Bělou, Kamenice - Srbská Kamenice_pod soutokem s Chřibskou, Jetřichovická Bělá - Vysoká Lípa, Jetřichovická Bělá - Vysoká Lípa_mostek, Jetřichovická Bělá - Vysoká Lípa, Kamenice - Vysoká Lípa_pod soutokem s Jetř. Bělou, Kamenice - Všemily_nad soutokem s Jetř. Bělou, Křinice - Doubice_soutok s Brtnickým potokem, Brtnický potok - Kopec, Křinice - Doubice_soutok s Brtnickým potokem, Kamenice - Srbská Kamenice_pod soutokem s Chřibskou, Kamenice - nad soutokem s Jetřichovickou Bělou, Jetřichovická Bělá - Vysoká Lípa, Jetřichovická Bělá - Vysoká Lípa, Kamenice - Vysoká Lípa_pod soutokem s Jetř. Bělou, Kamenice - nad soutokem s Jetřichovickou Bělou, Kamenice - Srbská Kamenice_pod soutokem s Chřibskou, Kamenice - Hřensko, Kamenice - Srbská Kamenice_pod soutokem s Chřibskou, Kamenice - nad soutokem s Jetřichovickou Bělou, Křinice - Zadni Jetřichovice, Brtniký potok - Zadní Doubice, Křinice - Zadní Doubice_II, Křinice - Zadní Doubice_I, Křinice - Zadní Jetřichovice_III, Chřibská Kamenice – Dolní Chřibská - Na Potokách, Chřibská Kamenice - Všemily_PP Meandry Ch. Kamenice, náhon u Chřibské Kamenice - Všemily, Chřibská Kamenice - Všemily_soutok, Kamenice - nad soutokem s Chřibskou, Kamenice - Dolský Mlýn, Křinice - Zadní Doubice, Křinice - Zadní Doubice_horní úsek meandrů, Křinice - Zadní Doubice_nad soutokem s Brtnickým p., Křinice - Zadní Doubice_nad meandry, Brtnický potok – Zadní Doubice_Brtnický most, Křinice - Zadní Jetřichovice, Křinice - Zadní Jetřichovice_II, Křinice - Zadní Jetřichovice_I, Křinice - Zadní Doubice_horní úsek meandrů, Křinice - Zadní Doubice, Křinice - Zadní Doubice_nad soutokem s Brtnickým p., Kamenice - Všemily_pod kempem, Jetřichovická Bělá – Dolský Mlýn_nad mostem, Kamenice - nad soutokem s Chřibskou Kamenicí, Chřibská Kamenice – PR Meandry Ch. Kamenice, Kamenice – Dolský mlýn, Brtnický potok - Kopec, Křinice - Brtnický most, Křinice - Turistický most, Kamenice - Tichá soutěska, Velká Bělá - Vysoká Lípa, náhon na Chřibské Kamenici - Všemily, Chřibská Kamenice - soutok, Chřibská Kamenice - Všemily, Kamenice - Vysoká Lípa, Křinice - Zadní Doubice_Brtnický most, Křinice - Doubice","10850635, 12068582, 12068583, 12068584, 12068586, 12068587, 12068585, 12516224, 12068596, 12068598, 12068599, 12516223, 12068608, 12729820, 12729872, 12729861, 12730041, 12730044, 12730055, 12730461, 12730463, 12730464, 12730466, 12730465, 12730467, 12730475, 12730477, 12730476, 12730491, 12971283, 12975759, 12975760, 12975761, 12975762, 12975765, 12975766, 12975767, 12975768, 12975769, 12975770, 13410915, 13410916, 13410917, 13410918, 13410930, 13410931, 13410933, 13410934, 13410935, 13410936, 13410937, 13411271, 13411272, 13411273, 13411274, 13411275, 13411276, 13411304, 13411305, 13411306, 13411317, 13411318, 13411319, 13411733, 13411734, 13411735, 13411736, 13411737, 13411738, 13411740, 13411741, 13411742, 13411743, 13411744, 13411745, 8536275, 8536282, 8536279, 8536287, 8536289, 9690191, 8906453, 8906455, 8906462, 8907585, 9017161, 9158965",0,min,50,% lokalit v dobrém stavu,alespoň 50 % lokalit v dobrém stavu,špatný,chu,minmax,1
CZ0424031,Lampetra planeri,CELKOVE_HODNOCENI,NA,"2014, 2022, 2021, 2023, 2020, 2019, 2018, 2024, 2012, 2013","5152d, 5052c, 5152a, 5152c, 5151b, 5152b, 5052d","Chřibská Kamenice - Studený II, Křinice - Kopec, Křinice - Jetřichovice u Děčína, Kamenice - Vysoká Lípa_nad soutokme s Jetř. Bělou, Kamenice - Vysoká Lípa_pod Jetřichovickou Bělou, Kamenice - Srbská Kamenice_pod soutokem s Chřibskou, Jetřichovická Bělá - Vysoká Lípa, Jetřichovická Bělá - Vysoká Lípa_mostek, Jetřichovická Bělá - Vysoká Lípa, Kamenice - Vysoká Lípa_pod soutokem s Jetř. Bělou, Kamenice - Všemily_nad soutokem s Jetř. Bělou, Křinice - Doubice_soutok s Brtnickým potokem, Brtnický potok - Kopec, Křinice - Doubice_soutok s Brtnickým potokem, Kamenice - Srbská Kamenice_pod soutokem s Chřibskou, Kamenice - nad soutokem s Jetřichovickou Bělou, Jetřichovická Bělá - Vysoká Lípa, Jetřichovická Bělá - Vysoká Lípa, Kamenice - Vysoká Lípa_pod soutokem s Jetř. Bělou, Kamenice - nad soutokem s Jetřichovickou Bělou, Kamenice - Srbská Kamenice_pod soutokem s Chřibskou, Kamenice - Hřensko, Kamenice - Srbská Kamenice_pod soutokem s Chřibskou, Kamenice - nad soutokem s Jetřichovickou Bělou, Křinice - Zadni Jetřichovice, Brtniký potok - Zadní Doubice, Křinice - Zadní Doubice_II, Křinice - Zadní Doubice_I, Křinice - Zadní Jetřichovice_III, Chřibská Kamenice – Dolní Chřibská - Na Potokách, Chřibská Kamenice - Všemily_PP Meandry Ch. Kamenice, náhon u Chřibské Kamenice - Všemily, Chřibská Kamenice - Všemily_soutok, Kamenice - nad soutokem s Chřibskou, Kamenice - Dolský Mlýn, Křinice - Zadní Doubice, Křinice - Zadní Doubice_horní úsek meandrů, Křinice - Zadní Doubice_nad soutokem s Brtnickým p., Křinice - Zadní Doubice_nad meandry, Brtnický potok – Zadní Doubice_Brtnický most, Křinice - Zadní Jetřichovice, Křinice - Zadní Jetřichovice_II, Křinice - Zadní Jetřichovice_I, Křinice - Zadní Doubice_horní úsek meandrů, Křinice - Zadní Doubice, Křinice - Zadní Doubice_nad soutokem s Brtnickým p., Kamenice - Všemily_pod kempem, Jetřichovická Bělá – Dolský Mlýn_nad mostem, Kamenice - nad soutokem s Chřibskou Kamenicí, Chřibská Kamenice – PR Meandry Ch. Kamenice, Kamenice – Dolský mlýn, Brtnický potok - Kopec, Křinice - Brtnický most, Křinice - Turistický most, Kamenice - Tichá soutěska, Velká Bělá - Vysoká Lípa, náhon na Chřibské Kamenici - Všemily, Chřibská Kamenice - soutok, Chřibská Kamenice - Všemily, Kamenice - Vysoká Lípa, Křinice - Zadní Doubice_Brtnický most, Křinice - Doubice","10850635, 12068582, 12068583, 12068584, 12068586, 12068587, 12068585, 12516224, 12068596, 12068598, 12068599, 12516223, 12068608, 12729820, 12729872, 12729861, 12730041, 12730044, 12730055, 12730461, 12730463, 12730464, 12730466, 12730465, 12730467, 12730475, 12730477, 12730476, 12730491, 12971283, 12975759, 12975760, 12975761, 12975762, 12975765, 12975766, 12975767, 12975768, 12975769, 12975770, 13410915, 13410916, 13410917, 13410918, 13410930, 13410931, 13410933, 13410934, 13410935, 13410936, 13410937, 13411271, 13411272, 13411273, 13411274, 13411275, 13411276, 13411304, 13411305, 13411306, 13411317, 13411318, 13411319, 13411733, 13411734, 13411735, 13411736, 13411737, 13411738, 13411740, 13411741, 13411742, 13411743, 13411744, 13411745, 8536275, 8536282, 8536279, 8536287, 8536289, 9690191, 8906453, 8906455, 8906462, 8907585, 9017161, 9158965",dobrý,NA,NA,NA,NA,dobrý,chu,NA,1
CZ0424127,Lampetra planeri,LOK_PROCDOBR,ne,2015,5446d,Lužec - Červený Hrádek,9544309,,min,50,% lokalit v dobrém stavu,alespoň 50 % lokalit v dobrém stavu,špatný,chu,minmax,0
CZ0424127,Lampetra planeri,CELKOVE_HODNOCENI,NA,2015,5446d,Lužec - Červený Hrádek,9544309,dobrý,NA,NA,NA,NA,dobrý,chu,NA,0
CZ0510191,Lampetra planeri,LOK_PROCDOBR,ne,2015,5357c,"Jizera - Křížky, Jizera - Rakousy","9541404, 9541466",,min,50,% lokalit v dobrém stavu,alespoň 50 % lokalit v dobrém stavu,špatný,chu,minmax,0
CZ0510191,Lampetra planeri,CELKOVE_HODNOCENI,NA,2015,5357c,"Jizera - Křížky, Jizera - Rakousy","9541404, 9541466",dobrý,NA,NA,NA,NA,dobrý,chu,NA,0
CZ0510400,Lampetra planeri,LOK_PROCDOBR,ne,2014,"5156b, 5157a","Levostranný přítok Sloupského potoka, Holubí potok, Bílý Štolpich, Smědá","9151669, 9151661, 9151673, 9151675",,min,50,% lokalit v dobrém stavu,alespoň 50 % lokalit v dobrém stavu,špatný,chu,minmax,0
CZ0510400,Lampetra planeri,CELKOVE_HODNOCENI,NA,2014,"5156b, 5157a","Levostranný přítok Sloupského potoka, Holubí potok, Bílý Štolpich, Smědá","9151669, 9151661, 9151673, 9151675",dobrý,NA,NA,NA,NA,dobrý,chu,NA,0
CZ0510402,Lampetra planeri,LOK_PROCDOBR,ne,2014,5157d,Jizerka - Jizerka,9151651,,min,50,% lokalit v dobrém stavu,alespoň 50 % lokalit v dobrém stavu,špatný,chu,minmax,0
CZ0510402,Lampetra planeri,CELKOVE_HODNOCENI,NA,2014,5157d,Jizerka - Jizerka,9151651,dobrý,NA,NA,NA,NA,dobrý,chu,NA,0
CZ0510415,Lampetra planeri,LOK_PROCDOBR,ne,2014,5157b,Jizera - Jizerka_2,9151658,,min,50,% lokalit v dobrém stavu,alespoň 50 % lokalit v dobrém stavu,špatný,chu,minmax,0
CZ0510415,Lampetra planeri,CELKOVE_HODNOCENI,NA,2014,5157b,Jizera - Jizerka_2,9151658,dobrý,NA,NA,NA,NA,dobrý,chu,NA,0
CZ0513254,Lampetra planeri,LOK_PROCDOBR,NA,"2022, 2021, 2023, 2013",5256c,"Luční potok - Vesec_spodní, Luční potok - Vesec, Luční potok - Dolní Podlesí_nad, Luční potok - Vesec_spodní, Luční potok - Horní Podlesí_horní","12723209, 13410549, 13410551, 13410958, 13410959, 13411442, 13411444, 9822594, 9822595",0,min,50,% lokalit v dobrém stavu,alespoň 50 % lokalit v dobrém stavu,špatný,chu,minmax,1
CZ0513254,Lampetra planeri,CELKOVE_HODNOCENI,NA,"2022, 2021, 2023, 2013",5256c,"Luční potok - Vesec_spodní, Luční potok - Vesec, Luční potok - Dolní Podlesí_nad, Luční potok - Vesec_spodní, Luční potok - Horní Podlesí_horní","12723209, 13410549, 13410551, 13410958, 13410959, 13411442, 13411444, 9822594, 9822595",dobrý,NA,NA,NA,NA,dobrý,chu,NA,1
CZ0513256,Lampetra planeri,LOK_PROCDOBR,NA,"2017, 2022, 2018, 2021, 2023, 2012, 2015","4956c, 5056a, 5056c","Smědá I - most Černousy-Boleslav, Smědá – Černousy – most, Smědá – Michalovice, Smědá – Víska, Smědá - Kunratice_MVE Harta, Smědá - Michalovice|275, Smědá - Černousy_most, Smědá - Michalovice, Smědá - Víska, Smědá - Minkovice - Poustka_most, Smědá – Minkovice – Víska, Smědá-MVE Harta -, Smědá - II_PR Meandry Smědé, Smědá - III_most Minkovice-Pousťka, Smědá - Boleslav dolní profil, Smědá - III_most Minkovice-Poustka, Smědá - II_PR Meandry Smědé, Smědá - I_most Černousy-Boleslav","10148544, 12723233, 12723234, 12723237, 12723245, 12976321, 13410519, 13410575, 13410576, 13410577, 13411164, 13411165, 13411166, 13411167, 13411548, 13411549, 13411550, 13411551, 8548653, 8574016, 10614710, 8574714, 9812790, 9812791, 9812792",0,min,50,% lokalit v dobrém stavu,alespoň 50 % lokalit v dobrém stavu,špatný,chu,minmax,1
CZ0513256,Lampetra planeri,CELKOVE_HODNOCENI,NA,"2017, 2022, 2018, 2021, 2023, 2012, 2015","4956c, 5056a, 5056c","Smědá I - most Černousy-Boleslav, Smědá – Černousy – most, Smědá – Michalovice, Smědá – Víska, Smědá - Kunratice_MVE Harta, Smědá - Michalovice|275, Smědá - Černousy_most, Smědá - Michalovice, Smědá - Víska, Smědá - Minkovice - Poustka_most, Smědá – Minkovice – Víska, Smědá-MVE Harta -, Smědá - II_PR Meandry Smědé, Smědá - III_most Minkovice-Pousťka, Smědá - Boleslav dolní profil, Smědá - III_most Minkovice-Poustka, Smědá - II_PR Meandry Smědé, Smědá - I_most Černousy-Boleslav","10148544, 12723233, 12723234, 12723237, 12723245, 12976321, 13410519, 13410575, 13410576, 13410577, 13411164, 13411165, 13411166, 13411167, 13411548, 13411549, 13411550, 13411551, 8548653, 8574016, 10614710, 8574714, 9812790, 9812791, 9812792",dobrý,NA,NA,NA,NA,dobrý,chu,NA,1
CZ0513506,Lampetra planeri,LOK_PROCDOBR,ne,"2014, 2013, 2015, 2016","5255c, 5254d, 5353b, 5354c","Ještědský potok - Žibřidice, Ještědský potok - Dubnice, Brenná, Ploučnice, Ploučnice - Brenná, Vlčí důl, Ploučnice v úseku nejblíže silnice J od Vlčího dolu, Hradčany, Ploučnice u starého mostu, Ještědský potok - Dubnice pod Ralskem, Ještědský potok - Dubnice pod Ralskem II, Ještědský potok - Dubnice pod Ralskem III","10851160, 10851162, 10851169, 8786707, 9059600, 9476682, 9513219, 9808745, 9808746, 9808747, 9808748",,min,50,% lokalit v dobrém stavu,alespoň 50 % lokalit v dobrém stavu,špatný,chu,minmax,0
CZ0513506,Lampetra planeri,CELKOVE_HODNOCENI,NA,"2014, 2013, 2015, 2016","5255c, 5254d, 5353b, 5354c","Ještědský potok - Žibřidice, Ještědský potok - Dubnice, Brenná, Ploučnice, Ploučnice - Brenná, Vlčí důl, Ploučnice v úseku nejblíže silnice J od Vlčího dolu, Hradčany, Ploučnice u starého mostu, Ještědský potok - Dubnice pod Ralskem, Ještědský potok - Dubnice pod Ralskem II, Ještědský potok - Dubnice pod Ralskem III","10851160, 10851162, 10851169, 8786707, 9059600, 9476682, 9513219, 9808745, 9808746, 9808747, 9808748",dobrý,NA,NA,NA,NA,dobrý,chu,NA,0
CZ0513509,Lampetra planeri,LOK_PROCDOBR,NA,"2022, 2021, 2023, 2015","5254a, 5153d, 5154c","Svitavka I - Lindava_spodní, Mařenice, Svitavka - Lindava, Svitavka – Lindava, Svitávka, Kunratice u Cvikova, Naděje, potok u silnice Mařenice - Cvikov","12723207, 12747828, 12747832, 13410520, 13411160, 13411479, 9396681, 9511431",0,min,50,% lokalit v dobrém stavu,alespoň 50 % lokalit v dobrém stavu,špatný,chu,minmax,1
CZ0513509,Lampetra planeri,CELKOVE_HODNOCENI,NA,"2022, 2021, 2023, 2015","5254a, 5153d, 5154c","Svitavka I - Lindava_spodní, Mařenice, Svitavka - Lindava, Svitavka – Lindava, Svitávka, Kunratice u Cvikova, Naděje, potok u silnice Mařenice - Cvikov","12723207, 12747828, 12747832, 13410520, 13411160, 13411479, 9396681, 9511431",dobrý,NA,NA,NA,NA,dobrý,chu,NA,1
CZ0514672,Lampetra planeri,LOK_PROCDOBR,NA,"2017, 2018, 2020, 2021, 2022, 2012, 2016","5358c, 5458a, 5358d, 5357d, 5357b","Jizera - Rybnice, Jizera - Benešov u Semil, Jizera - Dolní Sytová, Jizera - Háje n. Jizerou, Jizera - Semily_pod, Jizera - Benešov u Semil_u golfu, Jizera - Loukov, Kamenice - Jesenný, Kamenice - Návarov, Jizera a Kamenice III - Spálov, Jizera a Kamenice II - Loukov, Jizera - Rybnice, Jizera - Loukov","10123976, 10628650, 11094402, 11599329, 12723225, 12723227, 12723228, 8536179, 8536184, 8574307, 8574583, 9808284, 9808285",0,min,50,% lokalit v dobrém stavu,alespoň 50 % lokalit v dobrém stavu,špatný,chu,minmax,1
CZ0514672,Lampetra planeri,CELKOVE_HODNOCENI,NA,"2017, 2018, 2020, 2021, 2022, 2012, 2016","5358c, 5458a, 5358d, 5357d, 5357b","Jizera - Rybnice, Jizera - Benešov u Semil, Jizera - Dolní Sytová, Jizera - Háje n. Jizerou, Jizera - Semily_pod, Jizera - Benešov u Semil_u golfu, Jizera - Loukov, Kamenice - Jesenný, Kamenice - Návarov, Jizera a Kamenice III - Spálov, Jizera a Kamenice II - Loukov, Jizera - Rybnice, Jizera - Loukov","10123976, 10628650, 11094402, 11599329, 12723225, 12723227, 12723228, 8536179, 8536184, 8574307, 8574583, 9808284, 9808285",dobrý,NA,NA,NA,NA,dobrý,chu,NA,1
CZ0520028,Lampetra planeri,LOK_PROCDOBR,ne,"2020, 2015",5562c,"Úpa - Rýzmburk, Úpa - Ryzmburk","11279458, 9635936",,min,50,% lokalit v dobrém stavu,alespoň 50 % lokalit v dobrém stavu,špatný,chu,minmax,0
CZ0520028,Lampetra planeri,CELKOVE_HODNOCENI,NA,"2020, 2015",5562c,"Úpa - Rýzmburk, Úpa - Ryzmburk","11279458, 9635936",dobrý,NA,NA,NA,NA,dobrý,chu,NA,0
CZ0520604,Lampetra planeri,LOK_PROCDOBR,NA,"2017, 2018, 2021, 2024, 2015",5864a,"Zdobnice - Pěčín, Zdobnice - most Bělá, Zdobnice - Pěčín, Zdobnice III - Pěčín","10141055, 10141057, 10598163, 13410831, 13411959, 9812809",0,min,50,% lokalit v dobrém stavu,alespoň 50 % lokalit v dobrém stavu,špatný,chu,minmax,1
CZ0520604,Lampetra planeri,CELKOVE_HODNOCENI,NA,"2017, 2018, 2021, 2024, 2015",5864a,"Zdobnice - Pěčín, Zdobnice - most Bělá, Zdobnice - Pěčín, Zdobnice III - Pěčín","10141055, 10141057, 10598163, 13410831, 13411959, 9812809",dobrý,NA,NA,NA,NA,dobrý,chu,NA,1
CZ0523007,Lampetra planeri,LOK_PROCDOBR,NA,"2022, 2019, 2021, 2023, 2013","5763a, 5762b","Dědina (Zlatý potok) - Chábory, Dědina (Zlatý potok) - Mělčany, Dědina (Zlatý potok) - Mělčany, Dědina – Dobruška|249, Dědina – Mělčany|251, Dědina - Strakov_pod brodem|253, Dědina – Strakov|255, Dědina – Podbřezí I|259, Dědina – Podbřezí II|257, Dědina – Mělčany, Dědina - Strakov_pod brodem, Dědina - Strakov, Dědina – Podbřezí I, Dědina – Podbřezí II, Dědina - Podbřezí","12079418, 12079811, 12080803, 12080805, 12080808, 12976216, 12976218, 12976220, 12976222, 12976226, 12976224, 13410541, 13410542, 13410543, 13410545, 13410544, 13411703, 13411704, 13411705, 8881467",0,min,50,% lokalit v dobrém stavu,alespoň 50 % lokalit v dobrém stavu,špatný,chu,minmax,1
CZ0523007,Lampetra planeri,CELKOVE_HODNOCENI,NA,"2022, 2019, 2021, 2023, 2013","5763a, 5762b","Dědina (Zlatý potok) - Chábory, Dědina (Zlatý potok) - Mělčany, Dědina (Zlatý potok) - Mělčany, Dědina – Dobruška|249, Dědina – Mělčany|251, Dědina - Strakov_pod brodem|253, Dědina – Strakov|255, Dědina – Podbřezí I|259, Dědina – Podbřezí II|257, Dědina – Mělčany, Dědina - Strakov_pod brodem, Dědina - Strakov, Dědina – Podbřezí I, Dědina – Podbřezí II, Dědina - Podbřezí","12079418, 12079811, 12080803, 12080805, 12080808, 12976216, 12976218, 12976220, 12976222, 12976226, 12976224, 13410541, 13410542, 13410543, 13410545, 13410544, 13411703, 13411704, 13411705, 8881467",dobrý,NA,NA,NA,NA,dobrý,chu,NA,1
CZ0523267,Lampetra planeri,LOK_PROCDOBR,NA,"2016, 2019, 2021, 2013, 2015","5765c, 5764b, 5865c, 5865a","Divoká Orlice III - Nová Ves, Divoká Orlice - Hadinec, Divoká Orlice - Neratov, Divoká Orlice - Zelenka, Divoká Orlice - Orlického Záhoří, Divoká Orlice - Nová Ves v Orlických horách, Divoká Orlice - Neratov v Orlických horách, Diviká Orlice - Ostrov, Divoká Orlice - Nová Ves|290, Divoká Orlice - Orlické Záhoří, Divoká Orlice, Divoká Orlice - pod Bartošovicemi, Divoká Orlice - pod Neratovem, Divoká Orlice - pod Novou Vsí","10148567, 10860772, 10860771, 11668350, 11668352, 11668354, 11668536, 11668538, 12976370, 8915038, 9371077, 9371079, 9371080, 9635900, 9635906, 9635909",0,min,50,% lokalit v dobrém stavu,alespoň 50 % lokalit v dobrém stavu,špatný,chu,minmax,1
CZ0523267,Lampetra planeri,CELKOVE_HODNOCENI,NA,"2016, 2019, 2021, 2013, 2015","5765c, 5764b, 5865c, 5865a","Divoká Orlice III - Nová Ves, Divoká Orlice - Hadinec, Divoká Orlice - Neratov, Divoká Orlice - Zelenka, Divoká Orlice - Orlického Záhoří, Divoká Orlice - Nová Ves v Orlických horách, Divoká Orlice - Neratov v Orlických horách, Diviká Orlice - Ostrov, Divoká Orlice - Nová Ves|290, Divoká Orlice - Orlické Záhoří, Divoká Orlice, Divoká Orlice - pod Bartošovicemi, Divoká Orlice - pod Neratovem, Divoká Orlice - pod Novou Vsí","10148567, 10860772, 10860771, 11668350, 11668352, 11668354, 11668536, 11668538, 12976370, 8915038, 9371077, 9371079, 9371080, 9635900, 9635906, 9635909",dobrý,NA,NA,NA,NA,dobrý,chu,NA,1
CZ0523277,Lampetra planeri,LOK_PROCDOBR,ne,"2014, 2015","5460a, 5460c","Labe - Klášterská Lhota_pod, Labe - Hostinné, Labe - Hostinné_Dobrá Mysl","9153761, 9635943, 9635944",,min,50,% lokalit v dobrém stavu,alespoň 50 % lokalit v dobrém stavu,špatný,chu,minmax,0
CZ0523277,Lampetra planeri,CELKOVE_HODNOCENI,NA,"2014, 2015","5460a, 5460c","Labe - Klášterská Lhota_pod, Labe - Hostinné, Labe - Hostinné_Dobrá Mysl","9153761, 9635943, 9635944",dobrý,NA,NA,NA,NA,dobrý,chu,NA,0
CZ0523280,Lampetra planeri,LOK_PROCDOBR,NA,"2016, 2018, 2019, 2020, 2021, 2022, 2023, 2013","5462d, 5463c, 5563a, 5362d, 5462b, 5463a","Dřevíč III - Stárkov, Dřevíč II - mlýn Dřevíček, Dřevíč I - Velký Dřevíč, Zdoňovský potok - Dolní Adršpach, Metuje Bučnice_u morového sloupu, Metuje - Teplice n. Metují_ u Kamínku, Metuje - Javor, Metuje - V. Petrovice_pod jezem, Dřevíč - Velký Dřevíč|0, Dřevíč - Horní Dřevíč_mlýn Dřevíček|1, Metuje – Petrovičky, Metuje - Maršov n. Metují, Dřevíč - Velký Dřevíč|20, Dřevíč - Horní Dřevíč_mlýn Dřevíček|21, Dřevíč – Stárkov_vodárna, Dřevíč - Dolní Vernéřovice, Metuje – Javor, NPR Adršpašsko-teplické skály_Metuje 1, NPR Adršpašsko-teplické skály_Metuje 3A, Dřevíč - Velký Dřevíč, Dřevíč - Stárkov, Dřevíč - Horní Dřevíč","10148560, 10148561, 10148563, 10589608, 10589610, 10589611, 10589612, 10589613, 10589616, 12975606, 12975608, 12975874, 12975875, 12975879, 12975880, 12975881, 12975882, 13410552, 13410554, 13410559, 13410960, 13411458, 13411460, 13411465, 8909882, 8909887, 9370895, 9798229, 9798230",0,min,50,% lokalit v dobrém stavu,alespoň 50 % lokalit v dobrém stavu,špatný,chu,minmax,1
CZ0523280,Lampetra planeri,CELKOVE_HODNOCENI,NA,"2016, 2018, 2019, 2020, 2021, 2022, 2023, 2013","5462d, 5463c, 5563a, 5362d, 5462b, 5463a","Dřevíč III - Stárkov, Dřevíč II - mlýn Dřevíček, Dřevíč I - Velký Dřevíč, Zdoňovský potok - Dolní Adršpach, Metuje Bučnice_u morového sloupu, Metuje - Teplice n. Metují_ u Kamínku, Metuje - Javor, Metuje - V. Petrovice_pod jezem, Dřevíč - Velký Dřevíč|0, Dřevíč - Horní Dřevíč_mlýn Dřevíček|1, Metuje – Petrovičky, Metuje - Maršov n. Metují, Dřevíč - Velký Dřevíč|20, Dřevíč - Horní Dřevíč_mlýn Dřevíček|21, Dřevíč – Stárkov_vodárna, Dřevíč - Dolní Vernéřovice, Metuje – Javor, NPR Adršpašsko-teplické skály_Metuje 1, NPR Adršpašsko-teplické skály_Metuje 3A, Dřevíč - Velký Dřevíč, Dřevíč - Stárkov, Dřevíč - Horní Dřevíč","10148560, 10148561, 10148563, 10589608, 10589610, 10589611, 10589612, 10589613, 10589616, 12975606, 12975608, 12975874, 12975875, 12975879, 12975880, 12975881, 12975882, 13410552, 13410554, 13410559, 13410960, 13411458, 13411460, 13411465, 8909882, 8909887, 9370895, 9798229, 9798230",dobrý,NA,NA,NA,NA,dobrý,chu,NA,1
CZ0524044,Lampetra planeri,LOK_PROCDOBR,ne,"2017, 2018, 2012, 2013, 2015","5358d, 5359d, 5460a, 5361c, 5258d, 5359c, 5359b, 5360b, 5359a, 5358b, 5258c, 5259d, 5360c, 5260d, 5460b, 5259c, 5360d, 5461a, 5361a","Jizerka - Víchová nad Jizerou, Bělá - Výsplachy, Bolkovský potok - Rudník, Sejfský potok - Mladé Buky, Vrchlabí-Vápenický potok, Prudký ručej - Zabyly, Huťský potok - Dolní Rokytnice, Cedron - Dolní Štěpánice, Labe - Klauslovy Boudy, Malé Labe - Přední Rennerovky, Úpa - Křižovatka, Malá Úpa - Janovy Boudy, Úpa - Javoří Mlýn, Kalná - Mladé Buky, Bolkovský potok - Rudník, Bolkovický potok - Rudník, Vápenický potok - Prostřední Lánov, Malé Labe - Dolní Dvůr, Pekelský potok - Horní Lánov, Vápenický potok - Vrchlabí, Jizerka - Horní Štěpanice, Jizerka - Rychlov, Jizerka - Vítkovice_Kozí Domky, Jizera - Jablonec nad Jizerou, Františkovský potok - Vojtěšice, Jizera - Dolní Rokytnice, Jizera - Vilémov_Na Boře, Jizera - Vilémov_Na Boře II, Lysečinský p. (Albeřický p.)- Horní Maršov, Úpa - Velká Úpa, Labe - Přední Labská_pod VN Labská, Malé Labe - Klínové Boudy, Roudnický potok - Nová Ves, Roudnický potok - Stará Hora, Vejpálický potok - Hradsko, Vejpálický potok - Dolní Dušnice, Pekelský potok - Horní Lánov, Bolkovický potok - Rudník, Kotelský potok - Dolní Dvůr, Malé Labe - Kamenný Mlýn, Malá Úpa - Malá Úpa, Malá Úpa - Spálený Mlýn, Jizera - Zabyly, Jizera - Vilémov, Cedron - Horní Štěpanice, Jizerka - Zákoutí, Javornický potok - Javorník, Jizerka - Vítkovice_Třídomí, Černohorský potok - Svoboda n. Úpou, Zlatý potok - Horní Staré Město, Jizerka - Třídomí, Úpa - Velká Úpa, Malá Úpa - Přední Výsluní, Lysečinský potok - D. Lysečiny, Labe - Klauslovy Boudy, Albeřický potok - H. Albeřice, Jizera - Přívlaka","10069991, 10143346, 10860207, 10860220, 8504927, 8536206, 9476433, 8536210, 8536215, 8536217, 8536228, 8536232, 9476436, 8536240, 9017139, 9476454, 9017144, 9017146, 9476440, 9476448, 9017152, 9476456, 9476458, 9017154, 9476442, 9017158, 9476446, 9476447, 9113544, 9476439, 9476427, 9476430, 9476431, 9476432, 9476434, 9476435, 9476437, 9476455, 9476438, 9476449, 9476441, 9476461, 9476443, 9476444, 9476445, 9476450, 9476457, 9476453, 9476459, 9476460, 9476462, 9544213, 9544214, 9544216, 9544217, 9544215, 9544218, 9544219",,min,50,% lokalit v dobrém stavu,alespoň 50 % lokalit v dobrém stavu,špatný,chu,minmax,0
CZ0524044,Lampetra planeri,CELKOVE_HODNOCENI,NA,"2017, 2018, 2012, 2013, 2015","5358d, 5359d, 5460a, 5361c, 5258d, 5359c, 5359b, 5360b, 5359a, 5358b, 5258c, 5259d, 5360c, 5260d, 5460b, 5259c, 5360d, 5461a, 5361a","Jizerka - Víchová nad Jizerou, Bělá - Výsplachy, Bolkovský potok - Rudník, Sejfský potok - Mladé Buky, Vrchlabí-Vápenický potok, Prudký ručej - Zabyly, Huťský potok - Dolní Rokytnice, Cedron - Dolní Štěpánice, Labe - Klauslovy Boudy, Malé Labe - Přední Rennerovky, Úpa - Křižovatka, Malá Úpa - Janovy Boudy, Úpa - Javoří Mlýn, Kalná - Mladé Buky, Bolkovský potok - Rudník, Bolkovický potok - Rudník, Vápenický potok - Prostřední Lánov, Malé Labe - Dolní Dvůr, Pekelský potok - Horní Lánov, Vápenický potok - Vrchlabí, Jizerka - Horní Štěpanice, Jizerka - Rychlov, Jizerka - Vítkovice_Kozí Domky, Jizera - Jablonec nad Jizerou, Františkovský potok - Vojtěšice, Jizera - Dolní Rokytnice, Jizera - Vilémov_Na Boře, Jizera - Vilémov_Na Boře II, Lysečinský p. (Albeřický p.)- Horní Maršov, Úpa - Velká Úpa, Labe - Přední Labská_pod VN Labská, Malé Labe - Klínové Boudy, Roudnický potok - Nová Ves, Roudnický potok - Stará Hora, Vejpálický potok - Hradsko, Vejpálický potok - Dolní Dušnice, Pekelský potok - Horní Lánov, Bolkovický potok - Rudník, Kotelský potok - Dolní Dvůr, Malé Labe - Kamenný Mlýn, Malá Úpa - Malá Úpa, Malá Úpa - Spálený Mlýn, Jizera - Zabyly, Jizera - Vilémov, Cedron - Horní Štěpanice, Jizerka - Zákoutí, Javornický potok - Javorník, Jizerka - Vítkovice_Třídomí, Černohorský potok - Svoboda n. Úpou, Zlatý potok - Horní Staré Město, Jizerka - Třídomí, Úpa - Velká Úpa, Malá Úpa - Přední Výsluní, Lysečinský potok - D. Lysečiny, Labe - Klauslovy Boudy, Albeřický potok - H. Albeřice, Jizera - Přívlaka","10069991, 10143346, 10860207, 10860220, 8504927, 8536206, 9476433, 8536210, 8536215, 8536217, 8536228, 8536232, 9476436, 8536240, 9017139, 9476454, 9017144, 9017146, 9476440, 9476448, 9017152, 9476456, 9476458, 9017154, 9476442, 9017158, 9476446, 9476447, 9113544, 9476439, 9476427, 9476430, 9476431, 9476432, 9476434, 9476435, 9476437, 9476455, 9476438, 9476449, 9476441, 9476461, 9476443, 9476444, 9476445, 9476450, 9476457, 9476453, 9476459, 9476460, 9476462, 9544213, 9544214, 9544216, 9544217, 9544215, 9544218, 9544219",dobrý,NA,NA,NA,NA,dobrý,chu,NA,0
CZ0530033,Lampetra planeri,LOK_PROCDOBR,ne,2013,6266d,Bohdalovský potok - Pěčíkov,9015104,,min,50,% lokalit v dobrém stavu,alespoň 50 % lokalit v dobrém stavu,špatný,chu,minmax,0
CZ0530033,Lampetra planeri,CELKOVE_HODNOCENI,NA,2013,6266d,Bohdalovský potok - Pěčíkov,9015104,dobrý,NA,NA,NA,NA,dobrý,chu,NA,0
CZ0530034,Lampetra planeri,LOK_PROCDOBR,ne,2013,6065d,Moravská Sázava - Albrechtice u Lanškrouna,9006468,,min,50,% lokalit v dobrém stavu,alespoň 50 % lokalit v dobrém stavu,špatný,chu,minmax,0
CZ0530034,Lampetra planeri,CELKOVE_HODNOCENI,NA,2013,6065d,Moravská Sázava - Albrechtice u Lanškrouna,9006468,dobrý,NA,NA,NA,NA,dobrý,chu,NA,0
CZ0533301,Lampetra planeri,LOK_PROCDOBR,NA,"2018, 2021, 2022, 2023, 2012, 2015",6261d,"Chrudimka I - osada Lány, Chrudimka - Kameničky_EVL Údolí Chrudimky, Chrudimka - Lány, Chrudimka - Kameničky_ČOV, Chrudimka – Lány, Údolí Chrudimky - začátek EVL, Chrudimka v Lánech, Tůňka Chrudimky 10 m od soutoku s Krejcarským potokem, Chrudimka I - osada Lány, Chrudimka II - u ČOV obce Kameničky","10598156, 11758640, 13410767, 13410768, 13411169, 13411170, 13411455, 13411456, 8531342, 8531357, 8535926, 9812731, 9812732",0,min,50,% lokalit v dobrém stavu,alespoň 50 % lokalit v dobrém stavu,špatný,chu,minmax,1
CZ0533301,Lampetra planeri,CELKOVE_HODNOCENI,NA,"2018, 2021, 2022, 2023, 2012, 2015",6261d,"Chrudimka I - osada Lány, Chrudimka - Kameničky_EVL Údolí Chrudimky, Chrudimka - Lány, Chrudimka - Kameničky_ČOV, Chrudimka – Lány, Údolí Chrudimky - začátek EVL, Chrudimka v Lánech, Tůňka Chrudimky 10 m od soutoku s Krejcarským potokem, Chrudimka I - osada Lány, Chrudimka II - u ČOV obce Kameničky","10598156, 11758640, 13410767, 13410768, 13411169, 13411170, 13411455, 13411456, 8531342, 8531357, 8535926, 9812731, 9812732",dobrý,NA,NA,NA,NA,dobrý,chu,NA,1
CZ0533314,Lampetra planeri,LOK_PROCDOBR,NA,"2018, 2016, 2020, 2022, 2023, 2012, 2014, 2015","5965b, 5965d, 5966a, 5965c, 5966b","Tichá Orlice - Těchonín, Tichá Orlice - Studené_pod vojen. nemocnicí, Tichá Orlice - Mladkov, Tichá Orlice - Jablonné nad Orlicí, Tichá Orlice - Králíky, Tichá Orlice - Králíky_most u zeměďěl. družstva, Tichá Orlice - Lichkov_Lichkovský dvůr, Boříkovický potok - Dolní Boříkovice_ústí do T. Orlice, Tichá Orlice - Lichkov_lávka v obci, Tichá Orlice - Lichkov_u železničního přejezdu -, Tichá Orlice - Mladkov_jez MVE, Tichá Orlice - Mladkov - Dolany_u sportovního stadionu, Tichá Orlice - Celné_jez, Tichá Orlice - Sobkovice_most, Tichá Orlice - Jablonné n. Orlicí_most u fy Reny -, Tichá Orlice - Jablonné n. Orlicí._most u lomu, Tichá Orlice - Verměřovice_most, Tichá Orlice - Verměřovice_lávka, Tichá Orlice - Kunčice_most, Tichá Orlice I - Mladkov|18, Tichá Orlice - Mladkov_nad, Tichá Orlice – Králíky_ČOV, Tichá Orlice – Těchonín_most, Tichá Orlice - Těchonín_pod voj. nemocnicí, Tichá Orlice - Jamné, Tichá Orlice – Kunčice, Tichá Orlice I - Mladkov|265, Tichá Orlice - Dolní Orlice, Tichá Orlice – Mladkov, Tichá Orlice – Těchonín pod voj. nemocnicí, Tichá Orlice I - Mladkov, Tichá Orlice - Sobkovice, Tichá Orlice a Orlický potok I - Sobkovice, Tichá Orlice - Sobkovice, Lipkovský potok - Lichkov, Tichá Orlice - Horní Lipka, Tichá Orlice - Mladkov","10544493, 10544494, 10544497, 10544495, 10544508, 10582237, 10582241, 10582262, 10582242, 10582243, 10582244, 10582245, 10582246, 10582247, 10582248, 10582249, 10582250, 10582254, 10582258, 12975750, 12975914, 12975913, 12975915, 12975916, 12975917, 12975918, 12976296, 13411144, 13411145, 13411146, 13411148, 13411150, 13411672, 13411674, 8535785, 8571748, 9158966, 9158968, 9812799, 9812800, 9812801",0,min,50,% lokalit v dobrém stavu,alespoň 50 % lokalit v dobrém stavu,špatný,chu,minmax,1
CZ0533314,Lampetra planeri,CELKOVE_HODNOCENI,NA,"2018, 2016, 2020, 2022, 2023, 2012, 2014, 2015","5965b, 5965d, 5966a, 5965c, 5966b","Tichá Orlice - Těchonín, Tichá Orlice - Studené_pod vojen. nemocnicí, Tichá Orlice - Mladkov, Tichá Orlice - Jablonné nad Orlicí, Tichá Orlice - Králíky, Tichá Orlice - Králíky_most u zeměďěl. družstva, Tichá Orlice - Lichkov_Lichkovský dvůr, Boříkovický potok - Dolní Boříkovice_ústí do T. Orlice, Tichá Orlice - Lichkov_lávka v obci, Tichá Orlice - Lichkov_u železničního přejezdu -, Tichá Orlice - Mladkov_jez MVE, Tichá Orlice - Mladkov - Dolany_u sportovního stadionu, Tichá Orlice - Celné_jez, Tichá Orlice - Sobkovice_most, Tichá Orlice - Jablonné n. Orlicí_most u fy Reny -, Tichá Orlice - Jablonné n. Orlicí._most u lomu, Tichá Orlice - Verměřovice_most, Tichá Orlice - Verměřovice_lávka, Tichá Orlice - Kunčice_most, Tichá Orlice I - Mladkov|18, Tichá Orlice - Mladkov_nad, Tichá Orlice – Králíky_ČOV, Tichá Orlice – Těchonín_most, Tichá Orlice - Těchonín_pod voj. nemocnicí, Tichá Orlice - Jamné, Tichá Orlice – Kunčice, Tichá Orlice I - Mladkov|265, Tichá Orlice - Dolní Orlice, Tichá Orlice – Mladkov, Tichá Orlice – Těchonín pod voj. nemocnicí, Tichá Orlice I - Mladkov, Tichá Orlice - Sobkovice, Tichá Orlice a Orlický potok I - Sobkovice, Tichá Orlice - Sobkovice, Lipkovský potok - Lichkov, Tichá Orlice - Horní Lipka, Tichá Orlice - Mladkov","10544493, 10544494, 10544497, 10544495, 10544508, 10582237, 10582241, 10582262, 10582242, 10582243, 10582244, 10582245, 10582246, 10582247, 10582248, 10582249, 10582250, 10582254, 10582258, 12975750, 12975914, 12975913, 12975915, 12975916, 12975917, 12975918, 12976296, 13411144, 13411145, 13411146, 13411148, 13411150, 13411672, 13411674, 8535785, 8571748, 9158966, 9158968, 9812799, 9812800, 9812801",dobrý,NA,NA,NA,NA,dobrý,chu,NA,1
CZ0534053,Lampetra planeri,LOK_PROCDOBR,ne,2018,6160b,Chrudimka - Práčov,10601068,,min,50,% lokalit v dobrém stavu,alespoň 50 % lokalit v dobrém stavu,špatný,chu,minmax,0
CZ0534053,Lampetra planeri,CELKOVE_HODNOCENI,NA,2018,6160b,Chrudimka - Práčov,10601068,dobrý,NA,NA,NA,NA,dobrý,chu,NA,0
CZ0613005,Lampetra planeri,LOK_PROCDOBR,ne,"2021, 2015","6457a, 6456b, 6456a","Martinický potok – Jankovský mlýn, Martinický potok – Martinice, Martinický potok - Skočidolovice","11686636, 11686642, 9777985",,min,50,% lokalit v dobrém stavu,alespoň 50 % lokalit v dobrém stavu,špatný,chu,minmax,0
CZ0613005,Lampetra planeri,CELKOVE_HODNOCENI,NA,"2021, 2015","6457a, 6456b, 6456a","Martinický potok – Jankovský mlýn, Martinický potok – Martinice, Martinický potok - Skočidolovice","11686636, 11686642, 9777985",dobrý,NA,NA,NA,NA,dobrý,chu,NA,0
CZ0613321,Lampetra planeri,LOK_PROCDOBR,NA,"2016, 2017, 2020, 2023, 2013",6558a,"Jankovský potok - u Zajíčkova mlýna, ř.km 11,0, Jankovský potok - pod Vlčkovým mlýnem, ř.km 14,2, Jankovský potok - Mladé Bříště, ř.km 8,7, Jankovský potok - Mladé Bříště, ř.km 8,7, Jankovský potok - pod Vlčkovým mlýnem, ř.km 14,2, Jankovský potok - u Zajíčkova mlýna, ř.km 11,0, Jankovský potok I - Vlčkův Mlýn, ř. km 14,2|6, Jankovský potok II - Zajíčkův Mlýn, ř.km 11,0|8, Jankovský potok III - Mladé Bříště, ř. km 8,7|10, Jankovský potok I - Vlčkův Mlýn, ř. km 14, 2, Jankovský potok II - Zajíčkův Mlýn, ř.km 11, 0, Jankovský potok III - Mladé Bříště, ř. km 8, 7, Jankovský potok - u Zajíčkova mlýna, ř.km 11,0, Jankovský potok - Mladé Bříště, ř.km 8,7","10148553, 10148555, 10148552, 10267085, 10267089, 10267098, 12975630, 12975632, 12975634, 13411449, 13411450, 13411451, 9371076, 9805253",0,min,50,% lokalit v dobrém stavu,alespoň 50 % lokalit v dobrém stavu,špatný,chu,minmax,1
CZ0613321,Lampetra planeri,CELKOVE_HODNOCENI,NA,"2016, 2017, 2020, 2023, 2013",6558a,"Jankovský potok - u Zajíčkova mlýna, ř.km 11,0, Jankovský potok - pod Vlčkovým mlýnem, ř.km 14,2, Jankovský potok - Mladé Bříště, ř.km 8,7, Jankovský potok - Mladé Bříště, ř.km 8,7, Jankovský potok - pod Vlčkovým mlýnem, ř.km 14,2, Jankovský potok - u Zajíčkova mlýna, ř.km 11,0, Jankovský potok I - Vlčkův Mlýn, ř. km 14,2|6, Jankovský potok II - Zajíčkův Mlýn, ř.km 11,0|8, Jankovský potok III - Mladé Bříště, ř. km 8,7|10, Jankovský potok I - Vlčkův Mlýn, ř. km 14, 2, Jankovský potok II - Zajíčkův Mlýn, ř.km 11, 0, Jankovský potok III - Mladé Bříště, ř. km 8, 7, Jankovský potok - u Zajíčkova mlýna, ř.km 11,0, Jankovský potok - Mladé Bříště, ř.km 8,7","10148553, 10148555, 10148552, 10267085, 10267089, 10267098, 12975630, 12975632, 12975634, 13411449, 13411450, 13411451, 9371076, 9805253",dobrý,NA,NA,NA,NA,dobrý,chu,NA,1
CZ0613333,Lampetra planeri,LOK_PROCDOBR,NA,"2014, 2018, 2019, 2022","6462a, 6461b","Staviště III - Lhotka _nad, Staviště II - Pařezný rybník, Staviště, Staviště - Lhotka u Žďáru nad Sázavou, Staviště pod Pařezným rybníkem, Staviště -Žďár n. Sázavou_pod česly VD Staviště, Staviště -Žďár n. Sázavou_nad česly VD Staviště, Staviště - Plíčky, Staviště nad VN, Staviště I - Plíčky","10267070, 10598159, 10614741, 11084273, 11084280, 11084288, 11084293, 12799919, 9057654, 10267068",0,min,50,% lokalit v dobrém stavu,alespoň 50 % lokalit v dobrém stavu,špatný,chu,minmax,1
CZ0613333,Lampetra planeri,CELKOVE_HODNOCENI,NA,"2014, 2018, 2019, 2022","6462a, 6461b","Staviště III - Lhotka _nad, Staviště II - Pařezný rybník, Staviště, Staviště - Lhotka u Žďáru nad Sázavou, Staviště pod Pařezným rybníkem, Staviště -Žďár n. Sázavou_pod česly VD Staviště, Staviště -Žďár n. Sázavou_nad česly VD Staviště, Staviště - Plíčky, Staviště nad VN, Staviště I - Plíčky","10267070, 10598159, 10614741, 11084273, 11084280, 11084288, 11084293, 12799919, 9057654, 10267068",dobrý,NA,NA,NA,NA,dobrý,chu,NA,1
CZ0613334,Lampetra planeri,LOK_PROCDOBR,ne,2013,6456d,"Trnava - pod sout. s Bělským potokem, Trnava - pod jezem u Arneštovického mlýna","8913527, 8913530",,min,50,% lokalit v dobrém stavu,alespoň 50 % lokalit v dobrém stavu,špatný,chu,minmax,0
CZ0613334,Lampetra planeri,CELKOVE_HODNOCENI,NA,2013,6456d,"Trnava - pod sout. s Bělským potokem, Trnava - pod jezem u Arneštovického mlýna","8913527, 8913530",dobrý,NA,NA,NA,NA,dobrý,chu,NA,0
CZ0713004,Lampetra planeri,LOK_PROCDOBR,ne,2013,5968c,Račí potok - Velké Losiny,9006449,,min,50,% lokalit v dobrém stavu,alespoň 50 % lokalit v dobrém stavu,špatný,chu,minmax,0
CZ0713004,Lampetra planeri,CELKOVE_HODNOCENI,NA,2013,5968c,Račí potok - Velké Losiny,9006449,dobrý,NA,NA,NA,NA,dobrý,chu,NA,0
CZ0713374,Lampetra planeri,LOK_PROCDOBR,NA,"2021, 2020, 2022, 2023, 2014, 2015","6067c, 6067d","Morava -  Chromeč, Morava - Bludov, Morava - Postřelmov, Morava - Chromeč, Morava – Bludov_Habrmanův Mlýn, Morava – Chromeč, Morava – Bludov Habrmannův mlýn, Morava - jez Bludov, Morava - Chromečský mlýn, Morava - Habrmanův mlýn (EVL Horní Morava), Morava - Bludov (EVL Horní Morava), Morava - Chromeč (EVL Horní Morava)","11675271, 11675272, 11675273, 12975931, 12975932, 13411279, 13411651, 13411652, 9145815, 9145818, 9541617, 9541637, 9541639",0,min,50,% lokalit v dobrém stavu,alespoň 50 % lokalit v dobrém stavu,špatný,chu,minmax,1
CZ0713374,Lampetra planeri,CELKOVE_HODNOCENI,NA,"2021, 2020, 2022, 2023, 2014, 2015","6067c, 6067d","Morava -  Chromeč, Morava - Bludov, Morava - Postřelmov, Morava - Chromeč, Morava – Bludov_Habrmanův Mlýn, Morava – Chromeč, Morava – Bludov Habrmannův mlýn, Morava - jez Bludov, Morava - Chromečský mlýn, Morava - Habrmanův mlýn (EVL Horní Morava), Morava - Bludov (EVL Horní Morava), Morava - Chromeč (EVL Horní Morava)","11675271, 11675272, 11675273, 12975931, 12975932, 13411279, 13411651, 13411652, 9145815, 9145818, 9541617, 9541637, 9541639",dobrý,NA,NA,NA,NA,dobrý,chu,NA,1
CZ0713398,Lampetra planeri,LOK_PROCDOBR,ne,2020,5770a,"Skřivánkovský potok - Zlaté Hory, Skřivánkovský potok - Zlaté hory","11264738, 12748521",,min,50,% lokalit v dobrém stavu,alespoň 50 % lokalit v dobrém stavu,špatný,chu,minmax,0
CZ0713398,Lampetra planeri,CELKOVE_HODNOCENI,NA,2020,5770a,"Skřivánkovský potok - Zlaté Hory, Skřivánkovský potok - Zlaté hory","11264738, 12748521",dobrý,NA,NA,NA,NA,dobrý,chu,NA,0
CZ0714073,Lampetra planeri,LOK_PROCDOBR,ne,"2013, 2015","6167d, 6267b, 6167b, 6267d, 6268c","Morava - Lukavice na Moravě, Morava - Háj, pr. přítok Lužního potoka - Háj, Morava - Třeština, Morava - Mohelnice, Morava - Moravičany, Morava - Doubravice nad Moravou, Moravská Sázava - Zvole u Zábřeha, Morava - Řimice, Morava - Mladeč","9005577, 9005578, 9005580, 9005582, 9006443, 9005601, 9006428, 9006436, 9006437, 9012415, 9544272, 9544273",,min,50,% lokalit v dobrém stavu,alespoň 50 % lokalit v dobrém stavu,špatný,chu,minmax,0
CZ0714073,Lampetra planeri,CELKOVE_HODNOCENI,NA,"2013, 2015","6167d, 6267b, 6167b, 6267d, 6268c","Morava - Lukavice na Moravě, Morava - Háj, pr. přítok Lužního potoka - Háj, Morava - Třeština, Morava - Mohelnice, Morava - Moravičany, Morava - Doubravice nad Moravou, Moravská Sázava - Zvole u Zábřeha, Morava - Řimice, Morava - Mladeč","9005577, 9005578, 9005580, 9005582, 9006443, 9005601, 9006428, 9006436, 9006437, 9012415, 9544272, 9544273",dobrý,NA,NA,NA,NA,dobrý,chu,NA,0
CZ0714081,Lampetra planeri,LOK_PROCDOBR,ne,"2019, 2021, 2015",5769d,"Černá Opava (druhý pramen) - Rejvíz, LP Černé Opavy - Rejvíz, NPR Rejvíz, Černá Opava-druhý pramen - Rejvíz, Černá Opava (druhý pramen) - Rejvíz","10631925, 11488508, 9409991, 9542006",,min,50,% lokalit v dobrém stavu,alespoň 50 % lokalit v dobrém stavu,špatný,chu,minmax,0
CZ0714081,Lampetra planeri,CELKOVE_HODNOCENI,NA,"2019, 2021, 2015",5769d,"Černá Opava (druhý pramen) - Rejvíz, LP Černé Opavy - Rejvíz, NPR Rejvíz, Černá Opava-druhý pramen - Rejvíz, Černá Opava (druhý pramen) - Rejvíz","10631925, 11488508, 9409991, 9542006",dobrý,NA,NA,NA,NA,dobrý,chu,NA,0
CZ0714133,Lampetra planeri,LOK_PROCDOBR,ne,"2012, 2016","6271c, 6371c, 6371a, 6271d, 6272c","Libavský potok - Libavá, Smolenský potok - Velká Střelná, Odra - Čermná u Města Libavá, Střelenský potok - Dřemovice u Města Libavá, Odra - Zigartice, Odra - Vojnovice, Odra - Podlesí, Odra - Staré Oldřůvky","8212779, 9808888, 9808890, 9808891, 9808895, 9808896, 9808899, 9808901",,min,50,% lokalit v dobrém stavu,alespoň 50 % lokalit v dobrém stavu,špatný,chu,minmax,0
CZ0714133,Lampetra planeri,CELKOVE_HODNOCENI,NA,"2012, 2016","6271c, 6371c, 6371a, 6271d, 6272c","Libavský potok - Libavá, Smolenský potok - Velká Střelná, Odra - Čermná u Města Libavá, Střelenský potok - Dřemovice u Města Libavá, Odra - Zigartice, Odra - Vojnovice, Odra - Podlesí, Odra - Staré Oldřůvky","8212779, 9808888, 9808890, 9808891, 9808895, 9808896, 9808899, 9808901",dobrý,NA,NA,NA,NA,dobrý,chu,NA,0
CZ0810004,Lampetra planeri,LOK_PROCDOBR,NA,"2017, 2013, 2014, 2015","6376d, 6376b, 6376a","Bahno, NPP Skalická Morávka, Morávka II - Raškovice_soutok s Žižkovo potokem, Morávka III - Záhoří_náhon Bahno, Morávka I - Nižní Lhoty_pravostranné rameno, Morávka - NPP Skalická Morávka 1, Skalická Morávka, Morávka - Raškovice, Skalice u Frýdku-Místku, NPP Skalická Morávka., Raškovice, NPP Skalická Morávka., Morávka_pravostranné rameno, Morávka_náhon Bahno, Morávka_pod objektem Hruška, Morávka - Na Kamenci, Morávka - Staré Město_Skotňa","10072400, 10267096, 10267104, 10267105, 8908497, 8908493, 9003484, 9056685, 9057127, 9370864, 9370865, 9370866, 9635846, 9635850",0,min,50,% lokalit v dobrém stavu,alespoň 50 % lokalit v dobrém stavu,špatný,chu,minmax,1
CZ0810004,Lampetra planeri,CELKOVE_HODNOCENI,NA,"2017, 2013, 2014, 2015","6376d, 6376b, 6376a","Bahno, NPP Skalická Morávka, Morávka II - Raškovice_soutok s Žižkovo potokem, Morávka III - Záhoří_náhon Bahno, Morávka I - Nižní Lhoty_pravostranné rameno, Morávka - NPP Skalická Morávka 1, Skalická Morávka, Morávka - Raškovice, Skalice u Frýdku-Místku, NPP Skalická Morávka., Raškovice, NPP Skalická Morávka., Morávka_pravostranné rameno, Morávka_náhon Bahno, Morávka_pod objektem Hruška, Morávka - Na Kamenci, Morávka - Staré Město_Skotňa","10072400, 10267096, 10267104, 10267105, 8908497, 8908493, 9003484, 9056685, 9057127, 9370864, 9370865, 9370866, 9635846, 9635850",dobrý,NA,NA,NA,NA,dobrý,chu,NA,1
CZ0813456,Lampetra planeri,LOK_PROCDOBR,NA,"2020, 2018, 2022, 2023, 2015","6069b, 6070a, 6070c","Moravice - Malá Štáhle_nad, Moravice – Malá Štáhle, Moravice - Velké Štáhle_soutok s Podolským p., Moravice – Velká Štáhle, Moravice - Dolní Moravice, Moravice - Velká Štáhle, Moravice - Břidličná, Moravice - Břidličná, Moravice - Břidličná_Lesy, Moravice - Malá Štáhle","12975936, 12975937, 12975938, 12975939, 12976340, 12976341, 13411336, 13411338, 13411339, 13411340, 13411655, 13411656, 13411657, 13411658, 9635748, 9635888, 9635890, 9635892",0,min,50,% lokalit v dobrém stavu,alespoň 50 % lokalit v dobrém stavu,špatný,chu,minmax,1
CZ0813456,Lampetra planeri,CELKOVE_HODNOCENI,NA,"2020, 2018, 2022, 2023, 2015","6069b, 6070a, 6070c","Moravice - Malá Štáhle_nad, Moravice – Malá Štáhle, Moravice - Velké Štáhle_soutok s Podolským p., Moravice – Velká Štáhle, Moravice - Dolní Moravice, Moravice - Velká Štáhle, Moravice - Břidličná, Moravice - Břidličná, Moravice - Břidličná_Lesy, Moravice - Malá Štáhle","12975936, 12975937, 12975938, 12975939, 12976340, 12976341, 13411336, 13411338, 13411339, 13411340, 13411655, 13411656, 13411657, 13411658, 9635748, 9635888, 9635890, 9635892",dobrý,NA,NA,NA,NA,dobrý,chu,NA,1
CZ0813462,Lampetra planeri,LOK_PROCDOBR,ne,2019,6476a,"Nová Dědina, Frýdlant nad Ostravicí - Frýdlant nad Ostravicí, levý břeh pod soutokem s Čeladénkou po profil lávky pro pěší., Ostravice, Řeka Ostravice - levý břeh u ústí Náhonu od Bártkova jezu., Ostravice - Frýdlant nad Ostravicí","10589418, 10589424, 10589462, 10589463",,min,50,% lokalit v dobrém stavu,alespoň 50 % lokalit v dobrém stavu,špatný,chu,minmax,0
CZ0813462,Lampetra planeri,CELKOVE_HODNOCENI,NA,2019,6476a,"Nová Dědina, Frýdlant nad Ostravicí - Frýdlant nad Ostravicí, levý břeh pod soutokem s Čeladénkou po profil lávky pro pěší., Ostravice, Řeka Ostravice - levý břeh u ústí Náhonu od Bártkova jezu., Ostravice - Frýdlant nad Ostravicí","10589418, 10589424, 10589462, 10589463",dobrý,NA,NA,NA,NA,dobrý,chu,NA,0
CZ0813516,Lampetra planeri,LOK_PROCDOBR,NA,"2020, 2019, 2018, 2021, 2022, 2023","6478a, 6378a, 6378c, 6478b","Olše - Návsí, Olše - Lyžbice, Olše - Karpentná|260, Olše - Bystřice - Na Pasekách|261, Olše – Harcov, Olše - Bukovec u Jablunkova, Olše - Karpentná|278, Olše - Bystřice - Na Pasekách|279, Olše - Karpentná, Olše - Bystřice - Na Pasekách, Olše – Lyžbice, Olše – Karpetná","11269969, 12976249, 12976250, 12976251, 12976252, 12976253, 12976254, 12976342, 12976347, 13410565, 13410566, 13410567, 13410568, 13410569, 13410570, 13411282, 13411284, 13411285, 13411286, 13411287, 13411288, 13411706, 13411707, 13411708, 13411709, 13411710, 13411711",0,min,50,% lokalit v dobrém stavu,alespoň 50 % lokalit v dobrém stavu,špatný,chu,minmax,1
CZ0813516,Lampetra planeri,CELKOVE_HODNOCENI,NA,"2020, 2019, 2018, 2021, 2022, 2023","6478a, 6378a, 6378c, 6478b","Olše - Návsí, Olše - Lyžbice, Olše - Karpentná|260, Olše - Bystřice - Na Pasekách|261, Olše – Harcov, Olše - Bukovec u Jablunkova, Olše - Karpentná|278, Olše - Bystřice - Na Pasekách|279, Olše - Karpentná, Olše - Bystřice - Na Pasekách, Olše – Lyžbice, Olše – Karpetná","11269969, 12976249, 12976250, 12976251, 12976252, 12976253, 12976254, 12976342, 12976347, 13410565, 13410566, 13410567, 13410568, 13410569, 13410570, 13411282, 13411284, 13411285, 13411286, 13411287, 13411288, 13411706, 13411707, 13411708, 13411709, 13411710, 13411711",dobrý,NA,NA,NA,NA,dobrý,chu,NA,1
CZ0813810,Lampetra planeri,LOK_PROCDOBR,NA,2018,6272c,Odra II - Spálovský Mlýn,12976344,0,min,50,% lokalit v dobrém stavu,alespoň 50 % lokalit v dobrém stavu,špatný,chu,minmax,1
CZ0813810,Lampetra planeri,CELKOVE_HODNOCENI,NA,2018,6272c,Odra II - Spálovský Mlýn,12976344,dobrý,NA,NA,NA,NA,dobrý,chu,NA,1
CZ0814092,Lampetra planeri,LOK_PROCDOBR,ne,2015,"6373d, 6373c, 6274d, 6373b, 6374a, 6274c, 6275c","Luha - Jeseník n. Odrou, Odra - Jeseník n. Odrou, Odra - Albrechtičky, Jíčínka - Kunín, Pustějovský potok - Butovice, Husí potok - Hladké Životice, Butovický potok - Butovice, Ondřejnice - Stará Ves n. Ondřejnicí","9544220, 9544221, 9544222, 9544223, 9544224, 9544226, 9544225, 9544227",,min,50,% lokalit v dobrém stavu,alespoň 50 % lokalit v dobrém stavu,špatný,chu,minmax,0
CZ0814092,Lampetra planeri,CELKOVE_HODNOCENI,NA,2015,"6373d, 6373c, 6274d, 6373b, 6374a, 6274c, 6275c","Luha - Jeseník n. Odrou, Odra - Jeseník n. Odrou, Odra - Albrechtičky, Jíčínka - Kunín, Pustějovský potok - Butovice, Husí potok - Hladké Životice, Butovický potok - Butovice, Ondřejnice - Stará Ves n. Ondřejnicí","9544220, 9544221, 9544222, 9544223, 9544224, 9544226, 9544225, 9544227",dobrý,NA,NA,NA,NA,dobrý,chu,NA,0
