kod_chu,DRUH,KOD_LOKAL,POLE,ROK,ID_IND,SKUPINA,NAZEV_LOK,ID_ND_AKCE,DATUM,CILMON,TYP_IND,KLIC,UROVEN,IND_GRP,JEDNOTKA,LIM_IND,LIM_INDLIST,STAV_IND,HOD_IND
CZ0210111,Pulsatilla patens,Bělá pod Bezdězem,5555a,2021,CELKOVE_HODNOCENI,Cévnaté rostliny,Bělá pod Bezdězem,11773089,2021-04-15,1,NA,NA,lok,NA,NA,NA,NA,0,špatný
CZ0210111,Pulsatilla patens,Bělá pod Bezdězem,5555a,2021,CELKOVE_SUM,Cévnaté rostliny,Bělá pod Bezdězem,11773089,2021-04-15,1,NA,NA,NA,NA,NA,,,NA,2
CZ0210111,Pulsatilla patens,Bělá pod Bezdězem,5555a,2021,POP_POCET,Cévnaté rostliny,Bělá pod Bezdězem,11773089,2021-04-15,1,min,ano,lok,minmax,trsů,70,alespoň 70 trsů,0,0
CZ0210111,Pulsatilla patens,Bělá pod Bezdězem,5555a,2021,POP_POSKPERC,Cévnaté rostliny,Bělá pod Bezdězem,11773089,2021-04-15,1,max,ne,lok,minmax,počet trsů,1,nejvýš 1 počet trsů,1,0
CZ0210111,Pulsatilla patens,Bělá pod Bezdězem,5555a,2021,POP_POSKPOC,Cévnaté rostliny,Bělá pod Bezdězem,11773089,2021-04-15,1,max,ne,lok,minmax,počet typů poškození rostlin,2,nejvýš 2 počet typů poškození rostlin,1,0
CZ0210111,Pulsatilla patens,Bělá pod Bezdězem,5555a,2021,POP_TREND,Cévnaté rostliny,Bělá pod Bezdězem,11773089,2021-04-15,1,max,ano,lok,minmax,posledních dvou let s menším počtem jedinců než je referenční hodnota,1,nejvýš 1 posledních dvou let s menším počtem jedinců než je referenční hodnota,0,2
CZ0210111,Pulsatilla patens,Bělá pod Bezdězem,5555a,2021,POP_VITAL,Cévnaté rostliny,Bělá pod Bezdězem,11773089,2021-04-15,1,min,ano,lok,minmax,% počtu trsů,30,alespoň 30 % počtu trsů,NA,neznámý
CZ0210111,Pulsatilla patens,Bělá pod Bezdězem,5555a,2021,STA_POKRDREV,Cévnaté rostliny,Bělá pod Bezdězem,11773089,2021-04-15,1,val,ne,lok,val,NA,0,"0, do 5 %, 5-25 %",NA,neznámý
CZ0210111,Pulsatilla patens,Bělá pod Bezdězem,5555a,2021,STA_POKRSTAR,Cévnaté rostliny,Bělá pod Bezdězem,11773089,2021-04-15,1,val,ne,lok,val,NA,0,"0, do 5 %, 5-25 %",NA,neznámý
CZ0210111,Pulsatilla patens,Bělá pod Bezdězem,5555a,2021,STA_POKRYVNOSTEXPANZNI,Cévnaté rostliny,Bělá pod Bezdězem,11773089,2021-04-15,1,val,ne,lok,val,NA,0,"0, do 5 %, 5-25 %",NA,neznámý
CZ0210111,Pulsatilla patens,Bělá pod Bezdězem,5555a,2021,STA_POKRYVNOSTINVAZNI,Cévnaté rostliny,Bělá pod Bezdězem,11773089,2021-04-15,1,val,ne,lok,val,NA,0,"0, do 5 %",NA,neznámý
CZ0210111,Pulsatilla patens,"PP Paterovské stráně, bor při zatáčce silnice do Hrdlořez",5555a,2018,CELKOVE_HODNOCENI,Cévnaté rostliny,"PP Paterovské stráně, bor při zatáčce silnice do Hrdlořez",10447875,2018-04-27,0,NA,NA,lok,NA,NA,NA,NA,0,špatný
CZ0210111,Pulsatilla patens,"PP Paterovské stráně, bor při zatáčce silnice do Hrdlořez",5555a,2018,CELKOVE_SUM,Cévnaté rostliny,"PP Paterovské stráně, bor při zatáčce silnice do Hrdlořez",10447875,2018-04-27,0,NA,NA,NA,NA,NA,,,NA,3
CZ0210111,Pulsatilla patens,"PP Paterovské stráně, bor při zatáčce silnice do Hrdlořez",5555a,2018,POP_POCET,Cévnaté rostliny,"PP Paterovské stráně, bor při zatáčce silnice do Hrdlořez",10447875,2018-04-27,0,min,ano,lok,minmax,trsů,70,alespoň 70 trsů,0,0
CZ0210111,Pulsatilla patens,"PP Paterovské stráně, bor při zatáčce silnice do Hrdlořez",5555a,2018,POP_POSKPERC,Cévnaté rostliny,"PP Paterovské stráně, bor při zatáčce silnice do Hrdlořez",10447875,2018-04-27,0,max,ne,lok,minmax,počet trsů,1,nejvýš 1 počet trsů,1,0
CZ0210111,Pulsatilla patens,"PP Paterovské stráně, bor při zatáčce silnice do Hrdlořez",5555a,2018,POP_POSKPOC,Cévnaté rostliny,"PP Paterovské stráně, bor při zatáčce silnice do Hrdlořez",10447875,2018-04-27,0,max,ne,lok,minmax,počet typů poškození rostlin,2,nejvýš 2 počet typů poškození rostlin,1,0
CZ0210111,Pulsatilla patens,"PP Paterovské stráně, bor při zatáčce silnice do Hrdlořez",5555a,2018,POP_TREND,Cévnaté rostliny,"PP Paterovské stráně, bor při zatáčce silnice do Hrdlořez",10447875,2018-04-27,0,max,ano,lok,minmax,posledních dvou let s menším počtem jedinců než je referenční hodnota,1,nejvýš 1 posledních dvou let s menším počtem jedinců než je referenční hodnota,1,0
CZ0210111,Pulsatilla patens,"PP Paterovské stráně, bor při zatáčce silnice do Hrdlořez",5555a,2018,POP_VITAL,Cévnaté rostliny,"PP Paterovské stráně, bor při zatáčce silnice do Hrdlořez",10447875,2018-04-27,0,min,ano,lok,minmax,% počtu trsů,30,alespoň 30 % počtu trsů,NA,neznámý
CZ0210111,Pulsatilla patens,"PP Paterovské stráně, bor při zatáčce silnice do Hrdlořez",5555a,2018,STA_POKRDREV,Cévnaté rostliny,"PP Paterovské stráně, bor při zatáčce silnice do Hrdlořez",10447875,2018-04-27,0,val,ne,lok,val,NA,0,"0, do 5 %, 5-25 %",NA,neznámý
CZ0210111,Pulsatilla patens,"PP Paterovské stráně, bor při zatáčce silnice do Hrdlořez",5555a,2018,STA_POKRSTAR,Cévnaté rostliny,"PP Paterovské stráně, bor při zatáčce silnice do Hrdlořez",10447875,2018-04-27,0,val,ne,lok,val,NA,0,"0, do 5 %, 5-25 %",NA,neznámý
CZ0210111,Pulsatilla patens,"PP Paterovské stráně, bor při zatáčce silnice do Hrdlořez",5555a,2018,STA_POKRYVNOSTEXPANZNI,Cévnaté rostliny,"PP Paterovské stráně, bor při zatáčce silnice do Hrdlořez",10447875,2018-04-27,0,val,ne,lok,val,NA,0,"0, do 5 %, 5-25 %",NA,neznámý
CZ0210111,Pulsatilla patens,"PP Paterovské stráně, bor při zatáčce silnice do Hrdlořez",5555a,2018,STA_POKRYVNOSTINVAZNI,Cévnaté rostliny,"PP Paterovské stráně, bor při zatáčce silnice do Hrdlořez",10447875,2018-04-27,0,val,ne,lok,val,NA,0,"0, do 5 %",NA,neznámý
CZ0210111,Pulsatilla patens,Ppat020,5555a,2024,CELKOVE_HODNOCENI,Cévnaté rostliny,Bělá pod Bezdězem,13029321,2024-04-04,1,NA,NA,lok,NA,NA,NA,NA,0,špatný
CZ0210111,Pulsatilla patens,Ppat020,5555a,2024,CELKOVE_SUM,Cévnaté rostliny,Bělá pod Bezdězem,13029321,2024-04-04,1,NA,NA,NA,NA,NA,,,NA,5
CZ0210111,Pulsatilla patens,Ppat020,5555a,2024,POP_POCET,Cévnaté rostliny,Bělá pod Bezdězem,13029321,2024-04-04,1,min,ano,lok,minmax,trsů,70,alespoň 70 trsů,0,12
CZ0210111,Pulsatilla patens,Ppat020,5555a,2024,POP_POSKPERC,Cévnaté rostliny,Bělá pod Bezdězem,13029321,2024-04-04,1,max,ne,lok,minmax,počet trsů,1,nejvýš 1 počet trsů,1,0
CZ0210111,Pulsatilla patens,Ppat020,5555a,2024,POP_POSKPOC,Cévnaté rostliny,Bělá pod Bezdězem,13029321,2024-04-04,1,max,ne,lok,minmax,počet typů poškození rostlin,2,nejvýš 2 počet typů poškození rostlin,1,0
CZ0210111,Pulsatilla patens,Ppat020,5555a,2024,POP_TREND,Cévnaté rostliny,Bělá pod Bezdězem,13029321,2024-04-04,1,max,ano,lok,minmax,posledních dvou let s menším počtem jedinců než je referenční hodnota,1,nejvýš 1 posledních dvou let s menším počtem jedinců než je referenční hodnota,0,2
CZ0210111,Pulsatilla patens,Ppat020,5555a,2024,POP_VITAL,Cévnaté rostliny,Bělá pod Bezdězem,13029321,2024-04-04,1,min,ano,lok,minmax,% počtu trsů,30,alespoň 30 % počtu trsů,1,58.3333333333333
CZ0210111,Pulsatilla patens,Ppat020,5555a,2024,STA_POKRDREV,Cévnaté rostliny,Bělá pod Bezdězem,13029321,2024-04-04,1,val,ne,lok,val,NA,0,"0, do 5 %, 5-25 %",0,50-75 %
CZ0210111,Pulsatilla patens,Ppat020,5555a,2024,STA_POKRSTAR,Cévnaté rostliny,Bělá pod Bezdězem,13029321,2024-04-04,1,val,ne,lok,val,NA,0,"0, do 5 %, 5-25 %",0,25-50 %
CZ0210111,Pulsatilla patens,Ppat020,5555a,2024,STA_POKRYVNOSTEXPANZNI,Cévnaté rostliny,Bělá pod Bezdězem,13029321,2024-04-04,1,val,ne,lok,val,NA,0,"0, do 5 %, 5-25 %",1,5-25 %
CZ0210111,Pulsatilla patens,Ppat020,5555a,2024,STA_POKRYVNOSTINVAZNI,Cévnaté rostliny,Bělá pod Bezdězem,13029321,2024-04-04,1,val,ne,lok,val,NA,0,"0, do 5 %",1,0
CZ0414127,Pulsatilla patens,32070178,5645c,2022,CELKOVE_HODNOCENI,Cévnaté rostliny,Žďár u Hradiště_32070178,12675506,2022-06-28,0,NA,NA,lok,NA,NA,NA,NA,0,špatný
CZ0414127,Pulsatilla patens,32070178,5645c,2022,CELKOVE_SUM,Cévnaté rostliny,Žďár u Hradiště_32070178,12675506,2022-06-28,0,NA,NA,NA,NA,NA,,,NA,3
CZ0414127,Pulsatilla patens,32070178,5645c,2022,POP_POCET,Cévnaté rostliny,Žďár u Hradiště_32070178,12675506,2022-06-28,0,min,ano,lok,minmax,trsů,70,alespoň 70 trsů,0,0
CZ0414127,Pulsatilla patens,32070178,5645c,2022,POP_POSKPERC,Cévnaté rostliny,Žďár u Hradiště_32070178,12675506,2022-06-28,0,max,ne,lok,minmax,počet trsů,1,nejvýš 1 počet trsů,1,0
CZ0414127,Pulsatilla patens,32070178,5645c,2022,POP_POSKPOC,Cévnaté rostliny,Žďár u Hradiště_32070178,12675506,2022-06-28,0,max,ne,lok,minmax,počet typů poškození rostlin,2,nejvýš 2 počet typů poškození rostlin,1,0
CZ0414127,Pulsatilla patens,32070178,5645c,2022,POP_TREND,Cévnaté rostliny,Žďár u Hradiště_32070178,12675506,2022-06-28,0,max,ano,lok,minmax,posledních dvou let s menším počtem jedinců než je referenční hodnota,1,nejvýš 1 posledních dvou let s menším počtem jedinců než je referenční hodnota,1,0
CZ0414127,Pulsatilla patens,32070178,5645c,2022,POP_VITAL,Cévnaté rostliny,Žďár u Hradiště_32070178,12675506,2022-06-28,0,min,ano,lok,minmax,% počtu trsů,30,alespoň 30 % počtu trsů,NA,neznámý
CZ0414127,Pulsatilla patens,32070178,5645c,2022,STA_POKRDREV,Cévnaté rostliny,Žďár u Hradiště_32070178,12675506,2022-06-28,0,val,ne,lok,val,NA,0,"0, do 5 %, 5-25 %",NA,neznámý
CZ0414127,Pulsatilla patens,32070178,5645c,2022,STA_POKRSTAR,Cévnaté rostliny,Žďár u Hradiště_32070178,12675506,2022-06-28,0,val,ne,lok,val,NA,0,"0, do 5 %, 5-25 %",NA,neznámý
CZ0414127,Pulsatilla patens,32070178,5645c,2022,STA_POKRYVNOSTEXPANZNI,Cévnaté rostliny,Žďár u Hradiště_32070178,12675506,2022-06-28,0,val,ne,lok,val,NA,0,"0, do 5 %, 5-25 %",NA,neznámý
CZ0414127,Pulsatilla patens,32070178,5645c,2022,STA_POKRYVNOSTINVAZNI,Cévnaté rostliny,Žďár u Hradiště_32070178,12675506,2022-06-28,0,val,ne,lok,val,NA,0,"0, do 5 %",NA,neznámý
CZ0414127,Pulsatilla patens,32070201,5645c,2022,CELKOVE_HODNOCENI,Cévnaté rostliny,Žďár u Hradiště_32070201,12675574,2022-06-23,0,NA,NA,lok,NA,NA,NA,NA,0,špatný
CZ0414127,Pulsatilla patens,32070201,5645c,2022,CELKOVE_SUM,Cévnaté rostliny,Žďár u Hradiště_32070201,12675574,2022-06-23,0,NA,NA,NA,NA,NA,,,NA,3
CZ0414127,Pulsatilla patens,32070201,5645c,2022,POP_POCET,Cévnaté rostliny,Žďár u Hradiště_32070201,12675574,2022-06-23,0,min,ano,lok,minmax,trsů,70,alespoň 70 trsů,0,0
CZ0414127,Pulsatilla patens,32070201,5645c,2022,POP_POSKPERC,Cévnaté rostliny,Žďár u Hradiště_32070201,12675574,2022-06-23,0,max,ne,lok,minmax,počet trsů,1,nejvýš 1 počet trsů,1,0
CZ0414127,Pulsatilla patens,32070201,5645c,2022,POP_POSKPOC,Cévnaté rostliny,Žďár u Hradiště_32070201,12675574,2022-06-23,0,max,ne,lok,minmax,počet typů poškození rostlin,2,nejvýš 2 počet typů poškození rostlin,1,0
CZ0414127,Pulsatilla patens,32070201,5645c,2022,POP_TREND,Cévnaté rostliny,Žďár u Hradiště_32070201,12675574,2022-06-23,0,max,ano,lok,minmax,posledních dvou let s menším počtem jedinců než je referenční hodnota,1,nejvýš 1 posledních dvou let s menším počtem jedinců než je referenční hodnota,1,0
CZ0414127,Pulsatilla patens,32070201,5645c,2022,POP_VITAL,Cévnaté rostliny,Žďár u Hradiště_32070201,12675574,2022-06-23,0,min,ano,lok,minmax,% počtu trsů,30,alespoň 30 % počtu trsů,NA,neznámý
CZ0414127,Pulsatilla patens,32070201,5645c,2022,STA_POKRDREV,Cévnaté rostliny,Žďár u Hradiště_32070201,12675574,2022-06-23,0,val,ne,lok,val,NA,0,"0, do 5 %, 5-25 %",NA,neznámý
CZ0414127,Pulsatilla patens,32070201,5645c,2022,STA_POKRSTAR,Cévnaté rostliny,Žďár u Hradiště_32070201,12675574,2022-06-23,0,val,ne,lok,val,NA,0,"0, do 5 %, 5-25 %",NA,neznámý
CZ0414127,Pulsatilla patens,32070201,5645c,2022,STA_POKRYVNOSTEXPANZNI,Cévnaté rostliny,Žďár u Hradiště_32070201,12675574,2022-06-23,0,val,ne,lok,val,NA,0,"0, do 5 %, 5-25 %",NA,neznámý
CZ0414127,Pulsatilla patens,32070201,5645c,2022,STA_POKRYVNOSTINVAZNI,Cévnaté rostliny,Žďár u Hradiště_32070201,12675574,2022-06-23,0,val,ne,lok,val,NA,0,"0, do 5 %",NA,neznámý
CZ0414127,Pulsatilla patens,32070247,5645c,2022,CELKOVE_HODNOCENI,Cévnaté rostliny,Žďár u Hradiště_32070247,12675578,2022-06-28,0,NA,NA,lok,NA,NA,NA,NA,0,špatný
CZ0414127,Pulsatilla patens,32070247,5645c,2022,CELKOVE_SUM,Cévnaté rostliny,Žďár u Hradiště_32070247,12675578,2022-06-28,0,NA,NA,NA,NA,NA,,,NA,3
CZ0414127,Pulsatilla patens,32070247,5645c,2022,POP_POCET,Cévnaté rostliny,Žďár u Hradiště_32070247,12675578,2022-06-28,0,min,ano,lok,minmax,trsů,70,alespoň 70 trsů,0,0
CZ0414127,Pulsatilla patens,32070247,5645c,2022,POP_POSKPERC,Cévnaté rostliny,Žďár u Hradiště_32070247,12675578,2022-06-28,0,max,ne,lok,minmax,počet trsů,1,nejvýš 1 počet trsů,1,0
CZ0414127,Pulsatilla patens,32070247,5645c,2022,POP_POSKPOC,Cévnaté rostliny,Žďár u Hradiště_32070247,12675578,2022-06-28,0,max,ne,lok,minmax,počet typů poškození rostlin,2,nejvýš 2 počet typů poškození rostlin,1,0
CZ0414127,Pulsatilla patens,32070247,5645c,2022,POP_TREND,Cévnaté rostliny,Žďár u Hradiště_32070247,12675578,2022-06-28,0,max,ano,lok,minmax,posledních dvou let s menším počtem jedinců než je referenční hodnota,1,nejvýš 1 posledních dvou let s menším počtem jedinců než je referenční hodnota,1,0
CZ0414127,Pulsatilla patens,32070247,5645c,2022,POP_VITAL,Cévnaté rostliny,Žďár u Hradiště_32070247,12675578,2022-06-28,0,min,ano,lok,minmax,% počtu trsů,30,alespoň 30 % počtu trsů,NA,neznámý
CZ0414127,Pulsatilla patens,32070247,5645c,2022,STA_POKRDREV,Cévnaté rostliny,Žďár u Hradiště_32070247,12675578,2022-06-28,0,val,ne,lok,val,NA,0,"0, do 5 %, 5-25 %",NA,neznámý
CZ0414127,Pulsatilla patens,32070247,5645c,2022,STA_POKRSTAR,Cévnaté rostliny,Žďár u Hradiště_32070247,12675578,2022-06-28,0,val,ne,lok,val,NA,0,"0, do 5 %, 5-25 %",NA,neznámý
CZ0414127,Pulsatilla patens,32070247,5645c,2022,STA_POKRYVNOSTEXPANZNI,Cévnaté rostliny,Žďár u Hradiště_32070247,12675578,2022-06-28,0,val,ne,lok,val,NA,0,"0, do 5 %, 5-25 %",NA,neznámý
CZ0414127,Pulsatilla patens,32070247,5645c,2022,STA_POKRYVNOSTINVAZNI,Cévnaté rostliny,Žďár u Hradiště_32070247,12675578,2022-06-28,0,val,ne,lok,val,NA,0,"0, do 5 %",NA,neznámý
CZ0414127,Pulsatilla patens,32070249,5645c,2022,CELKOVE_HODNOCENI,Cévnaté rostliny,Žďár u Hradiště_32070249,12675867,2022-06-23,0,NA,NA,lok,NA,NA,NA,NA,0,špatný
CZ0414127,Pulsatilla patens,32070249,5645c,2022,CELKOVE_SUM,Cévnaté rostliny,Žďár u Hradiště_32070249,12675867,2022-06-23,0,NA,NA,NA,NA,NA,,,NA,3
CZ0414127,Pulsatilla patens,32070249,5645c,2022,POP_POCET,Cévnaté rostliny,Žďár u Hradiště_32070249,12675867,2022-06-23,0,min,ano,lok,minmax,trsů,70,alespoň 70 trsů,0,0
CZ0414127,Pulsatilla patens,32070249,5645c,2022,POP_POSKPERC,Cévnaté rostliny,Žďár u Hradiště_32070249,12675867,2022-06-23,0,max,ne,lok,minmax,počet trsů,1,nejvýš 1 počet trsů,1,0
CZ0414127,Pulsatilla patens,32070249,5645c,2022,POP_POSKPOC,Cévnaté rostliny,Žďár u Hradiště_32070249,12675867,2022-06-23,0,max,ne,lok,minmax,počet typů poškození rostlin,2,nejvýš 2 počet typů poškození rostlin,1,0
CZ0414127,Pulsatilla patens,32070249,5645c,2022,POP_TREND,Cévnaté rostliny,Žďár u Hradiště_32070249,12675867,2022-06-23,0,max,ano,lok,minmax,posledních dvou let s menším počtem jedinců než je referenční hodnota,1,nejvýš 1 posledních dvou let s menším počtem jedinců než je referenční hodnota,1,0
CZ0414127,Pulsatilla patens,32070249,5645c,2022,POP_VITAL,Cévnaté rostliny,Žďár u Hradiště_32070249,12675867,2022-06-23,0,min,ano,lok,minmax,% počtu trsů,30,alespoň 30 % počtu trsů,NA,neznámý
CZ0414127,Pulsatilla patens,32070249,5645c,2022,STA_POKRDREV,Cévnaté rostliny,Žďár u Hradiště_32070249,12675867,2022-06-23,0,val,ne,lok,val,NA,0,"0, do 5 %, 5-25 %",NA,neznámý
CZ0414127,Pulsatilla patens,32070249,5645c,2022,STA_POKRSTAR,Cévnaté rostliny,Žďár u Hradiště_32070249,12675867,2022-06-23,0,val,ne,lok,val,NA,0,"0, do 5 %, 5-25 %",NA,neznámý
CZ0414127,Pulsatilla patens,32070249,5645c,2022,STA_POKRYVNOSTEXPANZNI,Cévnaté rostliny,Žďár u Hradiště_32070249,12675867,2022-06-23,0,val,ne,lok,val,NA,0,"0, do 5 %, 5-25 %",NA,neznámý
CZ0414127,Pulsatilla patens,32070249,5645c,2022,STA_POKRYVNOSTINVAZNI,Cévnaté rostliny,Žďár u Hradiště_32070249,12675867,2022-06-23,0,val,ne,lok,val,NA,0,"0, do 5 %",NA,neznámý
CZ0414127,Pulsatilla patens,Dubina - západ,5645c,2020,CELKOVE_HODNOCENI,Cévnaté rostliny,Dubina - západ,11080663,2020-04-23,0,NA,NA,lok,NA,NA,NA,NA,0,špatný
CZ0414127,Pulsatilla patens,Dubina - západ,5645c,2020,CELKOVE_SUM,Cévnaté rostliny,Dubina - západ,11080663,2020-04-23,0,NA,NA,NA,NA,NA,,,NA,3
CZ0414127,Pulsatilla patens,Dubina - západ,5645c,2020,POP_POCET,Cévnaté rostliny,Dubina - západ,11080663,2020-04-23,0,min,ano,lok,minmax,trsů,70,alespoň 70 trsů,0,0
CZ0414127,Pulsatilla patens,Dubina - západ,5645c,2020,POP_POSKPERC,Cévnaté rostliny,Dubina - západ,11080663,2020-04-23,0,max,ne,lok,minmax,počet trsů,1,nejvýš 1 počet trsů,1,0
CZ0414127,Pulsatilla patens,Dubina - západ,5645c,2020,POP_POSKPOC,Cévnaté rostliny,Dubina - západ,11080663,2020-04-23,0,max,ne,lok,minmax,počet typů poškození rostlin,2,nejvýš 2 počet typů poškození rostlin,1,0
CZ0414127,Pulsatilla patens,Dubina - západ,5645c,2020,POP_TREND,Cévnaté rostliny,Dubina - západ,11080663,2020-04-23,0,max,ano,lok,minmax,posledních dvou let s menším počtem jedinců než je referenční hodnota,1,nejvýš 1 posledních dvou let s menším počtem jedinců než je referenční hodnota,1,0
CZ0414127,Pulsatilla patens,Dubina - západ,5645c,2020,POP_VITAL,Cévnaté rostliny,Dubina - západ,11080663,2020-04-23,0,min,ano,lok,minmax,% počtu trsů,30,alespoň 30 % počtu trsů,NA,neznámý
CZ0414127,Pulsatilla patens,Dubina - západ,5645c,2020,STA_POKRDREV,Cévnaté rostliny,Dubina - západ,11080663,2020-04-23,0,val,ne,lok,val,NA,0,"0, do 5 %, 5-25 %",NA,neznámý
CZ0414127,Pulsatilla patens,Dubina - západ,5645c,2020,STA_POKRSTAR,Cévnaté rostliny,Dubina - západ,11080663,2020-04-23,0,val,ne,lok,val,NA,0,"0, do 5 %, 5-25 %",NA,neznámý
CZ0414127,Pulsatilla patens,Dubina - západ,5645c,2020,STA_POKRYVNOSTEXPANZNI,Cévnaté rostliny,Dubina - západ,11080663,2020-04-23,0,val,ne,lok,val,NA,0,"0, do 5 %, 5-25 %",NA,neznámý
CZ0414127,Pulsatilla patens,Dubina - západ,5645c,2020,STA_POKRYVNOSTINVAZNI,Cévnaté rostliny,Dubina - západ,11080663,2020-04-23,0,val,ne,lok,val,NA,0,"0, do 5 %",NA,neznámý
CZ0414127,Pulsatilla patens,Dubový vrch 4,5645c,2022,CELKOVE_HODNOCENI,Cévnaté rostliny,Dubový vrch 4,12988758,2022-04-21,1,NA,NA,lok,NA,NA,NA,NA,0,špatný
CZ0414127,Pulsatilla patens,Dubový vrch 4,5645c,2022,CELKOVE_SUM,Cévnaté rostliny,Dubový vrch 4,12988758,2022-04-21,1,NA,NA,NA,NA,NA,,,NA,2
CZ0414127,Pulsatilla patens,Dubový vrch 4,5645c,2022,POP_POCET,Cévnaté rostliny,Dubový vrch 4,12988758,2022-04-21,1,min,ano,lok,minmax,trsů,70,alespoň 70 trsů,0,0
CZ0414127,Pulsatilla patens,Dubový vrch 4,5645c,2022,POP_POSKPERC,Cévnaté rostliny,Dubový vrch 4,12988758,2022-04-21,1,max,ne,lok,minmax,počet trsů,1,nejvýš 1 počet trsů,1,0
CZ0414127,Pulsatilla patens,Dubový vrch 4,5645c,2022,POP_POSKPOC,Cévnaté rostliny,Dubový vrch 4,12988758,2022-04-21,1,max,ne,lok,minmax,počet typů poškození rostlin,2,nejvýš 2 počet typů poškození rostlin,1,0
CZ0414127,Pulsatilla patens,Dubový vrch 4,5645c,2022,POP_TREND,Cévnaté rostliny,Dubový vrch 4,12988758,2022-04-21,1,max,ano,lok,minmax,posledních dvou let s menším počtem jedinců než je referenční hodnota,1,nejvýš 1 posledních dvou let s menším počtem jedinců než je referenční hodnota,0,2
CZ0414127,Pulsatilla patens,Dubový vrch 4,5645c,2022,POP_VITAL,Cévnaté rostliny,Dubový vrch 4,12988758,2022-04-21,1,min,ano,lok,minmax,% počtu trsů,30,alespoň 30 % počtu trsů,NA,neznámý
CZ0414127,Pulsatilla patens,Dubový vrch 4,5645c,2022,STA_POKRDREV,Cévnaté rostliny,Dubový vrch 4,12988758,2022-04-21,1,val,ne,lok,val,NA,0,"0, do 5 %, 5-25 %",NA,neznámý
CZ0414127,Pulsatilla patens,Dubový vrch 4,5645c,2022,STA_POKRSTAR,Cévnaté rostliny,Dubový vrch 4,12988758,2022-04-21,1,val,ne,lok,val,NA,0,"0, do 5 %, 5-25 %",NA,neznámý
CZ0414127,Pulsatilla patens,Dubový vrch 4,5645c,2022,STA_POKRYVNOSTEXPANZNI,Cévnaté rostliny,Dubový vrch 4,12988758,2022-04-21,1,val,ne,lok,val,NA,0,"0, do 5 %, 5-25 %",NA,neznámý
CZ0414127,Pulsatilla patens,Dubový vrch 4,5645c,2022,STA_POKRYVNOSTINVAZNI,Cévnaté rostliny,Dubový vrch 4,12988758,2022-04-21,1,val,ne,lok,val,NA,0,"0, do 5 %",NA,neznámý
CZ0414127,Pulsatilla patens,Havraň,5644d,2022,CELKOVE_HODNOCENI,Cévnaté rostliny,Havraň,"11777916, 12988769",2022-04-29,1,NA,NA,lok,NA,NA,NA,NA,0,špatný
CZ0414127,Pulsatilla patens,Havraň,5644d,2022,CELKOVE_SUM,Cévnaté rostliny,Havraň,"11777916, 12988769",2022-04-29,1,NA,NA,NA,NA,NA,,,NA,2
CZ0414127,Pulsatilla patens,Havraň,5644d,2022,POP_POCET,Cévnaté rostliny,Havraň,"11777916, 12988769",2022-04-29,1,min,ano,lok,minmax,trsů,70,alespoň 70 trsů,0,0
CZ0414127,Pulsatilla patens,Havraň,5644d,2022,POP_POSKPERC,Cévnaté rostliny,Havraň,"11777916, 12988769",2022-04-29,1,max,ne,lok,minmax,počet trsů,1,nejvýš 1 počet trsů,1,0
CZ0414127,Pulsatilla patens,Havraň,5644d,2022,POP_POSKPOC,Cévnaté rostliny,Havraň,"11777916, 12988769",2022-04-29,1,max,ne,lok,minmax,počet typů poškození rostlin,2,nejvýš 2 počet typů poškození rostlin,1,0
CZ0414127,Pulsatilla patens,Havraň,5644d,2022,POP_TREND,Cévnaté rostliny,Havraň,"11777916, 12988769",2022-04-29,1,max,ano,lok,minmax,posledních dvou let s menším počtem jedinců než je referenční hodnota,1,nejvýš 1 posledních dvou let s menším počtem jedinců než je referenční hodnota,0,2
CZ0414127,Pulsatilla patens,Havraň,5644d,2022,POP_VITAL,Cévnaté rostliny,Havraň,"11777916, 12988769",2022-04-29,1,min,ano,lok,minmax,% počtu trsů,30,alespoň 30 % počtu trsů,NA,neznámý
CZ0414127,Pulsatilla patens,Havraň,5644d,2022,STA_POKRDREV,Cévnaté rostliny,Havraň,"11777916, 12988769",2022-04-29,1,val,ne,lok,val,NA,0,"0, do 5 %, 5-25 %",NA,neznámý
CZ0414127,Pulsatilla patens,Havraň,5644d,2022,STA_POKRSTAR,Cévnaté rostliny,Havraň,"11777916, 12988769",2022-04-29,1,val,ne,lok,val,NA,0,"0, do 5 %, 5-25 %",NA,neznámý
CZ0414127,Pulsatilla patens,Havraň,5644d,2022,STA_POKRYVNOSTEXPANZNI,Cévnaté rostliny,Havraň,"11777916, 12988769",2022-04-29,1,val,ne,lok,val,NA,0,"0, do 5 %, 5-25 %",NA,neznámý
CZ0414127,Pulsatilla patens,Havraň,5644d,2022,STA_POKRYVNOSTINVAZNI,Cévnaté rostliny,Havraň,"11777916, 12988769",2022-04-29,1,val,ne,lok,val,NA,0,"0, do 5 %",NA,neznámý
CZ0414127,Pulsatilla patens,Humnický vrch,5644d,2022,CELKOVE_HODNOCENI,Cévnaté rostliny,Humnický vrch,"11777135, 12988736",2022-04-29,1,NA,NA,lok,NA,NA,NA,NA,0,špatný
CZ0414127,Pulsatilla patens,Humnický vrch,5644d,2022,CELKOVE_SUM,Cévnaté rostliny,Humnický vrch,"11777135, 12988736",2022-04-29,1,NA,NA,NA,NA,NA,,,NA,2
CZ0414127,Pulsatilla patens,Humnický vrch,5644d,2022,POP_POCET,Cévnaté rostliny,Humnický vrch,"11777135, 12988736",2022-04-29,1,min,ano,lok,minmax,trsů,70,alespoň 70 trsů,0,0
CZ0414127,Pulsatilla patens,Humnický vrch,5644d,2022,POP_POSKPERC,Cévnaté rostliny,Humnický vrch,"11777135, 12988736",2022-04-29,1,max,ne,lok,minmax,počet trsů,1,nejvýš 1 počet trsů,1,0
CZ0414127,Pulsatilla patens,Humnický vrch,5644d,2022,POP_POSKPOC,Cévnaté rostliny,Humnický vrch,"11777135, 12988736",2022-04-29,1,max,ne,lok,minmax,počet typů poškození rostlin,2,nejvýš 2 počet typů poškození rostlin,1,0
CZ0414127,Pulsatilla patens,Humnický vrch,5644d,2022,POP_TREND,Cévnaté rostliny,Humnický vrch,"11777135, 12988736",2022-04-29,1,max,ano,lok,minmax,posledních dvou let s menším počtem jedinců než je referenční hodnota,1,nejvýš 1 posledních dvou let s menším počtem jedinců než je referenční hodnota,0,2
CZ0414127,Pulsatilla patens,Humnický vrch,5644d,2022,POP_VITAL,Cévnaté rostliny,Humnický vrch,"11777135, 12988736",2022-04-29,1,min,ano,lok,minmax,% počtu trsů,30,alespoň 30 % počtu trsů,NA,neznámý
CZ0414127,Pulsatilla patens,Humnický vrch,5644d,2022,STA_POKRDREV,Cévnaté rostliny,Humnický vrch,"11777135, 12988736",2022-04-29,1,val,ne,lok,val,NA,0,"0, do 5 %, 5-25 %",NA,neznámý
CZ0414127,Pulsatilla patens,Humnický vrch,5644d,2022,STA_POKRSTAR,Cévnaté rostliny,Humnický vrch,"11777135, 12988736",2022-04-29,1,val,ne,lok,val,NA,0,"0, do 5 %, 5-25 %",NA,neznámý
CZ0414127,Pulsatilla patens,Humnický vrch,5644d,2022,STA_POKRYVNOSTEXPANZNI,Cévnaté rostliny,Humnický vrch,"11777135, 12988736",2022-04-29,1,val,ne,lok,val,NA,0,"0, do 5 %, 5-25 %",NA,neznámý
CZ0414127,Pulsatilla patens,Humnický vrch,5644d,2022,STA_POKRYVNOSTINVAZNI,Cévnaté rostliny,Humnický vrch,"11777135, 12988736",2022-04-29,1,val,ne,lok,val,NA,0,"0, do 5 %",NA,neznámý
CZ0414127,Pulsatilla patens,Jindřichov 1,5645c,2022,CELKOVE_HODNOCENI,Cévnaté rostliny,Jindřichov 1,12988784,2022-04-23,1,NA,NA,lok,NA,NA,NA,NA,0,špatný
CZ0414127,Pulsatilla patens,Jindřichov 1,5645c,2022,CELKOVE_SUM,Cévnaté rostliny,Jindřichov 1,12988784,2022-04-23,1,NA,NA,NA,NA,NA,,,NA,2
CZ0414127,Pulsatilla patens,Jindřichov 1,5645c,2022,POP_POCET,Cévnaté rostliny,Jindřichov 1,12988784,2022-04-23,1,min,ano,lok,minmax,trsů,70,alespoň 70 trsů,0,0
CZ0414127,Pulsatilla patens,Jindřichov 1,5645c,2022,POP_POSKPERC,Cévnaté rostliny,Jindřichov 1,12988784,2022-04-23,1,max,ne,lok,minmax,počet trsů,1,nejvýš 1 počet trsů,1,0
CZ0414127,Pulsatilla patens,Jindřichov 1,5645c,2022,POP_POSKPOC,Cévnaté rostliny,Jindřichov 1,12988784,2022-04-23,1,max,ne,lok,minmax,počet typů poškození rostlin,2,nejvýš 2 počet typů poškození rostlin,1,0
CZ0414127,Pulsatilla patens,Jindřichov 1,5645c,2022,POP_TREND,Cévnaté rostliny,Jindřichov 1,12988784,2022-04-23,1,max,ano,lok,minmax,posledních dvou let s menším počtem jedinců než je referenční hodnota,1,nejvýš 1 posledních dvou let s menším počtem jedinců než je referenční hodnota,0,2
CZ0414127,Pulsatilla patens,Jindřichov 1,5645c,2022,POP_VITAL,Cévnaté rostliny,Jindřichov 1,12988784,2022-04-23,1,min,ano,lok,minmax,% počtu trsů,30,alespoň 30 % počtu trsů,NA,neznámý
CZ0414127,Pulsatilla patens,Jindřichov 1,5645c,2022,STA_POKRDREV,Cévnaté rostliny,Jindřichov 1,12988784,2022-04-23,1,val,ne,lok,val,NA,0,"0, do 5 %, 5-25 %",NA,neznámý
CZ0414127,Pulsatilla patens,Jindřichov 1,5645c,2022,STA_POKRSTAR,Cévnaté rostliny,Jindřichov 1,12988784,2022-04-23,1,val,ne,lok,val,NA,0,"0, do 5 %, 5-25 %",NA,neznámý
CZ0414127,Pulsatilla patens,Jindřichov 1,5645c,2022,STA_POKRYVNOSTEXPANZNI,Cévnaté rostliny,Jindřichov 1,12988784,2022-04-23,1,val,ne,lok,val,NA,0,"0, do 5 %, 5-25 %",NA,neznámý
CZ0414127,Pulsatilla patens,Jindřichov 1,5645c,2022,STA_POKRYVNOSTINVAZNI,Cévnaté rostliny,Jindřichov 1,12988784,2022-04-23,1,val,ne,lok,val,NA,0,"0, do 5 %",NA,neznámý
CZ0414127,Pulsatilla patens,Jindřichov 2,5645c,2022,CELKOVE_HODNOCENI,Cévnaté rostliny,Jindřichov 2,12988755,2022-04-23,1,NA,NA,lok,NA,NA,NA,NA,0,špatný
CZ0414127,Pulsatilla patens,Jindřichov 2,5645c,2022,CELKOVE_SUM,Cévnaté rostliny,Jindřichov 2,12988755,2022-04-23,1,NA,NA,NA,NA,NA,,,NA,2
CZ0414127,Pulsatilla patens,Jindřichov 2,5645c,2022,POP_POCET,Cévnaté rostliny,Jindřichov 2,12988755,2022-04-23,1,min,ano,lok,minmax,trsů,70,alespoň 70 trsů,0,0
CZ0414127,Pulsatilla patens,Jindřichov 2,5645c,2022,POP_POSKPERC,Cévnaté rostliny,Jindřichov 2,12988755,2022-04-23,1,max,ne,lok,minmax,počet trsů,1,nejvýš 1 počet trsů,1,0
CZ0414127,Pulsatilla patens,Jindřichov 2,5645c,2022,POP_POSKPOC,Cévnaté rostliny,Jindřichov 2,12988755,2022-04-23,1,max,ne,lok,minmax,počet typů poškození rostlin,2,nejvýš 2 počet typů poškození rostlin,1,0
CZ0414127,Pulsatilla patens,Jindřichov 2,5645c,2022,POP_TREND,Cévnaté rostliny,Jindřichov 2,12988755,2022-04-23,1,max,ano,lok,minmax,posledních dvou let s menším počtem jedinců než je referenční hodnota,1,nejvýš 1 posledních dvou let s menším počtem jedinců než je referenční hodnota,0,2
CZ0414127,Pulsatilla patens,Jindřichov 2,5645c,2022,POP_VITAL,Cévnaté rostliny,Jindřichov 2,12988755,2022-04-23,1,min,ano,lok,minmax,% počtu trsů,30,alespoň 30 % počtu trsů,NA,neznámý
CZ0414127,Pulsatilla patens,Jindřichov 2,5645c,2022,STA_POKRDREV,Cévnaté rostliny,Jindřichov 2,12988755,2022-04-23,1,val,ne,lok,val,NA,0,"0, do 5 %, 5-25 %",NA,neznámý
CZ0414127,Pulsatilla patens,Jindřichov 2,5645c,2022,STA_POKRSTAR,Cévnaté rostliny,Jindřichov 2,12988755,2022-04-23,1,val,ne,lok,val,NA,0,"0, do 5 %, 5-25 %",NA,neznámý
CZ0414127,Pulsatilla patens,Jindřichov 2,5645c,2022,STA_POKRYVNOSTEXPANZNI,Cévnaté rostliny,Jindřichov 2,12988755,2022-04-23,1,val,ne,lok,val,NA,0,"0, do 5 %, 5-25 %",NA,neznámý
CZ0414127,Pulsatilla patens,Jindřichov 2,5645c,2022,STA_POKRYVNOSTINVAZNI,Cévnaté rostliny,Jindřichov 2,12988755,2022-04-23,1,val,ne,lok,val,NA,0,"0, do 5 %",NA,neznámý
CZ0414127,Pulsatilla patens,Jindřichov 3,5645c,2022,CELKOVE_HODNOCENI,Cévnaté rostliny,Jindřichov 3,12988751,2022-04-23,1,NA,NA,lok,NA,NA,NA,NA,0,špatný
CZ0414127,Pulsatilla patens,Jindřichov 3,5645c,2022,CELKOVE_SUM,Cévnaté rostliny,Jindřichov 3,12988751,2022-04-23,1,NA,NA,NA,NA,NA,,,NA,2
CZ0414127,Pulsatilla patens,Jindřichov 3,5645c,2022,POP_POCET,Cévnaté rostliny,Jindřichov 3,12988751,2022-04-23,1,min,ano,lok,minmax,trsů,70,alespoň 70 trsů,0,0
CZ0414127,Pulsatilla patens,Jindřichov 3,5645c,2022,POP_POSKPERC,Cévnaté rostliny,Jindřichov 3,12988751,2022-04-23,1,max,ne,lok,minmax,počet trsů,1,nejvýš 1 počet trsů,1,0
CZ0414127,Pulsatilla patens,Jindřichov 3,5645c,2022,POP_POSKPOC,Cévnaté rostliny,Jindřichov 3,12988751,2022-04-23,1,max,ne,lok,minmax,počet typů poškození rostlin,2,nejvýš 2 počet typů poškození rostlin,1,0
CZ0414127,Pulsatilla patens,Jindřichov 3,5645c,2022,POP_TREND,Cévnaté rostliny,Jindřichov 3,12988751,2022-04-23,1,max,ano,lok,minmax,posledních dvou let s menším počtem jedinců než je referenční hodnota,1,nejvýš 1 posledních dvou let s menším počtem jedinců než je referenční hodnota,0,2
CZ0414127,Pulsatilla patens,Jindřichov 3,5645c,2022,POP_VITAL,Cévnaté rostliny,Jindřichov 3,12988751,2022-04-23,1,min,ano,lok,minmax,% počtu trsů,30,alespoň 30 % počtu trsů,NA,neznámý
CZ0414127,Pulsatilla patens,Jindřichov 3,5645c,2022,STA_POKRDREV,Cévnaté rostliny,Jindřichov 3,12988751,2022-04-23,1,val,ne,lok,val,NA,0,"0, do 5 %, 5-25 %",NA,neznámý
CZ0414127,Pulsatilla patens,Jindřichov 3,5645c,2022,STA_POKRSTAR,Cévnaté rostliny,Jindřichov 3,12988751,2022-04-23,1,val,ne,lok,val,NA,0,"0, do 5 %, 5-25 %",NA,neznámý
CZ0414127,Pulsatilla patens,Jindřichov 3,5645c,2022,STA_POKRYVNOSTEXPANZNI,Cévnaté rostliny,Jindřichov 3,12988751,2022-04-23,1,val,ne,lok,val,NA,0,"0, do 5 %, 5-25 %",NA,neznámý
CZ0414127,Pulsatilla patens,Jindřichov 3,5645c,2022,STA_POKRYVNOSTINVAZNI,Cévnaté rostliny,Jindřichov 3,12988751,2022-04-23,1,val,ne,lok,val,NA,0,"0, do 5 %",NA,neznámý
CZ0414127,Pulsatilla patens,Jindřichov 4,5645c,2017,CELKOVE_HODNOCENI,Cévnaté rostliny,Jindřichov 4,11275268,2017-04-15,1,NA,NA,lok,NA,NA,NA,NA,0,špatný
CZ0414127,Pulsatilla patens,Jindřichov 4,5645c,2017,CELKOVE_SUM,Cévnaté rostliny,Jindřichov 4,11275268,2017-04-15,1,NA,NA,NA,NA,NA,,,NA,2
CZ0414127,Pulsatilla patens,Jindřichov 4,5645c,2017,POP_POCET,Cévnaté rostliny,Jindřichov 4,11275268,2017-04-15,1,min,ano,lok,minmax,trsů,70,alespoň 70 trsů,0,0
CZ0414127,Pulsatilla patens,Jindřichov 4,5645c,2017,POP_POSKPERC,Cévnaté rostliny,Jindřichov 4,11275268,2017-04-15,1,max,ne,lok,minmax,počet trsů,1,nejvýš 1 počet trsů,1,0
CZ0414127,Pulsatilla patens,Jindřichov 4,5645c,2017,POP_POSKPOC,Cévnaté rostliny,Jindřichov 4,11275268,2017-04-15,1,max,ne,lok,minmax,počet typů poškození rostlin,2,nejvýš 2 počet typů poškození rostlin,1,0
CZ0414127,Pulsatilla patens,Jindřichov 4,5645c,2017,POP_TREND,Cévnaté rostliny,Jindřichov 4,11275268,2017-04-15,1,max,ano,lok,minmax,posledních dvou let s menším počtem jedinců než je referenční hodnota,1,nejvýš 1 posledních dvou let s menším počtem jedinců než je referenční hodnota,0,2
CZ0414127,Pulsatilla patens,Jindřichov 4,5645c,2017,POP_VITAL,Cévnaté rostliny,Jindřichov 4,11275268,2017-04-15,1,min,ano,lok,minmax,% počtu trsů,30,alespoň 30 % počtu trsů,NA,NaN
CZ0414127,Pulsatilla patens,Jindřichov 4,5645c,2017,STA_POKRDREV,Cévnaté rostliny,Jindřichov 4,11275268,2017-04-15,1,val,ne,lok,val,NA,0,"0, do 5 %, 5-25 %",NA,neznámý
CZ0414127,Pulsatilla patens,Jindřichov 4,5645c,2017,STA_POKRSTAR,Cévnaté rostliny,Jindřichov 4,11275268,2017-04-15,1,val,ne,lok,val,NA,0,"0, do 5 %, 5-25 %",NA,neznámý
CZ0414127,Pulsatilla patens,Jindřichov 4,5645c,2017,STA_POKRYVNOSTEXPANZNI,Cévnaté rostliny,Jindřichov 4,11275268,2017-04-15,1,val,ne,lok,val,NA,0,"0, do 5 %, 5-25 %",NA,neznámý
CZ0414127,Pulsatilla patens,Jindřichov 4,5645c,2017,STA_POKRYVNOSTINVAZNI,Cévnaté rostliny,Jindřichov 4,11275268,2017-04-15,1,val,ne,lok,val,NA,0,"0, do 5 %",NA,neznámý
CZ0414127,Pulsatilla patens,Lesná,5644d,2015,CELKOVE_HODNOCENI,Cévnaté rostliny,Lesná,9813687,2015-04-29,1,NA,NA,lok,NA,NA,NA,NA,0,špatný
CZ0414127,Pulsatilla patens,Lesná,5644d,2015,CELKOVE_SUM,Cévnaté rostliny,Lesná,9813687,2015-04-29,1,NA,NA,NA,NA,NA,,,NA,3
CZ0414127,Pulsatilla patens,Lesná,5644d,2015,POP_POCET,Cévnaté rostliny,Lesná,9813687,2015-04-29,1,min,ano,lok,minmax,trsů,70,alespoň 70 trsů,0,0
CZ0414127,Pulsatilla patens,Lesná,5644d,2015,POP_POSKPERC,Cévnaté rostliny,Lesná,9813687,2015-04-29,1,max,ne,lok,minmax,počet trsů,1,nejvýš 1 počet trsů,1,0
CZ0414127,Pulsatilla patens,Lesná,5644d,2015,POP_POSKPOC,Cévnaté rostliny,Lesná,9813687,2015-04-29,1,max,ne,lok,minmax,počet typů poškození rostlin,2,nejvýš 2 počet typů poškození rostlin,1,0
CZ0414127,Pulsatilla patens,Lesná,5644d,2015,POP_TREND,Cévnaté rostliny,Lesná,9813687,2015-04-29,1,max,ano,lok,minmax,posledních dvou let s menším počtem jedinců než je referenční hodnota,1,nejvýš 1 posledních dvou let s menším počtem jedinců než je referenční hodnota,1,0
CZ0414127,Pulsatilla patens,Lesná,5644d,2015,POP_VITAL,Cévnaté rostliny,Lesná,9813687,2015-04-29,1,min,ano,lok,minmax,% počtu trsů,30,alespoň 30 % počtu trsů,NA,NaN
CZ0414127,Pulsatilla patens,Lesná,5644d,2015,STA_POKRDREV,Cévnaté rostliny,Lesná,9813687,2015-04-29,1,val,ne,lok,val,NA,0,"0, do 5 %, 5-25 %",NA,neznámý
CZ0414127,Pulsatilla patens,Lesná,5644d,2015,STA_POKRSTAR,Cévnaté rostliny,Lesná,9813687,2015-04-29,1,val,ne,lok,val,NA,0,"0, do 5 %, 5-25 %",NA,neznámý
CZ0414127,Pulsatilla patens,Lesná,5644d,2015,STA_POKRYVNOSTEXPANZNI,Cévnaté rostliny,Lesná,9813687,2015-04-29,1,val,ne,lok,val,NA,0,"0, do 5 %, 5-25 %",NA,neznámý
CZ0414127,Pulsatilla patens,Lesná,5644d,2015,STA_POKRYVNOSTINVAZNI,Cévnaté rostliny,Lesná,9813687,2015-04-29,1,val,ne,lok,val,NA,0,"0, do 5 %",NA,neznámý
CZ0414127,Pulsatilla patens,Ppat010,5645c,2023,CELKOVE_HODNOCENI,Cévnaté rostliny,Dubový vrch 4,12968132,2023-04-26,1,NA,NA,lok,NA,NA,NA,NA,0,špatný
CZ0414127,Pulsatilla patens,Ppat010,5645c,2023,CELKOVE_SUM,Cévnaté rostliny,Dubový vrch 4,12968132,2023-04-26,1,NA,NA,NA,NA,NA,,,NA,4
CZ0414127,Pulsatilla patens,Ppat010,5645c,2023,POP_POCET,Cévnaté rostliny,Dubový vrch 4,12968132,2023-04-26,1,min,ano,lok,minmax,trsů,70,alespoň 70 trsů,0,10
CZ0414127,Pulsatilla patens,Ppat010,5645c,2023,POP_POSKPERC,Cévnaté rostliny,Dubový vrch 4,12968132,2023-04-26,1,max,ne,lok,minmax,počet trsů,1,nejvýš 1 počet trsů,0,7
CZ0414127,Pulsatilla patens,Ppat010,5645c,2023,POP_POSKPOC,Cévnaté rostliny,Dubový vrch 4,12968132,2023-04-26,1,max,ne,lok,minmax,počet typů poškození rostlin,2,nejvýš 2 počet typů poškození rostlin,0,3
CZ0414127,Pulsatilla patens,Ppat010,5645c,2023,POP_TREND,Cévnaté rostliny,Dubový vrch 4,12968132,2023-04-26,1,max,ano,lok,minmax,posledních dvou let s menším počtem jedinců než je referenční hodnota,1,nejvýš 1 posledních dvou let s menším počtem jedinců než je referenční hodnota,0,2
CZ0414127,Pulsatilla patens,Ppat010,5645c,2023,POP_VITAL,Cévnaté rostliny,Dubový vrch 4,12968132,2023-04-26,1,min,ano,lok,minmax,% počtu trsů,30,alespoň 30 % počtu trsů,1,80
CZ0414127,Pulsatilla patens,Ppat010,5645c,2023,STA_POKRDREV,Cévnaté rostliny,Dubový vrch 4,12968132,2023-04-26,1,val,ne,lok,val,NA,0,"0, do 5 %, 5-25 %",1,5-25 %
CZ0414127,Pulsatilla patens,Ppat010,5645c,2023,STA_POKRSTAR,Cévnaté rostliny,Dubový vrch 4,12968132,2023-04-26,1,val,ne,lok,val,NA,0,"0, do 5 %, 5-25 %",1,0
CZ0414127,Pulsatilla patens,Ppat010,5645c,2023,STA_POKRYVNOSTEXPANZNI,Cévnaté rostliny,Dubový vrch 4,12968132,2023-04-26,1,val,ne,lok,val,NA,0,"0, do 5 %, 5-25 %",1,0
CZ0414127,Pulsatilla patens,Ppat010,5645c,2023,STA_POKRYVNOSTINVAZNI,Cévnaté rostliny,Dubový vrch 4,12968132,2023-04-26,1,val,ne,lok,val,NA,0,"0, do 5 %",1,0
CZ0414127,Pulsatilla patens,Ppat011,5645c,2023,CELKOVE_HODNOCENI,Cévnaté rostliny,Jindřichov 1,12968134,2023-04-26,1,NA,NA,lok,NA,NA,NA,NA,0,špatný
CZ0414127,Pulsatilla patens,Ppat011,5645c,2023,CELKOVE_SUM,Cévnaté rostliny,Jindřichov 1,12968134,2023-04-26,1,NA,NA,NA,NA,NA,,,NA,6
CZ0414127,Pulsatilla patens,Ppat011,5645c,2023,POP_POCET,Cévnaté rostliny,Jindřichov 1,12968134,2023-04-26,1,min,ano,lok,minmax,trsů,70,alespoň 70 trsů,1,109
CZ0414127,Pulsatilla patens,Ppat011,5645c,2023,POP_POSKPERC,Cévnaté rostliny,Jindřichov 1,12968134,2023-04-26,1,max,ne,lok,minmax,počet trsů,1,nejvýš 1 počet trsů,0,4
CZ0414127,Pulsatilla patens,Ppat011,5645c,2023,POP_POSKPOC,Cévnaté rostliny,Jindřichov 1,12968134,2023-04-26,1,max,ne,lok,minmax,počet typů poškození rostlin,2,nejvýš 2 počet typů poškození rostlin,0,3
CZ0414127,Pulsatilla patens,Ppat011,5645c,2023,POP_TREND,Cévnaté rostliny,Jindřichov 1,12968134,2023-04-26,1,max,ano,lok,minmax,posledních dvou let s menším počtem jedinců než je referenční hodnota,1,nejvýš 1 posledních dvou let s menším počtem jedinců než je referenční hodnota,0,2
CZ0414127,Pulsatilla patens,Ppat011,5645c,2023,POP_VITAL,Cévnaté rostliny,Jindřichov 1,12968134,2023-04-26,1,min,ano,lok,minmax,% počtu trsů,30,alespoň 30 % počtu trsů,1,53.2110091743119
CZ0414127,Pulsatilla patens,Ppat011,5645c,2023,STA_POKRDREV,Cévnaté rostliny,Jindřichov 1,12968134,2023-04-26,1,val,ne,lok,val,NA,0,"0, do 5 %, 5-25 %",1,do 5 %
CZ0414127,Pulsatilla patens,Ppat011,5645c,2023,STA_POKRSTAR,Cévnaté rostliny,Jindřichov 1,12968134,2023-04-26,1,val,ne,lok,val,NA,0,"0, do 5 %, 5-25 %",1,do 5 %
CZ0414127,Pulsatilla patens,Ppat011,5645c,2023,STA_POKRYVNOSTEXPANZNI,Cévnaté rostliny,Jindřichov 1,12968134,2023-04-26,1,val,ne,lok,val,NA,0,"0, do 5 %, 5-25 %",1,0
CZ0414127,Pulsatilla patens,Ppat011,5645c,2023,STA_POKRYVNOSTINVAZNI,Cévnaté rostliny,Jindřichov 1,12968134,2023-04-26,1,val,ne,lok,val,NA,0,"0, do 5 %",1,0
CZ0414127,Pulsatilla patens,Ppat012,5645c,2023,CELKOVE_HODNOCENI,Cévnaté rostliny,Jindřichov 2,12968137,2023-04-26,1,NA,NA,lok,NA,NA,NA,NA,0,špatný
CZ0414127,Pulsatilla patens,Ppat012,5645c,2023,CELKOVE_SUM,Cévnaté rostliny,Jindřichov 2,12968137,2023-04-26,1,NA,NA,NA,NA,NA,,,NA,5
CZ0414127,Pulsatilla patens,Ppat012,5645c,2023,POP_POCET,Cévnaté rostliny,Jindřichov 2,12968137,2023-04-26,1,min,ano,lok,minmax,trsů,70,alespoň 70 trsů,1,85
CZ0414127,Pulsatilla patens,Ppat012,5645c,2023,POP_POSKPERC,Cévnaté rostliny,Jindřichov 2,12968137,2023-04-26,1,max,ne,lok,minmax,počet trsů,1,nejvýš 1 počet trsů,0,5
CZ0414127,Pulsatilla patens,Ppat012,5645c,2023,POP_POSKPOC,Cévnaté rostliny,Jindřichov 2,12968137,2023-04-26,1,max,ne,lok,minmax,počet typů poškození rostlin,2,nejvýš 2 počet typů poškození rostlin,1,2
CZ0414127,Pulsatilla patens,Ppat012,5645c,2023,POP_TREND,Cévnaté rostliny,Jindřichov 2,12968137,2023-04-26,1,max,ano,lok,minmax,posledních dvou let s menším počtem jedinců než je referenční hodnota,1,nejvýš 1 posledních dvou let s menším počtem jedinců než je referenční hodnota,0,2
CZ0414127,Pulsatilla patens,Ppat012,5645c,2023,POP_VITAL,Cévnaté rostliny,Jindřichov 2,12968137,2023-04-26,1,min,ano,lok,minmax,% počtu trsů,30,alespoň 30 % počtu trsů,0,22.3529411764706
CZ0414127,Pulsatilla patens,Ppat012,5645c,2023,STA_POKRDREV,Cévnaté rostliny,Jindřichov 2,12968137,2023-04-26,1,val,ne,lok,val,NA,0,"0, do 5 %, 5-25 %",1,do 5 %
CZ0414127,Pulsatilla patens,Ppat012,5645c,2023,STA_POKRSTAR,Cévnaté rostliny,Jindřichov 2,12968137,2023-04-26,1,val,ne,lok,val,NA,0,"0, do 5 %, 5-25 %",0,25-50 %
CZ0414127,Pulsatilla patens,Ppat012,5645c,2023,STA_POKRYVNOSTEXPANZNI,Cévnaté rostliny,Jindřichov 2,12968137,2023-04-26,1,val,ne,lok,val,NA,0,"0, do 5 %, 5-25 %",1,0
CZ0414127,Pulsatilla patens,Ppat012,5645c,2023,STA_POKRYVNOSTINVAZNI,Cévnaté rostliny,Jindřichov 2,12968137,2023-04-26,1,val,ne,lok,val,NA,0,"0, do 5 %",1,0
CZ0414127,Pulsatilla patens,Ppat013,5645c,2023,CELKOVE_HODNOCENI,Cévnaté rostliny,Jindřichov 3,12968128,2023-04-26,1,NA,NA,lok,NA,NA,NA,NA,0,špatný
CZ0414127,Pulsatilla patens,Ppat013,5645c,2023,CELKOVE_SUM,Cévnaté rostliny,Jindřichov 3,12968128,2023-04-26,1,NA,NA,NA,NA,NA,,,NA,6
CZ0414127,Pulsatilla patens,Ppat013,5645c,2023,POP_POCET,Cévnaté rostliny,Jindřichov 3,12968128,2023-04-26,1,min,ano,lok,minmax,trsů,70,alespoň 70 trsů,0,0
CZ0414127,Pulsatilla patens,Ppat013,5645c,2023,POP_POSKPERC,Cévnaté rostliny,Jindřichov 3,12968128,2023-04-26,1,max,ne,lok,minmax,počet trsů,1,nejvýš 1 počet trsů,1,0
CZ0414127,Pulsatilla patens,Ppat013,5645c,2023,POP_POSKPOC,Cévnaté rostliny,Jindřichov 3,12968128,2023-04-26,1,max,ne,lok,minmax,počet typů poškození rostlin,2,nejvýš 2 počet typů poškození rostlin,1,0
CZ0414127,Pulsatilla patens,Ppat013,5645c,2023,POP_TREND,Cévnaté rostliny,Jindřichov 3,12968128,2023-04-26,1,max,ano,lok,minmax,posledních dvou let s menším počtem jedinců než je referenční hodnota,1,nejvýš 1 posledních dvou let s menším počtem jedinců než je referenční hodnota,1,0
CZ0414127,Pulsatilla patens,Ppat013,5645c,2023,POP_VITAL,Cévnaté rostliny,Jindřichov 3,12968128,2023-04-26,1,min,ano,lok,minmax,% počtu trsů,30,alespoň 30 % počtu trsů,NA,NaN
CZ0414127,Pulsatilla patens,Ppat013,5645c,2023,STA_POKRDREV,Cévnaté rostliny,Jindřichov 3,12968128,2023-04-26,1,val,ne,lok,val,NA,0,"0, do 5 %, 5-25 %",1,do 5 %
CZ0414127,Pulsatilla patens,Ppat013,5645c,2023,STA_POKRSTAR,Cévnaté rostliny,Jindřichov 3,12968128,2023-04-26,1,val,ne,lok,val,NA,0,"0, do 5 %, 5-25 %",0,50-75 %
CZ0414127,Pulsatilla patens,Ppat013,5645c,2023,STA_POKRYVNOSTEXPANZNI,Cévnaté rostliny,Jindřichov 3,12968128,2023-04-26,1,val,ne,lok,val,NA,0,"0, do 5 %, 5-25 %",1,0
CZ0414127,Pulsatilla patens,Ppat013,5645c,2023,STA_POKRYVNOSTINVAZNI,Cévnaté rostliny,Jindřichov 3,12968128,2023-04-26,1,val,ne,lok,val,NA,0,"0, do 5 %",1,0
CZ0414127,Pulsatilla patens,Ppat014,5645c,2023,CELKOVE_HODNOCENI,Cévnaté rostliny,Jindřichov 4,12968130,2023-05-01,1,NA,NA,lok,NA,NA,NA,NA,0,špatný
CZ0414127,Pulsatilla patens,Ppat014,5645c,2023,CELKOVE_SUM,Cévnaté rostliny,Jindřichov 4,12968130,2023-05-01,1,NA,NA,NA,NA,NA,,,NA,5
CZ0414127,Pulsatilla patens,Ppat014,5645c,2023,POP_POCET,Cévnaté rostliny,Jindřichov 4,12968130,2023-05-01,1,min,ano,lok,minmax,trsů,70,alespoň 70 trsů,0,0
CZ0414127,Pulsatilla patens,Ppat014,5645c,2023,POP_POSKPERC,Cévnaté rostliny,Jindřichov 4,12968130,2023-05-01,1,max,ne,lok,minmax,počet trsů,1,nejvýš 1 počet trsů,1,0
CZ0414127,Pulsatilla patens,Ppat014,5645c,2023,POP_POSKPOC,Cévnaté rostliny,Jindřichov 4,12968130,2023-05-01,1,max,ne,lok,minmax,počet typů poškození rostlin,2,nejvýš 2 počet typů poškození rostlin,1,0
CZ0414127,Pulsatilla patens,Ppat014,5645c,2023,POP_TREND,Cévnaté rostliny,Jindřichov 4,12968130,2023-05-01,1,max,ano,lok,minmax,posledních dvou let s menším počtem jedinců než je referenční hodnota,1,nejvýš 1 posledních dvou let s menším počtem jedinců než je referenční hodnota,1,0
CZ0414127,Pulsatilla patens,Ppat014,5645c,2023,POP_VITAL,Cévnaté rostliny,Jindřichov 4,12968130,2023-05-01,1,min,ano,lok,minmax,% počtu trsů,30,alespoň 30 % počtu trsů,NA,NaN
CZ0414127,Pulsatilla patens,Ppat014,5645c,2023,STA_POKRDREV,Cévnaté rostliny,Jindřichov 4,12968130,2023-05-01,1,val,ne,lok,val,NA,0,"0, do 5 %, 5-25 %",0,25-50 %
CZ0414127,Pulsatilla patens,Ppat014,5645c,2023,STA_POKRSTAR,Cévnaté rostliny,Jindřichov 4,12968130,2023-05-01,1,val,ne,lok,val,NA,0,"0, do 5 %, 5-25 %",0,25-50 %
CZ0414127,Pulsatilla patens,Ppat014,5645c,2023,STA_POKRYVNOSTEXPANZNI,Cévnaté rostliny,Jindřichov 4,12968130,2023-05-01,1,val,ne,lok,val,NA,0,"0, do 5 %, 5-25 %",1,0
CZ0414127,Pulsatilla patens,Ppat014,5645c,2023,STA_POKRYVNOSTINVAZNI,Cévnaté rostliny,Jindřichov 4,12968130,2023-05-01,1,val,ne,lok,val,NA,0,"0, do 5 %",1,0
CZ0414127,Pulsatilla patens,Ppat015,5644d,2023,CELKOVE_HODNOCENI,Cévnaté rostliny,Humnický vrch,12968131,2023-05-01,1,NA,NA,lok,NA,NA,NA,NA,0,špatný
CZ0414127,Pulsatilla patens,Ppat015,5644d,2023,CELKOVE_SUM,Cévnaté rostliny,Humnický vrch,12968131,2023-05-01,1,NA,NA,NA,NA,NA,,,NA,6
CZ0414127,Pulsatilla patens,Ppat015,5644d,2023,POP_POCET,Cévnaté rostliny,Humnický vrch,12968131,2023-05-01,1,min,ano,lok,minmax,trsů,70,alespoň 70 trsů,1,284
CZ0414127,Pulsatilla patens,Ppat015,5644d,2023,POP_POSKPERC,Cévnaté rostliny,Humnický vrch,12968131,2023-05-01,1,max,ne,lok,minmax,počet trsů,1,nejvýš 1 počet trsů,0,5
CZ0414127,Pulsatilla patens,Ppat015,5644d,2023,POP_POSKPOC,Cévnaté rostliny,Humnický vrch,12968131,2023-05-01,1,max,ne,lok,minmax,počet typů poškození rostlin,2,nejvýš 2 počet typů poškození rostlin,0,3
CZ0414127,Pulsatilla patens,Ppat015,5644d,2023,POP_TREND,Cévnaté rostliny,Humnický vrch,12968131,2023-05-01,1,max,ano,lok,minmax,posledních dvou let s menším počtem jedinců než je referenční hodnota,1,nejvýš 1 posledních dvou let s menším počtem jedinců než je referenční hodnota,0,2
CZ0414127,Pulsatilla patens,Ppat015,5644d,2023,POP_VITAL,Cévnaté rostliny,Humnický vrch,12968131,2023-05-01,1,min,ano,lok,minmax,% počtu trsů,30,alespoň 30 % počtu trsů,1,38.0281690140845
CZ0414127,Pulsatilla patens,Ppat015,5644d,2023,STA_POKRDREV,Cévnaté rostliny,Humnický vrch,12968131,2023-05-01,1,val,ne,lok,val,NA,0,"0, do 5 %, 5-25 %",1,do 5 %
CZ0414127,Pulsatilla patens,Ppat015,5644d,2023,STA_POKRSTAR,Cévnaté rostliny,Humnický vrch,12968131,2023-05-01,1,val,ne,lok,val,NA,0,"0, do 5 %, 5-25 %",1,do 5 %
CZ0414127,Pulsatilla patens,Ppat015,5644d,2023,STA_POKRYVNOSTEXPANZNI,Cévnaté rostliny,Humnický vrch,12968131,2023-05-01,1,val,ne,lok,val,NA,0,"0, do 5 %, 5-25 %",1,0
CZ0414127,Pulsatilla patens,Ppat015,5644d,2023,STA_POKRYVNOSTINVAZNI,Cévnaté rostliny,Humnický vrch,12968131,2023-05-01,1,val,ne,lok,val,NA,0,"0, do 5 %",1,0
CZ0414127,Pulsatilla patens,Ppat016,5644d,2023,CELKOVE_HODNOCENI,Cévnaté rostliny,Havraň,12968135,2023-05-01,1,NA,NA,lok,NA,NA,NA,NA,0,špatný
CZ0414127,Pulsatilla patens,Ppat016,5644d,2023,CELKOVE_SUM,Cévnaté rostliny,Havraň,12968135,2023-05-01,1,NA,NA,NA,NA,NA,,,NA,6
CZ0414127,Pulsatilla patens,Ppat016,5644d,2023,POP_POCET,Cévnaté rostliny,Havraň,12968135,2023-05-01,1,min,ano,lok,minmax,trsů,70,alespoň 70 trsů,1,143
CZ0414127,Pulsatilla patens,Ppat016,5644d,2023,POP_POSKPERC,Cévnaté rostliny,Havraň,12968135,2023-05-01,1,max,ne,lok,minmax,počet trsů,1,nejvýš 1 počet trsů,0,6
CZ0414127,Pulsatilla patens,Ppat016,5644d,2023,POP_POSKPOC,Cévnaté rostliny,Havraň,12968135,2023-05-01,1,max,ne,lok,minmax,počet typů poškození rostlin,2,nejvýš 2 počet typů poškození rostlin,0,3
CZ0414127,Pulsatilla patens,Ppat016,5644d,2023,POP_TREND,Cévnaté rostliny,Havraň,12968135,2023-05-01,1,max,ano,lok,minmax,posledních dvou let s menším počtem jedinců než je referenční hodnota,1,nejvýš 1 posledních dvou let s menším počtem jedinců než je referenční hodnota,0,2
CZ0414127,Pulsatilla patens,Ppat016,5644d,2023,POP_VITAL,Cévnaté rostliny,Havraň,12968135,2023-05-01,1,min,ano,lok,minmax,% počtu trsů,30,alespoň 30 % počtu trsů,1,46.8531468531469
CZ0414127,Pulsatilla patens,Ppat016,5644d,2023,STA_POKRDREV,Cévnaté rostliny,Havraň,12968135,2023-05-01,1,val,ne,lok,val,NA,0,"0, do 5 %, 5-25 %",1,do 5 %
CZ0414127,Pulsatilla patens,Ppat016,5644d,2023,STA_POKRSTAR,Cévnaté rostliny,Havraň,12968135,2023-05-01,1,val,ne,lok,val,NA,0,"0, do 5 %, 5-25 %",1,do 5 %
CZ0414127,Pulsatilla patens,Ppat016,5644d,2023,STA_POKRYVNOSTEXPANZNI,Cévnaté rostliny,Havraň,12968135,2023-05-01,1,val,ne,lok,val,NA,0,"0, do 5 %, 5-25 %",1,0
CZ0414127,Pulsatilla patens,Ppat016,5644d,2023,STA_POKRYVNOSTINVAZNI,Cévnaté rostliny,Havraň,12968135,2023-05-01,1,val,ne,lok,val,NA,0,"0, do 5 %",1,0
CZ0414127,Pulsatilla patens,U Dubiny,5645c,2020,CELKOVE_HODNOCENI,Cévnaté rostliny,U Dubiny,11080666,2020-04-23,0,NA,NA,lok,NA,NA,NA,NA,0,špatný
CZ0414127,Pulsatilla patens,U Dubiny,5645c,2020,CELKOVE_SUM,Cévnaté rostliny,U Dubiny,11080666,2020-04-23,0,NA,NA,NA,NA,NA,,,NA,3
CZ0414127,Pulsatilla patens,U Dubiny,5645c,2020,POP_POCET,Cévnaté rostliny,U Dubiny,11080666,2020-04-23,0,min,ano,lok,minmax,trsů,70,alespoň 70 trsů,0,0
CZ0414127,Pulsatilla patens,U Dubiny,5645c,2020,POP_POSKPERC,Cévnaté rostliny,U Dubiny,11080666,2020-04-23,0,max,ne,lok,minmax,počet trsů,1,nejvýš 1 počet trsů,1,0
CZ0414127,Pulsatilla patens,U Dubiny,5645c,2020,POP_POSKPOC,Cévnaté rostliny,U Dubiny,11080666,2020-04-23,0,max,ne,lok,minmax,počet typů poškození rostlin,2,nejvýš 2 počet typů poškození rostlin,1,0
CZ0414127,Pulsatilla patens,U Dubiny,5645c,2020,POP_TREND,Cévnaté rostliny,U Dubiny,11080666,2020-04-23,0,max,ano,lok,minmax,posledních dvou let s menším počtem jedinců než je referenční hodnota,1,nejvýš 1 posledních dvou let s menším počtem jedinců než je referenční hodnota,1,0
CZ0414127,Pulsatilla patens,U Dubiny,5645c,2020,POP_VITAL,Cévnaté rostliny,U Dubiny,11080666,2020-04-23,0,min,ano,lok,minmax,% počtu trsů,30,alespoň 30 % počtu trsů,NA,neznámý
CZ0414127,Pulsatilla patens,U Dubiny,5645c,2020,STA_POKRDREV,Cévnaté rostliny,U Dubiny,11080666,2020-04-23,0,val,ne,lok,val,NA,0,"0, do 5 %, 5-25 %",NA,neznámý
CZ0414127,Pulsatilla patens,U Dubiny,5645c,2020,STA_POKRSTAR,Cévnaté rostliny,U Dubiny,11080666,2020-04-23,0,val,ne,lok,val,NA,0,"0, do 5 %, 5-25 %",NA,neznámý
CZ0414127,Pulsatilla patens,U Dubiny,5645c,2020,STA_POKRYVNOSTEXPANZNI,Cévnaté rostliny,U Dubiny,11080666,2020-04-23,0,val,ne,lok,val,NA,0,"0, do 5 %, 5-25 %",NA,neznámý
CZ0414127,Pulsatilla patens,U Dubiny,5645c,2020,STA_POKRYVNOSTINVAZNI,Cévnaté rostliny,U Dubiny,11080666,2020-04-23,0,val,ne,lok,val,NA,0,"0, do 5 %",NA,neznámý
CZ0414127,Pulsatilla patens,Žďár u Hradiště,5645c,2021,CELKOVE_HODNOCENI,Cévnaté rostliny,Žďár u Hradiště,"11450763, 11450764, 11450765",2021-04-09,0,NA,NA,lok,NA,NA,NA,NA,0,špatný
CZ0414127,Pulsatilla patens,Žďár u Hradiště,5645c,2021,CELKOVE_SUM,Cévnaté rostliny,Žďár u Hradiště,"11450763, 11450764, 11450765",2021-04-09,0,NA,NA,NA,NA,NA,,,NA,2
CZ0414127,Pulsatilla patens,Žďár u Hradiště,5645c,2021,POP_POCET,Cévnaté rostliny,Žďár u Hradiště,"11450763, 11450764, 11450765",2021-04-09,0,min,ano,lok,minmax,trsů,70,alespoň 70 trsů,0,0
CZ0414127,Pulsatilla patens,Žďár u Hradiště,5645c,2021,POP_POSKPERC,Cévnaté rostliny,Žďár u Hradiště,"11450763, 11450764, 11450765",2021-04-09,0,max,ne,lok,minmax,počet trsů,1,nejvýš 1 počet trsů,1,0
CZ0414127,Pulsatilla patens,Žďár u Hradiště,5645c,2021,POP_POSKPOC,Cévnaté rostliny,Žďár u Hradiště,"11450763, 11450764, 11450765",2021-04-09,0,max,ne,lok,minmax,počet typů poškození rostlin,2,nejvýš 2 počet typů poškození rostlin,1,0
CZ0414127,Pulsatilla patens,Žďár u Hradiště,5645c,2021,POP_TREND,Cévnaté rostliny,Žďár u Hradiště,"11450763, 11450764, 11450765",2021-04-09,0,max,ano,lok,minmax,posledních dvou let s menším počtem jedinců než je referenční hodnota,1,nejvýš 1 posledních dvou let s menším počtem jedinců než je referenční hodnota,0,2
CZ0414127,Pulsatilla patens,Žďár u Hradiště,5645c,2021,POP_VITAL,Cévnaté rostliny,Žďár u Hradiště,"11450763, 11450764, 11450765",2021-04-09,0,min,ano,lok,minmax,% počtu trsů,30,alespoň 30 % počtu trsů,NA,neznámý
CZ0414127,Pulsatilla patens,Žďár u Hradiště,5645c,2021,STA_POKRDREV,Cévnaté rostliny,Žďár u Hradiště,"11450763, 11450764, 11450765",2021-04-09,0,val,ne,lok,val,NA,0,"0, do 5 %, 5-25 %",NA,neznámý
CZ0414127,Pulsatilla patens,Žďár u Hradiště,5645c,2021,STA_POKRSTAR,Cévnaté rostliny,Žďár u Hradiště,"11450763, 11450764, 11450765",2021-04-09,0,val,ne,lok,val,NA,0,"0, do 5 %, 5-25 %",NA,neznámý
CZ0414127,Pulsatilla patens,Žďár u Hradiště,5645c,2021,STA_POKRYVNOSTEXPANZNI,Cévnaté rostliny,Žďár u Hradiště,"11450763, 11450764, 11450765",2021-04-09,0,val,ne,lok,val,NA,0,"0, do 5 %, 5-25 %",NA,neznámý
CZ0414127,Pulsatilla patens,Žďár u Hradiště,5645c,2021,STA_POKRYVNOSTINVAZNI,Cévnaté rostliny,Žďár u Hradiště,"11450763, 11450764, 11450765",2021-04-09,0,val,ne,lok,val,NA,0,"0, do 5 %",NA,neznámý
CZ0422075,Pulsatilla patens,"2587, Bílinka",5449d,2022,CELKOVE_HODNOCENI,Cévnaté rostliny,"2587, Bílinka",11795831,2022-04-27,0,NA,NA,lok,NA,NA,NA,NA,0,špatný
CZ0422075,Pulsatilla patens,"2587, Bílinka",5449d,2022,CELKOVE_SUM,Cévnaté rostliny,"2587, Bílinka",11795831,2022-04-27,0,NA,NA,NA,NA,NA,,,NA,3
CZ0422075,Pulsatilla patens,"2587, Bílinka",5449d,2022,POP_POCET,Cévnaté rostliny,"2587, Bílinka",11795831,2022-04-27,0,min,ano,lok,minmax,trsů,70,alespoň 70 trsů,0,0
CZ0422075,Pulsatilla patens,"2587, Bílinka",5449d,2022,POP_POSKPERC,Cévnaté rostliny,"2587, Bílinka",11795831,2022-04-27,0,max,ne,lok,minmax,počet trsů,1,nejvýš 1 počet trsů,1,0
CZ0422075,Pulsatilla patens,"2587, Bílinka",5449d,2022,POP_POSKPOC,Cévnaté rostliny,"2587, Bílinka",11795831,2022-04-27,0,max,ne,lok,minmax,počet typů poškození rostlin,2,nejvýš 2 počet typů poškození rostlin,1,0
CZ0422075,Pulsatilla patens,"2587, Bílinka",5449d,2022,POP_TREND,Cévnaté rostliny,"2587, Bílinka",11795831,2022-04-27,0,max,ano,lok,minmax,posledních dvou let s menším počtem jedinců než je referenční hodnota,1,nejvýš 1 posledních dvou let s menším počtem jedinců než je referenční hodnota,1,0
CZ0422075,Pulsatilla patens,"2587, Bílinka",5449d,2022,POP_VITAL,Cévnaté rostliny,"2587, Bílinka",11795831,2022-04-27,0,min,ano,lok,minmax,% počtu trsů,30,alespoň 30 % počtu trsů,NA,neznámý
CZ0422075,Pulsatilla patens,"2587, Bílinka",5449d,2022,STA_POKRDREV,Cévnaté rostliny,"2587, Bílinka",11795831,2022-04-27,0,val,ne,lok,val,NA,0,"0, do 5 %, 5-25 %",NA,neznámý
CZ0422075,Pulsatilla patens,"2587, Bílinka",5449d,2022,STA_POKRSTAR,Cévnaté rostliny,"2587, Bílinka",11795831,2022-04-27,0,val,ne,lok,val,NA,0,"0, do 5 %, 5-25 %",NA,neznámý
CZ0422075,Pulsatilla patens,"2587, Bílinka",5449d,2022,STA_POKRYVNOSTEXPANZNI,Cévnaté rostliny,"2587, Bílinka",11795831,2022-04-27,0,val,ne,lok,val,NA,0,"0, do 5 %, 5-25 %",NA,neznámý
CZ0422075,Pulsatilla patens,"2587, Bílinka",5449d,2022,STA_POKRYVNOSTINVAZNI,Cévnaté rostliny,"2587, Bílinka",11795831,2022-04-27,0,val,ne,lok,val,NA,0,"0, do 5 %",NA,neznámý
CZ0422075,Pulsatilla patens,Boreč,5449d,2020,CELKOVE_HODNOCENI,Cévnaté rostliny,Boreč,11092083,2020-05-19,0,NA,NA,lok,NA,NA,NA,NA,0,špatný
CZ0422075,Pulsatilla patens,Boreč,5449d,2020,CELKOVE_SUM,Cévnaté rostliny,Boreč,11092083,2020-05-19,0,NA,NA,NA,NA,NA,,,NA,3
CZ0422075,Pulsatilla patens,Boreč,5449d,2020,POP_POCET,Cévnaté rostliny,Boreč,11092083,2020-05-19,0,min,ano,lok,minmax,trsů,70,alespoň 70 trsů,0,0
CZ0422075,Pulsatilla patens,Boreč,5449d,2020,POP_POSKPERC,Cévnaté rostliny,Boreč,11092083,2020-05-19,0,max,ne,lok,minmax,počet trsů,1,nejvýš 1 počet trsů,1,0
CZ0422075,Pulsatilla patens,Boreč,5449d,2020,POP_POSKPOC,Cévnaté rostliny,Boreč,11092083,2020-05-19,0,max,ne,lok,minmax,počet typů poškození rostlin,2,nejvýš 2 počet typů poškození rostlin,1,0
CZ0422075,Pulsatilla patens,Boreč,5449d,2020,POP_TREND,Cévnaté rostliny,Boreč,11092083,2020-05-19,0,max,ano,lok,minmax,posledních dvou let s menším počtem jedinců než je referenční hodnota,1,nejvýš 1 posledních dvou let s menším počtem jedinců než je referenční hodnota,1,0
CZ0422075,Pulsatilla patens,Boreč,5449d,2020,POP_VITAL,Cévnaté rostliny,Boreč,11092083,2020-05-19,0,min,ano,lok,minmax,% počtu trsů,30,alespoň 30 % počtu trsů,NA,neznámý
CZ0422075,Pulsatilla patens,Boreč,5449d,2020,STA_POKRDREV,Cévnaté rostliny,Boreč,11092083,2020-05-19,0,val,ne,lok,val,NA,0,"0, do 5 %, 5-25 %",NA,neznámý
CZ0422075,Pulsatilla patens,Boreč,5449d,2020,STA_POKRSTAR,Cévnaté rostliny,Boreč,11092083,2020-05-19,0,val,ne,lok,val,NA,0,"0, do 5 %, 5-25 %",NA,neznámý
CZ0422075,Pulsatilla patens,Boreč,5449d,2020,STA_POKRYVNOSTEXPANZNI,Cévnaté rostliny,Boreč,11092083,2020-05-19,0,val,ne,lok,val,NA,0,"0, do 5 %, 5-25 %",NA,neznámý
CZ0422075,Pulsatilla patens,Boreč,5449d,2020,STA_POKRYVNOSTINVAZNI,Cévnaté rostliny,Boreč,11092083,2020-05-19,0,val,ne,lok,val,NA,0,"0, do 5 %",NA,neznámý
CZ0422075,Pulsatilla patens,Boreč u Lovosic,5449d,2018,CELKOVE_HODNOCENI,Cévnaté rostliny,Boreč u Lovosic,10548321,2018-04-23,0,NA,NA,lok,NA,NA,NA,NA,0,špatný
CZ0422075,Pulsatilla patens,Boreč u Lovosic,5449d,2018,CELKOVE_SUM,Cévnaté rostliny,Boreč u Lovosic,10548321,2018-04-23,0,NA,NA,NA,NA,NA,,,NA,3
CZ0422075,Pulsatilla patens,Boreč u Lovosic,5449d,2018,POP_POCET,Cévnaté rostliny,Boreč u Lovosic,10548321,2018-04-23,0,min,ano,lok,minmax,trsů,70,alespoň 70 trsů,0,0
CZ0422075,Pulsatilla patens,Boreč u Lovosic,5449d,2018,POP_POSKPERC,Cévnaté rostliny,Boreč u Lovosic,10548321,2018-04-23,0,max,ne,lok,minmax,počet trsů,1,nejvýš 1 počet trsů,1,0
CZ0422075,Pulsatilla patens,Boreč u Lovosic,5449d,2018,POP_POSKPOC,Cévnaté rostliny,Boreč u Lovosic,10548321,2018-04-23,0,max,ne,lok,minmax,počet typů poškození rostlin,2,nejvýš 2 počet typů poškození rostlin,1,0
CZ0422075,Pulsatilla patens,Boreč u Lovosic,5449d,2018,POP_TREND,Cévnaté rostliny,Boreč u Lovosic,10548321,2018-04-23,0,max,ano,lok,minmax,posledních dvou let s menším počtem jedinců než je referenční hodnota,1,nejvýš 1 posledních dvou let s menším počtem jedinců než je referenční hodnota,1,0
CZ0422075,Pulsatilla patens,Boreč u Lovosic,5449d,2018,POP_VITAL,Cévnaté rostliny,Boreč u Lovosic,10548321,2018-04-23,0,min,ano,lok,minmax,% počtu trsů,30,alespoň 30 % počtu trsů,NA,neznámý
CZ0422075,Pulsatilla patens,Boreč u Lovosic,5449d,2018,STA_POKRDREV,Cévnaté rostliny,Boreč u Lovosic,10548321,2018-04-23,0,val,ne,lok,val,NA,0,"0, do 5 %, 5-25 %",NA,neznámý
CZ0422075,Pulsatilla patens,Boreč u Lovosic,5449d,2018,STA_POKRSTAR,Cévnaté rostliny,Boreč u Lovosic,10548321,2018-04-23,0,val,ne,lok,val,NA,0,"0, do 5 %, 5-25 %",NA,neznámý
CZ0422075,Pulsatilla patens,Boreč u Lovosic,5449d,2018,STA_POKRYVNOSTEXPANZNI,Cévnaté rostliny,Boreč u Lovosic,10548321,2018-04-23,0,val,ne,lok,val,NA,0,"0, do 5 %, 5-25 %",NA,neznámý
CZ0422075,Pulsatilla patens,Boreč u Lovosic,5449d,2018,STA_POKRYVNOSTINVAZNI,Cévnaté rostliny,Boreč u Lovosic,10548321,2018-04-23,0,val,ne,lok,val,NA,0,"0, do 5 %",NA,neznámý
CZ0422075,Pulsatilla patens,Boreč u Lovosic_33220352,5449d,2015,CELKOVE_HODNOCENI,Cévnaté rostliny,Boreč u Lovosic_33220352,9765532,2015-04-19,0,NA,NA,lok,NA,NA,NA,NA,0,špatný
CZ0422075,Pulsatilla patens,Boreč u Lovosic_33220352,5449d,2015,CELKOVE_SUM,Cévnaté rostliny,Boreč u Lovosic_33220352,9765532,2015-04-19,0,NA,NA,NA,NA,NA,,,NA,3
CZ0422075,Pulsatilla patens,Boreč u Lovosic_33220352,5449d,2015,POP_POCET,Cévnaté rostliny,Boreč u Lovosic_33220352,9765532,2015-04-19,0,min,ano,lok,minmax,trsů,70,alespoň 70 trsů,0,0
CZ0422075,Pulsatilla patens,Boreč u Lovosic_33220352,5449d,2015,POP_POSKPERC,Cévnaté rostliny,Boreč u Lovosic_33220352,9765532,2015-04-19,0,max,ne,lok,minmax,počet trsů,1,nejvýš 1 počet trsů,1,0
CZ0422075,Pulsatilla patens,Boreč u Lovosic_33220352,5449d,2015,POP_POSKPOC,Cévnaté rostliny,Boreč u Lovosic_33220352,9765532,2015-04-19,0,max,ne,lok,minmax,počet typů poškození rostlin,2,nejvýš 2 počet typů poškození rostlin,1,0
CZ0422075,Pulsatilla patens,Boreč u Lovosic_33220352,5449d,2015,POP_TREND,Cévnaté rostliny,Boreč u Lovosic_33220352,9765532,2015-04-19,0,max,ano,lok,minmax,posledních dvou let s menším počtem jedinců než je referenční hodnota,1,nejvýš 1 posledních dvou let s menším počtem jedinců než je referenční hodnota,1,0
CZ0422075,Pulsatilla patens,Boreč u Lovosic_33220352,5449d,2015,POP_VITAL,Cévnaté rostliny,Boreč u Lovosic_33220352,9765532,2015-04-19,0,min,ano,lok,minmax,% počtu trsů,30,alespoň 30 % počtu trsů,NA,neznámý
CZ0422075,Pulsatilla patens,Boreč u Lovosic_33220352,5449d,2015,STA_POKRDREV,Cévnaté rostliny,Boreč u Lovosic_33220352,9765532,2015-04-19,0,val,ne,lok,val,NA,0,"0, do 5 %, 5-25 %",NA,neznámý
CZ0422075,Pulsatilla patens,Boreč u Lovosic_33220352,5449d,2015,STA_POKRSTAR,Cévnaté rostliny,Boreč u Lovosic_33220352,9765532,2015-04-19,0,val,ne,lok,val,NA,0,"0, do 5 %, 5-25 %",NA,neznámý
CZ0422075,Pulsatilla patens,Boreč u Lovosic_33220352,5449d,2015,STA_POKRYVNOSTEXPANZNI,Cévnaté rostliny,Boreč u Lovosic_33220352,9765532,2015-04-19,0,val,ne,lok,val,NA,0,"0, do 5 %, 5-25 %",NA,neznámý
CZ0422075,Pulsatilla patens,Boreč u Lovosic_33220352,5449d,2015,STA_POKRYVNOSTINVAZNI,Cévnaté rostliny,Boreč u Lovosic_33220352,9765532,2015-04-19,0,val,ne,lok,val,NA,0,"0, do 5 %",NA,neznámý
CZ0422075,Pulsatilla patens,Boreč u Lovosic_33220358,5449d,2015,CELKOVE_HODNOCENI,Cévnaté rostliny,Boreč u Lovosic_33220358,9765538,2015-04-19,0,NA,NA,lok,NA,NA,NA,NA,0,špatný
CZ0422075,Pulsatilla patens,Boreč u Lovosic_33220358,5449d,2015,CELKOVE_SUM,Cévnaté rostliny,Boreč u Lovosic_33220358,9765538,2015-04-19,0,NA,NA,NA,NA,NA,,,NA,3
CZ0422075,Pulsatilla patens,Boreč u Lovosic_33220358,5449d,2015,POP_POCET,Cévnaté rostliny,Boreč u Lovosic_33220358,9765538,2015-04-19,0,min,ano,lok,minmax,trsů,70,alespoň 70 trsů,0,0
CZ0422075,Pulsatilla patens,Boreč u Lovosic_33220358,5449d,2015,POP_POSKPERC,Cévnaté rostliny,Boreč u Lovosic_33220358,9765538,2015-04-19,0,max,ne,lok,minmax,počet trsů,1,nejvýš 1 počet trsů,1,0
CZ0422075,Pulsatilla patens,Boreč u Lovosic_33220358,5449d,2015,POP_POSKPOC,Cévnaté rostliny,Boreč u Lovosic_33220358,9765538,2015-04-19,0,max,ne,lok,minmax,počet typů poškození rostlin,2,nejvýš 2 počet typů poškození rostlin,1,0
CZ0422075,Pulsatilla patens,Boreč u Lovosic_33220358,5449d,2015,POP_TREND,Cévnaté rostliny,Boreč u Lovosic_33220358,9765538,2015-04-19,0,max,ano,lok,minmax,posledních dvou let s menším počtem jedinců než je referenční hodnota,1,nejvýš 1 posledních dvou let s menším počtem jedinců než je referenční hodnota,1,0
CZ0422075,Pulsatilla patens,Boreč u Lovosic_33220358,5449d,2015,POP_VITAL,Cévnaté rostliny,Boreč u Lovosic_33220358,9765538,2015-04-19,0,min,ano,lok,minmax,% počtu trsů,30,alespoň 30 % počtu trsů,NA,neznámý
CZ0422075,Pulsatilla patens,Boreč u Lovosic_33220358,5449d,2015,STA_POKRDREV,Cévnaté rostliny,Boreč u Lovosic_33220358,9765538,2015-04-19,0,val,ne,lok,val,NA,0,"0, do 5 %, 5-25 %",NA,neznámý
CZ0422075,Pulsatilla patens,Boreč u Lovosic_33220358,5449d,2015,STA_POKRSTAR,Cévnaté rostliny,Boreč u Lovosic_33220358,9765538,2015-04-19,0,val,ne,lok,val,NA,0,"0, do 5 %, 5-25 %",NA,neznámý
CZ0422075,Pulsatilla patens,Boreč u Lovosic_33220358,5449d,2015,STA_POKRYVNOSTEXPANZNI,Cévnaté rostliny,Boreč u Lovosic_33220358,9765538,2015-04-19,0,val,ne,lok,val,NA,0,"0, do 5 %, 5-25 %",NA,neznámý
CZ0422075,Pulsatilla patens,Boreč u Lovosic_33220358,5449d,2015,STA_POKRYVNOSTINVAZNI,Cévnaté rostliny,Boreč u Lovosic_33220358,9765538,2015-04-19,0,val,ne,lok,val,NA,0,"0, do 5 %",NA,neznámý
CZ0422075,Pulsatilla patens,Borečský vrch,5449d,2021,CELKOVE_HODNOCENI,Cévnaté rostliny,Borečský vrch,11772536,2021-05-21,1,NA,NA,lok,NA,NA,NA,NA,0,špatný
CZ0422075,Pulsatilla patens,Borečský vrch,5449d,2021,CELKOVE_SUM,Cévnaté rostliny,Borečský vrch,11772536,2021-05-21,1,NA,NA,NA,NA,NA,,,NA,2
CZ0422075,Pulsatilla patens,Borečský vrch,5449d,2021,POP_POCET,Cévnaté rostliny,Borečský vrch,11772536,2021-05-21,1,min,ano,lok,minmax,trsů,70,alespoň 70 trsů,0,0
CZ0422075,Pulsatilla patens,Borečský vrch,5449d,2021,POP_POSKPERC,Cévnaté rostliny,Borečský vrch,11772536,2021-05-21,1,max,ne,lok,minmax,počet trsů,1,nejvýš 1 počet trsů,1,0
CZ0422075,Pulsatilla patens,Borečský vrch,5449d,2021,POP_POSKPOC,Cévnaté rostliny,Borečský vrch,11772536,2021-05-21,1,max,ne,lok,minmax,počet typů poškození rostlin,2,nejvýš 2 počet typů poškození rostlin,1,0
CZ0422075,Pulsatilla patens,Borečský vrch,5449d,2021,POP_TREND,Cévnaté rostliny,Borečský vrch,11772536,2021-05-21,1,max,ano,lok,minmax,posledních dvou let s menším počtem jedinců než je referenční hodnota,1,nejvýš 1 posledních dvou let s menším počtem jedinců než je referenční hodnota,0,2
CZ0422075,Pulsatilla patens,Borečský vrch,5449d,2021,POP_VITAL,Cévnaté rostliny,Borečský vrch,11772536,2021-05-21,1,min,ano,lok,minmax,% počtu trsů,30,alespoň 30 % počtu trsů,NA,neznámý
CZ0422075,Pulsatilla patens,Borečský vrch,5449d,2021,STA_POKRDREV,Cévnaté rostliny,Borečský vrch,11772536,2021-05-21,1,val,ne,lok,val,NA,0,"0, do 5 %, 5-25 %",NA,neznámý
CZ0422075,Pulsatilla patens,Borečský vrch,5449d,2021,STA_POKRSTAR,Cévnaté rostliny,Borečský vrch,11772536,2021-05-21,1,val,ne,lok,val,NA,0,"0, do 5 %, 5-25 %",NA,neznámý
CZ0422075,Pulsatilla patens,Borečský vrch,5449d,2021,STA_POKRYVNOSTEXPANZNI,Cévnaté rostliny,Borečský vrch,11772536,2021-05-21,1,val,ne,lok,val,NA,0,"0, do 5 %, 5-25 %",NA,neznámý
CZ0422075,Pulsatilla patens,Borečský vrch,5449d,2021,STA_POKRYVNOSTINVAZNI,Cévnaté rostliny,Borečský vrch,11772536,2021-05-21,1,val,ne,lok,val,NA,0,"0, do 5 %",NA,neznámý
CZ0422075,Pulsatilla patens,"EVL Borečský vrch, snímek 2 - plocha v lomu s P. patens",5449d,2019,CELKOVE_HODNOCENI,Cévnaté rostliny,"EVL Borečský vrch, snímek 2 - plocha v lomu s P. patens",12029694,2019-08-08,0,NA,NA,lok,NA,NA,NA,NA,0,špatný
CZ0422075,Pulsatilla patens,"EVL Borečský vrch, snímek 2 - plocha v lomu s P. patens",5449d,2019,CELKOVE_SUM,Cévnaté rostliny,"EVL Borečský vrch, snímek 2 - plocha v lomu s P. patens",12029694,2019-08-08,0,NA,NA,NA,NA,NA,,,NA,3
CZ0422075,Pulsatilla patens,"EVL Borečský vrch, snímek 2 - plocha v lomu s P. patens",5449d,2019,POP_POCET,Cévnaté rostliny,"EVL Borečský vrch, snímek 2 - plocha v lomu s P. patens",12029694,2019-08-08,0,min,ano,lok,minmax,trsů,70,alespoň 70 trsů,0,0
CZ0422075,Pulsatilla patens,"EVL Borečský vrch, snímek 2 - plocha v lomu s P. patens",5449d,2019,POP_POSKPERC,Cévnaté rostliny,"EVL Borečský vrch, snímek 2 - plocha v lomu s P. patens",12029694,2019-08-08,0,max,ne,lok,minmax,počet trsů,1,nejvýš 1 počet trsů,1,0
CZ0422075,Pulsatilla patens,"EVL Borečský vrch, snímek 2 - plocha v lomu s P. patens",5449d,2019,POP_POSKPOC,Cévnaté rostliny,"EVL Borečský vrch, snímek 2 - plocha v lomu s P. patens",12029694,2019-08-08,0,max,ne,lok,minmax,počet typů poškození rostlin,2,nejvýš 2 počet typů poškození rostlin,1,0
CZ0422075,Pulsatilla patens,"EVL Borečský vrch, snímek 2 - plocha v lomu s P. patens",5449d,2019,POP_TREND,Cévnaté rostliny,"EVL Borečský vrch, snímek 2 - plocha v lomu s P. patens",12029694,2019-08-08,0,max,ano,lok,minmax,posledních dvou let s menším počtem jedinců než je referenční hodnota,1,nejvýš 1 posledních dvou let s menším počtem jedinců než je referenční hodnota,1,0
CZ0422075,Pulsatilla patens,"EVL Borečský vrch, snímek 2 - plocha v lomu s P. patens",5449d,2019,POP_VITAL,Cévnaté rostliny,"EVL Borečský vrch, snímek 2 - plocha v lomu s P. patens",12029694,2019-08-08,0,min,ano,lok,minmax,% počtu trsů,30,alespoň 30 % počtu trsů,NA,neznámý
CZ0422075,Pulsatilla patens,"EVL Borečský vrch, snímek 2 - plocha v lomu s P. patens",5449d,2019,STA_POKRDREV,Cévnaté rostliny,"EVL Borečský vrch, snímek 2 - plocha v lomu s P. patens",12029694,2019-08-08,0,val,ne,lok,val,NA,0,"0, do 5 %, 5-25 %",NA,neznámý
CZ0422075,Pulsatilla patens,"EVL Borečský vrch, snímek 2 - plocha v lomu s P. patens",5449d,2019,STA_POKRSTAR,Cévnaté rostliny,"EVL Borečský vrch, snímek 2 - plocha v lomu s P. patens",12029694,2019-08-08,0,val,ne,lok,val,NA,0,"0, do 5 %, 5-25 %",NA,neznámý
CZ0422075,Pulsatilla patens,"EVL Borečský vrch, snímek 2 - plocha v lomu s P. patens",5449d,2019,STA_POKRYVNOSTEXPANZNI,Cévnaté rostliny,"EVL Borečský vrch, snímek 2 - plocha v lomu s P. patens",12029694,2019-08-08,0,val,ne,lok,val,NA,0,"0, do 5 %, 5-25 %",NA,neznámý
CZ0422075,Pulsatilla patens,"EVL Borečský vrch, snímek 2 - plocha v lomu s P. patens",5449d,2019,STA_POKRYVNOSTINVAZNI,Cévnaté rostliny,"EVL Borečský vrch, snímek 2 - plocha v lomu s P. patens",12029694,2019-08-08,0,val,ne,lok,val,NA,0,"0, do 5 %",NA,neznámý
CZ0422075,Pulsatilla patens,"EVL Borečský vrch, snímek 2 - plocha v lomu s P. patens - kontrolní",5449d,2020,CELKOVE_HODNOCENI,Cévnaté rostliny,"EVL Borečský vrch, snímek 2 - plocha v lomu s P. patens - kontrolní",12029695,2020-07-15,0,NA,NA,lok,NA,NA,NA,NA,0,špatný
CZ0422075,Pulsatilla patens,"EVL Borečský vrch, snímek 2 - plocha v lomu s P. patens - kontrolní",5449d,2020,CELKOVE_SUM,Cévnaté rostliny,"EVL Borečský vrch, snímek 2 - plocha v lomu s P. patens - kontrolní",12029695,2020-07-15,0,NA,NA,NA,NA,NA,,,NA,3
CZ0422075,Pulsatilla patens,"EVL Borečský vrch, snímek 2 - plocha v lomu s P. patens - kontrolní",5449d,2020,POP_POCET,Cévnaté rostliny,"EVL Borečský vrch, snímek 2 - plocha v lomu s P. patens - kontrolní",12029695,2020-07-15,0,min,ano,lok,minmax,trsů,70,alespoň 70 trsů,0,0
CZ0422075,Pulsatilla patens,"EVL Borečský vrch, snímek 2 - plocha v lomu s P. patens - kontrolní",5449d,2020,POP_POSKPERC,Cévnaté rostliny,"EVL Borečský vrch, snímek 2 - plocha v lomu s P. patens - kontrolní",12029695,2020-07-15,0,max,ne,lok,minmax,počet trsů,1,nejvýš 1 počet trsů,1,0
CZ0422075,Pulsatilla patens,"EVL Borečský vrch, snímek 2 - plocha v lomu s P. patens - kontrolní",5449d,2020,POP_POSKPOC,Cévnaté rostliny,"EVL Borečský vrch, snímek 2 - plocha v lomu s P. patens - kontrolní",12029695,2020-07-15,0,max,ne,lok,minmax,počet typů poškození rostlin,2,nejvýš 2 počet typů poškození rostlin,1,0
CZ0422075,Pulsatilla patens,"EVL Borečský vrch, snímek 2 - plocha v lomu s P. patens - kontrolní",5449d,2020,POP_TREND,Cévnaté rostliny,"EVL Borečský vrch, snímek 2 - plocha v lomu s P. patens - kontrolní",12029695,2020-07-15,0,max,ano,lok,minmax,posledních dvou let s menším počtem jedinců než je referenční hodnota,1,nejvýš 1 posledních dvou let s menším počtem jedinců než je referenční hodnota,1,0
CZ0422075,Pulsatilla patens,"EVL Borečský vrch, snímek 2 - plocha v lomu s P. patens - kontrolní",5449d,2020,POP_VITAL,Cévnaté rostliny,"EVL Borečský vrch, snímek 2 - plocha v lomu s P. patens - kontrolní",12029695,2020-07-15,0,min,ano,lok,minmax,% počtu trsů,30,alespoň 30 % počtu trsů,NA,neznámý
CZ0422075,Pulsatilla patens,"EVL Borečský vrch, snímek 2 - plocha v lomu s P. patens - kontrolní",5449d,2020,STA_POKRDREV,Cévnaté rostliny,"EVL Borečský vrch, snímek 2 - plocha v lomu s P. patens - kontrolní",12029695,2020-07-15,0,val,ne,lok,val,NA,0,"0, do 5 %, 5-25 %",NA,neznámý
CZ0422075,Pulsatilla patens,"EVL Borečský vrch, snímek 2 - plocha v lomu s P. patens - kontrolní",5449d,2020,STA_POKRSTAR,Cévnaté rostliny,"EVL Borečský vrch, snímek 2 - plocha v lomu s P. patens - kontrolní",12029695,2020-07-15,0,val,ne,lok,val,NA,0,"0, do 5 %, 5-25 %",NA,neznámý
CZ0422075,Pulsatilla patens,"EVL Borečský vrch, snímek 2 - plocha v lomu s P. patens - kontrolní",5449d,2020,STA_POKRYVNOSTEXPANZNI,Cévnaté rostliny,"EVL Borečský vrch, snímek 2 - plocha v lomu s P. patens - kontrolní",12029695,2020-07-15,0,val,ne,lok,val,NA,0,"0, do 5 %, 5-25 %",NA,neznámý
CZ0422075,Pulsatilla patens,"EVL Borečský vrch, snímek 2 - plocha v lomu s P. patens - kontrolní",5449d,2020,STA_POKRYVNOSTINVAZNI,Cévnaté rostliny,"EVL Borečský vrch, snímek 2 - plocha v lomu s P. patens - kontrolní",12029695,2020-07-15,0,val,ne,lok,val,NA,0,"0, do 5 %",NA,neznámý
CZ0422075,Pulsatilla patens,Ppat017,5449d,2024,CELKOVE_HODNOCENI,Cévnaté rostliny,Borečský vrch,13437599,2024-04-29,1,NA,NA,lok,NA,NA,NA,NA,0,špatný
CZ0422075,Pulsatilla patens,Ppat017,5449d,2024,CELKOVE_SUM,Cévnaté rostliny,Borečský vrch,13437599,2024-04-29,1,NA,NA,NA,NA,NA,,,NA,5
CZ0422075,Pulsatilla patens,Ppat017,5449d,2024,POP_POCET,Cévnaté rostliny,Borečský vrch,13437599,2024-04-29,1,min,ano,lok,minmax,trsů,70,alespoň 70 trsů,0,67
CZ0422075,Pulsatilla patens,Ppat017,5449d,2024,POP_POSKPERC,Cévnaté rostliny,Borečský vrch,13437599,2024-04-29,1,max,ne,lok,minmax,počet trsů,1,nejvýš 1 počet trsů,0,2
CZ0422075,Pulsatilla patens,Ppat017,5449d,2024,POP_POSKPOC,Cévnaté rostliny,Borečský vrch,13437599,2024-04-29,1,max,ne,lok,minmax,počet typů poškození rostlin,2,nejvýš 2 počet typů poškození rostlin,1,1
CZ0422075,Pulsatilla patens,Ppat017,5449d,2024,POP_TREND,Cévnaté rostliny,Borečský vrch,13437599,2024-04-29,1,max,ano,lok,minmax,posledních dvou let s menším počtem jedinců než je referenční hodnota,1,nejvýš 1 posledních dvou let s menším počtem jedinců než je referenční hodnota,1,0
CZ0422075,Pulsatilla patens,Ppat017,5449d,2024,POP_VITAL,Cévnaté rostliny,Borečský vrch,13437599,2024-04-29,1,min,ano,lok,minmax,% počtu trsů,30,alespoň 30 % počtu trsů,0,16.4179104477612
CZ0422075,Pulsatilla patens,Ppat017,5449d,2024,STA_POKRDREV,Cévnaté rostliny,Borečský vrch,13437599,2024-04-29,1,val,ne,lok,val,NA,0,"0, do 5 %, 5-25 %",0,25-50 %
CZ0422075,Pulsatilla patens,Ppat017,5449d,2024,STA_POKRSTAR,Cévnaté rostliny,Borečský vrch,13437599,2024-04-29,1,val,ne,lok,val,NA,0,"0, do 5 %, 5-25 %",1,do 5 %
CZ0422075,Pulsatilla patens,Ppat017,5449d,2024,STA_POKRYVNOSTEXPANZNI,Cévnaté rostliny,Borečský vrch,13437599,2024-04-29,1,val,ne,lok,val,NA,0,"0, do 5 %, 5-25 %",1,0
CZ0422075,Pulsatilla patens,Ppat017,5449d,2024,STA_POKRYVNOSTINVAZNI,Cévnaté rostliny,Borečský vrch,13437599,2024-04-29,1,val,ne,lok,val,NA,0,"0, do 5 %",1,0
CZ0424030,Pulsatilla patens,Krásná Lípa,5546a,2021,CELKOVE_HODNOCENI,Cévnaté rostliny,Krásná Lípa,11773343,2021-04-22,1,NA,NA,lok,NA,NA,NA,NA,0,špatný
CZ0424030,Pulsatilla patens,Krásná Lípa,5546a,2021,CELKOVE_SUM,Cévnaté rostliny,Krásná Lípa,11773343,2021-04-22,1,NA,NA,NA,NA,NA,,,NA,2
CZ0424030,Pulsatilla patens,Krásná Lípa,5546a,2021,POP_POCET,Cévnaté rostliny,Krásná Lípa,11773343,2021-04-22,1,min,ano,lok,minmax,trsů,70,alespoň 70 trsů,0,0
CZ0424030,Pulsatilla patens,Krásná Lípa,5546a,2021,POP_POSKPERC,Cévnaté rostliny,Krásná Lípa,11773343,2021-04-22,1,max,ne,lok,minmax,počet trsů,1,nejvýš 1 počet trsů,1,0
CZ0424030,Pulsatilla patens,Krásná Lípa,5546a,2021,POP_POSKPOC,Cévnaté rostliny,Krásná Lípa,11773343,2021-04-22,1,max,ne,lok,minmax,počet typů poškození rostlin,2,nejvýš 2 počet typů poškození rostlin,1,0
CZ0424030,Pulsatilla patens,Krásná Lípa,5546a,2021,POP_TREND,Cévnaté rostliny,Krásná Lípa,11773343,2021-04-22,1,max,ano,lok,minmax,posledních dvou let s menším počtem jedinců než je referenční hodnota,1,nejvýš 1 posledních dvou let s menším počtem jedinců než je referenční hodnota,0,2
CZ0424030,Pulsatilla patens,Krásná Lípa,5546a,2021,POP_VITAL,Cévnaté rostliny,Krásná Lípa,11773343,2021-04-22,1,min,ano,lok,minmax,% počtu trsů,30,alespoň 30 % počtu trsů,NA,neznámý
CZ0424030,Pulsatilla patens,Krásná Lípa,5546a,2021,STA_POKRDREV,Cévnaté rostliny,Krásná Lípa,11773343,2021-04-22,1,val,ne,lok,val,NA,0,"0, do 5 %, 5-25 %",NA,neznámý
CZ0424030,Pulsatilla patens,Krásná Lípa,5546a,2021,STA_POKRSTAR,Cévnaté rostliny,Krásná Lípa,11773343,2021-04-22,1,val,ne,lok,val,NA,0,"0, do 5 %, 5-25 %",NA,neznámý
CZ0424030,Pulsatilla patens,Krásná Lípa,5546a,2021,STA_POKRYVNOSTEXPANZNI,Cévnaté rostliny,Krásná Lípa,11773343,2021-04-22,1,val,ne,lok,val,NA,0,"0, do 5 %, 5-25 %",NA,neznámý
CZ0424030,Pulsatilla patens,Krásná Lípa,5546a,2021,STA_POKRYVNOSTINVAZNI,Cévnaté rostliny,Krásná Lípa,11773343,2021-04-22,1,val,ne,lok,val,NA,0,"0, do 5 %",NA,neznámý
CZ0424030,Pulsatilla patens,Krásná Lípa u Křimova_33440275,5546a,2014,CELKOVE_HODNOCENI,Cévnaté rostliny,Krásná Lípa u Křimova_33440275,9767314,2014-06-29,0,NA,NA,lok,NA,NA,NA,NA,0,špatný
CZ0424030,Pulsatilla patens,Krásná Lípa u Křimova_33440275,5546a,2014,CELKOVE_SUM,Cévnaté rostliny,Krásná Lípa u Křimova_33440275,9767314,2014-06-29,0,NA,NA,NA,NA,NA,,,NA,3
CZ0424030,Pulsatilla patens,Krásná Lípa u Křimova_33440275,5546a,2014,POP_POCET,Cévnaté rostliny,Krásná Lípa u Křimova_33440275,9767314,2014-06-29,0,min,ano,lok,minmax,trsů,70,alespoň 70 trsů,0,0
CZ0424030,Pulsatilla patens,Krásná Lípa u Křimova_33440275,5546a,2014,POP_POSKPERC,Cévnaté rostliny,Krásná Lípa u Křimova_33440275,9767314,2014-06-29,0,max,ne,lok,minmax,počet trsů,1,nejvýš 1 počet trsů,1,0
CZ0424030,Pulsatilla patens,Krásná Lípa u Křimova_33440275,5546a,2014,POP_POSKPOC,Cévnaté rostliny,Krásná Lípa u Křimova_33440275,9767314,2014-06-29,0,max,ne,lok,minmax,počet typů poškození rostlin,2,nejvýš 2 počet typů poškození rostlin,1,0
CZ0424030,Pulsatilla patens,Krásná Lípa u Křimova_33440275,5546a,2014,POP_TREND,Cévnaté rostliny,Krásná Lípa u Křimova_33440275,9767314,2014-06-29,0,max,ano,lok,minmax,posledních dvou let s menším počtem jedinců než je referenční hodnota,1,nejvýš 1 posledních dvou let s menším počtem jedinců než je referenční hodnota,1,0
CZ0424030,Pulsatilla patens,Krásná Lípa u Křimova_33440275,5546a,2014,POP_VITAL,Cévnaté rostliny,Krásná Lípa u Křimova_33440275,9767314,2014-06-29,0,min,ano,lok,minmax,% počtu trsů,30,alespoň 30 % počtu trsů,NA,neznámý
CZ0424030,Pulsatilla patens,Krásná Lípa u Křimova_33440275,5546a,2014,STA_POKRDREV,Cévnaté rostliny,Krásná Lípa u Křimova_33440275,9767314,2014-06-29,0,val,ne,lok,val,NA,0,"0, do 5 %, 5-25 %",NA,neznámý
CZ0424030,Pulsatilla patens,Krásná Lípa u Křimova_33440275,5546a,2014,STA_POKRSTAR,Cévnaté rostliny,Krásná Lípa u Křimova_33440275,9767314,2014-06-29,0,val,ne,lok,val,NA,0,"0, do 5 %, 5-25 %",NA,neznámý
CZ0424030,Pulsatilla patens,Krásná Lípa u Křimova_33440275,5546a,2014,STA_POKRYVNOSTEXPANZNI,Cévnaté rostliny,Krásná Lípa u Křimova_33440275,9767314,2014-06-29,0,val,ne,lok,val,NA,0,"0, do 5 %, 5-25 %",NA,neznámý
CZ0424030,Pulsatilla patens,Krásná Lípa u Křimova_33440275,5546a,2014,STA_POKRYVNOSTINVAZNI,Cévnaté rostliny,Krásná Lípa u Křimova_33440275,9767314,2014-06-29,0,val,ne,lok,val,NA,0,"0, do 5 %",NA,neznámý
CZ0424030,Pulsatilla patens,Ppat004,5546a,2023,CELKOVE_HODNOCENI,Cévnaté rostliny,Krásná Lípa,13029319,2023-04-16,1,NA,NA,lok,NA,NA,NA,NA,0,špatný
CZ0424030,Pulsatilla patens,Ppat004,5546a,2023,CELKOVE_SUM,Cévnaté rostliny,Krásná Lípa,13029319,2023-04-16,1,NA,NA,NA,NA,NA,,,NA,7
CZ0424030,Pulsatilla patens,Ppat004,5546a,2023,POP_POCET,Cévnaté rostliny,Krásná Lípa,13029319,2023-04-16,1,min,ano,lok,minmax,trsů,70,alespoň 70 trsů,0,22
CZ0424030,Pulsatilla patens,Ppat004,5546a,2023,POP_POSKPERC,Cévnaté rostliny,Krásná Lípa,13029319,2023-04-16,1,max,ne,lok,minmax,počet trsů,1,nejvýš 1 počet trsů,1,0
CZ0424030,Pulsatilla patens,Ppat004,5546a,2023,POP_POSKPOC,Cévnaté rostliny,Krásná Lípa,13029319,2023-04-16,1,max,ne,lok,minmax,počet typů poškození rostlin,2,nejvýš 2 počet typů poškození rostlin,1,0
CZ0424030,Pulsatilla patens,Ppat004,5546a,2023,POP_TREND,Cévnaté rostliny,Krásná Lípa,13029319,2023-04-16,1,max,ano,lok,minmax,posledních dvou let s menším počtem jedinců než je referenční hodnota,1,nejvýš 1 posledních dvou let s menším počtem jedinců než je referenční hodnota,0,2
CZ0424030,Pulsatilla patens,Ppat004,5546a,2023,POP_VITAL,Cévnaté rostliny,Krásná Lípa,13029319,2023-04-16,1,min,ano,lok,minmax,% počtu trsů,30,alespoň 30 % počtu trsů,1,59.0909090909091
CZ0424030,Pulsatilla patens,Ppat004,5546a,2023,STA_POKRDREV,Cévnaté rostliny,Krásná Lípa,13029319,2023-04-16,1,val,ne,lok,val,NA,0,"0, do 5 %, 5-25 %",1,0
CZ0424030,Pulsatilla patens,Ppat004,5546a,2023,STA_POKRSTAR,Cévnaté rostliny,Krásná Lípa,13029319,2023-04-16,1,val,ne,lok,val,NA,0,"0, do 5 %, 5-25 %",1,do 5 %
CZ0424030,Pulsatilla patens,Ppat004,5546a,2023,STA_POKRYVNOSTEXPANZNI,Cévnaté rostliny,Krásná Lípa,13029319,2023-04-16,1,val,ne,lok,val,NA,0,"0, do 5 %, 5-25 %",1,0
CZ0424030,Pulsatilla patens,Ppat004,5546a,2023,STA_POKRYVNOSTINVAZNI,Cévnaté rostliny,Krásná Lípa,13029319,2023-04-16,1,val,ne,lok,val,NA,0,"0, do 5 %",1,0
CZ0424038,Pulsatilla patens,"24719, Hlinná",5450b,2022,CELKOVE_HODNOCENI,Cévnaté rostliny,"24719, Hlinná","11776685, 11795675",2022-04-15,0,NA,NA,lok,NA,NA,NA,NA,0,špatný
CZ0424038,Pulsatilla patens,"24719, Hlinná",5450b,2022,CELKOVE_SUM,Cévnaté rostliny,"24719, Hlinná","11776685, 11795675",2022-04-15,0,NA,NA,NA,NA,NA,,,NA,2
CZ0424038,Pulsatilla patens,"24719, Hlinná",5450b,2022,POP_POCET,Cévnaté rostliny,"24719, Hlinná","11776685, 11795675",2022-04-15,0,min,ano,lok,minmax,trsů,70,alespoň 70 trsů,0,0
CZ0424038,Pulsatilla patens,"24719, Hlinná",5450b,2022,POP_POSKPERC,Cévnaté rostliny,"24719, Hlinná","11776685, 11795675",2022-04-15,0,max,ne,lok,minmax,počet trsů,1,nejvýš 1 počet trsů,1,0
CZ0424038,Pulsatilla patens,"24719, Hlinná",5450b,2022,POP_POSKPOC,Cévnaté rostliny,"24719, Hlinná","11776685, 11795675",2022-04-15,0,max,ne,lok,minmax,počet typů poškození rostlin,2,nejvýš 2 počet typů poškození rostlin,1,0
CZ0424038,Pulsatilla patens,"24719, Hlinná",5450b,2022,POP_TREND,Cévnaté rostliny,"24719, Hlinná","11776685, 11795675",2022-04-15,0,max,ano,lok,minmax,posledních dvou let s menším počtem jedinců než je referenční hodnota,1,nejvýš 1 posledních dvou let s menším počtem jedinců než je referenční hodnota,0,2
CZ0424038,Pulsatilla patens,"24719, Hlinná",5450b,2022,POP_VITAL,Cévnaté rostliny,"24719, Hlinná","11776685, 11795675",2022-04-15,0,min,ano,lok,minmax,% počtu trsů,30,alespoň 30 % počtu trsů,NA,neznámý
CZ0424038,Pulsatilla patens,"24719, Hlinná",5450b,2022,STA_POKRDREV,Cévnaté rostliny,"24719, Hlinná","11776685, 11795675",2022-04-15,0,val,ne,lok,val,NA,0,"0, do 5 %, 5-25 %",NA,neznámý
CZ0424038,Pulsatilla patens,"24719, Hlinná",5450b,2022,STA_POKRSTAR,Cévnaté rostliny,"24719, Hlinná","11776685, 11795675",2022-04-15,0,val,ne,lok,val,NA,0,"0, do 5 %, 5-25 %",NA,neznámý
CZ0424038,Pulsatilla patens,"24719, Hlinná",5450b,2022,STA_POKRYVNOSTEXPANZNI,Cévnaté rostliny,"24719, Hlinná","11776685, 11795675",2022-04-15,0,val,ne,lok,val,NA,0,"0, do 5 %, 5-25 %",NA,neznámý
CZ0424038,Pulsatilla patens,"24719, Hlinná",5450b,2022,STA_POKRYVNOSTINVAZNI,Cévnaté rostliny,"24719, Hlinná","11776685, 11795675",2022-04-15,0,val,ne,lok,val,NA,0,"0, do 5 %",NA,neznámý
CZ0424038,Pulsatilla patens,"EVL Holý vrch u Hlinné, snímek 2 - plocha s P.patens - s managementem",5450b,2020,CELKOVE_HODNOCENI,Cévnaté rostliny,"EVL Holý vrch u Hlinné, snímek 2 - plocha s P.patens - s managementem",12029702,2020-08-12,0,NA,NA,lok,NA,NA,NA,NA,0,špatný
CZ0424038,Pulsatilla patens,"EVL Holý vrch u Hlinné, snímek 2 - plocha s P.patens - s managementem",5450b,2020,CELKOVE_SUM,Cévnaté rostliny,"EVL Holý vrch u Hlinné, snímek 2 - plocha s P.patens - s managementem",12029702,2020-08-12,0,NA,NA,NA,NA,NA,,,NA,2
CZ0424038,Pulsatilla patens,"EVL Holý vrch u Hlinné, snímek 2 - plocha s P.patens - s managementem",5450b,2020,POP_POCET,Cévnaté rostliny,"EVL Holý vrch u Hlinné, snímek 2 - plocha s P.patens - s managementem",12029702,2020-08-12,0,min,ano,lok,minmax,trsů,70,alespoň 70 trsů,0,0
CZ0424038,Pulsatilla patens,"EVL Holý vrch u Hlinné, snímek 2 - plocha s P.patens - s managementem",5450b,2020,POP_POSKPERC,Cévnaté rostliny,"EVL Holý vrch u Hlinné, snímek 2 - plocha s P.patens - s managementem",12029702,2020-08-12,0,max,ne,lok,minmax,počet trsů,1,nejvýš 1 počet trsů,1,0
CZ0424038,Pulsatilla patens,"EVL Holý vrch u Hlinné, snímek 2 - plocha s P.patens - s managementem",5450b,2020,POP_POSKPOC,Cévnaté rostliny,"EVL Holý vrch u Hlinné, snímek 2 - plocha s P.patens - s managementem",12029702,2020-08-12,0,max,ne,lok,minmax,počet typů poškození rostlin,2,nejvýš 2 počet typů poškození rostlin,1,0
CZ0424038,Pulsatilla patens,"EVL Holý vrch u Hlinné, snímek 2 - plocha s P.patens - s managementem",5450b,2020,POP_TREND,Cévnaté rostliny,"EVL Holý vrch u Hlinné, snímek 2 - plocha s P.patens - s managementem",12029702,2020-08-12,0,max,ano,lok,minmax,posledních dvou let s menším počtem jedinců než je referenční hodnota,1,nejvýš 1 posledních dvou let s menším počtem jedinců než je referenční hodnota,0,2
CZ0424038,Pulsatilla patens,"EVL Holý vrch u Hlinné, snímek 2 - plocha s P.patens - s managementem",5450b,2020,POP_VITAL,Cévnaté rostliny,"EVL Holý vrch u Hlinné, snímek 2 - plocha s P.patens - s managementem",12029702,2020-08-12,0,min,ano,lok,minmax,% počtu trsů,30,alespoň 30 % počtu trsů,NA,neznámý
CZ0424038,Pulsatilla patens,"EVL Holý vrch u Hlinné, snímek 2 - plocha s P.patens - s managementem",5450b,2020,STA_POKRDREV,Cévnaté rostliny,"EVL Holý vrch u Hlinné, snímek 2 - plocha s P.patens - s managementem",12029702,2020-08-12,0,val,ne,lok,val,NA,0,"0, do 5 %, 5-25 %",NA,neznámý
CZ0424038,Pulsatilla patens,"EVL Holý vrch u Hlinné, snímek 2 - plocha s P.patens - s managementem",5450b,2020,STA_POKRSTAR,Cévnaté rostliny,"EVL Holý vrch u Hlinné, snímek 2 - plocha s P.patens - s managementem",12029702,2020-08-12,0,val,ne,lok,val,NA,0,"0, do 5 %, 5-25 %",NA,neznámý
CZ0424038,Pulsatilla patens,"EVL Holý vrch u Hlinné, snímek 2 - plocha s P.patens - s managementem",5450b,2020,STA_POKRYVNOSTEXPANZNI,Cévnaté rostliny,"EVL Holý vrch u Hlinné, snímek 2 - plocha s P.patens - s managementem",12029702,2020-08-12,0,val,ne,lok,val,NA,0,"0, do 5 %, 5-25 %",NA,neznámý
CZ0424038,Pulsatilla patens,"EVL Holý vrch u Hlinné, snímek 2 - plocha s P.patens - s managementem",5450b,2020,STA_POKRYVNOSTINVAZNI,Cévnaté rostliny,"EVL Holý vrch u Hlinné, snímek 2 - plocha s P.patens - s managementem",12029702,2020-08-12,0,val,ne,lok,val,NA,0,"0, do 5 %",NA,neznámý
CZ0424038,Pulsatilla patens,Hlinná,5450b,2023,CELKOVE_HODNOCENI,Cévnaté rostliny,Hlinná,12255664,2023-04-04,0,NA,NA,lok,NA,NA,NA,NA,0,špatný
CZ0424038,Pulsatilla patens,Hlinná,5450b,2023,CELKOVE_SUM,Cévnaté rostliny,Hlinná,12255664,2023-04-04,0,NA,NA,NA,NA,NA,,,NA,3
CZ0424038,Pulsatilla patens,Hlinná,5450b,2023,POP_POCET,Cévnaté rostliny,Hlinná,12255664,2023-04-04,0,min,ano,lok,minmax,trsů,70,alespoň 70 trsů,0,0
CZ0424038,Pulsatilla patens,Hlinná,5450b,2023,POP_POSKPERC,Cévnaté rostliny,Hlinná,12255664,2023-04-04,0,max,ne,lok,minmax,počet trsů,1,nejvýš 1 počet trsů,1,0
CZ0424038,Pulsatilla patens,Hlinná,5450b,2023,POP_POSKPOC,Cévnaté rostliny,Hlinná,12255664,2023-04-04,0,max,ne,lok,minmax,počet typů poškození rostlin,2,nejvýš 2 počet typů poškození rostlin,1,0
CZ0424038,Pulsatilla patens,Hlinná,5450b,2023,POP_TREND,Cévnaté rostliny,Hlinná,12255664,2023-04-04,0,max,ano,lok,minmax,posledních dvou let s menším počtem jedinců než je referenční hodnota,1,nejvýš 1 posledních dvou let s menším počtem jedinců než je referenční hodnota,1,0
CZ0424038,Pulsatilla patens,Hlinná,5450b,2023,POP_VITAL,Cévnaté rostliny,Hlinná,12255664,2023-04-04,0,min,ano,lok,minmax,% počtu trsů,30,alespoň 30 % počtu trsů,NA,neznámý
CZ0424038,Pulsatilla patens,Hlinná,5450b,2023,STA_POKRDREV,Cévnaté rostliny,Hlinná,12255664,2023-04-04,0,val,ne,lok,val,NA,0,"0, do 5 %, 5-25 %",NA,neznámý
CZ0424038,Pulsatilla patens,Hlinná,5450b,2023,STA_POKRSTAR,Cévnaté rostliny,Hlinná,12255664,2023-04-04,0,val,ne,lok,val,NA,0,"0, do 5 %, 5-25 %",NA,neznámý
CZ0424038,Pulsatilla patens,Hlinná,5450b,2023,STA_POKRYVNOSTEXPANZNI,Cévnaté rostliny,Hlinná,12255664,2023-04-04,0,val,ne,lok,val,NA,0,"0, do 5 %, 5-25 %",NA,neznámý
CZ0424038,Pulsatilla patens,Hlinná,5450b,2023,STA_POKRYVNOSTINVAZNI,Cévnaté rostliny,Hlinná,12255664,2023-04-04,0,val,ne,lok,val,NA,0,"0, do 5 %",NA,neznámý
CZ0424038,Pulsatilla patens,Hlinná_1250315,5450b,2012,CELKOVE_HODNOCENI,Cévnaté rostliny,Hlinná_1250315,9099510,2012-06-18,0,NA,NA,lok,NA,NA,NA,NA,0,špatný
CZ0424038,Pulsatilla patens,Hlinná_1250315,5450b,2012,CELKOVE_SUM,Cévnaté rostliny,Hlinná_1250315,9099510,2012-06-18,0,NA,NA,NA,NA,NA,,,NA,3
CZ0424038,Pulsatilla patens,Hlinná_1250315,5450b,2012,POP_POCET,Cévnaté rostliny,Hlinná_1250315,9099510,2012-06-18,0,min,ano,lok,minmax,trsů,70,alespoň 70 trsů,0,0
CZ0424038,Pulsatilla patens,Hlinná_1250315,5450b,2012,POP_POSKPERC,Cévnaté rostliny,Hlinná_1250315,9099510,2012-06-18,0,max,ne,lok,minmax,počet trsů,1,nejvýš 1 počet trsů,1,0
CZ0424038,Pulsatilla patens,Hlinná_1250315,5450b,2012,POP_POSKPOC,Cévnaté rostliny,Hlinná_1250315,9099510,2012-06-18,0,max,ne,lok,minmax,počet typů poškození rostlin,2,nejvýš 2 počet typů poškození rostlin,1,0
CZ0424038,Pulsatilla patens,Hlinná_1250315,5450b,2012,POP_TREND,Cévnaté rostliny,Hlinná_1250315,9099510,2012-06-18,0,max,ano,lok,minmax,posledních dvou let s menším počtem jedinců než je referenční hodnota,1,nejvýš 1 posledních dvou let s menším počtem jedinců než je referenční hodnota,1,0
CZ0424038,Pulsatilla patens,Hlinná_1250315,5450b,2012,POP_VITAL,Cévnaté rostliny,Hlinná_1250315,9099510,2012-06-18,0,min,ano,lok,minmax,% počtu trsů,30,alespoň 30 % počtu trsů,NA,neznámý
CZ0424038,Pulsatilla patens,Hlinná_1250315,5450b,2012,STA_POKRDREV,Cévnaté rostliny,Hlinná_1250315,9099510,2012-06-18,0,val,ne,lok,val,NA,0,"0, do 5 %, 5-25 %",NA,neznámý
CZ0424038,Pulsatilla patens,Hlinná_1250315,5450b,2012,STA_POKRSTAR,Cévnaté rostliny,Hlinná_1250315,9099510,2012-06-18,0,val,ne,lok,val,NA,0,"0, do 5 %, 5-25 %",NA,neznámý
CZ0424038,Pulsatilla patens,Hlinná_1250315,5450b,2012,STA_POKRYVNOSTEXPANZNI,Cévnaté rostliny,Hlinná_1250315,9099510,2012-06-18,0,val,ne,lok,val,NA,0,"0, do 5 %, 5-25 %",NA,neznámý
CZ0424038,Pulsatilla patens,Hlinná_1250315,5450b,2012,STA_POKRYVNOSTINVAZNI,Cévnaté rostliny,Hlinná_1250315,9099510,2012-06-18,0,val,ne,lok,val,NA,0,"0, do 5 %",NA,neznámý
CZ0424038,Pulsatilla patens,Hlinná_1250327,5450b,2013,CELKOVE_HODNOCENI,Cévnaté rostliny,Hlinná_1250327,9099659,2013-06-30,0,NA,NA,lok,NA,NA,NA,NA,0,špatný
CZ0424038,Pulsatilla patens,Hlinná_1250327,5450b,2013,CELKOVE_SUM,Cévnaté rostliny,Hlinná_1250327,9099659,2013-06-30,0,NA,NA,NA,NA,NA,,,NA,3
CZ0424038,Pulsatilla patens,Hlinná_1250327,5450b,2013,POP_POCET,Cévnaté rostliny,Hlinná_1250327,9099659,2013-06-30,0,min,ano,lok,minmax,trsů,70,alespoň 70 trsů,0,0
CZ0424038,Pulsatilla patens,Hlinná_1250327,5450b,2013,POP_POSKPERC,Cévnaté rostliny,Hlinná_1250327,9099659,2013-06-30,0,max,ne,lok,minmax,počet trsů,1,nejvýš 1 počet trsů,1,0
CZ0424038,Pulsatilla patens,Hlinná_1250327,5450b,2013,POP_POSKPOC,Cévnaté rostliny,Hlinná_1250327,9099659,2013-06-30,0,max,ne,lok,minmax,počet typů poškození rostlin,2,nejvýš 2 počet typů poškození rostlin,1,0
CZ0424038,Pulsatilla patens,Hlinná_1250327,5450b,2013,POP_TREND,Cévnaté rostliny,Hlinná_1250327,9099659,2013-06-30,0,max,ano,lok,minmax,posledních dvou let s menším počtem jedinců než je referenční hodnota,1,nejvýš 1 posledních dvou let s menším počtem jedinců než je referenční hodnota,1,0
CZ0424038,Pulsatilla patens,Hlinná_1250327,5450b,2013,POP_VITAL,Cévnaté rostliny,Hlinná_1250327,9099659,2013-06-30,0,min,ano,lok,minmax,% počtu trsů,30,alespoň 30 % počtu trsů,NA,neznámý
CZ0424038,Pulsatilla patens,Hlinná_1250327,5450b,2013,STA_POKRDREV,Cévnaté rostliny,Hlinná_1250327,9099659,2013-06-30,0,val,ne,lok,val,NA,0,"0, do 5 %, 5-25 %",NA,neznámý
CZ0424038,Pulsatilla patens,Hlinná_1250327,5450b,2013,STA_POKRSTAR,Cévnaté rostliny,Hlinná_1250327,9099659,2013-06-30,0,val,ne,lok,val,NA,0,"0, do 5 %, 5-25 %",NA,neznámý
CZ0424038,Pulsatilla patens,Hlinná_1250327,5450b,2013,STA_POKRYVNOSTEXPANZNI,Cévnaté rostliny,Hlinná_1250327,9099659,2013-06-30,0,val,ne,lok,val,NA,0,"0, do 5 %, 5-25 %",NA,neznámý
CZ0424038,Pulsatilla patens,Hlinná_1250327,5450b,2013,STA_POKRYVNOSTINVAZNI,Cévnaté rostliny,Hlinná_1250327,9099659,2013-06-30,0,val,ne,lok,val,NA,0,"0, do 5 %",NA,neznámý
CZ0424038,Pulsatilla patens,Hlinná_1250364,5450b,2013,CELKOVE_HODNOCENI,Cévnaté rostliny,Hlinná_1250364,9099788,2013-06-30,0,NA,NA,lok,NA,NA,NA,NA,0,špatný
CZ0424038,Pulsatilla patens,Hlinná_1250364,5450b,2013,CELKOVE_SUM,Cévnaté rostliny,Hlinná_1250364,9099788,2013-06-30,0,NA,NA,NA,NA,NA,,,NA,3
CZ0424038,Pulsatilla patens,Hlinná_1250364,5450b,2013,POP_POCET,Cévnaté rostliny,Hlinná_1250364,9099788,2013-06-30,0,min,ano,lok,minmax,trsů,70,alespoň 70 trsů,0,0
CZ0424038,Pulsatilla patens,Hlinná_1250364,5450b,2013,POP_POSKPERC,Cévnaté rostliny,Hlinná_1250364,9099788,2013-06-30,0,max,ne,lok,minmax,počet trsů,1,nejvýš 1 počet trsů,1,0
CZ0424038,Pulsatilla patens,Hlinná_1250364,5450b,2013,POP_POSKPOC,Cévnaté rostliny,Hlinná_1250364,9099788,2013-06-30,0,max,ne,lok,minmax,počet typů poškození rostlin,2,nejvýš 2 počet typů poškození rostlin,1,0
CZ0424038,Pulsatilla patens,Hlinná_1250364,5450b,2013,POP_TREND,Cévnaté rostliny,Hlinná_1250364,9099788,2013-06-30,0,max,ano,lok,minmax,posledních dvou let s menším počtem jedinců než je referenční hodnota,1,nejvýš 1 posledních dvou let s menším počtem jedinců než je referenční hodnota,1,0
CZ0424038,Pulsatilla patens,Hlinná_1250364,5450b,2013,POP_VITAL,Cévnaté rostliny,Hlinná_1250364,9099788,2013-06-30,0,min,ano,lok,minmax,% počtu trsů,30,alespoň 30 % počtu trsů,NA,neznámý
CZ0424038,Pulsatilla patens,Hlinná_1250364,5450b,2013,STA_POKRDREV,Cévnaté rostliny,Hlinná_1250364,9099788,2013-06-30,0,val,ne,lok,val,NA,0,"0, do 5 %, 5-25 %",NA,neznámý
CZ0424038,Pulsatilla patens,Hlinná_1250364,5450b,2013,STA_POKRSTAR,Cévnaté rostliny,Hlinná_1250364,9099788,2013-06-30,0,val,ne,lok,val,NA,0,"0, do 5 %, 5-25 %",NA,neznámý
CZ0424038,Pulsatilla patens,Hlinná_1250364,5450b,2013,STA_POKRYVNOSTEXPANZNI,Cévnaté rostliny,Hlinná_1250364,9099788,2013-06-30,0,val,ne,lok,val,NA,0,"0, do 5 %, 5-25 %",NA,neznámý
CZ0424038,Pulsatilla patens,Hlinná_1250364,5450b,2013,STA_POKRYVNOSTINVAZNI,Cévnaté rostliny,Hlinná_1250364,9099788,2013-06-30,0,val,ne,lok,val,NA,0,"0, do 5 %",NA,neznámý
CZ0424038,Pulsatilla patens,Hlinná_1250995,5450b,2013,CELKOVE_HODNOCENI,Cévnaté rostliny,Hlinná_1250995,9099700,2013-06-30,0,NA,NA,lok,NA,NA,NA,NA,0,špatný
CZ0424038,Pulsatilla patens,Hlinná_1250995,5450b,2013,CELKOVE_SUM,Cévnaté rostliny,Hlinná_1250995,9099700,2013-06-30,0,NA,NA,NA,NA,NA,,,NA,3
CZ0424038,Pulsatilla patens,Hlinná_1250995,5450b,2013,POP_POCET,Cévnaté rostliny,Hlinná_1250995,9099700,2013-06-30,0,min,ano,lok,minmax,trsů,70,alespoň 70 trsů,0,0
CZ0424038,Pulsatilla patens,Hlinná_1250995,5450b,2013,POP_POSKPERC,Cévnaté rostliny,Hlinná_1250995,9099700,2013-06-30,0,max,ne,lok,minmax,počet trsů,1,nejvýš 1 počet trsů,1,0
CZ0424038,Pulsatilla patens,Hlinná_1250995,5450b,2013,POP_POSKPOC,Cévnaté rostliny,Hlinná_1250995,9099700,2013-06-30,0,max,ne,lok,minmax,počet typů poškození rostlin,2,nejvýš 2 počet typů poškození rostlin,1,0
CZ0424038,Pulsatilla patens,Hlinná_1250995,5450b,2013,POP_TREND,Cévnaté rostliny,Hlinná_1250995,9099700,2013-06-30,0,max,ano,lok,minmax,posledních dvou let s menším počtem jedinců než je referenční hodnota,1,nejvýš 1 posledních dvou let s menším počtem jedinců než je referenční hodnota,1,0
CZ0424038,Pulsatilla patens,Hlinná_1250995,5450b,2013,POP_VITAL,Cévnaté rostliny,Hlinná_1250995,9099700,2013-06-30,0,min,ano,lok,minmax,% počtu trsů,30,alespoň 30 % počtu trsů,NA,neznámý
CZ0424038,Pulsatilla patens,Hlinná_1250995,5450b,2013,STA_POKRDREV,Cévnaté rostliny,Hlinná_1250995,9099700,2013-06-30,0,val,ne,lok,val,NA,0,"0, do 5 %, 5-25 %",NA,neznámý
CZ0424038,Pulsatilla patens,Hlinná_1250995,5450b,2013,STA_POKRSTAR,Cévnaté rostliny,Hlinná_1250995,9099700,2013-06-30,0,val,ne,lok,val,NA,0,"0, do 5 %, 5-25 %",NA,neznámý
CZ0424038,Pulsatilla patens,Hlinná_1250995,5450b,2013,STA_POKRYVNOSTEXPANZNI,Cévnaté rostliny,Hlinná_1250995,9099700,2013-06-30,0,val,ne,lok,val,NA,0,"0, do 5 %, 5-25 %",NA,neznámý
CZ0424038,Pulsatilla patens,Hlinná_1250995,5450b,2013,STA_POKRYVNOSTINVAZNI,Cévnaté rostliny,Hlinná_1250995,9099700,2013-06-30,0,val,ne,lok,val,NA,0,"0, do 5 %",NA,neznámý
CZ0424038,Pulsatilla patens,"Holy vrch, Hradiste, Hlinna",5450b,2015,CELKOVE_HODNOCENI,Cévnaté rostliny,"Holy vrch, Hradiste, Hlinna",9527176,2015-10-10,0,NA,NA,lok,NA,NA,NA,NA,0,špatný
CZ0424038,Pulsatilla patens,"Holy vrch, Hradiste, Hlinna",5450b,2015,CELKOVE_SUM,Cévnaté rostliny,"Holy vrch, Hradiste, Hlinna",9527176,2015-10-10,0,NA,NA,NA,NA,NA,,,NA,3
CZ0424038,Pulsatilla patens,"Holy vrch, Hradiste, Hlinna",5450b,2015,POP_POCET,Cévnaté rostliny,"Holy vrch, Hradiste, Hlinna",9527176,2015-10-10,0,min,ano,lok,minmax,trsů,70,alespoň 70 trsů,0,0
CZ0424038,Pulsatilla patens,"Holy vrch, Hradiste, Hlinna",5450b,2015,POP_POSKPERC,Cévnaté rostliny,"Holy vrch, Hradiste, Hlinna",9527176,2015-10-10,0,max,ne,lok,minmax,počet trsů,1,nejvýš 1 počet trsů,1,0
CZ0424038,Pulsatilla patens,"Holy vrch, Hradiste, Hlinna",5450b,2015,POP_POSKPOC,Cévnaté rostliny,"Holy vrch, Hradiste, Hlinna",9527176,2015-10-10,0,max,ne,lok,minmax,počet typů poškození rostlin,2,nejvýš 2 počet typů poškození rostlin,1,0
CZ0424038,Pulsatilla patens,"Holy vrch, Hradiste, Hlinna",5450b,2015,POP_TREND,Cévnaté rostliny,"Holy vrch, Hradiste, Hlinna",9527176,2015-10-10,0,max,ano,lok,minmax,posledních dvou let s menším počtem jedinců než je referenční hodnota,1,nejvýš 1 posledních dvou let s menším počtem jedinců než je referenční hodnota,1,0
CZ0424038,Pulsatilla patens,"Holy vrch, Hradiste, Hlinna",5450b,2015,POP_VITAL,Cévnaté rostliny,"Holy vrch, Hradiste, Hlinna",9527176,2015-10-10,0,min,ano,lok,minmax,% počtu trsů,30,alespoň 30 % počtu trsů,NA,neznámý
CZ0424038,Pulsatilla patens,"Holy vrch, Hradiste, Hlinna",5450b,2015,STA_POKRDREV,Cévnaté rostliny,"Holy vrch, Hradiste, Hlinna",9527176,2015-10-10,0,val,ne,lok,val,NA,0,"0, do 5 %, 5-25 %",NA,neznámý
CZ0424038,Pulsatilla patens,"Holy vrch, Hradiste, Hlinna",5450b,2015,STA_POKRSTAR,Cévnaté rostliny,"Holy vrch, Hradiste, Hlinna",9527176,2015-10-10,0,val,ne,lok,val,NA,0,"0, do 5 %, 5-25 %",NA,neznámý
CZ0424038,Pulsatilla patens,"Holy vrch, Hradiste, Hlinna",5450b,2015,STA_POKRYVNOSTEXPANZNI,Cévnaté rostliny,"Holy vrch, Hradiste, Hlinna",9527176,2015-10-10,0,val,ne,lok,val,NA,0,"0, do 5 %, 5-25 %",NA,neznámý
CZ0424038,Pulsatilla patens,"Holy vrch, Hradiste, Hlinna",5450b,2015,STA_POKRYVNOSTINVAZNI,Cévnaté rostliny,"Holy vrch, Hradiste, Hlinna",9527176,2015-10-10,0,val,ne,lok,val,NA,0,"0, do 5 %",NA,neznámý
CZ0424038,Pulsatilla patens,Holý Vrch P1,5450b,2020,CELKOVE_HODNOCENI,Cévnaté rostliny,Holý Vrch P1,11717182,2020-03-01,0,NA,NA,lok,NA,NA,NA,NA,0,špatný
CZ0424038,Pulsatilla patens,Holý Vrch P1,5450b,2020,CELKOVE_SUM,Cévnaté rostliny,Holý Vrch P1,11717182,2020-03-01,0,NA,NA,NA,NA,NA,,,NA,3
CZ0424038,Pulsatilla patens,Holý Vrch P1,5450b,2020,POP_POCET,Cévnaté rostliny,Holý Vrch P1,11717182,2020-03-01,0,min,ano,lok,minmax,trsů,70,alespoň 70 trsů,0,0
CZ0424038,Pulsatilla patens,Holý Vrch P1,5450b,2020,POP_POSKPERC,Cévnaté rostliny,Holý Vrch P1,11717182,2020-03-01,0,max,ne,lok,minmax,počet trsů,1,nejvýš 1 počet trsů,1,0
CZ0424038,Pulsatilla patens,Holý Vrch P1,5450b,2020,POP_POSKPOC,Cévnaté rostliny,Holý Vrch P1,11717182,2020-03-01,0,max,ne,lok,minmax,počet typů poškození rostlin,2,nejvýš 2 počet typů poškození rostlin,1,0
CZ0424038,Pulsatilla patens,Holý Vrch P1,5450b,2020,POP_TREND,Cévnaté rostliny,Holý Vrch P1,11717182,2020-03-01,0,max,ano,lok,minmax,posledních dvou let s menším počtem jedinců než je referenční hodnota,1,nejvýš 1 posledních dvou let s menším počtem jedinců než je referenční hodnota,1,0
CZ0424038,Pulsatilla patens,Holý Vrch P1,5450b,2020,POP_VITAL,Cévnaté rostliny,Holý Vrch P1,11717182,2020-03-01,0,min,ano,lok,minmax,% počtu trsů,30,alespoň 30 % počtu trsů,NA,neznámý
CZ0424038,Pulsatilla patens,Holý Vrch P1,5450b,2020,STA_POKRDREV,Cévnaté rostliny,Holý Vrch P1,11717182,2020-03-01,0,val,ne,lok,val,NA,0,"0, do 5 %, 5-25 %",NA,neznámý
CZ0424038,Pulsatilla patens,Holý Vrch P1,5450b,2020,STA_POKRSTAR,Cévnaté rostliny,Holý Vrch P1,11717182,2020-03-01,0,val,ne,lok,val,NA,0,"0, do 5 %, 5-25 %",NA,neznámý
CZ0424038,Pulsatilla patens,Holý Vrch P1,5450b,2020,STA_POKRYVNOSTEXPANZNI,Cévnaté rostliny,Holý Vrch P1,11717182,2020-03-01,0,val,ne,lok,val,NA,0,"0, do 5 %, 5-25 %",NA,neznámý
CZ0424038,Pulsatilla patens,Holý Vrch P1,5450b,2020,STA_POKRYVNOSTINVAZNI,Cévnaté rostliny,Holý Vrch P1,11717182,2020-03-01,0,val,ne,lok,val,NA,0,"0, do 5 %",NA,neznámý
CZ0424038,Pulsatilla patens,Holý vrch,5450b,2021,CELKOVE_HODNOCENI,Cévnaté rostliny,Holý vrch,11772520,2021-04-21,1,NA,NA,lok,NA,NA,NA,NA,0,špatný
CZ0424038,Pulsatilla patens,Holý vrch,5450b,2021,CELKOVE_SUM,Cévnaté rostliny,Holý vrch,11772520,2021-04-21,1,NA,NA,NA,NA,NA,,,NA,2
CZ0424038,Pulsatilla patens,Holý vrch,5450b,2021,POP_POCET,Cévnaté rostliny,Holý vrch,11772520,2021-04-21,1,min,ano,lok,minmax,trsů,70,alespoň 70 trsů,0,0
CZ0424038,Pulsatilla patens,Holý vrch,5450b,2021,POP_POSKPERC,Cévnaté rostliny,Holý vrch,11772520,2021-04-21,1,max,ne,lok,minmax,počet trsů,1,nejvýš 1 počet trsů,1,0
CZ0424038,Pulsatilla patens,Holý vrch,5450b,2021,POP_POSKPOC,Cévnaté rostliny,Holý vrch,11772520,2021-04-21,1,max,ne,lok,minmax,počet typů poškození rostlin,2,nejvýš 2 počet typů poškození rostlin,1,0
CZ0424038,Pulsatilla patens,Holý vrch,5450b,2021,POP_TREND,Cévnaté rostliny,Holý vrch,11772520,2021-04-21,1,max,ano,lok,minmax,posledních dvou let s menším počtem jedinců než je referenční hodnota,1,nejvýš 1 posledních dvou let s menším počtem jedinců než je referenční hodnota,0,2
CZ0424038,Pulsatilla patens,Holý vrch,5450b,2021,POP_VITAL,Cévnaté rostliny,Holý vrch,11772520,2021-04-21,1,min,ano,lok,minmax,% počtu trsů,30,alespoň 30 % počtu trsů,NA,neznámý
CZ0424038,Pulsatilla patens,Holý vrch,5450b,2021,STA_POKRDREV,Cévnaté rostliny,Holý vrch,11772520,2021-04-21,1,val,ne,lok,val,NA,0,"0, do 5 %, 5-25 %",NA,neznámý
CZ0424038,Pulsatilla patens,Holý vrch,5450b,2021,STA_POKRSTAR,Cévnaté rostliny,Holý vrch,11772520,2021-04-21,1,val,ne,lok,val,NA,0,"0, do 5 %, 5-25 %",NA,neznámý
CZ0424038,Pulsatilla patens,Holý vrch,5450b,2021,STA_POKRYVNOSTEXPANZNI,Cévnaté rostliny,Holý vrch,11772520,2021-04-21,1,val,ne,lok,val,NA,0,"0, do 5 %, 5-25 %",NA,neznámý
CZ0424038,Pulsatilla patens,Holý vrch,5450b,2021,STA_POKRYVNOSTINVAZNI,Cévnaté rostliny,Holý vrch,11772520,2021-04-21,1,val,ne,lok,val,NA,0,"0, do 5 %",NA,neznámý
CZ0424038,Pulsatilla patens,Holý vrch - Hradiště,5450b,2016,CELKOVE_HODNOCENI,Cévnaté rostliny,Holý vrch - Hradiště,9788129,2016-04-12,0,NA,NA,lok,NA,NA,NA,NA,0,špatný
CZ0424038,Pulsatilla patens,Holý vrch - Hradiště,5450b,2016,CELKOVE_SUM,Cévnaté rostliny,Holý vrch - Hradiště,9788129,2016-04-12,0,NA,NA,NA,NA,NA,,,NA,3
CZ0424038,Pulsatilla patens,Holý vrch - Hradiště,5450b,2016,POP_POCET,Cévnaté rostliny,Holý vrch - Hradiště,9788129,2016-04-12,0,min,ano,lok,minmax,trsů,70,alespoň 70 trsů,0,0
CZ0424038,Pulsatilla patens,Holý vrch - Hradiště,5450b,2016,POP_POSKPERC,Cévnaté rostliny,Holý vrch - Hradiště,9788129,2016-04-12,0,max,ne,lok,minmax,počet trsů,1,nejvýš 1 počet trsů,1,0
CZ0424038,Pulsatilla patens,Holý vrch - Hradiště,5450b,2016,POP_POSKPOC,Cévnaté rostliny,Holý vrch - Hradiště,9788129,2016-04-12,0,max,ne,lok,minmax,počet typů poškození rostlin,2,nejvýš 2 počet typů poškození rostlin,1,0
CZ0424038,Pulsatilla patens,Holý vrch - Hradiště,5450b,2016,POP_TREND,Cévnaté rostliny,Holý vrch - Hradiště,9788129,2016-04-12,0,max,ano,lok,minmax,posledních dvou let s menším počtem jedinců než je referenční hodnota,1,nejvýš 1 posledních dvou let s menším počtem jedinců než je referenční hodnota,1,0
CZ0424038,Pulsatilla patens,Holý vrch - Hradiště,5450b,2016,POP_VITAL,Cévnaté rostliny,Holý vrch - Hradiště,9788129,2016-04-12,0,min,ano,lok,minmax,% počtu trsů,30,alespoň 30 % počtu trsů,NA,neznámý
CZ0424038,Pulsatilla patens,Holý vrch - Hradiště,5450b,2016,STA_POKRDREV,Cévnaté rostliny,Holý vrch - Hradiště,9788129,2016-04-12,0,val,ne,lok,val,NA,0,"0, do 5 %, 5-25 %",NA,neznámý
CZ0424038,Pulsatilla patens,Holý vrch - Hradiště,5450b,2016,STA_POKRSTAR,Cévnaté rostliny,Holý vrch - Hradiště,9788129,2016-04-12,0,val,ne,lok,val,NA,0,"0, do 5 %, 5-25 %",NA,neznámý
CZ0424038,Pulsatilla patens,Holý vrch - Hradiště,5450b,2016,STA_POKRYVNOSTEXPANZNI,Cévnaté rostliny,Holý vrch - Hradiště,9788129,2016-04-12,0,val,ne,lok,val,NA,0,"0, do 5 %, 5-25 %",NA,neznámý
CZ0424038,Pulsatilla patens,Holý vrch - Hradiště,5450b,2016,STA_POKRYVNOSTINVAZNI,Cévnaté rostliny,Holý vrch - Hradiště,9788129,2016-04-12,0,val,ne,lok,val,NA,0,"0, do 5 %",NA,neznámý
CZ0424038,Pulsatilla patens,Holý vrch P4,5450b,2020,CELKOVE_HODNOCENI,Cévnaté rostliny,Holý vrch P4,11717200,2020-03-01,0,NA,NA,lok,NA,NA,NA,NA,0,špatný
CZ0424038,Pulsatilla patens,Holý vrch P4,5450b,2020,CELKOVE_SUM,Cévnaté rostliny,Holý vrch P4,11717200,2020-03-01,0,NA,NA,NA,NA,NA,,,NA,3
CZ0424038,Pulsatilla patens,Holý vrch P4,5450b,2020,POP_POCET,Cévnaté rostliny,Holý vrch P4,11717200,2020-03-01,0,min,ano,lok,minmax,trsů,70,alespoň 70 trsů,0,0
CZ0424038,Pulsatilla patens,Holý vrch P4,5450b,2020,POP_POSKPERC,Cévnaté rostliny,Holý vrch P4,11717200,2020-03-01,0,max,ne,lok,minmax,počet trsů,1,nejvýš 1 počet trsů,1,0
CZ0424038,Pulsatilla patens,Holý vrch P4,5450b,2020,POP_POSKPOC,Cévnaté rostliny,Holý vrch P4,11717200,2020-03-01,0,max,ne,lok,minmax,počet typů poškození rostlin,2,nejvýš 2 počet typů poškození rostlin,1,0
CZ0424038,Pulsatilla patens,Holý vrch P4,5450b,2020,POP_TREND,Cévnaté rostliny,Holý vrch P4,11717200,2020-03-01,0,max,ano,lok,minmax,posledních dvou let s menším počtem jedinců než je referenční hodnota,1,nejvýš 1 posledních dvou let s menším počtem jedinců než je referenční hodnota,1,0
CZ0424038,Pulsatilla patens,Holý vrch P4,5450b,2020,POP_VITAL,Cévnaté rostliny,Holý vrch P4,11717200,2020-03-01,0,min,ano,lok,minmax,% počtu trsů,30,alespoň 30 % počtu trsů,NA,neznámý
CZ0424038,Pulsatilla patens,Holý vrch P4,5450b,2020,STA_POKRDREV,Cévnaté rostliny,Holý vrch P4,11717200,2020-03-01,0,val,ne,lok,val,NA,0,"0, do 5 %, 5-25 %",NA,neznámý
CZ0424038,Pulsatilla patens,Holý vrch P4,5450b,2020,STA_POKRSTAR,Cévnaté rostliny,Holý vrch P4,11717200,2020-03-01,0,val,ne,lok,val,NA,0,"0, do 5 %, 5-25 %",NA,neznámý
CZ0424038,Pulsatilla patens,Holý vrch P4,5450b,2020,STA_POKRYVNOSTEXPANZNI,Cévnaté rostliny,Holý vrch P4,11717200,2020-03-01,0,val,ne,lok,val,NA,0,"0, do 5 %, 5-25 %",NA,neznámý
CZ0424038,Pulsatilla patens,Holý vrch P4,5450b,2020,STA_POKRYVNOSTINVAZNI,Cévnaté rostliny,Holý vrch P4,11717200,2020-03-01,0,val,ne,lok,val,NA,0,"0, do 5 %",NA,neznámý
CZ0424038,Pulsatilla patens,Hradiště u Hlinné,5450b,2021,CELKOVE_HODNOCENI,Cévnaté rostliny,Hradiště u Hlinné,11773222,2021-05-05,1,NA,NA,lok,NA,NA,NA,NA,0,špatný
CZ0424038,Pulsatilla patens,Hradiště u Hlinné,5450b,2021,CELKOVE_SUM,Cévnaté rostliny,Hradiště u Hlinné,11773222,2021-05-05,1,NA,NA,NA,NA,NA,,,NA,2
CZ0424038,Pulsatilla patens,Hradiště u Hlinné,5450b,2021,POP_POCET,Cévnaté rostliny,Hradiště u Hlinné,11773222,2021-05-05,1,min,ano,lok,minmax,trsů,70,alespoň 70 trsů,0,0
CZ0424038,Pulsatilla patens,Hradiště u Hlinné,5450b,2021,POP_POSKPERC,Cévnaté rostliny,Hradiště u Hlinné,11773222,2021-05-05,1,max,ne,lok,minmax,počet trsů,1,nejvýš 1 počet trsů,1,0
CZ0424038,Pulsatilla patens,Hradiště u Hlinné,5450b,2021,POP_POSKPOC,Cévnaté rostliny,Hradiště u Hlinné,11773222,2021-05-05,1,max,ne,lok,minmax,počet typů poškození rostlin,2,nejvýš 2 počet typů poškození rostlin,1,0
CZ0424038,Pulsatilla patens,Hradiště u Hlinné,5450b,2021,POP_TREND,Cévnaté rostliny,Hradiště u Hlinné,11773222,2021-05-05,1,max,ano,lok,minmax,posledních dvou let s menším počtem jedinců než je referenční hodnota,1,nejvýš 1 posledních dvou let s menším počtem jedinců než je referenční hodnota,0,2
CZ0424038,Pulsatilla patens,Hradiště u Hlinné,5450b,2021,POP_VITAL,Cévnaté rostliny,Hradiště u Hlinné,11773222,2021-05-05,1,min,ano,lok,minmax,% počtu trsů,30,alespoň 30 % počtu trsů,NA,NaN
CZ0424038,Pulsatilla patens,Hradiště u Hlinné,5450b,2021,STA_POKRDREV,Cévnaté rostliny,Hradiště u Hlinné,11773222,2021-05-05,1,val,ne,lok,val,NA,0,"0, do 5 %, 5-25 %",NA,neznámý
CZ0424038,Pulsatilla patens,Hradiště u Hlinné,5450b,2021,STA_POKRSTAR,Cévnaté rostliny,Hradiště u Hlinné,11773222,2021-05-05,1,val,ne,lok,val,NA,0,"0, do 5 %, 5-25 %",NA,neznámý
CZ0424038,Pulsatilla patens,Hradiště u Hlinné,5450b,2021,STA_POKRYVNOSTEXPANZNI,Cévnaté rostliny,Hradiště u Hlinné,11773222,2021-05-05,1,val,ne,lok,val,NA,0,"0, do 5 %, 5-25 %",NA,neznámý
CZ0424038,Pulsatilla patens,Hradiště u Hlinné,5450b,2021,STA_POKRYVNOSTINVAZNI,Cévnaté rostliny,Hradiště u Hlinné,11773222,2021-05-05,1,val,ne,lok,val,NA,0,"0, do 5 %",NA,neznámý
CZ0424038,Pulsatilla patens,Ppat018,5450b,2024,CELKOVE_HODNOCENI,Cévnaté rostliny,Holý vrch,13437594,2024-04-16,1,NA,NA,lok,NA,NA,NA,NA,0,špatný
CZ0424038,Pulsatilla patens,Ppat018,5450b,2024,CELKOVE_SUM,Cévnaté rostliny,Holý vrch,13437594,2024-04-16,1,NA,NA,NA,NA,NA,,,NA,6
CZ0424038,Pulsatilla patens,Ppat018,5450b,2024,POP_POCET,Cévnaté rostliny,Holý vrch,13437594,2024-04-16,1,min,ano,lok,minmax,trsů,70,alespoň 70 trsů,1,165
CZ0424038,Pulsatilla patens,Ppat018,5450b,2024,POP_POSKPERC,Cévnaté rostliny,Holý vrch,13437594,2024-04-16,1,max,ne,lok,minmax,počet trsů,1,nejvýš 1 počet trsů,0,2
CZ0424038,Pulsatilla patens,Ppat018,5450b,2024,POP_POSKPOC,Cévnaté rostliny,Holý vrch,13437594,2024-04-16,1,max,ne,lok,minmax,počet typů poškození rostlin,2,nejvýš 2 počet typů poškození rostlin,1,2
CZ0424038,Pulsatilla patens,Ppat018,5450b,2024,POP_TREND,Cévnaté rostliny,Holý vrch,13437594,2024-04-16,1,max,ano,lok,minmax,posledních dvou let s menším počtem jedinců než je referenční hodnota,1,nejvýš 1 posledních dvou let s menším počtem jedinců než je referenční hodnota,0,2
CZ0424038,Pulsatilla patens,Ppat018,5450b,2024,POP_VITAL,Cévnaté rostliny,Holý vrch,13437594,2024-04-16,1,min,ano,lok,minmax,% počtu trsů,30,alespoň 30 % počtu trsů,0,24.8484848484848
CZ0424038,Pulsatilla patens,Ppat018,5450b,2024,STA_POKRDREV,Cévnaté rostliny,Holý vrch,13437594,2024-04-16,1,val,ne,lok,val,NA,0,"0, do 5 %, 5-25 %",1,5-25 %
CZ0424038,Pulsatilla patens,Ppat018,5450b,2024,STA_POKRSTAR,Cévnaté rostliny,Holý vrch,13437594,2024-04-16,1,val,ne,lok,val,NA,0,"0, do 5 %, 5-25 %",1,5-25 %
CZ0424038,Pulsatilla patens,Ppat018,5450b,2024,STA_POKRYVNOSTEXPANZNI,Cévnaté rostliny,Holý vrch,13437594,2024-04-16,1,val,ne,lok,val,NA,0,"0, do 5 %, 5-25 %",1,0
CZ0424038,Pulsatilla patens,Ppat018,5450b,2024,STA_POKRYVNOSTINVAZNI,Cévnaté rostliny,Holý vrch,13437594,2024-04-16,1,val,ne,lok,val,NA,0,"0, do 5 %",1,0
CZ0424038,Pulsatilla patens,Ppat022,5450b,2024,CELKOVE_HODNOCENI,Cévnaté rostliny,Hradiště u Hlinné,13437597,2024-04-16,1,NA,NA,lok,NA,NA,NA,NA,0,špatný
CZ0424038,Pulsatilla patens,Ppat022,5450b,2024,CELKOVE_SUM,Cévnaté rostliny,Hradiště u Hlinné,13437597,2024-04-16,1,NA,NA,NA,NA,NA,,,NA,6
CZ0424038,Pulsatilla patens,Ppat022,5450b,2024,POP_POCET,Cévnaté rostliny,Hradiště u Hlinné,13437597,2024-04-16,1,min,ano,lok,minmax,trsů,70,alespoň 70 trsů,0,9
CZ0424038,Pulsatilla patens,Ppat022,5450b,2024,POP_POSKPERC,Cévnaté rostliny,Hradiště u Hlinné,13437597,2024-04-16,1,max,ne,lok,minmax,počet trsů,1,nejvýš 1 počet trsů,0,2
CZ0424038,Pulsatilla patens,Ppat022,5450b,2024,POP_POSKPOC,Cévnaté rostliny,Hradiště u Hlinné,13437597,2024-04-16,1,max,ne,lok,minmax,počet typů poškození rostlin,2,nejvýš 2 počet typů poškození rostlin,1,1
CZ0424038,Pulsatilla patens,Ppat022,5450b,2024,POP_TREND,Cévnaté rostliny,Hradiště u Hlinné,13437597,2024-04-16,1,max,ano,lok,minmax,posledních dvou let s menším počtem jedinců než je referenční hodnota,1,nejvýš 1 posledních dvou let s menším počtem jedinců než je referenční hodnota,1,0
CZ0424038,Pulsatilla patens,Ppat022,5450b,2024,POP_VITAL,Cévnaté rostliny,Hradiště u Hlinné,13437597,2024-04-16,1,min,ano,lok,minmax,% počtu trsů,30,alespoň 30 % počtu trsů,0,11.1111111111111
CZ0424038,Pulsatilla patens,Ppat022,5450b,2024,STA_POKRDREV,Cévnaté rostliny,Hradiště u Hlinné,13437597,2024-04-16,1,val,ne,lok,val,NA,0,"0, do 5 %, 5-25 %",1,5-25 %
CZ0424038,Pulsatilla patens,Ppat022,5450b,2024,STA_POKRSTAR,Cévnaté rostliny,Hradiště u Hlinné,13437597,2024-04-16,1,val,ne,lok,val,NA,0,"0, do 5 %, 5-25 %",1,5-25 %
CZ0424038,Pulsatilla patens,Ppat022,5450b,2024,STA_POKRYVNOSTEXPANZNI,Cévnaté rostliny,Hradiště u Hlinné,13437597,2024-04-16,1,val,ne,lok,val,NA,0,"0, do 5 %, 5-25 %",1,0
CZ0424038,Pulsatilla patens,Ppat022,5450b,2024,STA_POKRYVNOSTINVAZNI,Cévnaté rostliny,Hradiště u Hlinné,13437597,2024-04-16,1,val,ne,lok,val,NA,0,"0, do 5 %",1,0
CZ0424125,Pulsatilla patens,32070284,5645c,2022,CELKOVE_HODNOCENI,Cévnaté rostliny,Úhošťany_32070284,12675702,2022-06-03,0,NA,NA,lok,NA,NA,NA,NA,0,špatný
CZ0424125,Pulsatilla patens,32070284,5645c,2022,CELKOVE_SUM,Cévnaté rostliny,Úhošťany_32070284,12675702,2022-06-03,0,NA,NA,NA,NA,NA,,,NA,3
CZ0424125,Pulsatilla patens,32070284,5645c,2022,POP_POCET,Cévnaté rostliny,Úhošťany_32070284,12675702,2022-06-03,0,min,ano,lok,minmax,trsů,70,alespoň 70 trsů,0,0
CZ0424125,Pulsatilla patens,32070284,5645c,2022,POP_POSKPERC,Cévnaté rostliny,Úhošťany_32070284,12675702,2022-06-03,0,max,ne,lok,minmax,počet trsů,1,nejvýš 1 počet trsů,1,0
CZ0424125,Pulsatilla patens,32070284,5645c,2022,POP_POSKPOC,Cévnaté rostliny,Úhošťany_32070284,12675702,2022-06-03,0,max,ne,lok,minmax,počet typů poškození rostlin,2,nejvýš 2 počet typů poškození rostlin,1,0
CZ0424125,Pulsatilla patens,32070284,5645c,2022,POP_TREND,Cévnaté rostliny,Úhošťany_32070284,12675702,2022-06-03,0,max,ano,lok,minmax,posledních dvou let s menším počtem jedinců než je referenční hodnota,1,nejvýš 1 posledních dvou let s menším počtem jedinců než je referenční hodnota,1,0
CZ0424125,Pulsatilla patens,32070284,5645c,2022,POP_VITAL,Cévnaté rostliny,Úhošťany_32070284,12675702,2022-06-03,0,min,ano,lok,minmax,% počtu trsů,30,alespoň 30 % počtu trsů,NA,neznámý
CZ0424125,Pulsatilla patens,32070284,5645c,2022,STA_POKRDREV,Cévnaté rostliny,Úhošťany_32070284,12675702,2022-06-03,0,val,ne,lok,val,NA,0,"0, do 5 %, 5-25 %",NA,neznámý
CZ0424125,Pulsatilla patens,32070284,5645c,2022,STA_POKRSTAR,Cévnaté rostliny,Úhošťany_32070284,12675702,2022-06-03,0,val,ne,lok,val,NA,0,"0, do 5 %, 5-25 %",NA,neznámý
CZ0424125,Pulsatilla patens,32070284,5645c,2022,STA_POKRYVNOSTEXPANZNI,Cévnaté rostliny,Úhošťany_32070284,12675702,2022-06-03,0,val,ne,lok,val,NA,0,"0, do 5 %, 5-25 %",NA,neznámý
CZ0424125,Pulsatilla patens,32070284,5645c,2022,STA_POKRYVNOSTINVAZNI,Cévnaté rostliny,Úhošťany_32070284,12675702,2022-06-03,0,val,ne,lok,val,NA,0,"0, do 5 %",NA,neznámý
CZ0424125,Pulsatilla patens,32070285,5645c,2022,CELKOVE_HODNOCENI,Cévnaté rostliny,Úhošťany_32070285,12675516,2022-06-03,0,NA,NA,lok,NA,NA,NA,NA,0,špatný
CZ0424125,Pulsatilla patens,32070285,5645c,2022,CELKOVE_SUM,Cévnaté rostliny,Úhošťany_32070285,12675516,2022-06-03,0,NA,NA,NA,NA,NA,,,NA,3
CZ0424125,Pulsatilla patens,32070285,5645c,2022,POP_POCET,Cévnaté rostliny,Úhošťany_32070285,12675516,2022-06-03,0,min,ano,lok,minmax,trsů,70,alespoň 70 trsů,0,0
CZ0424125,Pulsatilla patens,32070285,5645c,2022,POP_POSKPERC,Cévnaté rostliny,Úhošťany_32070285,12675516,2022-06-03,0,max,ne,lok,minmax,počet trsů,1,nejvýš 1 počet trsů,1,0
CZ0424125,Pulsatilla patens,32070285,5645c,2022,POP_POSKPOC,Cévnaté rostliny,Úhošťany_32070285,12675516,2022-06-03,0,max,ne,lok,minmax,počet typů poškození rostlin,2,nejvýš 2 počet typů poškození rostlin,1,0
CZ0424125,Pulsatilla patens,32070285,5645c,2022,POP_TREND,Cévnaté rostliny,Úhošťany_32070285,12675516,2022-06-03,0,max,ano,lok,minmax,posledních dvou let s menším počtem jedinců než je referenční hodnota,1,nejvýš 1 posledních dvou let s menším počtem jedinců než je referenční hodnota,1,0
CZ0424125,Pulsatilla patens,32070285,5645c,2022,POP_VITAL,Cévnaté rostliny,Úhošťany_32070285,12675516,2022-06-03,0,min,ano,lok,minmax,% počtu trsů,30,alespoň 30 % počtu trsů,NA,neznámý
CZ0424125,Pulsatilla patens,32070285,5645c,2022,STA_POKRDREV,Cévnaté rostliny,Úhošťany_32070285,12675516,2022-06-03,0,val,ne,lok,val,NA,0,"0, do 5 %, 5-25 %",NA,neznámý
CZ0424125,Pulsatilla patens,32070285,5645c,2022,STA_POKRSTAR,Cévnaté rostliny,Úhošťany_32070285,12675516,2022-06-03,0,val,ne,lok,val,NA,0,"0, do 5 %, 5-25 %",NA,neznámý
CZ0424125,Pulsatilla patens,32070285,5645c,2022,STA_POKRYVNOSTEXPANZNI,Cévnaté rostliny,Úhošťany_32070285,12675516,2022-06-03,0,val,ne,lok,val,NA,0,"0, do 5 %, 5-25 %",NA,neznámý
CZ0424125,Pulsatilla patens,32070285,5645c,2022,STA_POKRYVNOSTINVAZNI,Cévnaté rostliny,Úhošťany_32070285,12675516,2022-06-03,0,val,ne,lok,val,NA,0,"0, do 5 %",NA,neznámý
CZ0424125,Pulsatilla patens,32070298,5645c,2022,CELKOVE_HODNOCENI,Cévnaté rostliny,Úhošťany_32070298,12675931,2022-06-03,0,NA,NA,lok,NA,NA,NA,NA,0,špatný
CZ0424125,Pulsatilla patens,32070298,5645c,2022,CELKOVE_SUM,Cévnaté rostliny,Úhošťany_32070298,12675931,2022-06-03,0,NA,NA,NA,NA,NA,,,NA,3
CZ0424125,Pulsatilla patens,32070298,5645c,2022,POP_POCET,Cévnaté rostliny,Úhošťany_32070298,12675931,2022-06-03,0,min,ano,lok,minmax,trsů,70,alespoň 70 trsů,0,0
CZ0424125,Pulsatilla patens,32070298,5645c,2022,POP_POSKPERC,Cévnaté rostliny,Úhošťany_32070298,12675931,2022-06-03,0,max,ne,lok,minmax,počet trsů,1,nejvýš 1 počet trsů,1,0
CZ0424125,Pulsatilla patens,32070298,5645c,2022,POP_POSKPOC,Cévnaté rostliny,Úhošťany_32070298,12675931,2022-06-03,0,max,ne,lok,minmax,počet typů poškození rostlin,2,nejvýš 2 počet typů poškození rostlin,1,0
CZ0424125,Pulsatilla patens,32070298,5645c,2022,POP_TREND,Cévnaté rostliny,Úhošťany_32070298,12675931,2022-06-03,0,max,ano,lok,minmax,posledních dvou let s menším počtem jedinců než je referenční hodnota,1,nejvýš 1 posledních dvou let s menším počtem jedinců než je referenční hodnota,1,0
CZ0424125,Pulsatilla patens,32070298,5645c,2022,POP_VITAL,Cévnaté rostliny,Úhošťany_32070298,12675931,2022-06-03,0,min,ano,lok,minmax,% počtu trsů,30,alespoň 30 % počtu trsů,NA,neznámý
CZ0424125,Pulsatilla patens,32070298,5645c,2022,STA_POKRDREV,Cévnaté rostliny,Úhošťany_32070298,12675931,2022-06-03,0,val,ne,lok,val,NA,0,"0, do 5 %, 5-25 %",NA,neznámý
CZ0424125,Pulsatilla patens,32070298,5645c,2022,STA_POKRSTAR,Cévnaté rostliny,Úhošťany_32070298,12675931,2022-06-03,0,val,ne,lok,val,NA,0,"0, do 5 %, 5-25 %",NA,neznámý
CZ0424125,Pulsatilla patens,32070298,5645c,2022,STA_POKRYVNOSTEXPANZNI,Cévnaté rostliny,Úhošťany_32070298,12675931,2022-06-03,0,val,ne,lok,val,NA,0,"0, do 5 %, 5-25 %",NA,neznámý
CZ0424125,Pulsatilla patens,32070298,5645c,2022,STA_POKRYVNOSTINVAZNI,Cévnaté rostliny,Úhošťany_32070298,12675931,2022-06-03,0,val,ne,lok,val,NA,0,"0, do 5 %",NA,neznámý
CZ0424125,Pulsatilla patens,32070584,5645d,2022,CELKOVE_HODNOCENI,Cévnaté rostliny,Úhošťany_32070584,12675604,2022-06-03,0,NA,NA,lok,NA,NA,NA,NA,0,špatný
CZ0424125,Pulsatilla patens,32070584,5645d,2022,CELKOVE_SUM,Cévnaté rostliny,Úhošťany_32070584,12675604,2022-06-03,0,NA,NA,NA,NA,NA,,,NA,3
CZ0424125,Pulsatilla patens,32070584,5645d,2022,POP_POCET,Cévnaté rostliny,Úhošťany_32070584,12675604,2022-06-03,0,min,ano,lok,minmax,trsů,70,alespoň 70 trsů,0,0
CZ0424125,Pulsatilla patens,32070584,5645d,2022,POP_POSKPERC,Cévnaté rostliny,Úhošťany_32070584,12675604,2022-06-03,0,max,ne,lok,minmax,počet trsů,1,nejvýš 1 počet trsů,1,0
CZ0424125,Pulsatilla patens,32070584,5645d,2022,POP_POSKPOC,Cévnaté rostliny,Úhošťany_32070584,12675604,2022-06-03,0,max,ne,lok,minmax,počet typů poškození rostlin,2,nejvýš 2 počet typů poškození rostlin,1,0
CZ0424125,Pulsatilla patens,32070584,5645d,2022,POP_TREND,Cévnaté rostliny,Úhošťany_32070584,12675604,2022-06-03,0,max,ano,lok,minmax,posledních dvou let s menším počtem jedinců než je referenční hodnota,1,nejvýš 1 posledních dvou let s menším počtem jedinců než je referenční hodnota,1,0
CZ0424125,Pulsatilla patens,32070584,5645d,2022,POP_VITAL,Cévnaté rostliny,Úhošťany_32070584,12675604,2022-06-03,0,min,ano,lok,minmax,% počtu trsů,30,alespoň 30 % počtu trsů,NA,neznámý
CZ0424125,Pulsatilla patens,32070584,5645d,2022,STA_POKRDREV,Cévnaté rostliny,Úhošťany_32070584,12675604,2022-06-03,0,val,ne,lok,val,NA,0,"0, do 5 %, 5-25 %",NA,neznámý
CZ0424125,Pulsatilla patens,32070584,5645d,2022,STA_POKRSTAR,Cévnaté rostliny,Úhošťany_32070584,12675604,2022-06-03,0,val,ne,lok,val,NA,0,"0, do 5 %, 5-25 %",NA,neznámý
CZ0424125,Pulsatilla patens,32070584,5645d,2022,STA_POKRYVNOSTEXPANZNI,Cévnaté rostliny,Úhošťany_32070584,12675604,2022-06-03,0,val,ne,lok,val,NA,0,"0, do 5 %, 5-25 %",NA,neznámý
CZ0424125,Pulsatilla patens,32070584,5645d,2022,STA_POKRYVNOSTINVAZNI,Cévnaté rostliny,Úhošťany_32070584,12675604,2022-06-03,0,val,ne,lok,val,NA,0,"0, do 5 %",NA,neznámý
CZ0424125,Pulsatilla patens,Dubina - Zvoníčkov 3,5645c,2013,CELKOVE_HODNOCENI,Cévnaté rostliny,Dubina - Zvoníčkov 3,8904681,2013-05-01,0,NA,NA,lok,NA,NA,NA,NA,0,špatný
CZ0424125,Pulsatilla patens,Dubina - Zvoníčkov 3,5645c,2013,CELKOVE_SUM,Cévnaté rostliny,Dubina - Zvoníčkov 3,8904681,2013-05-01,0,NA,NA,NA,NA,NA,,,NA,3
CZ0424125,Pulsatilla patens,Dubina - Zvoníčkov 3,5645c,2013,POP_POCET,Cévnaté rostliny,Dubina - Zvoníčkov 3,8904681,2013-05-01,0,min,ano,lok,minmax,trsů,70,alespoň 70 trsů,0,0
CZ0424125,Pulsatilla patens,Dubina - Zvoníčkov 3,5645c,2013,POP_POSKPERC,Cévnaté rostliny,Dubina - Zvoníčkov 3,8904681,2013-05-01,0,max,ne,lok,minmax,počet trsů,1,nejvýš 1 počet trsů,1,0
CZ0424125,Pulsatilla patens,Dubina - Zvoníčkov 3,5645c,2013,POP_POSKPOC,Cévnaté rostliny,Dubina - Zvoníčkov 3,8904681,2013-05-01,0,max,ne,lok,minmax,počet typů poškození rostlin,2,nejvýš 2 počet typů poškození rostlin,1,0
CZ0424125,Pulsatilla patens,Dubina - Zvoníčkov 3,5645c,2013,POP_TREND,Cévnaté rostliny,Dubina - Zvoníčkov 3,8904681,2013-05-01,0,max,ano,lok,minmax,posledních dvou let s menším počtem jedinců než je referenční hodnota,1,nejvýš 1 posledních dvou let s menším počtem jedinců než je referenční hodnota,1,0
CZ0424125,Pulsatilla patens,Dubina - Zvoníčkov 3,5645c,2013,POP_VITAL,Cévnaté rostliny,Dubina - Zvoníčkov 3,8904681,2013-05-01,0,min,ano,lok,minmax,% počtu trsů,30,alespoň 30 % počtu trsů,NA,neznámý
CZ0424125,Pulsatilla patens,Dubina - Zvoníčkov 3,5645c,2013,STA_POKRDREV,Cévnaté rostliny,Dubina - Zvoníčkov 3,8904681,2013-05-01,0,val,ne,lok,val,NA,0,"0, do 5 %, 5-25 %",NA,neznámý
CZ0424125,Pulsatilla patens,Dubina - Zvoníčkov 3,5645c,2013,STA_POKRSTAR,Cévnaté rostliny,Dubina - Zvoníčkov 3,8904681,2013-05-01,0,val,ne,lok,val,NA,0,"0, do 5 %, 5-25 %",NA,neznámý
CZ0424125,Pulsatilla patens,Dubina - Zvoníčkov 3,5645c,2013,STA_POKRYVNOSTEXPANZNI,Cévnaté rostliny,Dubina - Zvoníčkov 3,8904681,2013-05-01,0,val,ne,lok,val,NA,0,"0, do 5 %, 5-25 %",NA,neznámý
CZ0424125,Pulsatilla patens,Dubina - Zvoníčkov 3,5645c,2013,STA_POKRYVNOSTINVAZNI,Cévnaté rostliny,Dubina - Zvoníčkov 3,8904681,2013-05-01,0,val,ne,lok,val,NA,0,"0, do 5 %",NA,neznámý
CZ0424125,Pulsatilla patens,Dubina - pahorek u silnice,5645d,2020,CELKOVE_HODNOCENI,Cévnaté rostliny,Dubina - pahorek u silnice,11117231,2020-06-17,0,NA,NA,lok,NA,NA,NA,NA,0,špatný
CZ0424125,Pulsatilla patens,Dubina - pahorek u silnice,5645d,2020,CELKOVE_SUM,Cévnaté rostliny,Dubina - pahorek u silnice,11117231,2020-06-17,0,NA,NA,NA,NA,NA,,,NA,3
CZ0424125,Pulsatilla patens,Dubina - pahorek u silnice,5645d,2020,POP_POCET,Cévnaté rostliny,Dubina - pahorek u silnice,11117231,2020-06-17,0,min,ano,lok,minmax,trsů,70,alespoň 70 trsů,0,0
CZ0424125,Pulsatilla patens,Dubina - pahorek u silnice,5645d,2020,POP_POSKPERC,Cévnaté rostliny,Dubina - pahorek u silnice,11117231,2020-06-17,0,max,ne,lok,minmax,počet trsů,1,nejvýš 1 počet trsů,1,0
CZ0424125,Pulsatilla patens,Dubina - pahorek u silnice,5645d,2020,POP_POSKPOC,Cévnaté rostliny,Dubina - pahorek u silnice,11117231,2020-06-17,0,max,ne,lok,minmax,počet typů poškození rostlin,2,nejvýš 2 počet typů poškození rostlin,1,1
CZ0424125,Pulsatilla patens,Dubina - pahorek u silnice,5645d,2020,POP_TREND,Cévnaté rostliny,Dubina - pahorek u silnice,11117231,2020-06-17,0,max,ano,lok,minmax,posledních dvou let s menším počtem jedinců než je referenční hodnota,1,nejvýš 1 posledních dvou let s menším počtem jedinců než je referenční hodnota,1,0
CZ0424125,Pulsatilla patens,Dubina - pahorek u silnice,5645d,2020,POP_VITAL,Cévnaté rostliny,Dubina - pahorek u silnice,11117231,2020-06-17,0,min,ano,lok,minmax,% počtu trsů,30,alespoň 30 % počtu trsů,NA,neznámý
CZ0424125,Pulsatilla patens,Dubina - pahorek u silnice,5645d,2020,STA_POKRDREV,Cévnaté rostliny,Dubina - pahorek u silnice,11117231,2020-06-17,0,val,ne,lok,val,NA,0,"0, do 5 %, 5-25 %",NA,neznámý
CZ0424125,Pulsatilla patens,Dubina - pahorek u silnice,5645d,2020,STA_POKRSTAR,Cévnaté rostliny,Dubina - pahorek u silnice,11117231,2020-06-17,0,val,ne,lok,val,NA,0,"0, do 5 %, 5-25 %",NA,neznámý
CZ0424125,Pulsatilla patens,Dubina - pahorek u silnice,5645d,2020,STA_POKRYVNOSTEXPANZNI,Cévnaté rostliny,Dubina - pahorek u silnice,11117231,2020-06-17,0,val,ne,lok,val,NA,0,"0, do 5 %, 5-25 %",NA,neznámý
CZ0424125,Pulsatilla patens,Dubina - pahorek u silnice,5645d,2020,STA_POKRYVNOSTINVAZNI,Cévnaté rostliny,Dubina - pahorek u silnice,11117231,2020-06-17,0,val,ne,lok,val,NA,0,"0, do 5 %",NA,neznámý
CZ0424125,Pulsatilla patens,Dubina - sedlo,5645d,2020,CELKOVE_HODNOCENI,Cévnaté rostliny,Dubina - sedlo,11080660,2020-04-23,0,NA,NA,lok,NA,NA,NA,NA,0,špatný
CZ0424125,Pulsatilla patens,Dubina - sedlo,5645d,2020,CELKOVE_SUM,Cévnaté rostliny,Dubina - sedlo,11080660,2020-04-23,0,NA,NA,NA,NA,NA,,,NA,3
CZ0424125,Pulsatilla patens,Dubina - sedlo,5645d,2020,POP_POCET,Cévnaté rostliny,Dubina - sedlo,11080660,2020-04-23,0,min,ano,lok,minmax,trsů,70,alespoň 70 trsů,0,0
CZ0424125,Pulsatilla patens,Dubina - sedlo,5645d,2020,POP_POSKPERC,Cévnaté rostliny,Dubina - sedlo,11080660,2020-04-23,0,max,ne,lok,minmax,počet trsů,1,nejvýš 1 počet trsů,1,0
CZ0424125,Pulsatilla patens,Dubina - sedlo,5645d,2020,POP_POSKPOC,Cévnaté rostliny,Dubina - sedlo,11080660,2020-04-23,0,max,ne,lok,minmax,počet typů poškození rostlin,2,nejvýš 2 počet typů poškození rostlin,1,0
CZ0424125,Pulsatilla patens,Dubina - sedlo,5645d,2020,POP_TREND,Cévnaté rostliny,Dubina - sedlo,11080660,2020-04-23,0,max,ano,lok,minmax,posledních dvou let s menším počtem jedinců než je referenční hodnota,1,nejvýš 1 posledních dvou let s menším počtem jedinců než je referenční hodnota,1,0
CZ0424125,Pulsatilla patens,Dubina - sedlo,5645d,2020,POP_VITAL,Cévnaté rostliny,Dubina - sedlo,11080660,2020-04-23,0,min,ano,lok,minmax,% počtu trsů,30,alespoň 30 % počtu trsů,NA,neznámý
CZ0424125,Pulsatilla patens,Dubina - sedlo,5645d,2020,STA_POKRDREV,Cévnaté rostliny,Dubina - sedlo,11080660,2020-04-23,0,val,ne,lok,val,NA,0,"0, do 5 %, 5-25 %",NA,neznámý
CZ0424125,Pulsatilla patens,Dubina - sedlo,5645d,2020,STA_POKRSTAR,Cévnaté rostliny,Dubina - sedlo,11080660,2020-04-23,0,val,ne,lok,val,NA,0,"0, do 5 %, 5-25 %",NA,neznámý
CZ0424125,Pulsatilla patens,Dubina - sedlo,5645d,2020,STA_POKRYVNOSTEXPANZNI,Cévnaté rostliny,Dubina - sedlo,11080660,2020-04-23,0,val,ne,lok,val,NA,0,"0, do 5 %, 5-25 %",NA,neznámý
CZ0424125,Pulsatilla patens,Dubina - sedlo,5645d,2020,STA_POKRYVNOSTINVAZNI,Cévnaté rostliny,Dubina - sedlo,11080660,2020-04-23,0,val,ne,lok,val,NA,0,"0, do 5 %",NA,neznámý
CZ0424125,Pulsatilla patens,Dubina - u borovic,5645c,2020,CELKOVE_HODNOCENI,Cévnaté rostliny,Dubina - u borovic,11080662,2020-04-23,0,NA,NA,lok,NA,NA,NA,NA,0,špatný
CZ0424125,Pulsatilla patens,Dubina - u borovic,5645c,2020,CELKOVE_SUM,Cévnaté rostliny,Dubina - u borovic,11080662,2020-04-23,0,NA,NA,NA,NA,NA,,,NA,3
CZ0424125,Pulsatilla patens,Dubina - u borovic,5645c,2020,POP_POCET,Cévnaté rostliny,Dubina - u borovic,11080662,2020-04-23,0,min,ano,lok,minmax,trsů,70,alespoň 70 trsů,0,0
CZ0424125,Pulsatilla patens,Dubina - u borovic,5645c,2020,POP_POSKPERC,Cévnaté rostliny,Dubina - u borovic,11080662,2020-04-23,0,max,ne,lok,minmax,počet trsů,1,nejvýš 1 počet trsů,1,0
CZ0424125,Pulsatilla patens,Dubina - u borovic,5645c,2020,POP_POSKPOC,Cévnaté rostliny,Dubina - u borovic,11080662,2020-04-23,0,max,ne,lok,minmax,počet typů poškození rostlin,2,nejvýš 2 počet typů poškození rostlin,1,0
CZ0424125,Pulsatilla patens,Dubina - u borovic,5645c,2020,POP_TREND,Cévnaté rostliny,Dubina - u borovic,11080662,2020-04-23,0,max,ano,lok,minmax,posledních dvou let s menším počtem jedinců než je referenční hodnota,1,nejvýš 1 posledních dvou let s menším počtem jedinců než je referenční hodnota,1,0
CZ0424125,Pulsatilla patens,Dubina - u borovic,5645c,2020,POP_VITAL,Cévnaté rostliny,Dubina - u borovic,11080662,2020-04-23,0,min,ano,lok,minmax,% počtu trsů,30,alespoň 30 % počtu trsů,NA,neznámý
CZ0424125,Pulsatilla patens,Dubina - u borovic,5645c,2020,STA_POKRDREV,Cévnaté rostliny,Dubina - u borovic,11080662,2020-04-23,0,val,ne,lok,val,NA,0,"0, do 5 %, 5-25 %",NA,neznámý
CZ0424125,Pulsatilla patens,Dubina - u borovic,5645c,2020,STA_POKRSTAR,Cévnaté rostliny,Dubina - u borovic,11080662,2020-04-23,0,val,ne,lok,val,NA,0,"0, do 5 %, 5-25 %",NA,neznámý
CZ0424125,Pulsatilla patens,Dubina - u borovic,5645c,2020,STA_POKRYVNOSTEXPANZNI,Cévnaté rostliny,Dubina - u borovic,11080662,2020-04-23,0,val,ne,lok,val,NA,0,"0, do 5 %, 5-25 %",NA,neznámý
CZ0424125,Pulsatilla patens,Dubina - u borovic,5645c,2020,STA_POKRYVNOSTINVAZNI,Cévnaté rostliny,Dubina - u borovic,11080662,2020-04-23,0,val,ne,lok,val,NA,0,"0, do 5 %",NA,neznámý
CZ0424125,Pulsatilla patens,Dubina 4,5645c,2013,CELKOVE_HODNOCENI,Cévnaté rostliny,Dubina 4,8905859,2013-05-01,0,NA,NA,lok,NA,NA,NA,NA,0,špatný
CZ0424125,Pulsatilla patens,Dubina 4,5645c,2013,CELKOVE_SUM,Cévnaté rostliny,Dubina 4,8905859,2013-05-01,0,NA,NA,NA,NA,NA,,,NA,3
CZ0424125,Pulsatilla patens,Dubina 4,5645c,2013,POP_POCET,Cévnaté rostliny,Dubina 4,8905859,2013-05-01,0,min,ano,lok,minmax,trsů,70,alespoň 70 trsů,0,0
CZ0424125,Pulsatilla patens,Dubina 4,5645c,2013,POP_POSKPERC,Cévnaté rostliny,Dubina 4,8905859,2013-05-01,0,max,ne,lok,minmax,počet trsů,1,nejvýš 1 počet trsů,1,0
CZ0424125,Pulsatilla patens,Dubina 4,5645c,2013,POP_POSKPOC,Cévnaté rostliny,Dubina 4,8905859,2013-05-01,0,max,ne,lok,minmax,počet typů poškození rostlin,2,nejvýš 2 počet typů poškození rostlin,1,0
CZ0424125,Pulsatilla patens,Dubina 4,5645c,2013,POP_TREND,Cévnaté rostliny,Dubina 4,8905859,2013-05-01,0,max,ano,lok,minmax,posledních dvou let s menším počtem jedinců než je referenční hodnota,1,nejvýš 1 posledních dvou let s menším počtem jedinců než je referenční hodnota,1,0
CZ0424125,Pulsatilla patens,Dubina 4,5645c,2013,POP_VITAL,Cévnaté rostliny,Dubina 4,8905859,2013-05-01,0,min,ano,lok,minmax,% počtu trsů,30,alespoň 30 % počtu trsů,NA,neznámý
CZ0424125,Pulsatilla patens,Dubina 4,5645c,2013,STA_POKRDREV,Cévnaté rostliny,Dubina 4,8905859,2013-05-01,0,val,ne,lok,val,NA,0,"0, do 5 %, 5-25 %",NA,neznámý
CZ0424125,Pulsatilla patens,Dubina 4,5645c,2013,STA_POKRSTAR,Cévnaté rostliny,Dubina 4,8905859,2013-05-01,0,val,ne,lok,val,NA,0,"0, do 5 %, 5-25 %",NA,neznámý
CZ0424125,Pulsatilla patens,Dubina 4,5645c,2013,STA_POKRYVNOSTEXPANZNI,Cévnaté rostliny,Dubina 4,8905859,2013-05-01,0,val,ne,lok,val,NA,0,"0, do 5 %, 5-25 %",NA,neznámý
CZ0424125,Pulsatilla patens,Dubina 4,5645c,2013,STA_POKRYVNOSTINVAZNI,Cévnaté rostliny,Dubina 4,8905859,2013-05-01,0,val,ne,lok,val,NA,0,"0, do 5 %",NA,neznámý
CZ0424125,Pulsatilla patens,Dubina 5,5645c,2013,CELKOVE_HODNOCENI,Cévnaté rostliny,Dubina 5,8906062,2013-05-01,0,NA,NA,lok,NA,NA,NA,NA,0,špatný
CZ0424125,Pulsatilla patens,Dubina 5,5645c,2013,CELKOVE_SUM,Cévnaté rostliny,Dubina 5,8906062,2013-05-01,0,NA,NA,NA,NA,NA,,,NA,3
CZ0424125,Pulsatilla patens,Dubina 5,5645c,2013,POP_POCET,Cévnaté rostliny,Dubina 5,8906062,2013-05-01,0,min,ano,lok,minmax,trsů,70,alespoň 70 trsů,0,0
CZ0424125,Pulsatilla patens,Dubina 5,5645c,2013,POP_POSKPERC,Cévnaté rostliny,Dubina 5,8906062,2013-05-01,0,max,ne,lok,minmax,počet trsů,1,nejvýš 1 počet trsů,1,0
CZ0424125,Pulsatilla patens,Dubina 5,5645c,2013,POP_POSKPOC,Cévnaté rostliny,Dubina 5,8906062,2013-05-01,0,max,ne,lok,minmax,počet typů poškození rostlin,2,nejvýš 2 počet typů poškození rostlin,1,0
CZ0424125,Pulsatilla patens,Dubina 5,5645c,2013,POP_TREND,Cévnaté rostliny,Dubina 5,8906062,2013-05-01,0,max,ano,lok,minmax,posledních dvou let s menším počtem jedinců než je referenční hodnota,1,nejvýš 1 posledních dvou let s menším počtem jedinců než je referenční hodnota,1,0
CZ0424125,Pulsatilla patens,Dubina 5,5645c,2013,POP_VITAL,Cévnaté rostliny,Dubina 5,8906062,2013-05-01,0,min,ano,lok,minmax,% počtu trsů,30,alespoň 30 % počtu trsů,NA,neznámý
CZ0424125,Pulsatilla patens,Dubina 5,5645c,2013,STA_POKRDREV,Cévnaté rostliny,Dubina 5,8906062,2013-05-01,0,val,ne,lok,val,NA,0,"0, do 5 %, 5-25 %",NA,neznámý
CZ0424125,Pulsatilla patens,Dubina 5,5645c,2013,STA_POKRSTAR,Cévnaté rostliny,Dubina 5,8906062,2013-05-01,0,val,ne,lok,val,NA,0,"0, do 5 %, 5-25 %",NA,neznámý
CZ0424125,Pulsatilla patens,Dubina 5,5645c,2013,STA_POKRYVNOSTEXPANZNI,Cévnaté rostliny,Dubina 5,8906062,2013-05-01,0,val,ne,lok,val,NA,0,"0, do 5 %, 5-25 %",NA,neznámý
CZ0424125,Pulsatilla patens,Dubina 5,5645c,2013,STA_POKRYVNOSTINVAZNI,Cévnaté rostliny,Dubina 5,8906062,2013-05-01,0,val,ne,lok,val,NA,0,"0, do 5 %",NA,neznámý
CZ0424125,Pulsatilla patens,Dubina 6,5645c,2013,CELKOVE_HODNOCENI,Cévnaté rostliny,Dubina 6,"8906063, 8906064",2013-05-01,0,NA,NA,lok,NA,NA,NA,NA,0,špatný
CZ0424125,Pulsatilla patens,Dubina 6,5645c,2013,CELKOVE_SUM,Cévnaté rostliny,Dubina 6,"8906063, 8906064",2013-05-01,0,NA,NA,NA,NA,NA,,,NA,3
CZ0424125,Pulsatilla patens,Dubina 6,5645c,2013,POP_POCET,Cévnaté rostliny,Dubina 6,"8906063, 8906064",2013-05-01,0,min,ano,lok,minmax,trsů,70,alespoň 70 trsů,0,0
CZ0424125,Pulsatilla patens,Dubina 6,5645c,2013,POP_POSKPERC,Cévnaté rostliny,Dubina 6,"8906063, 8906064",2013-05-01,0,max,ne,lok,minmax,počet trsů,1,nejvýš 1 počet trsů,1,0
CZ0424125,Pulsatilla patens,Dubina 6,5645c,2013,POP_POSKPOC,Cévnaté rostliny,Dubina 6,"8906063, 8906064",2013-05-01,0,max,ne,lok,minmax,počet typů poškození rostlin,2,nejvýš 2 počet typů poškození rostlin,1,0
CZ0424125,Pulsatilla patens,Dubina 6,5645c,2013,POP_TREND,Cévnaté rostliny,Dubina 6,"8906063, 8906064",2013-05-01,0,max,ano,lok,minmax,posledních dvou let s menším počtem jedinců než je referenční hodnota,1,nejvýš 1 posledních dvou let s menším počtem jedinců než je referenční hodnota,1,0
CZ0424125,Pulsatilla patens,Dubina 6,5645c,2013,POP_VITAL,Cévnaté rostliny,Dubina 6,"8906063, 8906064",2013-05-01,0,min,ano,lok,minmax,% počtu trsů,30,alespoň 30 % počtu trsů,NA,neznámý
CZ0424125,Pulsatilla patens,Dubina 6,5645c,2013,STA_POKRDREV,Cévnaté rostliny,Dubina 6,"8906063, 8906064",2013-05-01,0,val,ne,lok,val,NA,0,"0, do 5 %, 5-25 %",NA,neznámý
CZ0424125,Pulsatilla patens,Dubina 6,5645c,2013,STA_POKRSTAR,Cévnaté rostliny,Dubina 6,"8906063, 8906064",2013-05-01,0,val,ne,lok,val,NA,0,"0, do 5 %, 5-25 %",NA,neznámý
CZ0424125,Pulsatilla patens,Dubina 6,5645c,2013,STA_POKRYVNOSTEXPANZNI,Cévnaté rostliny,Dubina 6,"8906063, 8906064",2013-05-01,0,val,ne,lok,val,NA,0,"0, do 5 %, 5-25 %",NA,neznámý
CZ0424125,Pulsatilla patens,Dubina 6,5645c,2013,STA_POKRYVNOSTINVAZNI,Cévnaté rostliny,Dubina 6,"8906063, 8906064",2013-05-01,0,val,ne,lok,val,NA,0,"0, do 5 %",NA,neznámý
CZ0424125,Pulsatilla patens,Dubina 7,5645c,2013,CELKOVE_HODNOCENI,Cévnaté rostliny,Dubina 7,8906066,2013-05-01,0,NA,NA,lok,NA,NA,NA,NA,0,špatný
CZ0424125,Pulsatilla patens,Dubina 7,5645c,2013,CELKOVE_SUM,Cévnaté rostliny,Dubina 7,8906066,2013-05-01,0,NA,NA,NA,NA,NA,,,NA,3
CZ0424125,Pulsatilla patens,Dubina 7,5645c,2013,POP_POCET,Cévnaté rostliny,Dubina 7,8906066,2013-05-01,0,min,ano,lok,minmax,trsů,70,alespoň 70 trsů,0,0
CZ0424125,Pulsatilla patens,Dubina 7,5645c,2013,POP_POSKPERC,Cévnaté rostliny,Dubina 7,8906066,2013-05-01,0,max,ne,lok,minmax,počet trsů,1,nejvýš 1 počet trsů,1,0
CZ0424125,Pulsatilla patens,Dubina 7,5645c,2013,POP_POSKPOC,Cévnaté rostliny,Dubina 7,8906066,2013-05-01,0,max,ne,lok,minmax,počet typů poškození rostlin,2,nejvýš 2 počet typů poškození rostlin,1,0
CZ0424125,Pulsatilla patens,Dubina 7,5645c,2013,POP_TREND,Cévnaté rostliny,Dubina 7,8906066,2013-05-01,0,max,ano,lok,minmax,posledních dvou let s menším počtem jedinců než je referenční hodnota,1,nejvýš 1 posledních dvou let s menším počtem jedinců než je referenční hodnota,1,0
CZ0424125,Pulsatilla patens,Dubina 7,5645c,2013,POP_VITAL,Cévnaté rostliny,Dubina 7,8906066,2013-05-01,0,min,ano,lok,minmax,% počtu trsů,30,alespoň 30 % počtu trsů,NA,neznámý
CZ0424125,Pulsatilla patens,Dubina 7,5645c,2013,STA_POKRDREV,Cévnaté rostliny,Dubina 7,8906066,2013-05-01,0,val,ne,lok,val,NA,0,"0, do 5 %, 5-25 %",NA,neznámý
CZ0424125,Pulsatilla patens,Dubina 7,5645c,2013,STA_POKRSTAR,Cévnaté rostliny,Dubina 7,8906066,2013-05-01,0,val,ne,lok,val,NA,0,"0, do 5 %, 5-25 %",NA,neznámý
CZ0424125,Pulsatilla patens,Dubina 7,5645c,2013,STA_POKRYVNOSTEXPANZNI,Cévnaté rostliny,Dubina 7,8906066,2013-05-01,0,val,ne,lok,val,NA,0,"0, do 5 %, 5-25 %",NA,neznámý
CZ0424125,Pulsatilla patens,Dubina 7,5645c,2013,STA_POKRYVNOSTINVAZNI,Cévnaté rostliny,Dubina 7,8906066,2013-05-01,0,val,ne,lok,val,NA,0,"0, do 5 %",NA,neznámý
CZ0424125,Pulsatilla patens,Dubina u Zvoníčkova 1,5645d,2013,CELKOVE_HODNOCENI,Cévnaté rostliny,Dubina u Zvoníčkova 1,8904676,2013-05-01,0,NA,NA,lok,NA,NA,NA,NA,0,špatný
CZ0424125,Pulsatilla patens,Dubina u Zvoníčkova 1,5645d,2013,CELKOVE_SUM,Cévnaté rostliny,Dubina u Zvoníčkova 1,8904676,2013-05-01,0,NA,NA,NA,NA,NA,,,NA,3
CZ0424125,Pulsatilla patens,Dubina u Zvoníčkova 1,5645d,2013,POP_POCET,Cévnaté rostliny,Dubina u Zvoníčkova 1,8904676,2013-05-01,0,min,ano,lok,minmax,trsů,70,alespoň 70 trsů,0,0
CZ0424125,Pulsatilla patens,Dubina u Zvoníčkova 1,5645d,2013,POP_POSKPERC,Cévnaté rostliny,Dubina u Zvoníčkova 1,8904676,2013-05-01,0,max,ne,lok,minmax,počet trsů,1,nejvýš 1 počet trsů,1,0
CZ0424125,Pulsatilla patens,Dubina u Zvoníčkova 1,5645d,2013,POP_POSKPOC,Cévnaté rostliny,Dubina u Zvoníčkova 1,8904676,2013-05-01,0,max,ne,lok,minmax,počet typů poškození rostlin,2,nejvýš 2 počet typů poškození rostlin,1,0
CZ0424125,Pulsatilla patens,Dubina u Zvoníčkova 1,5645d,2013,POP_TREND,Cévnaté rostliny,Dubina u Zvoníčkova 1,8904676,2013-05-01,0,max,ano,lok,minmax,posledních dvou let s menším počtem jedinců než je referenční hodnota,1,nejvýš 1 posledních dvou let s menším počtem jedinců než je referenční hodnota,1,0
CZ0424125,Pulsatilla patens,Dubina u Zvoníčkova 1,5645d,2013,POP_VITAL,Cévnaté rostliny,Dubina u Zvoníčkova 1,8904676,2013-05-01,0,min,ano,lok,minmax,% počtu trsů,30,alespoň 30 % počtu trsů,NA,neznámý
CZ0424125,Pulsatilla patens,Dubina u Zvoníčkova 1,5645d,2013,STA_POKRDREV,Cévnaté rostliny,Dubina u Zvoníčkova 1,8904676,2013-05-01,0,val,ne,lok,val,NA,0,"0, do 5 %, 5-25 %",NA,neznámý
CZ0424125,Pulsatilla patens,Dubina u Zvoníčkova 1,5645d,2013,STA_POKRSTAR,Cévnaté rostliny,Dubina u Zvoníčkova 1,8904676,2013-05-01,0,val,ne,lok,val,NA,0,"0, do 5 %, 5-25 %",NA,neznámý
CZ0424125,Pulsatilla patens,Dubina u Zvoníčkova 1,5645d,2013,STA_POKRYVNOSTEXPANZNI,Cévnaté rostliny,Dubina u Zvoníčkova 1,8904676,2013-05-01,0,val,ne,lok,val,NA,0,"0, do 5 %, 5-25 %",NA,neznámý
CZ0424125,Pulsatilla patens,Dubina u Zvoníčkova 1,5645d,2013,STA_POKRYVNOSTINVAZNI,Cévnaté rostliny,Dubina u Zvoníčkova 1,8904676,2013-05-01,0,val,ne,lok,val,NA,0,"0, do 5 %",NA,neznámý
CZ0424125,Pulsatilla patens,Dubový vrch,5645c,2021,CELKOVE_HODNOCENI,Cévnaté rostliny,Dubový vrch,11460552,2021-04-23,0,NA,NA,lok,NA,NA,NA,NA,0,špatný
CZ0424125,Pulsatilla patens,Dubový vrch,5645c,2021,CELKOVE_SUM,Cévnaté rostliny,Dubový vrch,11460552,2021-04-23,0,NA,NA,NA,NA,NA,,,NA,3
CZ0424125,Pulsatilla patens,Dubový vrch,5645c,2021,POP_POCET,Cévnaté rostliny,Dubový vrch,11460552,2021-04-23,0,min,ano,lok,minmax,trsů,70,alespoň 70 trsů,0,0
CZ0424125,Pulsatilla patens,Dubový vrch,5645c,2021,POP_POSKPERC,Cévnaté rostliny,Dubový vrch,11460552,2021-04-23,0,max,ne,lok,minmax,počet trsů,1,nejvýš 1 počet trsů,1,0
CZ0424125,Pulsatilla patens,Dubový vrch,5645c,2021,POP_POSKPOC,Cévnaté rostliny,Dubový vrch,11460552,2021-04-23,0,max,ne,lok,minmax,počet typů poškození rostlin,2,nejvýš 2 počet typů poškození rostlin,1,0
CZ0424125,Pulsatilla patens,Dubový vrch,5645c,2021,POP_TREND,Cévnaté rostliny,Dubový vrch,11460552,2021-04-23,0,max,ano,lok,minmax,posledních dvou let s menším počtem jedinců než je referenční hodnota,1,nejvýš 1 posledních dvou let s menším počtem jedinců než je referenční hodnota,1,0
CZ0424125,Pulsatilla patens,Dubový vrch,5645c,2021,POP_VITAL,Cévnaté rostliny,Dubový vrch,11460552,2021-04-23,0,min,ano,lok,minmax,% počtu trsů,30,alespoň 30 % počtu trsů,NA,neznámý
CZ0424125,Pulsatilla patens,Dubový vrch,5645c,2021,STA_POKRDREV,Cévnaté rostliny,Dubový vrch,11460552,2021-04-23,0,val,ne,lok,val,NA,0,"0, do 5 %, 5-25 %",NA,neznámý
CZ0424125,Pulsatilla patens,Dubový vrch,5645c,2021,STA_POKRSTAR,Cévnaté rostliny,Dubový vrch,11460552,2021-04-23,0,val,ne,lok,val,NA,0,"0, do 5 %, 5-25 %",NA,neznámý
CZ0424125,Pulsatilla patens,Dubový vrch,5645c,2021,STA_POKRYVNOSTEXPANZNI,Cévnaté rostliny,Dubový vrch,11460552,2021-04-23,0,val,ne,lok,val,NA,0,"0, do 5 %, 5-25 %",NA,neznámý
CZ0424125,Pulsatilla patens,Dubový vrch,5645c,2021,STA_POKRYVNOSTINVAZNI,Cévnaté rostliny,Dubový vrch,11460552,2021-04-23,0,val,ne,lok,val,NA,0,"0, do 5 %",NA,neznámý
CZ0424125,Pulsatilla patens,Dubový vrch - U lípy,5645c,2021,CELKOVE_HODNOCENI,Cévnaté rostliny,Dubový vrch - U lípy,11460459,2021-04-23,0,NA,NA,lok,NA,NA,NA,NA,0,špatný
CZ0424125,Pulsatilla patens,Dubový vrch - U lípy,5645c,2021,CELKOVE_SUM,Cévnaté rostliny,Dubový vrch - U lípy,11460459,2021-04-23,0,NA,NA,NA,NA,NA,,,NA,3
CZ0424125,Pulsatilla patens,Dubový vrch - U lípy,5645c,2021,POP_POCET,Cévnaté rostliny,Dubový vrch - U lípy,11460459,2021-04-23,0,min,ano,lok,minmax,trsů,70,alespoň 70 trsů,0,0
CZ0424125,Pulsatilla patens,Dubový vrch - U lípy,5645c,2021,POP_POSKPERC,Cévnaté rostliny,Dubový vrch - U lípy,11460459,2021-04-23,0,max,ne,lok,minmax,počet trsů,1,nejvýš 1 počet trsů,1,0
CZ0424125,Pulsatilla patens,Dubový vrch - U lípy,5645c,2021,POP_POSKPOC,Cévnaté rostliny,Dubový vrch - U lípy,11460459,2021-04-23,0,max,ne,lok,minmax,počet typů poškození rostlin,2,nejvýš 2 počet typů poškození rostlin,1,0
CZ0424125,Pulsatilla patens,Dubový vrch - U lípy,5645c,2021,POP_TREND,Cévnaté rostliny,Dubový vrch - U lípy,11460459,2021-04-23,0,max,ano,lok,minmax,posledních dvou let s menším počtem jedinců než je referenční hodnota,1,nejvýš 1 posledních dvou let s menším počtem jedinců než je referenční hodnota,1,0
CZ0424125,Pulsatilla patens,Dubový vrch - U lípy,5645c,2021,POP_VITAL,Cévnaté rostliny,Dubový vrch - U lípy,11460459,2021-04-23,0,min,ano,lok,minmax,% počtu trsů,30,alespoň 30 % počtu trsů,NA,neznámý
CZ0424125,Pulsatilla patens,Dubový vrch - U lípy,5645c,2021,STA_POKRDREV,Cévnaté rostliny,Dubový vrch - U lípy,11460459,2021-04-23,0,val,ne,lok,val,NA,0,"0, do 5 %, 5-25 %",NA,neznámý
CZ0424125,Pulsatilla patens,Dubový vrch - U lípy,5645c,2021,STA_POKRSTAR,Cévnaté rostliny,Dubový vrch - U lípy,11460459,2021-04-23,0,val,ne,lok,val,NA,0,"0, do 5 %, 5-25 %",NA,neznámý
CZ0424125,Pulsatilla patens,Dubový vrch - U lípy,5645c,2021,STA_POKRYVNOSTEXPANZNI,Cévnaté rostliny,Dubový vrch - U lípy,11460459,2021-04-23,0,val,ne,lok,val,NA,0,"0, do 5 %, 5-25 %",NA,neznámý
CZ0424125,Pulsatilla patens,Dubový vrch - U lípy,5645c,2021,STA_POKRYVNOSTINVAZNI,Cévnaté rostliny,Dubový vrch - U lípy,11460459,2021-04-23,0,val,ne,lok,val,NA,0,"0, do 5 %",NA,neznámý
CZ0424125,Pulsatilla patens,Dubový vrch - Z okolí pahorku,5645c,2021,CELKOVE_HODNOCENI,Cévnaté rostliny,Dubový vrch - Z okolí pahorku,11460458,2021-04-23,0,NA,NA,lok,NA,NA,NA,NA,0,špatný
CZ0424125,Pulsatilla patens,Dubový vrch - Z okolí pahorku,5645c,2021,CELKOVE_SUM,Cévnaté rostliny,Dubový vrch - Z okolí pahorku,11460458,2021-04-23,0,NA,NA,NA,NA,NA,,,NA,3
CZ0424125,Pulsatilla patens,Dubový vrch - Z okolí pahorku,5645c,2021,POP_POCET,Cévnaté rostliny,Dubový vrch - Z okolí pahorku,11460458,2021-04-23,0,min,ano,lok,minmax,trsů,70,alespoň 70 trsů,0,0
CZ0424125,Pulsatilla patens,Dubový vrch - Z okolí pahorku,5645c,2021,POP_POSKPERC,Cévnaté rostliny,Dubový vrch - Z okolí pahorku,11460458,2021-04-23,0,max,ne,lok,minmax,počet trsů,1,nejvýš 1 počet trsů,1,0
CZ0424125,Pulsatilla patens,Dubový vrch - Z okolí pahorku,5645c,2021,POP_POSKPOC,Cévnaté rostliny,Dubový vrch - Z okolí pahorku,11460458,2021-04-23,0,max,ne,lok,minmax,počet typů poškození rostlin,2,nejvýš 2 počet typů poškození rostlin,1,0
CZ0424125,Pulsatilla patens,Dubový vrch - Z okolí pahorku,5645c,2021,POP_TREND,Cévnaté rostliny,Dubový vrch - Z okolí pahorku,11460458,2021-04-23,0,max,ano,lok,minmax,posledních dvou let s menším počtem jedinců než je referenční hodnota,1,nejvýš 1 posledních dvou let s menším počtem jedinců než je referenční hodnota,1,0
CZ0424125,Pulsatilla patens,Dubový vrch - Z okolí pahorku,5645c,2021,POP_VITAL,Cévnaté rostliny,Dubový vrch - Z okolí pahorku,11460458,2021-04-23,0,min,ano,lok,minmax,% počtu trsů,30,alespoň 30 % počtu trsů,NA,neznámý
CZ0424125,Pulsatilla patens,Dubový vrch - Z okolí pahorku,5645c,2021,STA_POKRDREV,Cévnaté rostliny,Dubový vrch - Z okolí pahorku,11460458,2021-04-23,0,val,ne,lok,val,NA,0,"0, do 5 %, 5-25 %",NA,neznámý
CZ0424125,Pulsatilla patens,Dubový vrch - Z okolí pahorku,5645c,2021,STA_POKRSTAR,Cévnaté rostliny,Dubový vrch - Z okolí pahorku,11460458,2021-04-23,0,val,ne,lok,val,NA,0,"0, do 5 %, 5-25 %",NA,neznámý
CZ0424125,Pulsatilla patens,Dubový vrch - Z okolí pahorku,5645c,2021,STA_POKRYVNOSTEXPANZNI,Cévnaté rostliny,Dubový vrch - Z okolí pahorku,11460458,2021-04-23,0,val,ne,lok,val,NA,0,"0, do 5 %, 5-25 %",NA,neznámý
CZ0424125,Pulsatilla patens,Dubový vrch - Z okolí pahorku,5645c,2021,STA_POKRYVNOSTINVAZNI,Cévnaté rostliny,Dubový vrch - Z okolí pahorku,11460458,2021-04-23,0,val,ne,lok,val,NA,0,"0, do 5 %",NA,neznámý
CZ0424125,Pulsatilla patens,Dubový vrch - dlouhá vrstevnicová mez,5645c,2021,CELKOVE_HODNOCENI,Cévnaté rostliny,Dubový vrch - dlouhá vrstevnicová mez,11460461,2021-04-23,0,NA,NA,lok,NA,NA,NA,NA,0,špatný
CZ0424125,Pulsatilla patens,Dubový vrch - dlouhá vrstevnicová mez,5645c,2021,CELKOVE_SUM,Cévnaté rostliny,Dubový vrch - dlouhá vrstevnicová mez,11460461,2021-04-23,0,NA,NA,NA,NA,NA,,,NA,3
CZ0424125,Pulsatilla patens,Dubový vrch - dlouhá vrstevnicová mez,5645c,2021,POP_POCET,Cévnaté rostliny,Dubový vrch - dlouhá vrstevnicová mez,11460461,2021-04-23,0,min,ano,lok,minmax,trsů,70,alespoň 70 trsů,0,0
CZ0424125,Pulsatilla patens,Dubový vrch - dlouhá vrstevnicová mez,5645c,2021,POP_POSKPERC,Cévnaté rostliny,Dubový vrch - dlouhá vrstevnicová mez,11460461,2021-04-23,0,max,ne,lok,minmax,počet trsů,1,nejvýš 1 počet trsů,1,0
CZ0424125,Pulsatilla patens,Dubový vrch - dlouhá vrstevnicová mez,5645c,2021,POP_POSKPOC,Cévnaté rostliny,Dubový vrch - dlouhá vrstevnicová mez,11460461,2021-04-23,0,max,ne,lok,minmax,počet typů poškození rostlin,2,nejvýš 2 počet typů poškození rostlin,1,0
CZ0424125,Pulsatilla patens,Dubový vrch - dlouhá vrstevnicová mez,5645c,2021,POP_TREND,Cévnaté rostliny,Dubový vrch - dlouhá vrstevnicová mez,11460461,2021-04-23,0,max,ano,lok,minmax,posledních dvou let s menším počtem jedinců než je referenční hodnota,1,nejvýš 1 posledních dvou let s menším počtem jedinců než je referenční hodnota,1,0
CZ0424125,Pulsatilla patens,Dubový vrch - dlouhá vrstevnicová mez,5645c,2021,POP_VITAL,Cévnaté rostliny,Dubový vrch - dlouhá vrstevnicová mez,11460461,2021-04-23,0,min,ano,lok,minmax,% počtu trsů,30,alespoň 30 % počtu trsů,NA,neznámý
CZ0424125,Pulsatilla patens,Dubový vrch - dlouhá vrstevnicová mez,5645c,2021,STA_POKRDREV,Cévnaté rostliny,Dubový vrch - dlouhá vrstevnicová mez,11460461,2021-04-23,0,val,ne,lok,val,NA,0,"0, do 5 %, 5-25 %",NA,neznámý
CZ0424125,Pulsatilla patens,Dubový vrch - dlouhá vrstevnicová mez,5645c,2021,STA_POKRSTAR,Cévnaté rostliny,Dubový vrch - dlouhá vrstevnicová mez,11460461,2021-04-23,0,val,ne,lok,val,NA,0,"0, do 5 %, 5-25 %",NA,neznámý
CZ0424125,Pulsatilla patens,Dubový vrch - dlouhá vrstevnicová mez,5645c,2021,STA_POKRYVNOSTEXPANZNI,Cévnaté rostliny,Dubový vrch - dlouhá vrstevnicová mez,11460461,2021-04-23,0,val,ne,lok,val,NA,0,"0, do 5 %, 5-25 %",NA,neznámý
CZ0424125,Pulsatilla patens,Dubový vrch - dlouhá vrstevnicová mez,5645c,2021,STA_POKRYVNOSTINVAZNI,Cévnaté rostliny,Dubový vrch - dlouhá vrstevnicová mez,11460461,2021-04-23,0,val,ne,lok,val,NA,0,"0, do 5 %",NA,neznámý
CZ0424125,Pulsatilla patens,Dubový vrch - krátká vrstevnicová mez,5645c,2021,CELKOVE_HODNOCENI,Cévnaté rostliny,Dubový vrch - krátká vrstevnicová mez,11460460,2021-04-23,0,NA,NA,lok,NA,NA,NA,NA,0,špatný
CZ0424125,Pulsatilla patens,Dubový vrch - krátká vrstevnicová mez,5645c,2021,CELKOVE_SUM,Cévnaté rostliny,Dubový vrch - krátká vrstevnicová mez,11460460,2021-04-23,0,NA,NA,NA,NA,NA,,,NA,3
CZ0424125,Pulsatilla patens,Dubový vrch - krátká vrstevnicová mez,5645c,2021,POP_POCET,Cévnaté rostliny,Dubový vrch - krátká vrstevnicová mez,11460460,2021-04-23,0,min,ano,lok,minmax,trsů,70,alespoň 70 trsů,0,0
CZ0424125,Pulsatilla patens,Dubový vrch - krátká vrstevnicová mez,5645c,2021,POP_POSKPERC,Cévnaté rostliny,Dubový vrch - krátká vrstevnicová mez,11460460,2021-04-23,0,max,ne,lok,minmax,počet trsů,1,nejvýš 1 počet trsů,1,0
CZ0424125,Pulsatilla patens,Dubový vrch - krátká vrstevnicová mez,5645c,2021,POP_POSKPOC,Cévnaté rostliny,Dubový vrch - krátká vrstevnicová mez,11460460,2021-04-23,0,max,ne,lok,minmax,počet typů poškození rostlin,2,nejvýš 2 počet typů poškození rostlin,1,0
CZ0424125,Pulsatilla patens,Dubový vrch - krátká vrstevnicová mez,5645c,2021,POP_TREND,Cévnaté rostliny,Dubový vrch - krátká vrstevnicová mez,11460460,2021-04-23,0,max,ano,lok,minmax,posledních dvou let s menším počtem jedinců než je referenční hodnota,1,nejvýš 1 posledních dvou let s menším počtem jedinců než je referenční hodnota,1,0
CZ0424125,Pulsatilla patens,Dubový vrch - krátká vrstevnicová mez,5645c,2021,POP_VITAL,Cévnaté rostliny,Dubový vrch - krátká vrstevnicová mez,11460460,2021-04-23,0,min,ano,lok,minmax,% počtu trsů,30,alespoň 30 % počtu trsů,NA,neznámý
CZ0424125,Pulsatilla patens,Dubový vrch - krátká vrstevnicová mez,5645c,2021,STA_POKRDREV,Cévnaté rostliny,Dubový vrch - krátká vrstevnicová mez,11460460,2021-04-23,0,val,ne,lok,val,NA,0,"0, do 5 %, 5-25 %",NA,neznámý
CZ0424125,Pulsatilla patens,Dubový vrch - krátká vrstevnicová mez,5645c,2021,STA_POKRSTAR,Cévnaté rostliny,Dubový vrch - krátká vrstevnicová mez,11460460,2021-04-23,0,val,ne,lok,val,NA,0,"0, do 5 %, 5-25 %",NA,neznámý
CZ0424125,Pulsatilla patens,Dubový vrch - krátká vrstevnicová mez,5645c,2021,STA_POKRYVNOSTEXPANZNI,Cévnaté rostliny,Dubový vrch - krátká vrstevnicová mez,11460460,2021-04-23,0,val,ne,lok,val,NA,0,"0, do 5 %, 5-25 %",NA,neznámý
CZ0424125,Pulsatilla patens,Dubový vrch - krátká vrstevnicová mez,5645c,2021,STA_POKRYVNOSTINVAZNI,Cévnaté rostliny,Dubový vrch - krátká vrstevnicová mez,11460460,2021-04-23,0,val,ne,lok,val,NA,0,"0, do 5 %",NA,neznámý
CZ0424125,Pulsatilla patens,Dubový vrch - prudká stráň u borového hájku,5645c,2021,CELKOVE_HODNOCENI,Cévnaté rostliny,Dubový vrch - prudká stráň u borového hájku,11460462,2021-04-23,0,NA,NA,lok,NA,NA,NA,NA,0,špatný
CZ0424125,Pulsatilla patens,Dubový vrch - prudká stráň u borového hájku,5645c,2021,CELKOVE_SUM,Cévnaté rostliny,Dubový vrch - prudká stráň u borového hájku,11460462,2021-04-23,0,NA,NA,NA,NA,NA,,,NA,3
CZ0424125,Pulsatilla patens,Dubový vrch - prudká stráň u borového hájku,5645c,2021,POP_POCET,Cévnaté rostliny,Dubový vrch - prudká stráň u borového hájku,11460462,2021-04-23,0,min,ano,lok,minmax,trsů,70,alespoň 70 trsů,0,0
CZ0424125,Pulsatilla patens,Dubový vrch - prudká stráň u borového hájku,5645c,2021,POP_POSKPERC,Cévnaté rostliny,Dubový vrch - prudká stráň u borového hájku,11460462,2021-04-23,0,max,ne,lok,minmax,počet trsů,1,nejvýš 1 počet trsů,1,0
CZ0424125,Pulsatilla patens,Dubový vrch - prudká stráň u borového hájku,5645c,2021,POP_POSKPOC,Cévnaté rostliny,Dubový vrch - prudká stráň u borového hájku,11460462,2021-04-23,0,max,ne,lok,minmax,počet typů poškození rostlin,2,nejvýš 2 počet typů poškození rostlin,1,0
CZ0424125,Pulsatilla patens,Dubový vrch - prudká stráň u borového hájku,5645c,2021,POP_TREND,Cévnaté rostliny,Dubový vrch - prudká stráň u borového hájku,11460462,2021-04-23,0,max,ano,lok,minmax,posledních dvou let s menším počtem jedinců než je referenční hodnota,1,nejvýš 1 posledních dvou let s menším počtem jedinců než je referenční hodnota,1,0
CZ0424125,Pulsatilla patens,Dubový vrch - prudká stráň u borového hájku,5645c,2021,POP_VITAL,Cévnaté rostliny,Dubový vrch - prudká stráň u borového hájku,11460462,2021-04-23,0,min,ano,lok,minmax,% počtu trsů,30,alespoň 30 % počtu trsů,NA,neznámý
CZ0424125,Pulsatilla patens,Dubový vrch - prudká stráň u borového hájku,5645c,2021,STA_POKRDREV,Cévnaté rostliny,Dubový vrch - prudká stráň u borového hájku,11460462,2021-04-23,0,val,ne,lok,val,NA,0,"0, do 5 %, 5-25 %",NA,neznámý
CZ0424125,Pulsatilla patens,Dubový vrch - prudká stráň u borového hájku,5645c,2021,STA_POKRSTAR,Cévnaté rostliny,Dubový vrch - prudká stráň u borového hájku,11460462,2021-04-23,0,val,ne,lok,val,NA,0,"0, do 5 %, 5-25 %",NA,neznámý
CZ0424125,Pulsatilla patens,Dubový vrch - prudká stráň u borového hájku,5645c,2021,STA_POKRYVNOSTEXPANZNI,Cévnaté rostliny,Dubový vrch - prudká stráň u borového hájku,11460462,2021-04-23,0,val,ne,lok,val,NA,0,"0, do 5 %, 5-25 %",NA,neznámý
CZ0424125,Pulsatilla patens,Dubový vrch - prudká stráň u borového hájku,5645c,2021,STA_POKRYVNOSTINVAZNI,Cévnaté rostliny,Dubový vrch - prudká stráň u borového hájku,11460462,2021-04-23,0,val,ne,lok,val,NA,0,"0, do 5 %",NA,neznámý
CZ0424125,Pulsatilla patens,Dubový vrch - spádnicová kamenná mez,5645c,2021,CELKOVE_HODNOCENI,Cévnaté rostliny,Dubový vrch - spádnicová kamenná mez,11460548,2021-04-23,0,NA,NA,lok,NA,NA,NA,NA,0,špatný
CZ0424125,Pulsatilla patens,Dubový vrch - spádnicová kamenná mez,5645c,2021,CELKOVE_SUM,Cévnaté rostliny,Dubový vrch - spádnicová kamenná mez,11460548,2021-04-23,0,NA,NA,NA,NA,NA,,,NA,3
CZ0424125,Pulsatilla patens,Dubový vrch - spádnicová kamenná mez,5645c,2021,POP_POCET,Cévnaté rostliny,Dubový vrch - spádnicová kamenná mez,11460548,2021-04-23,0,min,ano,lok,minmax,trsů,70,alespoň 70 trsů,0,0
CZ0424125,Pulsatilla patens,Dubový vrch - spádnicová kamenná mez,5645c,2021,POP_POSKPERC,Cévnaté rostliny,Dubový vrch - spádnicová kamenná mez,11460548,2021-04-23,0,max,ne,lok,minmax,počet trsů,1,nejvýš 1 počet trsů,1,0
CZ0424125,Pulsatilla patens,Dubový vrch - spádnicová kamenná mez,5645c,2021,POP_POSKPOC,Cévnaté rostliny,Dubový vrch - spádnicová kamenná mez,11460548,2021-04-23,0,max,ne,lok,minmax,počet typů poškození rostlin,2,nejvýš 2 počet typů poškození rostlin,1,0
CZ0424125,Pulsatilla patens,Dubový vrch - spádnicová kamenná mez,5645c,2021,POP_TREND,Cévnaté rostliny,Dubový vrch - spádnicová kamenná mez,11460548,2021-04-23,0,max,ano,lok,minmax,posledních dvou let s menším počtem jedinců než je referenční hodnota,1,nejvýš 1 posledních dvou let s menším počtem jedinců než je referenční hodnota,1,0
CZ0424125,Pulsatilla patens,Dubový vrch - spádnicová kamenná mez,5645c,2021,POP_VITAL,Cévnaté rostliny,Dubový vrch - spádnicová kamenná mez,11460548,2021-04-23,0,min,ano,lok,minmax,% počtu trsů,30,alespoň 30 % počtu trsů,NA,neznámý
CZ0424125,Pulsatilla patens,Dubový vrch - spádnicová kamenná mez,5645c,2021,STA_POKRDREV,Cévnaté rostliny,Dubový vrch - spádnicová kamenná mez,11460548,2021-04-23,0,val,ne,lok,val,NA,0,"0, do 5 %, 5-25 %",NA,neznámý
CZ0424125,Pulsatilla patens,Dubový vrch - spádnicová kamenná mez,5645c,2021,STA_POKRSTAR,Cévnaté rostliny,Dubový vrch - spádnicová kamenná mez,11460548,2021-04-23,0,val,ne,lok,val,NA,0,"0, do 5 %, 5-25 %",NA,neznámý
CZ0424125,Pulsatilla patens,Dubový vrch - spádnicová kamenná mez,5645c,2021,STA_POKRYVNOSTEXPANZNI,Cévnaté rostliny,Dubový vrch - spádnicová kamenná mez,11460548,2021-04-23,0,val,ne,lok,val,NA,0,"0, do 5 %, 5-25 %",NA,neznámý
CZ0424125,Pulsatilla patens,Dubový vrch - spádnicová kamenná mez,5645c,2021,STA_POKRYVNOSTINVAZNI,Cévnaté rostliny,Dubový vrch - spádnicová kamenná mez,11460548,2021-04-23,0,val,ne,lok,val,NA,0,"0, do 5 %",NA,neznámý
CZ0424125,Pulsatilla patens,Dubový vrch - vrstevnicová mez s jalovcem,5645c,2021,CELKOVE_HODNOCENI,Cévnaté rostliny,Dubový vrch - vrstevnicová mez s jalovcem,11460457,2021-04-23,0,NA,NA,lok,NA,NA,NA,NA,0,špatný
CZ0424125,Pulsatilla patens,Dubový vrch - vrstevnicová mez s jalovcem,5645c,2021,CELKOVE_SUM,Cévnaté rostliny,Dubový vrch - vrstevnicová mez s jalovcem,11460457,2021-04-23,0,NA,NA,NA,NA,NA,,,NA,3
CZ0424125,Pulsatilla patens,Dubový vrch - vrstevnicová mez s jalovcem,5645c,2021,POP_POCET,Cévnaté rostliny,Dubový vrch - vrstevnicová mez s jalovcem,11460457,2021-04-23,0,min,ano,lok,minmax,trsů,70,alespoň 70 trsů,0,0
CZ0424125,Pulsatilla patens,Dubový vrch - vrstevnicová mez s jalovcem,5645c,2021,POP_POSKPERC,Cévnaté rostliny,Dubový vrch - vrstevnicová mez s jalovcem,11460457,2021-04-23,0,max,ne,lok,minmax,počet trsů,1,nejvýš 1 počet trsů,1,0
CZ0424125,Pulsatilla patens,Dubový vrch - vrstevnicová mez s jalovcem,5645c,2021,POP_POSKPOC,Cévnaté rostliny,Dubový vrch - vrstevnicová mez s jalovcem,11460457,2021-04-23,0,max,ne,lok,minmax,počet typů poškození rostlin,2,nejvýš 2 počet typů poškození rostlin,1,0
CZ0424125,Pulsatilla patens,Dubový vrch - vrstevnicová mez s jalovcem,5645c,2021,POP_TREND,Cévnaté rostliny,Dubový vrch - vrstevnicová mez s jalovcem,11460457,2021-04-23,0,max,ano,lok,minmax,posledních dvou let s menším počtem jedinců než je referenční hodnota,1,nejvýš 1 posledních dvou let s menším počtem jedinců než je referenční hodnota,1,0
CZ0424125,Pulsatilla patens,Dubový vrch - vrstevnicová mez s jalovcem,5645c,2021,POP_VITAL,Cévnaté rostliny,Dubový vrch - vrstevnicová mez s jalovcem,11460457,2021-04-23,0,min,ano,lok,minmax,% počtu trsů,30,alespoň 30 % počtu trsů,NA,neznámý
CZ0424125,Pulsatilla patens,Dubový vrch - vrstevnicová mez s jalovcem,5645c,2021,STA_POKRDREV,Cévnaté rostliny,Dubový vrch - vrstevnicová mez s jalovcem,11460457,2021-04-23,0,val,ne,lok,val,NA,0,"0, do 5 %, 5-25 %",NA,neznámý
CZ0424125,Pulsatilla patens,Dubový vrch - vrstevnicová mez s jalovcem,5645c,2021,STA_POKRSTAR,Cévnaté rostliny,Dubový vrch - vrstevnicová mez s jalovcem,11460457,2021-04-23,0,val,ne,lok,val,NA,0,"0, do 5 %, 5-25 %",NA,neznámý
CZ0424125,Pulsatilla patens,Dubový vrch - vrstevnicová mez s jalovcem,5645c,2021,STA_POKRYVNOSTEXPANZNI,Cévnaté rostliny,Dubový vrch - vrstevnicová mez s jalovcem,11460457,2021-04-23,0,val,ne,lok,val,NA,0,"0, do 5 %, 5-25 %",NA,neznámý
CZ0424125,Pulsatilla patens,Dubový vrch - vrstevnicová mez s jalovcem,5645c,2021,STA_POKRYVNOSTINVAZNI,Cévnaté rostliny,Dubový vrch - vrstevnicová mez s jalovcem,11460457,2021-04-23,0,val,ne,lok,val,NA,0,"0, do 5 %",NA,neznámý
CZ0424125,Pulsatilla patens,Dubový vrch 1,5645c,2021,CELKOVE_HODNOCENI,Cévnaté rostliny,Dubový vrch 1,11772601,2021-04-22,1,NA,NA,lok,NA,NA,NA,NA,0,špatný
CZ0424125,Pulsatilla patens,Dubový vrch 1,5645c,2021,CELKOVE_SUM,Cévnaté rostliny,Dubový vrch 1,11772601,2021-04-22,1,NA,NA,NA,NA,NA,,,NA,2
CZ0424125,Pulsatilla patens,Dubový vrch 1,5645c,2021,POP_POCET,Cévnaté rostliny,Dubový vrch 1,11772601,2021-04-22,1,min,ano,lok,minmax,trsů,70,alespoň 70 trsů,0,0
CZ0424125,Pulsatilla patens,Dubový vrch 1,5645c,2021,POP_POSKPERC,Cévnaté rostliny,Dubový vrch 1,11772601,2021-04-22,1,max,ne,lok,minmax,počet trsů,1,nejvýš 1 počet trsů,1,0
CZ0424125,Pulsatilla patens,Dubový vrch 1,5645c,2021,POP_POSKPOC,Cévnaté rostliny,Dubový vrch 1,11772601,2021-04-22,1,max,ne,lok,minmax,počet typů poškození rostlin,2,nejvýš 2 počet typů poškození rostlin,1,0
CZ0424125,Pulsatilla patens,Dubový vrch 1,5645c,2021,POP_TREND,Cévnaté rostliny,Dubový vrch 1,11772601,2021-04-22,1,max,ano,lok,minmax,posledních dvou let s menším počtem jedinců než je referenční hodnota,1,nejvýš 1 posledních dvou let s menším počtem jedinců než je referenční hodnota,0,2
CZ0424125,Pulsatilla patens,Dubový vrch 1,5645c,2021,POP_VITAL,Cévnaté rostliny,Dubový vrch 1,11772601,2021-04-22,1,min,ano,lok,minmax,% počtu trsů,30,alespoň 30 % počtu trsů,NA,neznámý
CZ0424125,Pulsatilla patens,Dubový vrch 1,5645c,2021,STA_POKRDREV,Cévnaté rostliny,Dubový vrch 1,11772601,2021-04-22,1,val,ne,lok,val,NA,0,"0, do 5 %, 5-25 %",NA,neznámý
CZ0424125,Pulsatilla patens,Dubový vrch 1,5645c,2021,STA_POKRSTAR,Cévnaté rostliny,Dubový vrch 1,11772601,2021-04-22,1,val,ne,lok,val,NA,0,"0, do 5 %, 5-25 %",NA,neznámý
CZ0424125,Pulsatilla patens,Dubový vrch 1,5645c,2021,STA_POKRYVNOSTEXPANZNI,Cévnaté rostliny,Dubový vrch 1,11772601,2021-04-22,1,val,ne,lok,val,NA,0,"0, do 5 %, 5-25 %",NA,neznámý
CZ0424125,Pulsatilla patens,Dubový vrch 1,5645c,2021,STA_POKRYVNOSTINVAZNI,Cévnaté rostliny,Dubový vrch 1,11772601,2021-04-22,1,val,ne,lok,val,NA,0,"0, do 5 %",NA,neznámý
CZ0424125,Pulsatilla patens,Dubový vrch 2,5645c,2022,CELKOVE_HODNOCENI,Cévnaté rostliny,Dubový vrch 2,12988748,2022-04-20,1,NA,NA,lok,NA,NA,NA,NA,0,špatný
CZ0424125,Pulsatilla patens,Dubový vrch 2,5645c,2022,CELKOVE_SUM,Cévnaté rostliny,Dubový vrch 2,12988748,2022-04-20,1,NA,NA,NA,NA,NA,,,NA,2
CZ0424125,Pulsatilla patens,Dubový vrch 2,5645c,2022,POP_POCET,Cévnaté rostliny,Dubový vrch 2,12988748,2022-04-20,1,min,ano,lok,minmax,trsů,70,alespoň 70 trsů,0,0
CZ0424125,Pulsatilla patens,Dubový vrch 2,5645c,2022,POP_POSKPERC,Cévnaté rostliny,Dubový vrch 2,12988748,2022-04-20,1,max,ne,lok,minmax,počet trsů,1,nejvýš 1 počet trsů,1,0
CZ0424125,Pulsatilla patens,Dubový vrch 2,5645c,2022,POP_POSKPOC,Cévnaté rostliny,Dubový vrch 2,12988748,2022-04-20,1,max,ne,lok,minmax,počet typů poškození rostlin,2,nejvýš 2 počet typů poškození rostlin,1,0
CZ0424125,Pulsatilla patens,Dubový vrch 2,5645c,2022,POP_TREND,Cévnaté rostliny,Dubový vrch 2,12988748,2022-04-20,1,max,ano,lok,minmax,posledních dvou let s menším počtem jedinců než je referenční hodnota,1,nejvýš 1 posledních dvou let s menším počtem jedinců než je referenční hodnota,0,2
CZ0424125,Pulsatilla patens,Dubový vrch 2,5645c,2022,POP_VITAL,Cévnaté rostliny,Dubový vrch 2,12988748,2022-04-20,1,min,ano,lok,minmax,% počtu trsů,30,alespoň 30 % počtu trsů,NA,neznámý
CZ0424125,Pulsatilla patens,Dubový vrch 2,5645c,2022,STA_POKRDREV,Cévnaté rostliny,Dubový vrch 2,12988748,2022-04-20,1,val,ne,lok,val,NA,0,"0, do 5 %, 5-25 %",NA,neznámý
CZ0424125,Pulsatilla patens,Dubový vrch 2,5645c,2022,STA_POKRSTAR,Cévnaté rostliny,Dubový vrch 2,12988748,2022-04-20,1,val,ne,lok,val,NA,0,"0, do 5 %, 5-25 %",NA,neznámý
CZ0424125,Pulsatilla patens,Dubový vrch 2,5645c,2022,STA_POKRYVNOSTEXPANZNI,Cévnaté rostliny,Dubový vrch 2,12988748,2022-04-20,1,val,ne,lok,val,NA,0,"0, do 5 %, 5-25 %",NA,neznámý
CZ0424125,Pulsatilla patens,Dubový vrch 2,5645c,2022,STA_POKRYVNOSTINVAZNI,Cévnaté rostliny,Dubový vrch 2,12988748,2022-04-20,1,val,ne,lok,val,NA,0,"0, do 5 %",NA,neznámý
CZ0424125,Pulsatilla patens,Dubový vrch 3,5645c,2021,CELKOVE_HODNOCENI,Cévnaté rostliny,Dubový vrch 3,11772605,2021-04-22,1,NA,NA,lok,NA,NA,NA,NA,0,špatný
CZ0424125,Pulsatilla patens,Dubový vrch 3,5645c,2021,CELKOVE_SUM,Cévnaté rostliny,Dubový vrch 3,11772605,2021-04-22,1,NA,NA,NA,NA,NA,,,NA,2
CZ0424125,Pulsatilla patens,Dubový vrch 3,5645c,2021,POP_POCET,Cévnaté rostliny,Dubový vrch 3,11772605,2021-04-22,1,min,ano,lok,minmax,trsů,70,alespoň 70 trsů,0,0
CZ0424125,Pulsatilla patens,Dubový vrch 3,5645c,2021,POP_POSKPERC,Cévnaté rostliny,Dubový vrch 3,11772605,2021-04-22,1,max,ne,lok,minmax,počet trsů,1,nejvýš 1 počet trsů,1,0
CZ0424125,Pulsatilla patens,Dubový vrch 3,5645c,2021,POP_POSKPOC,Cévnaté rostliny,Dubový vrch 3,11772605,2021-04-22,1,max,ne,lok,minmax,počet typů poškození rostlin,2,nejvýš 2 počet typů poškození rostlin,1,0
CZ0424125,Pulsatilla patens,Dubový vrch 3,5645c,2021,POP_TREND,Cévnaté rostliny,Dubový vrch 3,11772605,2021-04-22,1,max,ano,lok,minmax,posledních dvou let s menším počtem jedinců než je referenční hodnota,1,nejvýš 1 posledních dvou let s menším počtem jedinců než je referenční hodnota,0,2
CZ0424125,Pulsatilla patens,Dubový vrch 3,5645c,2021,POP_VITAL,Cévnaté rostliny,Dubový vrch 3,11772605,2021-04-22,1,min,ano,lok,minmax,% počtu trsů,30,alespoň 30 % počtu trsů,NA,neznámý
CZ0424125,Pulsatilla patens,Dubový vrch 3,5645c,2021,STA_POKRDREV,Cévnaté rostliny,Dubový vrch 3,11772605,2021-04-22,1,val,ne,lok,val,NA,0,"0, do 5 %, 5-25 %",NA,neznámý
CZ0424125,Pulsatilla patens,Dubový vrch 3,5645c,2021,STA_POKRSTAR,Cévnaté rostliny,Dubový vrch 3,11772605,2021-04-22,1,val,ne,lok,val,NA,0,"0, do 5 %, 5-25 %",NA,neznámý
CZ0424125,Pulsatilla patens,Dubový vrch 3,5645c,2021,STA_POKRYVNOSTEXPANZNI,Cévnaté rostliny,Dubový vrch 3,11772605,2021-04-22,1,val,ne,lok,val,NA,0,"0, do 5 %, 5-25 %",NA,neznámý
CZ0424125,Pulsatilla patens,Dubový vrch 3,5645c,2021,STA_POKRYVNOSTINVAZNI,Cévnaté rostliny,Dubový vrch 3,11772605,2021-04-22,1,val,ne,lok,val,NA,0,"0, do 5 %",NA,neznámý
CZ0424125,Pulsatilla patens,"Kadaň, 22423",5645d,2021,CELKOVE_HODNOCENI,Cévnaté rostliny,"Kadaň, 22423",11444718,2021-03-30,0,NA,NA,lok,NA,NA,NA,NA,0,špatný
CZ0424125,Pulsatilla patens,"Kadaň, 22423",5645d,2021,CELKOVE_SUM,Cévnaté rostliny,"Kadaň, 22423",11444718,2021-03-30,0,NA,NA,NA,NA,NA,,,NA,3
CZ0424125,Pulsatilla patens,"Kadaň, 22423",5645d,2021,POP_POCET,Cévnaté rostliny,"Kadaň, 22423",11444718,2021-03-30,0,min,ano,lok,minmax,trsů,70,alespoň 70 trsů,0,0
CZ0424125,Pulsatilla patens,"Kadaň, 22423",5645d,2021,POP_POSKPERC,Cévnaté rostliny,"Kadaň, 22423",11444718,2021-03-30,0,max,ne,lok,minmax,počet trsů,1,nejvýš 1 počet trsů,1,0
CZ0424125,Pulsatilla patens,"Kadaň, 22423",5645d,2021,POP_POSKPOC,Cévnaté rostliny,"Kadaň, 22423",11444718,2021-03-30,0,max,ne,lok,minmax,počet typů poškození rostlin,2,nejvýš 2 počet typů poškození rostlin,1,0
CZ0424125,Pulsatilla patens,"Kadaň, 22423",5645d,2021,POP_TREND,Cévnaté rostliny,"Kadaň, 22423",11444718,2021-03-30,0,max,ano,lok,minmax,posledních dvou let s menším počtem jedinců než je referenční hodnota,1,nejvýš 1 posledních dvou let s menším počtem jedinců než je referenční hodnota,1,0
CZ0424125,Pulsatilla patens,"Kadaň, 22423",5645d,2021,POP_VITAL,Cévnaté rostliny,"Kadaň, 22423",11444718,2021-03-30,0,min,ano,lok,minmax,% počtu trsů,30,alespoň 30 % počtu trsů,NA,neznámý
CZ0424125,Pulsatilla patens,"Kadaň, 22423",5645d,2021,STA_POKRDREV,Cévnaté rostliny,"Kadaň, 22423",11444718,2021-03-30,0,val,ne,lok,val,NA,0,"0, do 5 %, 5-25 %",NA,neznámý
CZ0424125,Pulsatilla patens,"Kadaň, 22423",5645d,2021,STA_POKRSTAR,Cévnaté rostliny,"Kadaň, 22423",11444718,2021-03-30,0,val,ne,lok,val,NA,0,"0, do 5 %, 5-25 %",NA,neznámý
CZ0424125,Pulsatilla patens,"Kadaň, 22423",5645d,2021,STA_POKRYVNOSTEXPANZNI,Cévnaté rostliny,"Kadaň, 22423",11444718,2021-03-30,0,val,ne,lok,val,NA,0,"0, do 5 %, 5-25 %",NA,neznámý
CZ0424125,Pulsatilla patens,"Kadaň, 22423",5645d,2021,STA_POKRYVNOSTINVAZNI,Cévnaté rostliny,"Kadaň, 22423",11444718,2021-03-30,0,val,ne,lok,val,NA,0,"0, do 5 %",NA,neznámý
CZ0424125,Pulsatilla patens,Pastviny,5645c,2022,CELKOVE_HODNOCENI,Cévnaté rostliny,Pastviny,"11797014, 12988747",2022-05-15,1,NA,NA,lok,NA,NA,NA,NA,0,špatný
CZ0424125,Pulsatilla patens,Pastviny,5645c,2022,CELKOVE_SUM,Cévnaté rostliny,Pastviny,"11797014, 12988747",2022-05-15,1,NA,NA,NA,NA,NA,,,NA,2
CZ0424125,Pulsatilla patens,Pastviny,5645c,2022,POP_POCET,Cévnaté rostliny,Pastviny,"11797014, 12988747",2022-05-15,1,min,ano,lok,minmax,trsů,70,alespoň 70 trsů,0,0
CZ0424125,Pulsatilla patens,Pastviny,5645c,2022,POP_POSKPERC,Cévnaté rostliny,Pastviny,"11797014, 12988747",2022-05-15,1,max,ne,lok,minmax,počet trsů,1,nejvýš 1 počet trsů,1,0
CZ0424125,Pulsatilla patens,Pastviny,5645c,2022,POP_POSKPOC,Cévnaté rostliny,Pastviny,"11797014, 12988747",2022-05-15,1,max,ne,lok,minmax,počet typů poškození rostlin,2,nejvýš 2 počet typů poškození rostlin,1,0
CZ0424125,Pulsatilla patens,Pastviny,5645c,2022,POP_TREND,Cévnaté rostliny,Pastviny,"11797014, 12988747",2022-05-15,1,max,ano,lok,minmax,posledních dvou let s menším počtem jedinců než je referenční hodnota,1,nejvýš 1 posledních dvou let s menším počtem jedinců než je referenční hodnota,0,2
CZ0424125,Pulsatilla patens,Pastviny,5645c,2022,POP_VITAL,Cévnaté rostliny,Pastviny,"11797014, 12988747",2022-05-15,1,min,ano,lok,minmax,% počtu trsů,30,alespoň 30 % počtu trsů,NA,neznámý
CZ0424125,Pulsatilla patens,Pastviny,5645c,2022,STA_POKRDREV,Cévnaté rostliny,Pastviny,"11797014, 12988747",2022-05-15,1,val,ne,lok,val,NA,0,"0, do 5 %, 5-25 %",NA,neznámý
CZ0424125,Pulsatilla patens,Pastviny,5645c,2022,STA_POKRSTAR,Cévnaté rostliny,Pastviny,"11797014, 12988747",2022-05-15,1,val,ne,lok,val,NA,0,"0, do 5 %, 5-25 %",NA,neznámý
CZ0424125,Pulsatilla patens,Pastviny,5645c,2022,STA_POKRYVNOSTEXPANZNI,Cévnaté rostliny,Pastviny,"11797014, 12988747",2022-05-15,1,val,ne,lok,val,NA,0,"0, do 5 %, 5-25 %",NA,neznámý
CZ0424125,Pulsatilla patens,Pastviny,5645c,2022,STA_POKRYVNOSTINVAZNI,Cévnaté rostliny,Pastviny,"11797014, 12988747",2022-05-15,1,val,ne,lok,val,NA,0,"0, do 5 %",NA,neznámý
CZ0424125,Pulsatilla patens,Ppat005,5645d,2023,CELKOVE_HODNOCENI,Cévnaté rostliny,Zvoníčkov,12968125,2023-04-22,1,NA,NA,lok,NA,NA,NA,NA,0,špatný
CZ0424125,Pulsatilla patens,Ppat005,5645d,2023,CELKOVE_SUM,Cévnaté rostliny,Zvoníčkov,12968125,2023-04-22,1,NA,NA,NA,NA,NA,,,NA,4
CZ0424125,Pulsatilla patens,Ppat005,5645d,2023,POP_POCET,Cévnaté rostliny,Zvoníčkov,12968125,2023-04-22,1,min,ano,lok,minmax,trsů,70,alespoň 70 trsů,1,87
CZ0424125,Pulsatilla patens,Ppat005,5645d,2023,POP_POSKPERC,Cévnaté rostliny,Zvoníčkov,12968125,2023-04-22,1,max,ne,lok,minmax,počet trsů,1,nejvýš 1 počet trsů,0,4
CZ0424125,Pulsatilla patens,Ppat005,5645d,2023,POP_POSKPOC,Cévnaté rostliny,Zvoníčkov,12968125,2023-04-22,1,max,ne,lok,minmax,počet typů poškození rostlin,2,nejvýš 2 počet typů poškození rostlin,0,3
CZ0424125,Pulsatilla patens,Ppat005,5645d,2023,POP_TREND,Cévnaté rostliny,Zvoníčkov,12968125,2023-04-22,1,max,ano,lok,minmax,posledních dvou let s menším počtem jedinců než je referenční hodnota,1,nejvýš 1 posledních dvou let s menším počtem jedinců než je referenční hodnota,0,2
CZ0424125,Pulsatilla patens,Ppat005,5645d,2023,POP_VITAL,Cévnaté rostliny,Zvoníčkov,12968125,2023-04-22,1,min,ano,lok,minmax,% počtu trsů,30,alespoň 30 % počtu trsů,0,16.0919540229885
CZ0424125,Pulsatilla patens,Ppat005,5645d,2023,STA_POKRDREV,Cévnaté rostliny,Zvoníčkov,12968125,2023-04-22,1,val,ne,lok,val,NA,0,"0, do 5 %, 5-25 %",1,5-25 %
CZ0424125,Pulsatilla patens,Ppat005,5645d,2023,STA_POKRSTAR,Cévnaté rostliny,Zvoníčkov,12968125,2023-04-22,1,val,ne,lok,val,NA,0,"0, do 5 %, 5-25 %",0,50-75 %
CZ0424125,Pulsatilla patens,Ppat005,5645d,2023,STA_POKRYVNOSTEXPANZNI,Cévnaté rostliny,Zvoníčkov,12968125,2023-04-22,1,val,ne,lok,val,NA,0,"0, do 5 %, 5-25 %",1,0
CZ0424125,Pulsatilla patens,Ppat005,5645d,2023,STA_POKRYVNOSTINVAZNI,Cévnaté rostliny,Zvoníčkov,12968125,2023-04-22,1,val,ne,lok,val,NA,0,"0, do 5 %",1,0
CZ0424125,Pulsatilla patens,Ppat006,5645c,2023,CELKOVE_HODNOCENI,Cévnaté rostliny,Dubový vrch 1,12968133,2023-04-22,1,NA,NA,lok,NA,NA,NA,NA,0,špatný
CZ0424125,Pulsatilla patens,Ppat006,5645c,2023,CELKOVE_SUM,Cévnaté rostliny,Dubový vrch 1,12968133,2023-04-22,1,NA,NA,NA,NA,NA,,,NA,5
CZ0424125,Pulsatilla patens,Ppat006,5645c,2023,POP_POCET,Cévnaté rostliny,Dubový vrch 1,12968133,2023-04-22,1,min,ano,lok,minmax,trsů,70,alespoň 70 trsů,0,44
CZ0424125,Pulsatilla patens,Ppat006,5645c,2023,POP_POSKPERC,Cévnaté rostliny,Dubový vrch 1,12968133,2023-04-22,1,max,ne,lok,minmax,počet trsů,1,nejvýš 1 počet trsů,0,5
CZ0424125,Pulsatilla patens,Ppat006,5645c,2023,POP_POSKPOC,Cévnaté rostliny,Dubový vrch 1,12968133,2023-04-22,1,max,ne,lok,minmax,počet typů poškození rostlin,2,nejvýš 2 počet typů poškození rostlin,0,3
CZ0424125,Pulsatilla patens,Ppat006,5645c,2023,POP_TREND,Cévnaté rostliny,Dubový vrch 1,12968133,2023-04-22,1,max,ano,lok,minmax,posledních dvou let s menším počtem jedinců než je referenční hodnota,1,nejvýš 1 posledních dvou let s menším počtem jedinců než je referenční hodnota,0,2
CZ0424125,Pulsatilla patens,Ppat006,5645c,2023,POP_VITAL,Cévnaté rostliny,Dubový vrch 1,12968133,2023-04-22,1,min,ano,lok,minmax,% počtu trsů,30,alespoň 30 % počtu trsů,1,52.2727272727273
CZ0424125,Pulsatilla patens,Ppat006,5645c,2023,STA_POKRDREV,Cévnaté rostliny,Dubový vrch 1,12968133,2023-04-22,1,val,ne,lok,val,NA,0,"0, do 5 %, 5-25 %",1,do 5 %
CZ0424125,Pulsatilla patens,Ppat006,5645c,2023,STA_POKRSTAR,Cévnaté rostliny,Dubový vrch 1,12968133,2023-04-22,1,val,ne,lok,val,NA,0,"0, do 5 %, 5-25 %",1,do 5 %
CZ0424125,Pulsatilla patens,Ppat006,5645c,2023,STA_POKRYVNOSTEXPANZNI,Cévnaté rostliny,Dubový vrch 1,12968133,2023-04-22,1,val,ne,lok,val,NA,0,"0, do 5 %, 5-25 %",1,0
CZ0424125,Pulsatilla patens,Ppat006,5645c,2023,STA_POKRYVNOSTINVAZNI,Cévnaté rostliny,Dubový vrch 1,12968133,2023-04-22,1,val,ne,lok,val,NA,0,"0, do 5 %",1,0
CZ0424125,Pulsatilla patens,Ppat007,5645c,2023,CELKOVE_HODNOCENI,Cévnaté rostliny,Dubový vrch 2,12968124,2023-04-22,1,NA,NA,lok,NA,NA,NA,NA,0,špatný
CZ0424125,Pulsatilla patens,Ppat007,5645c,2023,CELKOVE_SUM,Cévnaté rostliny,Dubový vrch 2,12968124,2023-04-22,1,NA,NA,NA,NA,NA,,,NA,4
CZ0424125,Pulsatilla patens,Ppat007,5645c,2023,POP_POCET,Cévnaté rostliny,Dubový vrch 2,12968124,2023-04-22,1,min,ano,lok,minmax,trsů,70,alespoň 70 trsů,0,17
CZ0424125,Pulsatilla patens,Ppat007,5645c,2023,POP_POSKPERC,Cévnaté rostliny,Dubový vrch 2,12968124,2023-04-22,1,max,ne,lok,minmax,počet trsů,1,nejvýš 1 počet trsů,0,4
CZ0424125,Pulsatilla patens,Ppat007,5645c,2023,POP_POSKPOC,Cévnaté rostliny,Dubový vrch 2,12968124,2023-04-22,1,max,ne,lok,minmax,počet typů poškození rostlin,2,nejvýš 2 počet typů poškození rostlin,0,3
CZ0424125,Pulsatilla patens,Ppat007,5645c,2023,POP_TREND,Cévnaté rostliny,Dubový vrch 2,12968124,2023-04-22,1,max,ano,lok,minmax,posledních dvou let s menším počtem jedinců než je referenční hodnota,1,nejvýš 1 posledních dvou let s menším počtem jedinců než je referenční hodnota,0,2
CZ0424125,Pulsatilla patens,Ppat007,5645c,2023,POP_VITAL,Cévnaté rostliny,Dubový vrch 2,12968124,2023-04-22,1,min,ano,lok,minmax,% počtu trsů,30,alespoň 30 % počtu trsů,0,11.7647058823529
CZ0424125,Pulsatilla patens,Ppat007,5645c,2023,STA_POKRDREV,Cévnaté rostliny,Dubový vrch 2,12968124,2023-04-22,1,val,ne,lok,val,NA,0,"0, do 5 %, 5-25 %",1,do 5 %
CZ0424125,Pulsatilla patens,Ppat007,5645c,2023,STA_POKRSTAR,Cévnaté rostliny,Dubový vrch 2,12968124,2023-04-22,1,val,ne,lok,val,NA,0,"0, do 5 %, 5-25 %",1,5-25 %
CZ0424125,Pulsatilla patens,Ppat007,5645c,2023,STA_POKRYVNOSTEXPANZNI,Cévnaté rostliny,Dubový vrch 2,12968124,2023-04-22,1,val,ne,lok,val,NA,0,"0, do 5 %, 5-25 %",1,0
CZ0424125,Pulsatilla patens,Ppat007,5645c,2023,STA_POKRYVNOSTINVAZNI,Cévnaté rostliny,Dubový vrch 2,12968124,2023-04-22,1,val,ne,lok,val,NA,0,"0, do 5 %",1,0
CZ0424125,Pulsatilla patens,Ppat008,5645c,2023,CELKOVE_HODNOCENI,Cévnaté rostliny,Dubový vrch 3,12968129,2023-04-22,1,NA,NA,lok,NA,NA,NA,NA,0,špatný
CZ0424125,Pulsatilla patens,Ppat008,5645c,2023,CELKOVE_SUM,Cévnaté rostliny,Dubový vrch 3,12968129,2023-04-22,1,NA,NA,NA,NA,NA,,,NA,6
CZ0424125,Pulsatilla patens,Ppat008,5645c,2023,POP_POCET,Cévnaté rostliny,Dubový vrch 3,12968129,2023-04-22,1,min,ano,lok,minmax,trsů,70,alespoň 70 trsů,1,727
CZ0424125,Pulsatilla patens,Ppat008,5645c,2023,POP_POSKPERC,Cévnaté rostliny,Dubový vrch 3,12968129,2023-04-22,1,max,ne,lok,minmax,počet trsů,1,nejvýš 1 počet trsů,0,5
CZ0424125,Pulsatilla patens,Ppat008,5645c,2023,POP_POSKPOC,Cévnaté rostliny,Dubový vrch 3,12968129,2023-04-22,1,max,ne,lok,minmax,počet typů poškození rostlin,2,nejvýš 2 počet typů poškození rostlin,0,4
CZ0424125,Pulsatilla patens,Ppat008,5645c,2023,POP_TREND,Cévnaté rostliny,Dubový vrch 3,12968129,2023-04-22,1,max,ano,lok,minmax,posledních dvou let s menším počtem jedinců než je referenční hodnota,1,nejvýš 1 posledních dvou let s menším počtem jedinců než je referenční hodnota,0,2
CZ0424125,Pulsatilla patens,Ppat008,5645c,2023,POP_VITAL,Cévnaté rostliny,Dubový vrch 3,12968129,2023-04-22,1,min,ano,lok,minmax,% počtu trsů,30,alespoň 30 % počtu trsů,1,47.8679504814305
CZ0424125,Pulsatilla patens,Ppat008,5645c,2023,STA_POKRDREV,Cévnaté rostliny,Dubový vrch 3,12968129,2023-04-22,1,val,ne,lok,val,NA,0,"0, do 5 %, 5-25 %",1,do 5 %
CZ0424125,Pulsatilla patens,Ppat008,5645c,2023,STA_POKRSTAR,Cévnaté rostliny,Dubový vrch 3,12968129,2023-04-22,1,val,ne,lok,val,NA,0,"0, do 5 %, 5-25 %",1,do 5 %
CZ0424125,Pulsatilla patens,Ppat008,5645c,2023,STA_POKRYVNOSTEXPANZNI,Cévnaté rostliny,Dubový vrch 3,12968129,2023-04-22,1,val,ne,lok,val,NA,0,"0, do 5 %, 5-25 %",1,0
CZ0424125,Pulsatilla patens,Ppat008,5645c,2023,STA_POKRYVNOSTINVAZNI,Cévnaté rostliny,Dubový vrch 3,12968129,2023-04-22,1,val,ne,lok,val,NA,0,"0, do 5 %",1,0
CZ0424125,Pulsatilla patens,Ppat009,5645c,2023,CELKOVE_HODNOCENI,Cévnaté rostliny,Pastviny,12968127,2023-04-28,1,NA,NA,lok,NA,NA,NA,NA,0,špatný
CZ0424125,Pulsatilla patens,Ppat009,5645c,2023,CELKOVE_SUM,Cévnaté rostliny,Pastviny,12968127,2023-04-28,1,NA,NA,NA,NA,NA,,,NA,3
CZ0424125,Pulsatilla patens,Ppat009,5645c,2023,POP_POCET,Cévnaté rostliny,Pastviny,12968127,2023-04-28,1,min,ano,lok,minmax,trsů,70,alespoň 70 trsů,1,75
CZ0424125,Pulsatilla patens,Ppat009,5645c,2023,POP_POSKPERC,Cévnaté rostliny,Pastviny,12968127,2023-04-28,1,max,ne,lok,minmax,počet trsů,1,nejvýš 1 počet trsů,0,3
CZ0424125,Pulsatilla patens,Ppat009,5645c,2023,POP_POSKPOC,Cévnaté rostliny,Pastviny,12968127,2023-04-28,1,max,ne,lok,minmax,počet typů poškození rostlin,2,nejvýš 2 počet typů poškození rostlin,0,3
CZ0424125,Pulsatilla patens,Ppat009,5645c,2023,POP_TREND,Cévnaté rostliny,Pastviny,12968127,2023-04-28,1,max,ano,lok,minmax,posledních dvou let s menším počtem jedinců než je referenční hodnota,1,nejvýš 1 posledních dvou let s menším počtem jedinců než je referenční hodnota,0,2
CZ0424125,Pulsatilla patens,Ppat009,5645c,2023,POP_VITAL,Cévnaté rostliny,Pastviny,12968127,2023-04-28,1,min,ano,lok,minmax,% počtu trsů,30,alespoň 30 % počtu trsů,0,26.6666666666667
CZ0424125,Pulsatilla patens,Ppat009,5645c,2023,STA_POKRDREV,Cévnaté rostliny,Pastviny,12968127,2023-04-28,1,val,ne,lok,val,NA,0,"0, do 5 %, 5-25 %",0,25-50 %
CZ0424125,Pulsatilla patens,Ppat009,5645c,2023,STA_POKRSTAR,Cévnaté rostliny,Pastviny,12968127,2023-04-28,1,val,ne,lok,val,NA,0,"0, do 5 %, 5-25 %",0,50-75 %
CZ0424125,Pulsatilla patens,Ppat009,5645c,2023,STA_POKRYVNOSTEXPANZNI,Cévnaté rostliny,Pastviny,12968127,2023-04-28,1,val,ne,lok,val,NA,0,"0, do 5 %, 5-25 %",1,0
CZ0424125,Pulsatilla patens,Ppat009,5645c,2023,STA_POKRYVNOSTINVAZNI,Cévnaté rostliny,Pastviny,12968127,2023-04-28,1,val,ne,lok,val,NA,0,"0, do 5 %",1,0
CZ0424125,Pulsatilla patens,Zvoníčkov,5645d,2022,CELKOVE_HODNOCENI,Cévnaté rostliny,Zvoníčkov,"11787935, 12988734",2022-04-26,1,NA,NA,lok,NA,NA,NA,NA,0,špatný
CZ0424125,Pulsatilla patens,Zvoníčkov,5645d,2022,CELKOVE_SUM,Cévnaté rostliny,Zvoníčkov,"11787935, 12988734",2022-04-26,1,NA,NA,NA,NA,NA,,,NA,2
CZ0424125,Pulsatilla patens,Zvoníčkov,5645d,2022,POP_POCET,Cévnaté rostliny,Zvoníčkov,"11787935, 12988734",2022-04-26,1,min,ano,lok,minmax,trsů,70,alespoň 70 trsů,0,0
CZ0424125,Pulsatilla patens,Zvoníčkov,5645d,2022,POP_POSKPERC,Cévnaté rostliny,Zvoníčkov,"11787935, 12988734",2022-04-26,1,max,ne,lok,minmax,počet trsů,1,nejvýš 1 počet trsů,1,0
CZ0424125,Pulsatilla patens,Zvoníčkov,5645d,2022,POP_POSKPOC,Cévnaté rostliny,Zvoníčkov,"11787935, 12988734",2022-04-26,1,max,ne,lok,minmax,počet typů poškození rostlin,2,nejvýš 2 počet typů poškození rostlin,1,0
CZ0424125,Pulsatilla patens,Zvoníčkov,5645d,2022,POP_TREND,Cévnaté rostliny,Zvoníčkov,"11787935, 12988734",2022-04-26,1,max,ano,lok,minmax,posledních dvou let s menším počtem jedinců než je referenční hodnota,1,nejvýš 1 posledních dvou let s menším počtem jedinců než je referenční hodnota,0,2
CZ0424125,Pulsatilla patens,Zvoníčkov,5645d,2022,POP_VITAL,Cévnaté rostliny,Zvoníčkov,"11787935, 12988734",2022-04-26,1,min,ano,lok,minmax,% počtu trsů,30,alespoň 30 % počtu trsů,NA,neznámý
CZ0424125,Pulsatilla patens,Zvoníčkov,5645d,2022,STA_POKRDREV,Cévnaté rostliny,Zvoníčkov,"11787935, 12988734",2022-04-26,1,val,ne,lok,val,NA,0,"0, do 5 %, 5-25 %",NA,neznámý
CZ0424125,Pulsatilla patens,Zvoníčkov,5645d,2022,STA_POKRSTAR,Cévnaté rostliny,Zvoníčkov,"11787935, 12988734",2022-04-26,1,val,ne,lok,val,NA,0,"0, do 5 %, 5-25 %",NA,neznámý
CZ0424125,Pulsatilla patens,Zvoníčkov,5645d,2022,STA_POKRYVNOSTEXPANZNI,Cévnaté rostliny,Zvoníčkov,"11787935, 12988734",2022-04-26,1,val,ne,lok,val,NA,0,"0, do 5 %, 5-25 %",NA,neznámý
CZ0424125,Pulsatilla patens,Zvoníčkov,5645d,2022,STA_POKRYVNOSTINVAZNI,Cévnaté rostliny,Zvoníčkov,"11787935, 12988734",2022-04-26,1,val,ne,lok,val,NA,0,"0, do 5 %",NA,neznámý
CZ0424125,Pulsatilla patens,kopeček V od vrcholu Dubiny,5645d,2018,CELKOVE_HODNOCENI,Cévnaté rostliny,kopeček V od vrcholu Dubiny,10158798,2018-04-10,0,NA,NA,lok,NA,NA,NA,NA,0,špatný
CZ0424125,Pulsatilla patens,kopeček V od vrcholu Dubiny,5645d,2018,CELKOVE_SUM,Cévnaté rostliny,kopeček V od vrcholu Dubiny,10158798,2018-04-10,0,NA,NA,NA,NA,NA,,,NA,3
CZ0424125,Pulsatilla patens,kopeček V od vrcholu Dubiny,5645d,2018,POP_POCET,Cévnaté rostliny,kopeček V od vrcholu Dubiny,10158798,2018-04-10,0,min,ano,lok,minmax,trsů,70,alespoň 70 trsů,0,0
CZ0424125,Pulsatilla patens,kopeček V od vrcholu Dubiny,5645d,2018,POP_POSKPERC,Cévnaté rostliny,kopeček V od vrcholu Dubiny,10158798,2018-04-10,0,max,ne,lok,minmax,počet trsů,1,nejvýš 1 počet trsů,1,0
CZ0424125,Pulsatilla patens,kopeček V od vrcholu Dubiny,5645d,2018,POP_POSKPOC,Cévnaté rostliny,kopeček V od vrcholu Dubiny,10158798,2018-04-10,0,max,ne,lok,minmax,počet typů poškození rostlin,2,nejvýš 2 počet typů poškození rostlin,1,0
CZ0424125,Pulsatilla patens,kopeček V od vrcholu Dubiny,5645d,2018,POP_TREND,Cévnaté rostliny,kopeček V od vrcholu Dubiny,10158798,2018-04-10,0,max,ano,lok,minmax,posledních dvou let s menším počtem jedinců než je referenční hodnota,1,nejvýš 1 posledních dvou let s menším počtem jedinců než je referenční hodnota,1,0
CZ0424125,Pulsatilla patens,kopeček V od vrcholu Dubiny,5645d,2018,POP_VITAL,Cévnaté rostliny,kopeček V od vrcholu Dubiny,10158798,2018-04-10,0,min,ano,lok,minmax,% počtu trsů,30,alespoň 30 % počtu trsů,NA,neznámý
CZ0424125,Pulsatilla patens,kopeček V od vrcholu Dubiny,5645d,2018,STA_POKRDREV,Cévnaté rostliny,kopeček V od vrcholu Dubiny,10158798,2018-04-10,0,val,ne,lok,val,NA,0,"0, do 5 %, 5-25 %",NA,neznámý
CZ0424125,Pulsatilla patens,kopeček V od vrcholu Dubiny,5645d,2018,STA_POKRSTAR,Cévnaté rostliny,kopeček V od vrcholu Dubiny,10158798,2018-04-10,0,val,ne,lok,val,NA,0,"0, do 5 %, 5-25 %",NA,neznámý
CZ0424125,Pulsatilla patens,kopeček V od vrcholu Dubiny,5645d,2018,STA_POKRYVNOSTEXPANZNI,Cévnaté rostliny,kopeček V od vrcholu Dubiny,10158798,2018-04-10,0,val,ne,lok,val,NA,0,"0, do 5 %, 5-25 %",NA,neznámý
CZ0424125,Pulsatilla patens,kopeček V od vrcholu Dubiny,5645d,2018,STA_POKRYVNOSTINVAZNI,Cévnaté rostliny,kopeček V od vrcholu Dubiny,10158798,2018-04-10,0,val,ne,lok,val,NA,0,"0, do 5 %",NA,neznámý
CZ0424125,Pulsatilla patens,Úhošťany,5645d,2024,CELKOVE_HODNOCENI,Cévnaté rostliny,Úhošťany,13819127,2024-04-30,0,NA,NA,lok,NA,NA,NA,NA,0,špatný
CZ0424125,Pulsatilla patens,Úhošťany,5645d,2024,CELKOVE_SUM,Cévnaté rostliny,Úhošťany,13819127,2024-04-30,0,NA,NA,NA,NA,NA,,,NA,2
CZ0424125,Pulsatilla patens,Úhošťany,5645d,2024,POP_POCET,Cévnaté rostliny,Úhošťany,13819127,2024-04-30,0,min,ano,lok,minmax,trsů,70,alespoň 70 trsů,0,0
CZ0424125,Pulsatilla patens,Úhošťany,5645d,2024,POP_POSKPERC,Cévnaté rostliny,Úhošťany,13819127,2024-04-30,0,max,ne,lok,minmax,počet trsů,1,nejvýš 1 počet trsů,1,0
CZ0424125,Pulsatilla patens,Úhošťany,5645d,2024,POP_POSKPOC,Cévnaté rostliny,Úhošťany,13819127,2024-04-30,0,max,ne,lok,minmax,počet typů poškození rostlin,2,nejvýš 2 počet typů poškození rostlin,1,0
CZ0424125,Pulsatilla patens,Úhošťany,5645d,2024,POP_TREND,Cévnaté rostliny,Úhošťany,13819127,2024-04-30,0,max,ano,lok,minmax,posledních dvou let s menším počtem jedinců než je referenční hodnota,1,nejvýš 1 posledních dvou let s menším počtem jedinců než je referenční hodnota,0,2
CZ0424125,Pulsatilla patens,Úhošťany,5645d,2024,POP_VITAL,Cévnaté rostliny,Úhošťany,13819127,2024-04-30,0,min,ano,lok,minmax,% počtu trsů,30,alespoň 30 % počtu trsů,NA,neznámý
CZ0424125,Pulsatilla patens,Úhošťany,5645d,2024,STA_POKRDREV,Cévnaté rostliny,Úhošťany,13819127,2024-04-30,0,val,ne,lok,val,NA,0,"0, do 5 %, 5-25 %",NA,neznámý
CZ0424125,Pulsatilla patens,Úhošťany,5645d,2024,STA_POKRSTAR,Cévnaté rostliny,Úhošťany,13819127,2024-04-30,0,val,ne,lok,val,NA,0,"0, do 5 %, 5-25 %",NA,neznámý
CZ0424125,Pulsatilla patens,Úhošťany,5645d,2024,STA_POKRYVNOSTEXPANZNI,Cévnaté rostliny,Úhošťany,13819127,2024-04-30,0,val,ne,lok,val,NA,0,"0, do 5 %, 5-25 %",NA,neznámý
CZ0424125,Pulsatilla patens,Úhošťany,5645d,2024,STA_POKRYVNOSTINVAZNI,Cévnaté rostliny,Úhošťany,13819127,2024-04-30,0,val,ne,lok,val,NA,0,"0, do 5 %",NA,neznámý
CZ0424125,Pulsatilla patens,Úhošťany - Dubový vrch,"5645c, 5645d",2024,CELKOVE_HODNOCENI,Cévnaté rostliny,Úhošťany - Dubový vrch,12958547,2024-04-09,0,NA,NA,lok,NA,NA,NA,NA,0,špatný
CZ0424125,Pulsatilla patens,Úhošťany - Dubový vrch,"5645c, 5645d",2024,CELKOVE_SUM,Cévnaté rostliny,Úhošťany - Dubový vrch,12958547,2024-04-09,0,NA,NA,NA,NA,NA,,,NA,5
CZ0424125,Pulsatilla patens,Úhošťany - Dubový vrch,"5645c, 5645d",2024,POP_POCET,Cévnaté rostliny,Úhošťany - Dubový vrch,12958547,2024-04-09,0,min,ano,lok,minmax,trsů,70,alespoň 70 trsů,1,80
CZ0424125,Pulsatilla patens,Úhošťany - Dubový vrch,"5645c, 5645d",2024,POP_POSKPERC,Cévnaté rostliny,Úhošťany - Dubový vrch,12958547,2024-04-09,0,max,ne,lok,minmax,počet trsů,1,nejvýš 1 počet trsů,1,0
CZ0424125,Pulsatilla patens,Úhošťany - Dubový vrch,"5645c, 5645d",2024,POP_POSKPOC,Cévnaté rostliny,Úhošťany - Dubový vrch,12958547,2024-04-09,0,max,ne,lok,minmax,počet typů poškození rostlin,2,nejvýš 2 počet typů poškození rostlin,1,0
CZ0424125,Pulsatilla patens,Úhošťany - Dubový vrch,"5645c, 5645d",2024,POP_TREND,Cévnaté rostliny,Úhošťany - Dubový vrch,12958547,2024-04-09,0,max,ano,lok,minmax,posledních dvou let s menším počtem jedinců než je referenční hodnota,1,nejvýš 1 posledních dvou let s menším počtem jedinců než je referenční hodnota,1,0
CZ0424125,Pulsatilla patens,Úhošťany - Dubový vrch,"5645c, 5645d",2024,POP_VITAL,Cévnaté rostliny,Úhošťany - Dubový vrch,12958547,2024-04-09,0,min,ano,lok,minmax,% počtu trsů,30,alespoň 30 % počtu trsů,1,100
CZ0424125,Pulsatilla patens,Úhošťany - Dubový vrch,"5645c, 5645d",2024,STA_POKRDREV,Cévnaté rostliny,Úhošťany - Dubový vrch,12958547,2024-04-09,0,val,ne,lok,val,NA,0,"0, do 5 %, 5-25 %",NA,neznámý
CZ0424125,Pulsatilla patens,Úhošťany - Dubový vrch,"5645c, 5645d",2024,STA_POKRSTAR,Cévnaté rostliny,Úhošťany - Dubový vrch,12958547,2024-04-09,0,val,ne,lok,val,NA,0,"0, do 5 %, 5-25 %",NA,neznámý
CZ0424125,Pulsatilla patens,Úhošťany - Dubový vrch,"5645c, 5645d",2024,STA_POKRYVNOSTEXPANZNI,Cévnaté rostliny,Úhošťany - Dubový vrch,12958547,2024-04-09,0,val,ne,lok,val,NA,0,"0, do 5 %, 5-25 %",NA,neznámý
CZ0424125,Pulsatilla patens,Úhošťany - Dubový vrch,"5645c, 5645d",2024,STA_POKRYVNOSTINVAZNI,Cévnaté rostliny,Úhošťany - Dubový vrch,12958547,2024-04-09,0,val,ne,lok,val,NA,0,"0, do 5 %",NA,neznámý
CZ0514042,Pulsatilla patens,Jelení vrch,5354c,2020,CELKOVE_HODNOCENI,Cévnaté rostliny,Jelení vrch,11772504,2020-04-06,1,NA,NA,lok,NA,NA,NA,NA,0,špatný
CZ0514042,Pulsatilla patens,Jelení vrch,5354c,2020,CELKOVE_SUM,Cévnaté rostliny,Jelení vrch,11772504,2020-04-06,1,NA,NA,NA,NA,NA,,,NA,3
CZ0514042,Pulsatilla patens,Jelení vrch,5354c,2020,POP_POCET,Cévnaté rostliny,Jelení vrch,11772504,2020-04-06,1,min,ano,lok,minmax,trsů,70,alespoň 70 trsů,0,0
CZ0514042,Pulsatilla patens,Jelení vrch,5354c,2020,POP_POSKPERC,Cévnaté rostliny,Jelení vrch,11772504,2020-04-06,1,max,ne,lok,minmax,počet trsů,1,nejvýš 1 počet trsů,1,0
CZ0514042,Pulsatilla patens,Jelení vrch,5354c,2020,POP_POSKPOC,Cévnaté rostliny,Jelení vrch,11772504,2020-04-06,1,max,ne,lok,minmax,počet typů poškození rostlin,2,nejvýš 2 počet typů poškození rostlin,1,0
CZ0514042,Pulsatilla patens,Jelení vrch,5354c,2020,POP_TREND,Cévnaté rostliny,Jelení vrch,11772504,2020-04-06,1,max,ano,lok,minmax,posledních dvou let s menším počtem jedinců než je referenční hodnota,1,nejvýš 1 posledních dvou let s menším počtem jedinců než je referenční hodnota,1,0
CZ0514042,Pulsatilla patens,Jelení vrch,5354c,2020,POP_VITAL,Cévnaté rostliny,Jelení vrch,11772504,2020-04-06,1,min,ano,lok,minmax,% počtu trsů,30,alespoň 30 % počtu trsů,NA,NaN
CZ0514042,Pulsatilla patens,Jelení vrch,5354c,2020,STA_POKRDREV,Cévnaté rostliny,Jelení vrch,11772504,2020-04-06,1,val,ne,lok,val,NA,0,"0, do 5 %, 5-25 %",NA,neznámý
CZ0514042,Pulsatilla patens,Jelení vrch,5354c,2020,STA_POKRSTAR,Cévnaté rostliny,Jelení vrch,11772504,2020-04-06,1,val,ne,lok,val,NA,0,"0, do 5 %, 5-25 %",NA,neznámý
CZ0514042,Pulsatilla patens,Jelení vrch,5354c,2020,STA_POKRYVNOSTEXPANZNI,Cévnaté rostliny,Jelení vrch,11772504,2020-04-06,1,val,ne,lok,val,NA,0,"0, do 5 %, 5-25 %",NA,neznámý
CZ0514042,Pulsatilla patens,Jelení vrch,5354c,2020,STA_POKRYVNOSTINVAZNI,Cévnaté rostliny,Jelení vrch,11772504,2020-04-06,1,val,ne,lok,val,NA,0,"0, do 5 %",NA,neznámý
CZ0514042,Pulsatilla patens,Jindřichova skála,5354c,2021,CELKOVE_HODNOCENI,Cévnaté rostliny,Jindřichova skála,11771861,2021-04-15,1,NA,NA,lok,NA,NA,NA,NA,0,špatný
CZ0514042,Pulsatilla patens,Jindřichova skála,5354c,2021,CELKOVE_SUM,Cévnaté rostliny,Jindřichova skála,11771861,2021-04-15,1,NA,NA,NA,NA,NA,,,NA,2
CZ0514042,Pulsatilla patens,Jindřichova skála,5354c,2021,POP_POCET,Cévnaté rostliny,Jindřichova skála,11771861,2021-04-15,1,min,ano,lok,minmax,trsů,70,alespoň 70 trsů,0,0
CZ0514042,Pulsatilla patens,Jindřichova skála,5354c,2021,POP_POSKPERC,Cévnaté rostliny,Jindřichova skála,11771861,2021-04-15,1,max,ne,lok,minmax,počet trsů,1,nejvýš 1 počet trsů,1,0
CZ0514042,Pulsatilla patens,Jindřichova skála,5354c,2021,POP_POSKPOC,Cévnaté rostliny,Jindřichova skála,11771861,2021-04-15,1,max,ne,lok,minmax,počet typů poškození rostlin,2,nejvýš 2 počet typů poškození rostlin,1,0
CZ0514042,Pulsatilla patens,Jindřichova skála,5354c,2021,POP_TREND,Cévnaté rostliny,Jindřichova skála,11771861,2021-04-15,1,max,ano,lok,minmax,posledních dvou let s menším počtem jedinců než je referenční hodnota,1,nejvýš 1 posledních dvou let s menším počtem jedinců než je referenční hodnota,0,2
CZ0514042,Pulsatilla patens,Jindřichova skála,5354c,2021,POP_VITAL,Cévnaté rostliny,Jindřichova skála,11771861,2021-04-15,1,min,ano,lok,minmax,% počtu trsů,30,alespoň 30 % počtu trsů,NA,neznámý
CZ0514042,Pulsatilla patens,Jindřichova skála,5354c,2021,STA_POKRDREV,Cévnaté rostliny,Jindřichova skála,11771861,2021-04-15,1,val,ne,lok,val,NA,0,"0, do 5 %, 5-25 %",NA,neznámý
CZ0514042,Pulsatilla patens,Jindřichova skála,5354c,2021,STA_POKRSTAR,Cévnaté rostliny,Jindřichova skála,11771861,2021-04-15,1,val,ne,lok,val,NA,0,"0, do 5 %, 5-25 %",NA,neznámý
CZ0514042,Pulsatilla patens,Jindřichova skála,5354c,2021,STA_POKRYVNOSTEXPANZNI,Cévnaté rostliny,Jindřichova skála,11771861,2021-04-15,1,val,ne,lok,val,NA,0,"0, do 5 %, 5-25 %",NA,neznámý
CZ0514042,Pulsatilla patens,Jindřichova skála,5354c,2021,STA_POKRYVNOSTINVAZNI,Cévnaté rostliny,Jindřichova skála,11771861,2021-04-15,1,val,ne,lok,val,NA,0,"0, do 5 %",NA,neznámý
CZ0514042,Pulsatilla patens,Kozí kámen,5353d,2021,CELKOVE_HODNOCENI,Cévnaté rostliny,Kozí kámen,11772503,2021-04-15,1,NA,NA,lok,NA,NA,NA,NA,0,špatný
CZ0514042,Pulsatilla patens,Kozí kámen,5353d,2021,CELKOVE_SUM,Cévnaté rostliny,Kozí kámen,11772503,2021-04-15,1,NA,NA,NA,NA,NA,,,NA,2
CZ0514042,Pulsatilla patens,Kozí kámen,5353d,2021,POP_POCET,Cévnaté rostliny,Kozí kámen,11772503,2021-04-15,1,min,ano,lok,minmax,trsů,70,alespoň 70 trsů,0,0
CZ0514042,Pulsatilla patens,Kozí kámen,5353d,2021,POP_POSKPERC,Cévnaté rostliny,Kozí kámen,11772503,2021-04-15,1,max,ne,lok,minmax,počet trsů,1,nejvýš 1 počet trsů,1,0
CZ0514042,Pulsatilla patens,Kozí kámen,5353d,2021,POP_POSKPOC,Cévnaté rostliny,Kozí kámen,11772503,2021-04-15,1,max,ne,lok,minmax,počet typů poškození rostlin,2,nejvýš 2 počet typů poškození rostlin,1,0
CZ0514042,Pulsatilla patens,Kozí kámen,5353d,2021,POP_TREND,Cévnaté rostliny,Kozí kámen,11772503,2021-04-15,1,max,ano,lok,minmax,posledních dvou let s menším počtem jedinců než je referenční hodnota,1,nejvýš 1 posledních dvou let s menším počtem jedinců než je referenční hodnota,0,2
CZ0514042,Pulsatilla patens,Kozí kámen,5353d,2021,POP_VITAL,Cévnaté rostliny,Kozí kámen,11772503,2021-04-15,1,min,ano,lok,minmax,% počtu trsů,30,alespoň 30 % počtu trsů,NA,neznámý
CZ0514042,Pulsatilla patens,Kozí kámen,5353d,2021,STA_POKRDREV,Cévnaté rostliny,Kozí kámen,11772503,2021-04-15,1,val,ne,lok,val,NA,0,"0, do 5 %, 5-25 %",NA,neznámý
CZ0514042,Pulsatilla patens,Kozí kámen,5353d,2021,STA_POKRSTAR,Cévnaté rostliny,Kozí kámen,11772503,2021-04-15,1,val,ne,lok,val,NA,0,"0, do 5 %, 5-25 %",NA,neznámý
CZ0514042,Pulsatilla patens,Kozí kámen,5353d,2021,STA_POKRYVNOSTEXPANZNI,Cévnaté rostliny,Kozí kámen,11772503,2021-04-15,1,val,ne,lok,val,NA,0,"0, do 5 %, 5-25 %",NA,neznámý
CZ0514042,Pulsatilla patens,Kozí kámen,5353d,2021,STA_POKRYVNOSTINVAZNI,Cévnaté rostliny,Kozí kámen,11772503,2021-04-15,1,val,ne,lok,val,NA,0,"0, do 5 %",NA,neznámý
CZ0514042,Pulsatilla patens,Ppat001,5354c,2024,CELKOVE_HODNOCENI,Cévnaté rostliny,Jindřichova skála,13029318,2024-04-04,1,NA,NA,lok,NA,NA,NA,NA,0,špatný
CZ0514042,Pulsatilla patens,Ppat001,5354c,2024,CELKOVE_SUM,Cévnaté rostliny,Jindřichova skála,13029318,2024-04-04,1,NA,NA,NA,NA,NA,,,NA,4
CZ0514042,Pulsatilla patens,Ppat001,5354c,2024,POP_POCET,Cévnaté rostliny,Jindřichova skála,13029318,2024-04-04,1,min,ano,lok,minmax,trsů,70,alespoň 70 trsů,0,52
CZ0514042,Pulsatilla patens,Ppat001,5354c,2024,POP_POSKPERC,Cévnaté rostliny,Jindřichova skála,13029318,2024-04-04,1,max,ne,lok,minmax,počet trsů,1,nejvýš 1 počet trsů,1,0
CZ0514042,Pulsatilla patens,Ppat001,5354c,2024,POP_POSKPOC,Cévnaté rostliny,Jindřichova skála,13029318,2024-04-04,1,max,ne,lok,minmax,počet typů poškození rostlin,2,nejvýš 2 počet typů poškození rostlin,1,0
CZ0514042,Pulsatilla patens,Ppat001,5354c,2024,POP_TREND,Cévnaté rostliny,Jindřichova skála,13029318,2024-04-04,1,max,ano,lok,minmax,posledních dvou let s menším počtem jedinců než je referenční hodnota,1,nejvýš 1 posledních dvou let s menším počtem jedinců než je referenční hodnota,0,2
CZ0514042,Pulsatilla patens,Ppat001,5354c,2024,POP_VITAL,Cévnaté rostliny,Jindřichova skála,13029318,2024-04-04,1,min,ano,lok,minmax,% počtu trsů,30,alespoň 30 % počtu trsů,0,7.69230769230769
CZ0514042,Pulsatilla patens,Ppat001,5354c,2024,STA_POKRDREV,Cévnaté rostliny,Jindřichova skála,13029318,2024-04-04,1,val,ne,lok,val,NA,0,"0, do 5 %, 5-25 %",0,25-50 %
CZ0514042,Pulsatilla patens,Ppat001,5354c,2024,STA_POKRSTAR,Cévnaté rostliny,Jindřichova skála,13029318,2024-04-04,1,val,ne,lok,val,NA,0,"0, do 5 %, 5-25 %",0,50-75 %
CZ0514042,Pulsatilla patens,Ppat001,5354c,2024,STA_POKRYVNOSTEXPANZNI,Cévnaté rostliny,Jindřichova skála,13029318,2024-04-04,1,val,ne,lok,val,NA,0,"0, do 5 %, 5-25 %",1,0
CZ0514042,Pulsatilla patens,Ppat001,5354c,2024,STA_POKRYVNOSTINVAZNI,Cévnaté rostliny,Jindřichova skála,13029318,2024-04-04,1,val,ne,lok,val,NA,0,"0, do 5 %",1,0
CZ0514042,Pulsatilla patens,Ppat002,5353d,2024,CELKOVE_HODNOCENI,Cévnaté rostliny,Kozí kámen,13029323,2024-04-04,1,NA,NA,lok,NA,NA,NA,NA,0,špatný
CZ0514042,Pulsatilla patens,Ppat002,5353d,2024,CELKOVE_SUM,Cévnaté rostliny,Kozí kámen,13029323,2024-04-04,1,NA,NA,NA,NA,NA,,,NA,5
CZ0514042,Pulsatilla patens,Ppat002,5353d,2024,POP_POCET,Cévnaté rostliny,Kozí kámen,13029323,2024-04-04,1,min,ano,lok,minmax,trsů,70,alespoň 70 trsů,0,14
CZ0514042,Pulsatilla patens,Ppat002,5353d,2024,POP_POSKPERC,Cévnaté rostliny,Kozí kámen,13029323,2024-04-04,1,max,ne,lok,minmax,počet trsů,1,nejvýš 1 počet trsů,1,0
CZ0514042,Pulsatilla patens,Ppat002,5353d,2024,POP_POSKPOC,Cévnaté rostliny,Kozí kámen,13029323,2024-04-04,1,max,ne,lok,minmax,počet typů poškození rostlin,2,nejvýš 2 počet typů poškození rostlin,1,0
CZ0514042,Pulsatilla patens,Ppat002,5353d,2024,POP_TREND,Cévnaté rostliny,Kozí kámen,13029323,2024-04-04,1,max,ano,lok,minmax,posledních dvou let s menším počtem jedinců než je referenční hodnota,1,nejvýš 1 posledních dvou let s menším počtem jedinců než je referenční hodnota,0,2
CZ0514042,Pulsatilla patens,Ppat002,5353d,2024,POP_VITAL,Cévnaté rostliny,Kozí kámen,13029323,2024-04-04,1,min,ano,lok,minmax,% počtu trsů,30,alespoň 30 % počtu trsů,0,14.2857142857143
CZ0514042,Pulsatilla patens,Ppat002,5353d,2024,STA_POKRDREV,Cévnaté rostliny,Kozí kámen,13029323,2024-04-04,1,val,ne,lok,val,NA,0,"0, do 5 %, 5-25 %",1,5-25 %
CZ0514042,Pulsatilla patens,Ppat002,5353d,2024,STA_POKRSTAR,Cévnaté rostliny,Kozí kámen,13029323,2024-04-04,1,val,ne,lok,val,NA,0,"0, do 5 %, 5-25 %",0,25-50 %
CZ0514042,Pulsatilla patens,Ppat002,5353d,2024,STA_POKRYVNOSTEXPANZNI,Cévnaté rostliny,Kozí kámen,13029323,2024-04-04,1,val,ne,lok,val,NA,0,"0, do 5 %, 5-25 %",1,0
CZ0514042,Pulsatilla patens,Ppat002,5353d,2024,STA_POKRYVNOSTINVAZNI,Cévnaté rostliny,Kozí kámen,13029323,2024-04-04,1,val,ne,lok,val,NA,0,"0, do 5 %",1,0
