ID_ND_NALEZ,IDX_ND_AKCE,DRUH,CESKE_JME,AUTOR,DATUM_OD,DATUM_DO,IDX_ND_LOK,LOKALITA,KOD_LOKALITY,SKUPINA,EVL,PROC_EVL,NEGATIVNI,IDX_ND_LOKALIZACE,MAX_PROC,POLE,DATUM,DEN,MESIC,ROK,kod_chu,nazev_chu,KOD_LOKAL,CILMON,POP_PRESENCE_N,POP_PRESENCE,POP_POCET,POP_POCETSUM,POP_PLOCHA,POP_REPRO,POP_REPRONUM,POP_POCETNOSTNAL,STAV_IND,ID_IND,HOD_IND,TYP_IND,LIM_IND,JEDNOTKA,KLIC,UROVEN,pozn,...43,LIM_INDLIST,IND_GRP
24221441,8282769,Eriogaster catax,bourovec trnkový,Kopeček František,14.04.2012,14.04.2012,1280133,EVL Rochus,CZ0723024,Motýli,CZ0723024: Rochus,100,0,1280133,95.59,6970b,2012-04-14,14,4,2012,CZ0723024,Rochus,CZ0723024,0,1,ano,NA,0,NA,NA,NA,NA,0,CELKOVE_SUM,0,NA,NA,NA,NA,NA,NA,NA,NA,NA
24221441,8282769,Eriogaster catax,bourovec trnkový,Kopeček František,14.04.2012,14.04.2012,1280133,EVL Rochus,CZ0723024,Motýli,CZ0723024: Rochus,100,0,1280133,95.59,6970b,2012-04-14,14,4,2012,CZ0723024,Rochus,CZ0723024,0,1,ano,NA,0,NA,NA,NA,NA,NA,CELKOVE_SUM,0,NA,NA,NA,NA,NA,NA,NA,NA,NA
24221441,8282769,Eriogaster catax,bourovec trnkový,Kopeček František,14.04.2012,14.04.2012,1280133,EVL Rochus,CZ0723024,Motýli,CZ0723024: Rochus,100,0,1280133,95.59,6970b,2012-04-14,14,4,2012,CZ0723024,Rochus,CZ0723024,0,1,ano,NA,0,NA,NA,NA,NA,0,POP_POCETSUMLOKAL,1,min,10,hnízda housenek,ano,lok,NA,NA,alespoň 10 hnízda housenek,minmax
24221441,8282769,Eriogaster catax,bourovec trnkový,Kopeček František,14.04.2012,14.04.2012,1280133,EVL Rochus,CZ0723024,Motýli,CZ0723024: Rochus,100,0,1280133,95.59,6970b,2012-04-14,14,4,2012,CZ0723024,Rochus,CZ0723024,0,1,ano,NA,0,NA,NA,NA,NA,NA,STA_LIKVIDACE,NA,val,nezaznamenána,NA,ne,lok,NA,NA,nezaznamenána,val
24221442,8282769,Eriogaster catax,bourovec trnkový,Kopeček František,14.04.2012,14.04.2012,1280133,EVL Rochus,CZ0723024,Motýli,CZ0723024: Rochus,100,0,1280133,95.59,6970b,2012-04-14,14,4,2012,CZ0723024,Rochus,CZ0723024,0,1,ano,1,0,NA,NA,NA,1,0,CELKOVE_SUM,0,NA,NA,NA,NA,NA,NA,NA,NA,NA
24221442,8282769,Eriogaster catax,bourovec trnkový,Kopeček František,14.04.2012,14.04.2012,1280133,EVL Rochus,CZ0723024,Motýli,CZ0723024: Rochus,100,0,1280133,95.59,6970b,2012-04-14,14,4,2012,CZ0723024,Rochus,CZ0723024,0,1,ano,1,0,NA,NA,NA,1,NA,CELKOVE_SUM,0,NA,NA,NA,NA,NA,NA,NA,NA,NA
24221442,8282769,Eriogaster catax,bourovec trnkový,Kopeček František,14.04.2012,14.04.2012,1280133,EVL Rochus,CZ0723024,Motýli,CZ0723024: Rochus,100,0,1280133,95.59,6970b,2012-04-14,14,4,2012,CZ0723024,Rochus,CZ0723024,0,1,ano,1,0,NA,NA,NA,1,0,POP_POCETSUMLOKAL,1,min,10,hnízda housenek,ano,lok,NA,NA,alespoň 10 hnízda housenek,minmax
24221442,8282769,Eriogaster catax,bourovec trnkový,Kopeček František,14.04.2012,14.04.2012,1280133,EVL Rochus,CZ0723024,Motýli,CZ0723024: Rochus,100,0,1280133,95.59,6970b,2012-04-14,14,4,2012,CZ0723024,Rochus,CZ0723024,0,1,ano,1,0,NA,NA,NA,1,NA,STA_LIKVIDACE,NA,val,nezaznamenána,NA,ne,lok,NA,NA,nezaznamenána,val
24221449,8282772,Eriogaster catax,bourovec trnkový,Kopeček František,14.04.2012,14.04.2012,1806900,Popovice u Uherského Hradiště,NA,Motýli,CZ0723416: Popovické rybníky,12,0,1806900,70.52,6971a,2012-04-14,14,4,2012,CZ0723416,Popovické rybníky,Popovice u Uherského Hradiště,0,1,ano,1,0,NA,NA,NA,1,0,CELKOVE_SUM,0,NA,NA,NA,NA,NA,NA,NA,NA,NA
24221449,8282772,Eriogaster catax,bourovec trnkový,Kopeček František,14.04.2012,14.04.2012,1806900,Popovice u Uherského Hradiště,NA,Motýli,CZ0723416: Popovické rybníky,12,0,1806900,70.52,6971a,2012-04-14,14,4,2012,CZ0723416,Popovické rybníky,Popovice u Uherského Hradiště,0,1,ano,1,0,NA,NA,NA,1,NA,CELKOVE_SUM,0,NA,NA,NA,NA,NA,NA,NA,NA,NA
24221449,8282772,Eriogaster catax,bourovec trnkový,Kopeček František,14.04.2012,14.04.2012,1806900,Popovice u Uherského Hradiště,NA,Motýli,CZ0723416: Popovické rybníky,12,0,1806900,70.52,6971a,2012-04-14,14,4,2012,CZ0723416,Popovické rybníky,Popovice u Uherského Hradiště,0,1,ano,1,0,NA,NA,NA,1,0,POP_POCETSUMLOKAL,4,min,10,hnízda housenek,ano,lok,NA,NA,alespoň 10 hnízda housenek,minmax
24221449,8282772,Eriogaster catax,bourovec trnkový,Kopeček František,14.04.2012,14.04.2012,1806900,Popovice u Uherského Hradiště,NA,Motýli,CZ0723416: Popovické rybníky,12,0,1806900,70.52,6971a,2012-04-14,14,4,2012,CZ0723416,Popovické rybníky,Popovice u Uherského Hradiště,0,1,ano,1,0,NA,NA,NA,1,NA,STA_LIKVIDACE,NA,val,nezaznamenána,NA,ne,lok,NA,NA,nezaznamenána,val
24221450,8282773,Eriogaster catax,bourovec trnkový,Kopeček František,14.04.2012,14.04.2012,1806900,Popovice u Uherského Hradiště,NA,Motýli,CZ0723416: Popovické rybníky,12,0,1806900,70.52,6971a,2012-04-14,14,4,2012,CZ0723416,Popovické rybníky,Popovice u Uherského Hradiště,0,1,ano,1,0,NA,NA,NA,1,0,CELKOVE_SUM,0,NA,NA,NA,NA,NA,NA,NA,NA,NA
24221450,8282773,Eriogaster catax,bourovec trnkový,Kopeček František,14.04.2012,14.04.2012,1806900,Popovice u Uherského Hradiště,NA,Motýli,CZ0723416: Popovické rybníky,12,0,1806900,70.52,6971a,2012-04-14,14,4,2012,CZ0723416,Popovické rybníky,Popovice u Uherského Hradiště,0,1,ano,1,0,NA,NA,NA,1,NA,CELKOVE_SUM,0,NA,NA,NA,NA,NA,NA,NA,NA,NA
24221450,8282773,Eriogaster catax,bourovec trnkový,Kopeček František,14.04.2012,14.04.2012,1806900,Popovice u Uherského Hradiště,NA,Motýli,CZ0723416: Popovické rybníky,12,0,1806900,70.52,6971a,2012-04-14,14,4,2012,CZ0723416,Popovické rybníky,Popovice u Uherského Hradiště,0,1,ano,1,0,NA,NA,NA,1,0,POP_POCETSUMLOKAL,4,min,10,hnízda housenek,ano,lok,NA,NA,alespoň 10 hnízda housenek,minmax
24221450,8282773,Eriogaster catax,bourovec trnkový,Kopeček František,14.04.2012,14.04.2012,1806900,Popovice u Uherského Hradiště,NA,Motýli,CZ0723416: Popovické rybníky,12,0,1806900,70.52,6971a,2012-04-14,14,4,2012,CZ0723416,Popovické rybníky,Popovice u Uherského Hradiště,0,1,ano,1,0,NA,NA,NA,1,NA,STA_LIKVIDACE,NA,val,nezaznamenána,NA,ne,lok,NA,NA,nezaznamenána,val
32491087,8892778,Eriogaster catax,bourovec trnkový,Beneš Jiří,10.05.2013,10.05.2013,5369818,Břeclav,NA,Motýli,CZ0624119: Soutok - Podluží,100,0,5369818,100,7267d,2013-05-10,10,5,2013,CZ0624119,Soutok - Podluží,Břeclav,0,1,ano,NA,0,NA,NA,NA,NA,0,CELKOVE_SUM,0,NA,NA,NA,NA,NA,NA,NA,NA,NA
32491087,8892778,Eriogaster catax,bourovec trnkový,Beneš Jiří,10.05.2013,10.05.2013,5369818,Břeclav,NA,Motýli,CZ0624119: Soutok - Podluží,100,0,5369818,100,7267d,2013-05-10,10,5,2013,CZ0624119,Soutok - Podluží,Břeclav,0,1,ano,NA,0,NA,NA,NA,NA,NA,CELKOVE_SUM,0,NA,NA,NA,NA,NA,NA,NA,NA,NA
32491087,8892778,Eriogaster catax,bourovec trnkový,Beneš Jiří,10.05.2013,10.05.2013,5369818,Břeclav,NA,Motýli,CZ0624119: Soutok - Podluží,100,0,5369818,100,7267d,2013-05-10,10,5,2013,CZ0624119,Soutok - Podluží,Břeclav,0,1,ano,NA,0,NA,NA,NA,NA,0,POP_POCETSUMLOKAL,1,min,10,hnízda housenek,ano,lok,NA,NA,alespoň 10 hnízda housenek,minmax
32491087,8892778,Eriogaster catax,bourovec trnkový,Beneš Jiří,10.05.2013,10.05.2013,5369818,Břeclav,NA,Motýli,CZ0624119: Soutok - Podluží,100,0,5369818,100,7267d,2013-05-10,10,5,2013,CZ0624119,Soutok - Podluží,Břeclav,0,1,ano,NA,0,NA,NA,NA,NA,NA,STA_LIKVIDACE,NA,val,nezaznamenána,NA,ne,lok,NA,NA,nezaznamenána,val
32491099,8892780,Eriogaster catax,bourovec trnkový,Beneš Jiří,13.05.2013,13.05.2013,5369820,Břeclav,NA,Motýli,CZ0624119: Soutok - Podluží,100,0,5369820,100,7267d,2013-05-13,13,5,2013,CZ0624119,Soutok - Podluží,Břeclav,0,1,ano,1,0,NA,NA,NA,1,0,CELKOVE_SUM,0,NA,NA,NA,NA,NA,NA,NA,NA,NA
32491099,8892780,Eriogaster catax,bourovec trnkový,Beneš Jiří,13.05.2013,13.05.2013,5369820,Břeclav,NA,Motýli,CZ0624119: Soutok - Podluží,100,0,5369820,100,7267d,2013-05-13,13,5,2013,CZ0624119,Soutok - Podluží,Břeclav,0,1,ano,1,0,NA,NA,NA,1,NA,CELKOVE_SUM,0,NA,NA,NA,NA,NA,NA,NA,NA,NA
32491099,8892780,Eriogaster catax,bourovec trnkový,Beneš Jiří,13.05.2013,13.05.2013,5369820,Břeclav,NA,Motýli,CZ0624119: Soutok - Podluží,100,0,5369820,100,7267d,2013-05-13,13,5,2013,CZ0624119,Soutok - Podluží,Břeclav,0,1,ano,1,0,NA,NA,NA,1,0,POP_POCETSUMLOKAL,1,min,10,hnízda housenek,ano,lok,NA,NA,alespoň 10 hnízda housenek,minmax
32491099,8892780,Eriogaster catax,bourovec trnkový,Beneš Jiří,13.05.2013,13.05.2013,5369820,Břeclav,NA,Motýli,CZ0624119: Soutok - Podluží,100,0,5369820,100,7267d,2013-05-13,13,5,2013,CZ0624119,Soutok - Podluží,Břeclav,0,1,ano,1,0,NA,NA,NA,1,NA,STA_LIKVIDACE,NA,val,nezaznamenána,NA,ne,lok,NA,NA,nezaznamenána,val
32495273,8893478,Eriogaster catax,bourovec trnkový,Vítek Pavel,09.05.2013,09.05.2013,5370389,Čížov - Pod Keplemi,NA,Motýli,CZ0624096: Podyjí,100,0,5370389,100,7161a,2013-05-09,9,5,2013,CZ0624096,Podyjí,Čížov - Pod Keplemi,0,1,ano,2,0,NA,NA,NA,1,0,CELKOVE_SUM,0,NA,NA,NA,NA,NA,NA,NA,NA,NA
32495273,8893478,Eriogaster catax,bourovec trnkový,Vítek Pavel,09.05.2013,09.05.2013,5370389,Čížov - Pod Keplemi,NA,Motýli,CZ0624096: Podyjí,100,0,5370389,100,7161a,2013-05-09,9,5,2013,CZ0624096,Podyjí,Čížov - Pod Keplemi,0,1,ano,2,0,NA,NA,NA,1,NA,CELKOVE_SUM,0,NA,NA,NA,NA,NA,NA,NA,NA,NA
32495273,8893478,Eriogaster catax,bourovec trnkový,Vítek Pavel,09.05.2013,09.05.2013,5370389,Čížov - Pod Keplemi,NA,Motýli,CZ0624096: Podyjí,100,0,5370389,100,7161a,2013-05-09,9,5,2013,CZ0624096,Podyjí,Čížov - Pod Keplemi,0,1,ano,2,0,NA,NA,NA,1,0,POP_POCETSUMLOKAL,2,min,10,hnízda housenek,ano,lok,NA,NA,alespoň 10 hnízda housenek,minmax
32495273,8893478,Eriogaster catax,bourovec trnkový,Vítek Pavel,09.05.2013,09.05.2013,5370389,Čížov - Pod Keplemi,NA,Motýli,CZ0624096: Podyjí,100,0,5370389,100,7161a,2013-05-09,9,5,2013,CZ0624096,Podyjí,Čížov - Pod Keplemi,0,1,ano,2,0,NA,NA,NA,1,NA,STA_LIKVIDACE,NA,val,nezaznamenána,NA,ne,lok,NA,NA,nezaznamenána,val
32495274,8893479,Eriogaster catax,bourovec trnkový,Vítek Pavel,09.10.2013,09.10.2013,5370390,Čížov - K rybníčku,NA,Motýli,CZ0624096: Podyjí,100,0,5370390,100,7161a,2013-10-09,9,10,2013,CZ0624096,Podyjí,Čížov - K rybníčku,0,1,ano,1,0,NA,NA,NA,1,0,CELKOVE_SUM,0,NA,NA,NA,NA,NA,NA,NA,NA,NA
32495274,8893479,Eriogaster catax,bourovec trnkový,Vítek Pavel,09.10.2013,09.10.2013,5370390,Čížov - K rybníčku,NA,Motýli,CZ0624096: Podyjí,100,0,5370390,100,7161a,2013-10-09,9,10,2013,CZ0624096,Podyjí,Čížov - K rybníčku,0,1,ano,1,0,NA,NA,NA,1,NA,CELKOVE_SUM,0,NA,NA,NA,NA,NA,NA,NA,NA,NA
32495274,8893479,Eriogaster catax,bourovec trnkový,Vítek Pavel,09.10.2013,09.10.2013,5370390,Čížov - K rybníčku,NA,Motýli,CZ0624096: Podyjí,100,0,5370390,100,7161a,2013-10-09,9,10,2013,CZ0624096,Podyjí,Čížov - K rybníčku,0,1,ano,1,0,NA,NA,NA,1,0,POP_POCETSUMLOKAL,1,min,10,hnízda housenek,ano,lok,NA,NA,alespoň 10 hnízda housenek,minmax
32495274,8893479,Eriogaster catax,bourovec trnkový,Vítek Pavel,09.10.2013,09.10.2013,5370390,Čížov - K rybníčku,NA,Motýli,CZ0624096: Podyjí,100,0,5370390,100,7161a,2013-10-09,9,10,2013,CZ0624096,Podyjí,Čížov - K rybníčku,0,1,ano,1,0,NA,NA,NA,1,NA,STA_LIKVIDACE,NA,val,nezaznamenána,NA,ne,lok,NA,NA,nezaznamenána,val
32495277,8893481,Eriogaster catax,bourovec trnkový,Kopeček František,06.10.2013,06.10.2013,5370392,Újezdec u Luhačovic,NA,Motýli,CZ0724087: Újezdecký les,100,0,5370392,100,6972c,2013-10-06,6,10,2013,CZ0724087,Újezdecký les,Újezdec u Luhačovic,0,1,ano,NA,0,NA,NA,NA,NA,0,CELKOVE_SUM,0,NA,NA,NA,NA,NA,NA,NA,NA,NA
32495277,8893481,Eriogaster catax,bourovec trnkový,Kopeček František,06.10.2013,06.10.2013,5370392,Újezdec u Luhačovic,NA,Motýli,CZ0724087: Újezdecký les,100,0,5370392,100,6972c,2013-10-06,6,10,2013,CZ0724087,Újezdecký les,Újezdec u Luhačovic,0,1,ano,NA,0,NA,NA,NA,NA,NA,CELKOVE_SUM,0,NA,NA,NA,NA,NA,NA,NA,NA,NA
32495277,8893481,Eriogaster catax,bourovec trnkový,Kopeček František,06.10.2013,06.10.2013,5370392,Újezdec u Luhačovic,NA,Motýli,CZ0724087: Újezdecký les,100,0,5370392,100,6972c,2013-10-06,6,10,2013,CZ0724087,Újezdecký les,Újezdec u Luhačovic,0,1,ano,NA,0,NA,NA,NA,NA,0,POP_POCETSUMLOKAL,0,min,10,hnízda housenek,ano,lok,NA,NA,alespoň 10 hnízda housenek,minmax
32495277,8893481,Eriogaster catax,bourovec trnkový,Kopeček František,06.10.2013,06.10.2013,5370392,Újezdec u Luhačovic,NA,Motýli,CZ0724087: Újezdecký les,100,0,5370392,100,6972c,2013-10-06,6,10,2013,CZ0724087,Újezdecký les,Újezdec u Luhačovic,0,1,ano,NA,0,NA,NA,NA,NA,NA,STA_LIKVIDACE,NA,val,nezaznamenána,NA,ne,lok,NA,NA,nezaznamenána,val
32495278,8893482,Eriogaster catax,bourovec trnkový,Kopeček František,06.10.2013,06.10.2013,5370393,Újezdec u Luhačovic,NA,Motýli,CZ0724087: Újezdecký les,100,0,5370393,100,6972a,2013-10-06,6,10,2013,CZ0724087,Újezdecký les,Újezdec u Luhačovic,0,1,ano,NA,0,NA,NA,NA,NA,0,CELKOVE_SUM,0,NA,NA,NA,NA,NA,NA,NA,NA,NA
32495278,8893482,Eriogaster catax,bourovec trnkový,Kopeček František,06.10.2013,06.10.2013,5370393,Újezdec u Luhačovic,NA,Motýli,CZ0724087: Újezdecký les,100,0,5370393,100,6972a,2013-10-06,6,10,2013,CZ0724087,Újezdecký les,Újezdec u Luhačovic,0,1,ano,NA,0,NA,NA,NA,NA,NA,CELKOVE_SUM,0,NA,NA,NA,NA,NA,NA,NA,NA,NA
32495278,8893482,Eriogaster catax,bourovec trnkový,Kopeček František,06.10.2013,06.10.2013,5370393,Újezdec u Luhačovic,NA,Motýli,CZ0724087: Újezdecký les,100,0,5370393,100,6972a,2013-10-06,6,10,2013,CZ0724087,Újezdecký les,Újezdec u Luhačovic,0,1,ano,NA,0,NA,NA,NA,NA,0,POP_POCETSUMLOKAL,0,min,10,hnízda housenek,ano,lok,NA,NA,alespoň 10 hnízda housenek,minmax
32495278,8893482,Eriogaster catax,bourovec trnkový,Kopeček František,06.10.2013,06.10.2013,5370393,Újezdec u Luhačovic,NA,Motýli,CZ0724087: Újezdecký les,100,0,5370393,100,6972a,2013-10-06,6,10,2013,CZ0724087,Újezdecký les,Újezdec u Luhačovic,0,1,ano,NA,0,NA,NA,NA,NA,NA,STA_LIKVIDACE,NA,val,nezaznamenána,NA,ne,lok,NA,NA,nezaznamenána,val
32495280,8893484,Eriogaster catax,bourovec trnkový,Kopeček František,01.05.2013,04.05.2013,5370395,Mařatice - Rochus,NA,Motýli,CZ0723024: Rochus,100,0,5370395,100,6970b,2013-05-01,1,5,2013,CZ0723024,Rochus,Mařatice - Rochus,0,1,ano,7,0,NA,NA,NA,1,0,CELKOVE_SUM,0,NA,NA,NA,NA,NA,NA,NA,NA,NA
32495280,8893484,Eriogaster catax,bourovec trnkový,Kopeček František,01.05.2013,04.05.2013,5370395,Mařatice - Rochus,NA,Motýli,CZ0723024: Rochus,100,0,5370395,100,6970b,2013-05-01,1,5,2013,CZ0723024,Rochus,Mařatice - Rochus,0,1,ano,7,0,NA,NA,NA,1,NA,CELKOVE_SUM,0,NA,NA,NA,NA,NA,NA,NA,NA,NA
32495280,8893484,Eriogaster catax,bourovec trnkový,Kopeček František,01.05.2013,04.05.2013,5370395,Mařatice - Rochus,NA,Motýli,CZ0723024: Rochus,100,0,5370395,100,6970b,2013-05-01,1,5,2013,CZ0723024,Rochus,Mařatice - Rochus,0,1,ano,7,0,NA,NA,NA,1,0,POP_POCETSUMLOKAL,7,min,10,hnízda housenek,ano,lok,NA,NA,alespoň 10 hnízda housenek,minmax
32495280,8893484,Eriogaster catax,bourovec trnkový,Kopeček František,01.05.2013,04.05.2013,5370395,Mařatice - Rochus,NA,Motýli,CZ0723024: Rochus,100,0,5370395,100,6970b,2013-05-01,1,5,2013,CZ0723024,Rochus,Mařatice - Rochus,0,1,ano,7,0,NA,NA,NA,1,NA,STA_LIKVIDACE,NA,val,nezaznamenána,NA,ne,lok,NA,NA,nezaznamenána,val
32965132,9057203,Eriogaster catax,bourovec trnkový,Pazderová Miroslava,09.04.2014,09.04.2014,5418783,EVL Údolí Bánovského potoka,NA,Motýli,CZ0723430: Údolí Bánovského potoka,100,0,5418783,100,6972c,2014-04-09,9,4,2014,CZ0723430,Údolí Bánovského potoka,EVL Údolí Bánovského potoka,0,1,ano,2,0,NA,NA,NA,1,0,CELKOVE_SUM,0,NA,NA,NA,NA,NA,NA,NA,NA,NA
32965132,9057203,Eriogaster catax,bourovec trnkový,Pazderová Miroslava,09.04.2014,09.04.2014,5418783,EVL Údolí Bánovského potoka,NA,Motýli,CZ0723430: Údolí Bánovského potoka,100,0,5418783,100,6972c,2014-04-09,9,4,2014,CZ0723430,Údolí Bánovského potoka,EVL Údolí Bánovského potoka,0,1,ano,2,0,NA,NA,NA,1,NA,CELKOVE_SUM,0,NA,NA,NA,NA,NA,NA,NA,NA,NA
32965132,9057203,Eriogaster catax,bourovec trnkový,Pazderová Miroslava,09.04.2014,09.04.2014,5418783,EVL Údolí Bánovského potoka,NA,Motýli,CZ0723430: Údolí Bánovského potoka,100,0,5418783,100,6972c,2014-04-09,9,4,2014,CZ0723430,Údolí Bánovského potoka,EVL Údolí Bánovského potoka,0,1,ano,2,0,NA,NA,NA,1,0,POP_POCETSUMLOKAL,2,min,10,hnízda housenek,ano,lok,NA,NA,alespoň 10 hnízda housenek,minmax
32965132,9057203,Eriogaster catax,bourovec trnkový,Pazderová Miroslava,09.04.2014,09.04.2014,5418783,EVL Údolí Bánovského potoka,NA,Motýli,CZ0723430: Údolí Bánovského potoka,100,0,5418783,100,6972c,2014-04-09,9,4,2014,CZ0723430,Údolí Bánovského potoka,EVL Údolí Bánovského potoka,0,1,ano,2,0,NA,NA,NA,1,NA,STA_LIKVIDACE,NA,val,nezaznamenána,NA,ne,lok,NA,NA,nezaznamenána,val
32965134,9057205,Eriogaster catax,bourovec trnkový,Pazderová Miroslava,09.04.2014,09.04.2014,5418787,EVL Stráně u Popovic,NA,Motýli,CZ0723425: Stráně u Popovic,41,0,5418787,100,6971c,2014-04-09,9,4,2014,CZ0723425,Stráně u Popovic,EVL Stráně u Popovic,0,1,ano,5,0,NA,NA,NA,1,1,CELKOVE_SUM,1,NA,NA,NA,NA,NA,NA,NA,NA,NA
32965134,9057205,Eriogaster catax,bourovec trnkový,Pazderová Miroslava,09.04.2014,09.04.2014,5418787,EVL Stráně u Popovic,NA,Motýli,CZ0723425: Stráně u Popovic,41,0,5418787,100,6971c,2014-04-09,9,4,2014,CZ0723425,Stráně u Popovic,EVL Stráně u Popovic,0,1,ano,5,0,NA,NA,NA,1,NA,CELKOVE_SUM,1,NA,NA,NA,NA,NA,NA,NA,NA,NA
32965134,9057205,Eriogaster catax,bourovec trnkový,Pazderová Miroslava,09.04.2014,09.04.2014,5418787,EVL Stráně u Popovic,NA,Motýli,CZ0723425: Stráně u Popovic,41,0,5418787,100,6971c,2014-04-09,9,4,2014,CZ0723425,Stráně u Popovic,EVL Stráně u Popovic,0,1,ano,5,0,NA,NA,NA,1,1,POP_POCETSUMLOKAL,10,min,10,hnízda housenek,ano,lok,NA,NA,alespoň 10 hnízda housenek,minmax
32965134,9057205,Eriogaster catax,bourovec trnkový,Pazderová Miroslava,09.04.2014,09.04.2014,5418787,EVL Stráně u Popovic,NA,Motýli,CZ0723425: Stráně u Popovic,41,0,5418787,100,6971c,2014-04-09,9,4,2014,CZ0723425,Stráně u Popovic,EVL Stráně u Popovic,0,1,ano,5,0,NA,NA,NA,1,NA,STA_LIKVIDACE,NA,val,nezaznamenána,NA,ne,lok,NA,NA,nezaznamenána,val
32965135,9057206,Eriogaster catax,bourovec trnkový,Pazderová Miroslava,09.04.2014,09.04.2014,5418789,EVL Stráně u Popovic,NA,Motýli,CZ0723425: Stráně u Popovic,100,0,5418789,100,6971c,2014-04-09,9,4,2014,CZ0723425,Stráně u Popovic,EVL Stráně u Popovic,0,1,ano,4,0,NA,NA,NA,1,1,CELKOVE_SUM,1,NA,NA,NA,NA,NA,NA,NA,NA,NA
32965135,9057206,Eriogaster catax,bourovec trnkový,Pazderová Miroslava,09.04.2014,09.04.2014,5418789,EVL Stráně u Popovic,NA,Motýli,CZ0723425: Stráně u Popovic,100,0,5418789,100,6971c,2014-04-09,9,4,2014,CZ0723425,Stráně u Popovic,EVL Stráně u Popovic,0,1,ano,4,0,NA,NA,NA,1,NA,CELKOVE_SUM,1,NA,NA,NA,NA,NA,NA,NA,NA,NA
32965135,9057206,Eriogaster catax,bourovec trnkový,Pazderová Miroslava,09.04.2014,09.04.2014,5418789,EVL Stráně u Popovic,NA,Motýli,CZ0723425: Stráně u Popovic,100,0,5418789,100,6971c,2014-04-09,9,4,2014,CZ0723425,Stráně u Popovic,EVL Stráně u Popovic,0,1,ano,4,0,NA,NA,NA,1,1,POP_POCETSUMLOKAL,10,min,10,hnízda housenek,ano,lok,NA,NA,alespoň 10 hnízda housenek,minmax
32965135,9057206,Eriogaster catax,bourovec trnkový,Pazderová Miroslava,09.04.2014,09.04.2014,5418789,EVL Stráně u Popovic,NA,Motýli,CZ0723425: Stráně u Popovic,100,0,5418789,100,6971c,2014-04-09,9,4,2014,CZ0723425,Stráně u Popovic,EVL Stráně u Popovic,0,1,ano,4,0,NA,NA,NA,1,NA,STA_LIKVIDACE,NA,val,nezaznamenána,NA,ne,lok,NA,NA,nezaznamenána,val
32965138,9057209,Eriogaster catax,bourovec trnkový,Pazderová Miroslava,09.04.2014,09.04.2014,5418791,EVL Stráně u Popovic,NA,Motýli,CZ0723425: Stráně u Popovic,100,0,5418791,100,6971c,2014-04-09,9,4,2014,CZ0723425,Stráně u Popovic,EVL Stráně u Popovic,0,1,ano,1,0,NA,NA,NA,1,1,CELKOVE_SUM,1,NA,NA,NA,NA,NA,NA,NA,NA,NA
32965138,9057209,Eriogaster catax,bourovec trnkový,Pazderová Miroslava,09.04.2014,09.04.2014,5418791,EVL Stráně u Popovic,NA,Motýli,CZ0723425: Stráně u Popovic,100,0,5418791,100,6971c,2014-04-09,9,4,2014,CZ0723425,Stráně u Popovic,EVL Stráně u Popovic,0,1,ano,1,0,NA,NA,NA,1,NA,CELKOVE_SUM,1,NA,NA,NA,NA,NA,NA,NA,NA,NA
32965138,9057209,Eriogaster catax,bourovec trnkový,Pazderová Miroslava,09.04.2014,09.04.2014,5418791,EVL Stráně u Popovic,NA,Motýli,CZ0723425: Stráně u Popovic,100,0,5418791,100,6971c,2014-04-09,9,4,2014,CZ0723425,Stráně u Popovic,EVL Stráně u Popovic,0,1,ano,1,0,NA,NA,NA,1,1,POP_POCETSUMLOKAL,10,min,10,hnízda housenek,ano,lok,NA,NA,alespoň 10 hnízda housenek,minmax
32965138,9057209,Eriogaster catax,bourovec trnkový,Pazderová Miroslava,09.04.2014,09.04.2014,5418791,EVL Stráně u Popovic,NA,Motýli,CZ0723425: Stráně u Popovic,100,0,5418791,100,6971c,2014-04-09,9,4,2014,CZ0723425,Stráně u Popovic,EVL Stráně u Popovic,0,1,ano,1,0,NA,NA,NA,1,NA,STA_LIKVIDACE,NA,val,nezaznamenána,NA,ne,lok,NA,NA,nezaznamenána,val
33731945,9130334,Eriogaster catax,bourovec trnkový,Zapletal Michal,12.04.2014,12.04.2014,5483984,Nová Lhota u Veselí nad Moravou,NA,Motýli,CZ0724090: Bílé Karpaty,100,0,5483984,100,7171a,2014-04-12,12,4,2014,CZ0724090,Bílé Karpaty,Nová Lhota u Veselí nad Moravou,0,1,ano,NA,0,NA,NA,NA,NA,0,CELKOVE_SUM,0,NA,NA,NA,NA,NA,NA,NA,NA,NA
33731945,9130334,Eriogaster catax,bourovec trnkový,Zapletal Michal,12.04.2014,12.04.2014,5483984,Nová Lhota u Veselí nad Moravou,NA,Motýli,CZ0724090: Bílé Karpaty,100,0,5483984,100,7171a,2014-04-12,12,4,2014,CZ0724090,Bílé Karpaty,Nová Lhota u Veselí nad Moravou,0,1,ano,NA,0,NA,NA,NA,NA,NA,CELKOVE_SUM,0,NA,NA,NA,NA,NA,NA,NA,NA,NA
33731945,9130334,Eriogaster catax,bourovec trnkový,Zapletal Michal,12.04.2014,12.04.2014,5483984,Nová Lhota u Veselí nad Moravou,NA,Motýli,CZ0724090: Bílé Karpaty,100,0,5483984,100,7171a,2014-04-12,12,4,2014,CZ0724090,Bílé Karpaty,Nová Lhota u Veselí nad Moravou,0,1,ano,NA,0,NA,NA,NA,NA,0,POP_POCETSUMLOKAL,0,min,10,hnízda housenek,ano,lok,NA,NA,alespoň 10 hnízda housenek,minmax
33731945,9130334,Eriogaster catax,bourovec trnkový,Zapletal Michal,12.04.2014,12.04.2014,5483984,Nová Lhota u Veselí nad Moravou,NA,Motýli,CZ0724090: Bílé Karpaty,100,0,5483984,100,7171a,2014-04-12,12,4,2014,CZ0724090,Bílé Karpaty,Nová Lhota u Veselí nad Moravou,0,1,ano,NA,0,NA,NA,NA,NA,NA,STA_LIKVIDACE,NA,val,nezaznamenána,NA,ne,lok,NA,NA,nezaznamenána,val
36059934,9533779,Eriogaster catax,bourovec trnkový,Fišer Marek,25.04.2015,25.04.2015,5825563,Dolní Dunajovice,NA,Motýli,CZ0622218: Dunajovické kopce,100,0,5825563,100,7165c,2015-04-25,25,4,2015,CZ0622218,Dunajovické kopce,Dolní Dunajovice,0,1,ano,NA,0,NA,NA,NA,NA,0,CELKOVE_SUM,0,NA,NA,NA,NA,NA,NA,NA,NA,NA
36059934,9533779,Eriogaster catax,bourovec trnkový,Fišer Marek,25.04.2015,25.04.2015,5825563,Dolní Dunajovice,NA,Motýli,CZ0622218: Dunajovické kopce,100,0,5825563,100,7165c,2015-04-25,25,4,2015,CZ0622218,Dunajovické kopce,Dolní Dunajovice,0,1,ano,NA,0,NA,NA,NA,NA,NA,CELKOVE_SUM,0,NA,NA,NA,NA,NA,NA,NA,NA,NA
36059934,9533779,Eriogaster catax,bourovec trnkový,Fišer Marek,25.04.2015,25.04.2015,5825563,Dolní Dunajovice,NA,Motýli,CZ0622218: Dunajovické kopce,100,0,5825563,100,7165c,2015-04-25,25,4,2015,CZ0622218,Dunajovické kopce,Dolní Dunajovice,0,1,ano,NA,0,NA,NA,NA,NA,0,POP_POCETSUMLOKAL,0,min,10,hnízda housenek,ano,lok,NA,NA,alespoň 10 hnízda housenek,minmax
36059934,9533779,Eriogaster catax,bourovec trnkový,Fišer Marek,25.04.2015,25.04.2015,5825563,Dolní Dunajovice,NA,Motýli,CZ0622218: Dunajovické kopce,100,0,5825563,100,7165c,2015-04-25,25,4,2015,CZ0622218,Dunajovické kopce,Dolní Dunajovice,0,1,ano,NA,0,NA,NA,NA,NA,NA,STA_LIKVIDACE,NA,val,nezaznamenána,NA,ne,lok,NA,NA,nezaznamenána,val
36060339,9533899,Eriogaster catax,bourovec trnkový,Zapletal Michal,27.04.2015,27.04.2015,5825676,Jarošov u Uherského Hradiště,NA,Motýli,CZ0723024: Rochus,100,0,5825676,100,6970b,2015-04-27,27,4,2015,CZ0723024,Rochus,Jarošov u Uherského Hradiště,0,1,ano,NA,0,NA,NA,NA,NA,0,CELKOVE_SUM,0,NA,NA,NA,NA,NA,NA,NA,NA,NA
36060339,9533899,Eriogaster catax,bourovec trnkový,Zapletal Michal,27.04.2015,27.04.2015,5825676,Jarošov u Uherského Hradiště,NA,Motýli,CZ0723024: Rochus,100,0,5825676,100,6970b,2015-04-27,27,4,2015,CZ0723024,Rochus,Jarošov u Uherského Hradiště,0,1,ano,NA,0,NA,NA,NA,NA,NA,CELKOVE_SUM,0,NA,NA,NA,NA,NA,NA,NA,NA,NA
36060339,9533899,Eriogaster catax,bourovec trnkový,Zapletal Michal,27.04.2015,27.04.2015,5825676,Jarošov u Uherského Hradiště,NA,Motýli,CZ0723024: Rochus,100,0,5825676,100,6970b,2015-04-27,27,4,2015,CZ0723024,Rochus,Jarošov u Uherského Hradiště,0,1,ano,NA,0,NA,NA,NA,NA,0,POP_POCETSUMLOKAL,0,min,10,hnízda housenek,ano,lok,NA,NA,alespoň 10 hnízda housenek,minmax
36060339,9533899,Eriogaster catax,bourovec trnkový,Zapletal Michal,27.04.2015,27.04.2015,5825676,Jarošov u Uherského Hradiště,NA,Motýli,CZ0723024: Rochus,100,0,5825676,100,6970b,2015-04-27,27,4,2015,CZ0723024,Rochus,Jarošov u Uherského Hradiště,0,1,ano,NA,0,NA,NA,NA,NA,NA,STA_LIKVIDACE,NA,val,nezaznamenána,NA,ne,lok,NA,NA,nezaznamenána,val
36061802,9534473,Eriogaster catax,bourovec trnkový,Zapletal Michal,19.05.2015,19.05.2015,5826248,Hrabětice,NA,Motýli,CZ0623046: Trávní dvůr,100,0,5826248,100,7264b,2015-05-19,19,5,2015,CZ0623046,Trávní dvůr,Hrabětice,0,1,ano,NA,0,NA,NA,NA,NA,0,CELKOVE_SUM,0,NA,NA,NA,NA,NA,NA,NA,NA,NA
36061802,9534473,Eriogaster catax,bourovec trnkový,Zapletal Michal,19.05.2015,19.05.2015,5826248,Hrabětice,NA,Motýli,CZ0623046: Trávní dvůr,100,0,5826248,100,7264b,2015-05-19,19,5,2015,CZ0623046,Trávní dvůr,Hrabětice,0,1,ano,NA,0,NA,NA,NA,NA,NA,CELKOVE_SUM,0,NA,NA,NA,NA,NA,NA,NA,NA,NA
36061802,9534473,Eriogaster catax,bourovec trnkový,Zapletal Michal,19.05.2015,19.05.2015,5826248,Hrabětice,NA,Motýli,CZ0623046: Trávní dvůr,100,0,5826248,100,7264b,2015-05-19,19,5,2015,CZ0623046,Trávní dvůr,Hrabětice,0,1,ano,NA,0,NA,NA,NA,NA,0,POP_POCETSUMLOKAL,0,min,10,hnízda housenek,ano,lok,NA,NA,alespoň 10 hnízda housenek,minmax
36061802,9534473,Eriogaster catax,bourovec trnkový,Zapletal Michal,19.05.2015,19.05.2015,5826248,Hrabětice,NA,Motýli,CZ0623046: Trávní dvůr,100,0,5826248,100,7264b,2015-05-19,19,5,2015,CZ0623046,Trávní dvůr,Hrabětice,0,1,ano,NA,0,NA,NA,NA,NA,NA,STA_LIKVIDACE,NA,val,nezaznamenána,NA,ne,lok,NA,NA,nezaznamenána,val
36068182,9535971,Eriogaster catax,bourovec trnkový,Kopeček František,19.04.2015,19.04.2015,5827520,Újezdec u Luhačovic,NA,Motýli,CZ0724087: Újezdecký les,100,0,5827520,100,6972a,2015-04-19,19,4,2015,CZ0724087,Újezdecký les,Újezdec u Luhačovic,0,1,ano,3,0,NA,NA,NA,1,0,CELKOVE_SUM,0,NA,NA,NA,NA,NA,NA,NA,NA,NA
36068182,9535971,Eriogaster catax,bourovec trnkový,Kopeček František,19.04.2015,19.04.2015,5827520,Újezdec u Luhačovic,NA,Motýli,CZ0724087: Újezdecký les,100,0,5827520,100,6972a,2015-04-19,19,4,2015,CZ0724087,Újezdecký les,Újezdec u Luhačovic,0,1,ano,3,0,NA,NA,NA,1,NA,CELKOVE_SUM,0,NA,NA,NA,NA,NA,NA,NA,NA,NA
36068182,9535971,Eriogaster catax,bourovec trnkový,Kopeček František,19.04.2015,19.04.2015,5827520,Újezdec u Luhačovic,NA,Motýli,CZ0724087: Újezdecký les,100,0,5827520,100,6972a,2015-04-19,19,4,2015,CZ0724087,Újezdecký les,Újezdec u Luhačovic,0,1,ano,3,0,NA,NA,NA,1,0,POP_POCETSUMLOKAL,3,min,10,hnízda housenek,ano,lok,NA,NA,alespoň 10 hnízda housenek,minmax
36068182,9535971,Eriogaster catax,bourovec trnkový,Kopeček František,19.04.2015,19.04.2015,5827520,Újezdec u Luhačovic,NA,Motýli,CZ0724087: Újezdecký les,100,0,5827520,100,6972a,2015-04-19,19,4,2015,CZ0724087,Újezdecký les,Újezdec u Luhačovic,0,1,ano,3,0,NA,NA,NA,1,NA,STA_LIKVIDACE,NA,val,nezaznamenána,NA,ne,lok,NA,NA,nezaznamenána,val
36859820,9653514,Eriogaster catax,bourovec trnkový,Holomek Josef,10.05.2013,10.05.2013,5918668,7170-14,NA,Motýli,CZ0624072: Čertoryje,91,0,5918668,100,7170a,2013-05-10,10,5,2013,CZ0624072,Čertoryje,7170-14,0,1,ano,NA,0,NA,NA,NA,NA,0,CELKOVE_SUM,0,NA,NA,NA,NA,NA,NA,NA,NA,NA
36859820,9653514,Eriogaster catax,bourovec trnkový,Holomek Josef,10.05.2013,10.05.2013,5918668,7170-14,NA,Motýli,CZ0624072: Čertoryje,91,0,5918668,100,7170a,2013-05-10,10,5,2013,CZ0624072,Čertoryje,7170-14,0,1,ano,NA,0,NA,NA,NA,NA,NA,CELKOVE_SUM,0,NA,NA,NA,NA,NA,NA,NA,NA,NA
36859820,9653514,Eriogaster catax,bourovec trnkový,Holomek Josef,10.05.2013,10.05.2013,5918668,7170-14,NA,Motýli,CZ0624072: Čertoryje,91,0,5918668,100,7170a,2013-05-10,10,5,2013,CZ0624072,Čertoryje,7170-14,0,1,ano,NA,0,NA,NA,NA,NA,0,POP_POCETSUMLOKAL,0,min,10,hnízda housenek,ano,lok,NA,NA,alespoň 10 hnízda housenek,minmax
36859820,9653514,Eriogaster catax,bourovec trnkový,Holomek Josef,10.05.2013,10.05.2013,5918668,7170-14,NA,Motýli,CZ0624072: Čertoryje,91,0,5918668,100,7170a,2013-05-10,10,5,2013,CZ0624072,Čertoryje,7170-14,0,1,ano,NA,0,NA,NA,NA,NA,NA,STA_LIKVIDACE,NA,val,nezaznamenána,NA,ne,lok,NA,NA,nezaznamenána,val
36862860,9653691,Eriogaster catax,bourovec trnkový,Tomeček Vojtěch,05.05.2013,05.05.2013,5918678,7171-13,NA,Motýli,CZ0724090: Bílé Karpaty,20,0,5918678,100,7171a,2013-05-05,5,5,2013,CZ0724090,Bílé Karpaty,7171-13,0,1,ano,NA,0,NA,NA,NA,NA,0,CELKOVE_SUM,0,NA,NA,NA,NA,NA,NA,NA,NA,NA
36862860,9653691,Eriogaster catax,bourovec trnkový,Tomeček Vojtěch,05.05.2013,05.05.2013,5918678,7171-13,NA,Motýli,CZ0724090: Bílé Karpaty,20,0,5918678,100,7171a,2013-05-05,5,5,2013,CZ0724090,Bílé Karpaty,7171-13,0,1,ano,NA,0,NA,NA,NA,NA,NA,CELKOVE_SUM,0,NA,NA,NA,NA,NA,NA,NA,NA,NA
36862860,9653691,Eriogaster catax,bourovec trnkový,Tomeček Vojtěch,05.05.2013,05.05.2013,5918678,7171-13,NA,Motýli,CZ0724090: Bílé Karpaty,20,0,5918678,100,7171a,2013-05-05,5,5,2013,CZ0724090,Bílé Karpaty,7171-13,0,1,ano,NA,0,NA,NA,NA,NA,0,POP_POCETSUMLOKAL,0,min,10,hnízda housenek,ano,lok,NA,NA,alespoň 10 hnízda housenek,minmax
36862860,9653691,Eriogaster catax,bourovec trnkový,Tomeček Vojtěch,05.05.2013,05.05.2013,5918678,7171-13,NA,Motýli,CZ0724090: Bílé Karpaty,20,0,5918678,100,7171a,2013-05-05,5,5,2013,CZ0724090,Bílé Karpaty,7171-13,0,1,ano,NA,0,NA,NA,NA,NA,NA,STA_LIKVIDACE,NA,val,nezaznamenána,NA,ne,lok,NA,NA,nezaznamenána,val
36863238,9653707,Eriogaster catax,bourovec trnkový,Tomeček Vojtěch,02.05.2015,02.05.2015,5918678,7171-13,NA,Motýli,CZ0724090: Bílé Karpaty,20,0,5918678,100,7171a,2015-05-02,2,5,2015,CZ0724090,Bílé Karpaty,7171-13,0,1,ano,NA,0,NA,NA,NA,NA,0,CELKOVE_SUM,0,NA,NA,NA,NA,NA,NA,NA,NA,NA
36863238,9653707,Eriogaster catax,bourovec trnkový,Tomeček Vojtěch,02.05.2015,02.05.2015,5918678,7171-13,NA,Motýli,CZ0724090: Bílé Karpaty,20,0,5918678,100,7171a,2015-05-02,2,5,2015,CZ0724090,Bílé Karpaty,7171-13,0,1,ano,NA,0,NA,NA,NA,NA,NA,CELKOVE_SUM,0,NA,NA,NA,NA,NA,NA,NA,NA,NA
36863238,9653707,Eriogaster catax,bourovec trnkový,Tomeček Vojtěch,02.05.2015,02.05.2015,5918678,7171-13,NA,Motýli,CZ0724090: Bílé Karpaty,20,0,5918678,100,7171a,2015-05-02,2,5,2015,CZ0724090,Bílé Karpaty,7171-13,0,1,ano,NA,0,NA,NA,NA,NA,0,POP_POCETSUMLOKAL,0,min,10,hnízda housenek,ano,lok,NA,NA,alespoň 10 hnízda housenek,minmax
36863238,9653707,Eriogaster catax,bourovec trnkový,Tomeček Vojtěch,02.05.2015,02.05.2015,5918678,7171-13,NA,Motýli,CZ0724090: Bílé Karpaty,20,0,5918678,100,7171a,2015-05-02,2,5,2015,CZ0724090,Bílé Karpaty,7171-13,0,1,ano,NA,0,NA,NA,NA,NA,NA,STA_LIKVIDACE,NA,val,nezaznamenána,NA,ne,lok,NA,NA,nezaznamenána,val
36865324,9653818,Eriogaster catax,bourovec trnkový,Tomeček Vojtěch,04.05.2013,04.05.2013,5918682,7171-14,NA,Motýli,CZ0724090: Bílé Karpaty,99,0,5918682,100,7171a,2013-05-04,4,5,2013,CZ0724090,Bílé Karpaty,7171-14,0,1,ano,NA,0,NA,NA,NA,NA,0,CELKOVE_SUM,0,NA,NA,NA,NA,NA,NA,NA,NA,NA
36865324,9653818,Eriogaster catax,bourovec trnkový,Tomeček Vojtěch,04.05.2013,04.05.2013,5918682,7171-14,NA,Motýli,CZ0724090: Bílé Karpaty,99,0,5918682,100,7171a,2013-05-04,4,5,2013,CZ0724090,Bílé Karpaty,7171-14,0,1,ano,NA,0,NA,NA,NA,NA,NA,CELKOVE_SUM,0,NA,NA,NA,NA,NA,NA,NA,NA,NA
36865324,9653818,Eriogaster catax,bourovec trnkový,Tomeček Vojtěch,04.05.2013,04.05.2013,5918682,7171-14,NA,Motýli,CZ0724090: Bílé Karpaty,99,0,5918682,100,7171a,2013-05-04,4,5,2013,CZ0724090,Bílé Karpaty,7171-14,0,1,ano,NA,0,NA,NA,NA,NA,0,POP_POCETSUMLOKAL,0,min,10,hnízda housenek,ano,lok,NA,NA,alespoň 10 hnízda housenek,minmax
36865324,9653818,Eriogaster catax,bourovec trnkový,Tomeček Vojtěch,04.05.2013,04.05.2013,5918682,7171-14,NA,Motýli,CZ0724090: Bílé Karpaty,99,0,5918682,100,7171a,2013-05-04,4,5,2013,CZ0724090,Bílé Karpaty,7171-14,0,1,ano,NA,0,NA,NA,NA,NA,NA,STA_LIKVIDACE,NA,val,nezaznamenána,NA,ne,lok,NA,NA,nezaznamenána,val
36865329,9653819,Eriogaster catax,bourovec trnkový,Tomeček Vojtěch,05.05.2013,05.05.2013,5918682,7171-14,NA,Motýli,CZ0724090: Bílé Karpaty,99,0,5918682,100,7171a,2013-05-05,5,5,2013,CZ0724090,Bílé Karpaty,7171-14,0,1,ano,NA,0,NA,NA,NA,NA,0,CELKOVE_SUM,0,NA,NA,NA,NA,NA,NA,NA,NA,NA
36865329,9653819,Eriogaster catax,bourovec trnkový,Tomeček Vojtěch,05.05.2013,05.05.2013,5918682,7171-14,NA,Motýli,CZ0724090: Bílé Karpaty,99,0,5918682,100,7171a,2013-05-05,5,5,2013,CZ0724090,Bílé Karpaty,7171-14,0,1,ano,NA,0,NA,NA,NA,NA,NA,CELKOVE_SUM,0,NA,NA,NA,NA,NA,NA,NA,NA,NA
36865329,9653819,Eriogaster catax,bourovec trnkový,Tomeček Vojtěch,05.05.2013,05.05.2013,5918682,7171-14,NA,Motýli,CZ0724090: Bílé Karpaty,99,0,5918682,100,7171a,2013-05-05,5,5,2013,CZ0724090,Bílé Karpaty,7171-14,0,1,ano,NA,0,NA,NA,NA,NA,0,POP_POCETSUMLOKAL,0,min,10,hnízda housenek,ano,lok,NA,NA,alespoň 10 hnízda housenek,minmax
36865329,9653819,Eriogaster catax,bourovec trnkový,Tomeček Vojtěch,05.05.2013,05.05.2013,5918682,7171-14,NA,Motýli,CZ0724090: Bílé Karpaty,99,0,5918682,100,7171a,2013-05-05,5,5,2013,CZ0724090,Bílé Karpaty,7171-14,0,1,ano,NA,0,NA,NA,NA,NA,NA,STA_LIKVIDACE,NA,val,nezaznamenána,NA,ne,lok,NA,NA,nezaznamenána,val
36865696,9653839,Eriogaster catax,bourovec trnkový,Tomeček Vojtěch,19.04.2015,19.04.2015,5918682,7171-14,NA,Motýli,CZ0724090: Bílé Karpaty,99,0,5918682,100,7171a,2015-04-19,19,4,2015,CZ0724090,Bílé Karpaty,7171-14,0,1,ano,NA,0,NA,NA,NA,NA,0,CELKOVE_SUM,0,NA,NA,NA,NA,NA,NA,NA,NA,NA
36865696,9653839,Eriogaster catax,bourovec trnkový,Tomeček Vojtěch,19.04.2015,19.04.2015,5918682,7171-14,NA,Motýli,CZ0724090: Bílé Karpaty,99,0,5918682,100,7171a,2015-04-19,19,4,2015,CZ0724090,Bílé Karpaty,7171-14,0,1,ano,NA,0,NA,NA,NA,NA,NA,CELKOVE_SUM,0,NA,NA,NA,NA,NA,NA,NA,NA,NA
36865696,9653839,Eriogaster catax,bourovec trnkový,Tomeček Vojtěch,19.04.2015,19.04.2015,5918682,7171-14,NA,Motýli,CZ0724090: Bílé Karpaty,99,0,5918682,100,7171a,2015-04-19,19,4,2015,CZ0724090,Bílé Karpaty,7171-14,0,1,ano,NA,0,NA,NA,NA,NA,0,POP_POCETSUMLOKAL,0,min,10,hnízda housenek,ano,lok,NA,NA,alespoň 10 hnízda housenek,minmax
36865696,9653839,Eriogaster catax,bourovec trnkový,Tomeček Vojtěch,19.04.2015,19.04.2015,5918682,7171-14,NA,Motýli,CZ0724090: Bílé Karpaty,99,0,5918682,100,7171a,2015-04-19,19,4,2015,CZ0724090,Bílé Karpaty,7171-14,0,1,ano,NA,0,NA,NA,NA,NA,NA,STA_LIKVIDACE,NA,val,nezaznamenána,NA,ne,lok,NA,NA,nezaznamenána,val
36865701,9653841,Eriogaster catax,bourovec trnkový,Tomeček Vojtěch,02.05.2015,02.05.2015,5918682,7171-14,NA,Motýli,CZ0724090: Bílé Karpaty,99,0,5918682,100,7171a,2015-05-02,2,5,2015,CZ0724090,Bílé Karpaty,7171-14,0,1,ano,NA,0,NA,NA,NA,NA,0,CELKOVE_SUM,0,NA,NA,NA,NA,NA,NA,NA,NA,NA
36865701,9653841,Eriogaster catax,bourovec trnkový,Tomeček Vojtěch,02.05.2015,02.05.2015,5918682,7171-14,NA,Motýli,CZ0724090: Bílé Karpaty,99,0,5918682,100,7171a,2015-05-02,2,5,2015,CZ0724090,Bílé Karpaty,7171-14,0,1,ano,NA,0,NA,NA,NA,NA,NA,CELKOVE_SUM,0,NA,NA,NA,NA,NA,NA,NA,NA,NA
36865701,9653841,Eriogaster catax,bourovec trnkový,Tomeček Vojtěch,02.05.2015,02.05.2015,5918682,7171-14,NA,Motýli,CZ0724090: Bílé Karpaty,99,0,5918682,100,7171a,2015-05-02,2,5,2015,CZ0724090,Bílé Karpaty,7171-14,0,1,ano,NA,0,NA,NA,NA,NA,0,POP_POCETSUMLOKAL,0,min,10,hnízda housenek,ano,lok,NA,NA,alespoň 10 hnízda housenek,minmax
36865701,9653841,Eriogaster catax,bourovec trnkový,Tomeček Vojtěch,02.05.2015,02.05.2015,5918682,7171-14,NA,Motýli,CZ0724090: Bílé Karpaty,99,0,5918682,100,7171a,2015-05-02,2,5,2015,CZ0724090,Bílé Karpaty,7171-14,0,1,ano,NA,0,NA,NA,NA,NA,NA,STA_LIKVIDACE,NA,val,nezaznamenána,NA,ne,lok,NA,NA,nezaznamenána,val
36867017,9653907,Eriogaster catax,bourovec trnkový,Uřičář Jan,02.05.2013,02.05.2013,5918688,7071-34,NA,Motýli,CZ0724090: Bílé Karpaty,50,0,5918688,100,7071c,2013-05-02,2,5,2013,CZ0724090,Bílé Karpaty,7071-34,0,1,ano,NA,0,NA,NA,NA,NA,0,CELKOVE_SUM,0,NA,NA,NA,NA,NA,NA,NA,NA,NA
36867017,9653907,Eriogaster catax,bourovec trnkový,Uřičář Jan,02.05.2013,02.05.2013,5918688,7071-34,NA,Motýli,CZ0724090: Bílé Karpaty,50,0,5918688,100,7071c,2013-05-02,2,5,2013,CZ0724090,Bílé Karpaty,7071-34,0,1,ano,NA,0,NA,NA,NA,NA,NA,CELKOVE_SUM,0,NA,NA,NA,NA,NA,NA,NA,NA,NA
36867017,9653907,Eriogaster catax,bourovec trnkový,Uřičář Jan,02.05.2013,02.05.2013,5918688,7071-34,NA,Motýli,CZ0724090: Bílé Karpaty,50,0,5918688,100,7071c,2013-05-02,2,5,2013,CZ0724090,Bílé Karpaty,7071-34,0,1,ano,NA,0,NA,NA,NA,NA,0,POP_POCETSUMLOKAL,0,min,10,hnízda housenek,ano,lok,NA,NA,alespoň 10 hnízda housenek,minmax
36867017,9653907,Eriogaster catax,bourovec trnkový,Uřičář Jan,02.05.2013,02.05.2013,5918688,7071-34,NA,Motýli,CZ0724090: Bílé Karpaty,50,0,5918688,100,7071c,2013-05-02,2,5,2013,CZ0724090,Bílé Karpaty,7071-34,0,1,ano,NA,0,NA,NA,NA,NA,NA,STA_LIKVIDACE,NA,val,nezaznamenána,NA,ne,lok,NA,NA,nezaznamenána,val
36867140,9653913,Eriogaster catax,bourovec trnkový,Uřičář Jan,16.04.2015,16.04.2015,5918688,7071-34,NA,Motýli,CZ0724090: Bílé Karpaty,50,0,5918688,100,7071c,2015-04-16,16,4,2015,CZ0724090,Bílé Karpaty,7071-34,0,1,ano,NA,0,NA,NA,NA,NA,0,CELKOVE_SUM,0,NA,NA,NA,NA,NA,NA,NA,NA,NA
36867140,9653913,Eriogaster catax,bourovec trnkový,Uřičář Jan,16.04.2015,16.04.2015,5918688,7071-34,NA,Motýli,CZ0724090: Bílé Karpaty,50,0,5918688,100,7071c,2015-04-16,16,4,2015,CZ0724090,Bílé Karpaty,7071-34,0,1,ano,NA,0,NA,NA,NA,NA,NA,CELKOVE_SUM,0,NA,NA,NA,NA,NA,NA,NA,NA,NA
36867140,9653913,Eriogaster catax,bourovec trnkový,Uřičář Jan,16.04.2015,16.04.2015,5918688,7071-34,NA,Motýli,CZ0724090: Bílé Karpaty,50,0,5918688,100,7071c,2015-04-16,16,4,2015,CZ0724090,Bílé Karpaty,7071-34,0,1,ano,NA,0,NA,NA,NA,NA,0,POP_POCETSUMLOKAL,0,min,10,hnízda housenek,ano,lok,NA,NA,alespoň 10 hnízda housenek,minmax
36867140,9653913,Eriogaster catax,bourovec trnkový,Uřičář Jan,16.04.2015,16.04.2015,5918688,7071-34,NA,Motýli,CZ0724090: Bílé Karpaty,50,0,5918688,100,7071c,2015-04-16,16,4,2015,CZ0724090,Bílé Karpaty,7071-34,0,1,ano,NA,0,NA,NA,NA,NA,NA,STA_LIKVIDACE,NA,val,nezaznamenána,NA,ne,lok,NA,NA,nezaznamenána,val
36868097,9653971,Eriogaster catax,bourovec trnkový,Tomeček Vojtěch,04.05.2013,04.05.2013,5918691,7171-23,NA,Motýli,CZ0724090: Bílé Karpaty,72,0,5918691,100,7171b,2013-05-04,4,5,2013,CZ0724090,Bílé Karpaty,7171-23,0,1,ano,NA,0,NA,NA,NA,NA,0,CELKOVE_SUM,0,NA,NA,NA,NA,NA,NA,NA,NA,NA
36868097,9653971,Eriogaster catax,bourovec trnkový,Tomeček Vojtěch,04.05.2013,04.05.2013,5918691,7171-23,NA,Motýli,CZ0724090: Bílé Karpaty,72,0,5918691,100,7171b,2013-05-04,4,5,2013,CZ0724090,Bílé Karpaty,7171-23,0,1,ano,NA,0,NA,NA,NA,NA,NA,CELKOVE_SUM,0,NA,NA,NA,NA,NA,NA,NA,NA,NA
36868097,9653971,Eriogaster catax,bourovec trnkový,Tomeček Vojtěch,04.05.2013,04.05.2013,5918691,7171-23,NA,Motýli,CZ0724090: Bílé Karpaty,72,0,5918691,100,7171b,2013-05-04,4,5,2013,CZ0724090,Bílé Karpaty,7171-23,0,1,ano,NA,0,NA,NA,NA,NA,0,POP_POCETSUMLOKAL,0,min,10,hnízda housenek,ano,lok,NA,NA,alespoň 10 hnízda housenek,minmax
36868097,9653971,Eriogaster catax,bourovec trnkový,Tomeček Vojtěch,04.05.2013,04.05.2013,5918691,7171-23,NA,Motýli,CZ0724090: Bílé Karpaty,72,0,5918691,100,7171b,2013-05-04,4,5,2013,CZ0724090,Bílé Karpaty,7171-23,0,1,ano,NA,0,NA,NA,NA,NA,NA,STA_LIKVIDACE,NA,val,nezaznamenána,NA,ne,lok,NA,NA,nezaznamenána,val
36869101,9654018,Eriogaster catax,bourovec trnkový,Uřičář Jan,01.05.2013,01.05.2013,5918693,7071-43,NA,Motýli,CZ0724090: Bílé Karpaty,94,0,5918693,100,7071d,2013-05-01,1,5,2013,CZ0724090,Bílé Karpaty,7071-43,0,1,ano,NA,0,NA,NA,NA,NA,0,CELKOVE_SUM,0,NA,NA,NA,NA,NA,NA,NA,NA,NA
36869101,9654018,Eriogaster catax,bourovec trnkový,Uřičář Jan,01.05.2013,01.05.2013,5918693,7071-43,NA,Motýli,CZ0724090: Bílé Karpaty,94,0,5918693,100,7071d,2013-05-01,1,5,2013,CZ0724090,Bílé Karpaty,7071-43,0,1,ano,NA,0,NA,NA,NA,NA,NA,CELKOVE_SUM,0,NA,NA,NA,NA,NA,NA,NA,NA,NA
36869101,9654018,Eriogaster catax,bourovec trnkový,Uřičář Jan,01.05.2013,01.05.2013,5918693,7071-43,NA,Motýli,CZ0724090: Bílé Karpaty,94,0,5918693,100,7071d,2013-05-01,1,5,2013,CZ0724090,Bílé Karpaty,7071-43,0,1,ano,NA,0,NA,NA,NA,NA,0,POP_POCETSUMLOKAL,0,min,10,hnízda housenek,ano,lok,NA,NA,alespoň 10 hnízda housenek,minmax
36869101,9654018,Eriogaster catax,bourovec trnkový,Uřičář Jan,01.05.2013,01.05.2013,5918693,7071-43,NA,Motýli,CZ0724090: Bílé Karpaty,94,0,5918693,100,7071d,2013-05-01,1,5,2013,CZ0724090,Bílé Karpaty,7071-43,0,1,ano,NA,0,NA,NA,NA,NA,NA,STA_LIKVIDACE,NA,val,nezaznamenána,NA,ne,lok,NA,NA,nezaznamenána,val
36869851,9654062,Eriogaster catax,bourovec trnkový,Holomek Josef,15.04.2015,15.04.2015,5918695,7171-24,NA,Motýli,CZ0724090: Bílé Karpaty,82,0,5918695,100,7171b,2015-04-15,15,4,2015,CZ0724090,Bílé Karpaty,7171-24,0,1,ano,NA,0,NA,NA,NA,NA,0,CELKOVE_SUM,0,NA,NA,NA,NA,NA,NA,NA,NA,NA
36869851,9654062,Eriogaster catax,bourovec trnkový,Holomek Josef,15.04.2015,15.04.2015,5918695,7171-24,NA,Motýli,CZ0724090: Bílé Karpaty,82,0,5918695,100,7171b,2015-04-15,15,4,2015,CZ0724090,Bílé Karpaty,7171-24,0,1,ano,NA,0,NA,NA,NA,NA,NA,CELKOVE_SUM,0,NA,NA,NA,NA,NA,NA,NA,NA,NA
36869851,9654062,Eriogaster catax,bourovec trnkový,Holomek Josef,15.04.2015,15.04.2015,5918695,7171-24,NA,Motýli,CZ0724090: Bílé Karpaty,82,0,5918695,100,7171b,2015-04-15,15,4,2015,CZ0724090,Bílé Karpaty,7171-24,0,1,ano,NA,0,NA,NA,NA,NA,0,POP_POCETSUMLOKAL,0,min,10,hnízda housenek,ano,lok,NA,NA,alespoň 10 hnízda housenek,minmax
36869851,9654062,Eriogaster catax,bourovec trnkový,Holomek Josef,15.04.2015,15.04.2015,5918695,7171-24,NA,Motýli,CZ0724090: Bílé Karpaty,82,0,5918695,100,7171b,2015-04-15,15,4,2015,CZ0724090,Bílé Karpaty,7171-24,0,1,ano,NA,0,NA,NA,NA,NA,NA,STA_LIKVIDACE,NA,val,nezaznamenána,NA,ne,lok,NA,NA,nezaznamenána,val
36870722,9654118,Eriogaster catax,bourovec trnkový,Potocký Pavel,23.04.2015,23.04.2015,5918698,7071-42,NA,Motýli,CZ0724090: Bílé Karpaty,38,0,5918698,100,7071d,2015-04-23,23,4,2015,CZ0724090,Bílé Karpaty,7071-42,0,1,ano,NA,0,NA,NA,NA,NA,0,CELKOVE_SUM,0,NA,NA,NA,NA,NA,NA,NA,NA,NA
36870722,9654118,Eriogaster catax,bourovec trnkový,Potocký Pavel,23.04.2015,23.04.2015,5918698,7071-42,NA,Motýli,CZ0724090: Bílé Karpaty,38,0,5918698,100,7071d,2015-04-23,23,4,2015,CZ0724090,Bílé Karpaty,7071-42,0,1,ano,NA,0,NA,NA,NA,NA,NA,CELKOVE_SUM,0,NA,NA,NA,NA,NA,NA,NA,NA,NA
36870722,9654118,Eriogaster catax,bourovec trnkový,Potocký Pavel,23.04.2015,23.04.2015,5918698,7071-42,NA,Motýli,CZ0724090: Bílé Karpaty,38,0,5918698,100,7071d,2015-04-23,23,4,2015,CZ0724090,Bílé Karpaty,7071-42,0,1,ano,NA,0,NA,NA,NA,NA,0,POP_POCETSUMLOKAL,0,min,10,hnízda housenek,ano,lok,NA,NA,alespoň 10 hnízda housenek,minmax
36870722,9654118,Eriogaster catax,bourovec trnkový,Potocký Pavel,23.04.2015,23.04.2015,5918698,7071-42,NA,Motýli,CZ0724090: Bílé Karpaty,38,0,5918698,100,7071d,2015-04-23,23,4,2015,CZ0724090,Bílé Karpaty,7071-42,0,1,ano,NA,0,NA,NA,NA,NA,NA,STA_LIKVIDACE,NA,val,nezaznamenána,NA,ne,lok,NA,NA,nezaznamenána,val
37025035,9662633,Eriogaster catax,bourovec trnkový,Dedek Pavel,16.04.2016,16.04.2016,5927109,Mikulov - cvičiště B,NA,Motýli,CZ0624100: Milovický les,100,0,5927109,100,7166c,2016-04-16,16,4,2016,CZ0624100,Milovický les,Mikulov - cvičiště B,0,1,ano,1,0,NA,NA,NA,1,0,CELKOVE_SUM,0,NA,NA,NA,NA,NA,NA,NA,NA,NA
37025035,9662633,Eriogaster catax,bourovec trnkový,Dedek Pavel,16.04.2016,16.04.2016,5927109,Mikulov - cvičiště B,NA,Motýli,CZ0624100: Milovický les,100,0,5927109,100,7166c,2016-04-16,16,4,2016,CZ0624100,Milovický les,Mikulov - cvičiště B,0,1,ano,1,0,NA,NA,NA,1,NA,CELKOVE_SUM,0,NA,NA,NA,NA,NA,NA,NA,NA,NA
37025035,9662633,Eriogaster catax,bourovec trnkový,Dedek Pavel,16.04.2016,16.04.2016,5927109,Mikulov - cvičiště B,NA,Motýli,CZ0624100: Milovický les,100,0,5927109,100,7166c,2016-04-16,16,4,2016,CZ0624100,Milovický les,Mikulov - cvičiště B,0,1,ano,1,0,NA,NA,NA,1,0,POP_POCETSUMLOKAL,2,min,10,hnízda housenek,ano,lok,NA,NA,alespoň 10 hnízda housenek,minmax
37025035,9662633,Eriogaster catax,bourovec trnkový,Dedek Pavel,16.04.2016,16.04.2016,5927109,Mikulov - cvičiště B,NA,Motýli,CZ0624100: Milovický les,100,0,5927109,100,7166c,2016-04-16,16,4,2016,CZ0624100,Milovický les,Mikulov - cvičiště B,0,1,ano,1,0,NA,NA,NA,1,NA,STA_LIKVIDACE,NA,val,nezaznamenána,NA,ne,lok,NA,NA,nezaznamenána,val
37025039,9662635,Eriogaster catax,bourovec trnkový,Dedek Pavel,16.04.2016,16.04.2016,5927111,Mikulov - cvičiště B,NA,Motýli,CZ0624100: Milovický les,100,0,5927111,100,7166c,2016-04-16,16,4,2016,CZ0624100,Milovický les,Mikulov - cvičiště B,0,1,ano,1,0,NA,NA,NA,1,0,CELKOVE_SUM,0,NA,NA,NA,NA,NA,NA,NA,NA,NA
37025039,9662635,Eriogaster catax,bourovec trnkový,Dedek Pavel,16.04.2016,16.04.2016,5927111,Mikulov - cvičiště B,NA,Motýli,CZ0624100: Milovický les,100,0,5927111,100,7166c,2016-04-16,16,4,2016,CZ0624100,Milovický les,Mikulov - cvičiště B,0,1,ano,1,0,NA,NA,NA,1,NA,CELKOVE_SUM,0,NA,NA,NA,NA,NA,NA,NA,NA,NA
37025039,9662635,Eriogaster catax,bourovec trnkový,Dedek Pavel,16.04.2016,16.04.2016,5927111,Mikulov - cvičiště B,NA,Motýli,CZ0624100: Milovický les,100,0,5927111,100,7166c,2016-04-16,16,4,2016,CZ0624100,Milovický les,Mikulov - cvičiště B,0,1,ano,1,0,NA,NA,NA,1,0,POP_POCETSUMLOKAL,2,min,10,hnízda housenek,ano,lok,NA,NA,alespoň 10 hnízda housenek,minmax
37025039,9662635,Eriogaster catax,bourovec trnkový,Dedek Pavel,16.04.2016,16.04.2016,5927111,Mikulov - cvičiště B,NA,Motýli,CZ0624100: Milovický les,100,0,5927111,100,7166c,2016-04-16,16,4,2016,CZ0624100,Milovický les,Mikulov - cvičiště B,0,1,ano,1,0,NA,NA,NA,1,NA,STA_LIKVIDACE,NA,val,nezaznamenána,NA,ne,lok,NA,NA,nezaznamenána,val
37029714,9664103,Eriogaster catax,bourovec trnkový,Horal David,25.04.2016,25.04.2016,5928996,Lanžhot - Soutok,NA,Motýli,CZ0624119: Soutok - Podluží,100,0,5928996,100,7267d,2016-04-25,25,4,2016,CZ0624119,Soutok - Podluží,Lanžhot - Soutok,0,1,ano,1,0,NA,NA,NA,1,0,CELKOVE_SUM,0,NA,NA,NA,NA,NA,NA,NA,NA,NA
37029714,9664103,Eriogaster catax,bourovec trnkový,Horal David,25.04.2016,25.04.2016,5928996,Lanžhot - Soutok,NA,Motýli,CZ0624119: Soutok - Podluží,100,0,5928996,100,7267d,2016-04-25,25,4,2016,CZ0624119,Soutok - Podluží,Lanžhot - Soutok,0,1,ano,1,0,NA,NA,NA,1,NA,CELKOVE_SUM,0,NA,NA,NA,NA,NA,NA,NA,NA,NA
37029714,9664103,Eriogaster catax,bourovec trnkový,Horal David,25.04.2016,25.04.2016,5928996,Lanžhot - Soutok,NA,Motýli,CZ0624119: Soutok - Podluží,100,0,5928996,100,7267d,2016-04-25,25,4,2016,CZ0624119,Soutok - Podluží,Lanžhot - Soutok,0,1,ano,1,0,NA,NA,NA,1,0,POP_POCETSUMLOKAL,1,min,10,hnízda housenek,ano,lok,NA,NA,alespoň 10 hnízda housenek,minmax
37029714,9664103,Eriogaster catax,bourovec trnkový,Horal David,25.04.2016,25.04.2016,5928996,Lanžhot - Soutok,NA,Motýli,CZ0624119: Soutok - Podluží,100,0,5928996,100,7267d,2016-04-25,25,4,2016,CZ0624119,Soutok - Podluží,Lanžhot - Soutok,0,1,ano,1,0,NA,NA,NA,1,NA,STA_LIKVIDACE,NA,val,nezaznamenána,NA,ne,lok,NA,NA,nezaznamenána,val
37088136,9677109,Eriogaster catax,bourovec trnkový,Pavelčík Petr,01.01.2013,31.12.2013,5173119,Újezdecký les,9110_567,Motýli,CZ0724087: Újezdecký les,100,0,5173119,100,6972c,2013-01-01,1,1,2013,CZ0724087,Újezdecký les,9110_567,0,1,ano,NA,0,NA,NA,NA,NA,0,CELKOVE_SUM,0,NA,NA,NA,NA,NA,NA,NA,NA,NA
37088136,9677109,Eriogaster catax,bourovec trnkový,Pavelčík Petr,01.01.2013,31.12.2013,5173119,Újezdecký les,9110_567,Motýli,CZ0724087: Újezdecký les,100,0,5173119,100,6972c,2013-01-01,1,1,2013,CZ0724087,Újezdecký les,9110_567,0,1,ano,NA,0,NA,NA,NA,NA,NA,CELKOVE_SUM,0,NA,NA,NA,NA,NA,NA,NA,NA,NA
37088136,9677109,Eriogaster catax,bourovec trnkový,Pavelčík Petr,01.01.2013,31.12.2013,5173119,Újezdecký les,9110_567,Motýli,CZ0724087: Újezdecký les,100,0,5173119,100,6972c,2013-01-01,1,1,2013,CZ0724087,Újezdecký les,9110_567,0,1,ano,NA,0,NA,NA,NA,NA,0,POP_POCETSUMLOKAL,0,min,10,hnízda housenek,ano,lok,NA,NA,alespoň 10 hnízda housenek,minmax
37088136,9677109,Eriogaster catax,bourovec trnkový,Pavelčík Petr,01.01.2013,31.12.2013,5173119,Újezdecký les,9110_567,Motýli,CZ0724087: Újezdecký les,100,0,5173119,100,6972c,2013-01-01,1,1,2013,CZ0724087,Újezdecký les,9110_567,0,1,ano,NA,0,NA,NA,NA,NA,NA,STA_LIKVIDACE,NA,val,nezaznamenána,NA,ne,lok,NA,NA,nezaznamenána,val
39281000,9820750,Eriogaster catax,bourovec trnkový,Dedek Pavel,02.04.2017,02.04.2017,6075288,PP  Na cvičišti,NA,Motýli,CZ0624100: Milovický les,100,0,6075288,100,7166c,2017-04-02,2,4,2017,CZ0624100,Milovický les,PP  Na cvičišti,0,1,ano,1,0,NA,NA,NA,1,0,CELKOVE_SUM,0,NA,NA,NA,NA,NA,NA,NA,NA,NA
39281000,9820750,Eriogaster catax,bourovec trnkový,Dedek Pavel,02.04.2017,02.04.2017,6075288,PP  Na cvičišti,NA,Motýli,CZ0624100: Milovický les,100,0,6075288,100,7166c,2017-04-02,2,4,2017,CZ0624100,Milovický les,PP  Na cvičišti,0,1,ano,1,0,NA,NA,NA,1,NA,CELKOVE_SUM,0,NA,NA,NA,NA,NA,NA,NA,NA,NA
39281000,9820750,Eriogaster catax,bourovec trnkový,Dedek Pavel,02.04.2017,02.04.2017,6075288,PP  Na cvičišti,NA,Motýli,CZ0624100: Milovický les,100,0,6075288,100,7166c,2017-04-02,2,4,2017,CZ0624100,Milovický les,PP  Na cvičišti,0,1,ano,1,0,NA,NA,NA,1,0,POP_POCETSUMLOKAL,1,min,10,hnízda housenek,ano,lok,NA,NA,alespoň 10 hnízda housenek,minmax
39281000,9820750,Eriogaster catax,bourovec trnkový,Dedek Pavel,02.04.2017,02.04.2017,6075288,PP  Na cvičišti,NA,Motýli,CZ0624100: Milovický les,100,0,6075288,100,7166c,2017-04-02,2,4,2017,CZ0624100,Milovický les,PP  Na cvičišti,0,1,ano,1,0,NA,NA,NA,1,NA,STA_LIKVIDACE,NA,val,nezaznamenána,NA,ne,lok,NA,NA,nezaznamenána,val
39302391,9827666,Eriogaster catax,bourovec trnkový,Dedek Pavel,01.05.2017,01.05.2017,6083838,PP Na cvičišti,NA,Motýli,CZ0624100: Milovický les,100,0,6083838,100,7166c,2017-05-01,1,5,2017,CZ0624100,Milovický les,PP Na cvičišti,0,1,ano,NA,0,NA,NA,NA,NA,0,CELKOVE_SUM,0,NA,NA,NA,NA,NA,NA,NA,NA,NA
39302391,9827666,Eriogaster catax,bourovec trnkový,Dedek Pavel,01.05.2017,01.05.2017,6083838,PP Na cvičišti,NA,Motýli,CZ0624100: Milovický les,100,0,6083838,100,7166c,2017-05-01,1,5,2017,CZ0624100,Milovický les,PP Na cvičišti,0,1,ano,NA,0,NA,NA,NA,NA,NA,CELKOVE_SUM,0,NA,NA,NA,NA,NA,NA,NA,NA,NA
39302391,9827666,Eriogaster catax,bourovec trnkový,Dedek Pavel,01.05.2017,01.05.2017,6083838,PP Na cvičišti,NA,Motýli,CZ0624100: Milovický les,100,0,6083838,100,7166c,2017-05-01,1,5,2017,CZ0624100,Milovický les,PP Na cvičišti,0,1,ano,NA,0,NA,NA,NA,NA,0,POP_POCETSUMLOKAL,0,min,10,hnízda housenek,ano,lok,NA,NA,alespoň 10 hnízda housenek,minmax
39302391,9827666,Eriogaster catax,bourovec trnkový,Dedek Pavel,01.05.2017,01.05.2017,6083838,PP Na cvičišti,NA,Motýli,CZ0624100: Milovický les,100,0,6083838,100,7166c,2017-05-01,1,5,2017,CZ0624100,Milovický les,PP Na cvičišti,0,1,ano,NA,0,NA,NA,NA,NA,NA,STA_LIKVIDACE,NA,val,nezaznamenána,NA,ne,lok,NA,NA,nezaznamenána,val
39323040,9831736,Eriogaster catax,bourovec trnkový,Eliáš Kamil,08.05.2017,08.05.2017,6087187,Mikulov na Moravě - PP Na cvičišti,NA,Motýli,CZ0624100: Milovický les,100,0,6087187,100,7166c,2017-05-08,8,5,2017,CZ0624100,Milovický les,Mikulov na Moravě - PP Na cvičišti,0,1,ano,7,0,NA,NA,NA,1,0,CELKOVE_SUM,0,NA,NA,NA,NA,NA,NA,NA,NA,NA
39323040,9831736,Eriogaster catax,bourovec trnkový,Eliáš Kamil,08.05.2017,08.05.2017,6087187,Mikulov na Moravě - PP Na cvičišti,NA,Motýli,CZ0624100: Milovický les,100,0,6087187,100,7166c,2017-05-08,8,5,2017,CZ0624100,Milovický les,Mikulov na Moravě - PP Na cvičišti,0,1,ano,7,0,NA,NA,NA,1,NA,CELKOVE_SUM,0,NA,NA,NA,NA,NA,NA,NA,NA,NA
39323040,9831736,Eriogaster catax,bourovec trnkový,Eliáš Kamil,08.05.2017,08.05.2017,6087187,Mikulov na Moravě - PP Na cvičišti,NA,Motýli,CZ0624100: Milovický les,100,0,6087187,100,7166c,2017-05-08,8,5,2017,CZ0624100,Milovický les,Mikulov na Moravě - PP Na cvičišti,0,1,ano,7,0,NA,NA,NA,1,0,POP_POCETSUMLOKAL,7,min,10,hnízda housenek,ano,lok,NA,NA,alespoň 10 hnízda housenek,minmax
39323040,9831736,Eriogaster catax,bourovec trnkový,Eliáš Kamil,08.05.2017,08.05.2017,6087187,Mikulov na Moravě - PP Na cvičišti,NA,Motýli,CZ0624100: Milovický les,100,0,6087187,100,7166c,2017-05-08,8,5,2017,CZ0624100,Milovický les,Mikulov na Moravě - PP Na cvičišti,0,1,ano,7,0,NA,NA,NA,1,NA,STA_LIKVIDACE,NA,val,nezaznamenána,NA,ne,lok,NA,NA,nezaznamenána,val
43512912,10123370,Eriogaster catax,bourovec trnkový,Kopeček František,23.04.2017,23.04.2017,6339456,KÚ: Šumice u Uherského Brodu,NA,Motýli,CZ0723430: Údolí Bánovského potoka,100,0,6339456,100,6972c,2017-04-23,23,4,2017,CZ0723430,Údolí Bánovského potoka,KÚ: Šumice u Uherského Brodu,0,1,ano,1,0,NA,NA,NA,1,0,CELKOVE_SUM,0,NA,NA,NA,NA,NA,NA,NA,NA,NA
43512912,10123370,Eriogaster catax,bourovec trnkový,Kopeček František,23.04.2017,23.04.2017,6339456,KÚ: Šumice u Uherského Brodu,NA,Motýli,CZ0723430: Údolí Bánovského potoka,100,0,6339456,100,6972c,2017-04-23,23,4,2017,CZ0723430,Údolí Bánovského potoka,KÚ: Šumice u Uherského Brodu,0,1,ano,1,0,NA,NA,NA,1,NA,CELKOVE_SUM,0,NA,NA,NA,NA,NA,NA,NA,NA,NA
43512912,10123370,Eriogaster catax,bourovec trnkový,Kopeček František,23.04.2017,23.04.2017,6339456,KÚ: Šumice u Uherského Brodu,NA,Motýli,CZ0723430: Údolí Bánovského potoka,100,0,6339456,100,6972c,2017-04-23,23,4,2017,CZ0723430,Údolí Bánovského potoka,KÚ: Šumice u Uherského Brodu,0,1,ano,1,0,NA,NA,NA,1,0,POP_POCETSUMLOKAL,1,min,10,hnízda housenek,ano,lok,NA,NA,alespoň 10 hnízda housenek,minmax
43512912,10123370,Eriogaster catax,bourovec trnkový,Kopeček František,23.04.2017,23.04.2017,6339456,KÚ: Šumice u Uherského Brodu,NA,Motýli,CZ0723430: Údolí Bánovského potoka,100,0,6339456,100,6972c,2017-04-23,23,4,2017,CZ0723430,Údolí Bánovského potoka,KÚ: Šumice u Uherského Brodu,0,1,ano,1,0,NA,NA,NA,1,NA,STA_LIKVIDACE,NA,val,nezaznamenána,NA,ne,lok,NA,NA,nezaznamenána,val
43512913,10123371,Eriogaster catax,bourovec trnkový,Kopeček František,16.04.2017,20.04.2017,6339457,KÚ: Újezdec u Luhačovic,NA,Motýli,CZ0724087: Újezdecký les,100,0,6339457,100,6972a,2017-04-16,16,4,2017,CZ0724087,Újezdecký les,KÚ: Újezdec u Luhačovic,0,1,ano,1,0,NA,NA,NA,1,0,CELKOVE_SUM,0,NA,NA,NA,NA,NA,NA,NA,NA,NA
43512913,10123371,Eriogaster catax,bourovec trnkový,Kopeček František,16.04.2017,20.04.2017,6339457,KÚ: Újezdec u Luhačovic,NA,Motýli,CZ0724087: Újezdecký les,100,0,6339457,100,6972a,2017-04-16,16,4,2017,CZ0724087,Újezdecký les,KÚ: Újezdec u Luhačovic,0,1,ano,1,0,NA,NA,NA,1,NA,CELKOVE_SUM,0,NA,NA,NA,NA,NA,NA,NA,NA,NA
43512913,10123371,Eriogaster catax,bourovec trnkový,Kopeček František,16.04.2017,20.04.2017,6339457,KÚ: Újezdec u Luhačovic,NA,Motýli,CZ0724087: Újezdecký les,100,0,6339457,100,6972a,2017-04-16,16,4,2017,CZ0724087,Újezdecký les,KÚ: Újezdec u Luhačovic,0,1,ano,1,0,NA,NA,NA,1,0,POP_POCETSUMLOKAL,4,min,10,hnízda housenek,ano,lok,NA,NA,alespoň 10 hnízda housenek,minmax
43512913,10123371,Eriogaster catax,bourovec trnkový,Kopeček František,16.04.2017,20.04.2017,6339457,KÚ: Újezdec u Luhačovic,NA,Motýli,CZ0724087: Újezdecký les,100,0,6339457,100,6972a,2017-04-16,16,4,2017,CZ0724087,Újezdecký les,KÚ: Újezdec u Luhačovic,0,1,ano,1,0,NA,NA,NA,1,NA,STA_LIKVIDACE,NA,val,nezaznamenána,NA,ne,lok,NA,NA,nezaznamenána,val
43512914,10123372,Eriogaster catax,bourovec trnkový,Kopeček František,16.04.2017,20.04.2017,6339458,KÚ: Újezdec u Luhačovic,NA,Motýli,CZ0724087: Újezdecký les,100,0,6339458,100,6972c,2017-04-16,16,4,2017,CZ0724087,Újezdecký les,KÚ: Újezdec u Luhačovic,0,1,ano,1,0,NA,NA,NA,1,0,CELKOVE_SUM,0,NA,NA,NA,NA,NA,NA,NA,NA,NA
43512914,10123372,Eriogaster catax,bourovec trnkový,Kopeček František,16.04.2017,20.04.2017,6339458,KÚ: Újezdec u Luhačovic,NA,Motýli,CZ0724087: Újezdecký les,100,0,6339458,100,6972c,2017-04-16,16,4,2017,CZ0724087,Újezdecký les,KÚ: Újezdec u Luhačovic,0,1,ano,1,0,NA,NA,NA,1,NA,CELKOVE_SUM,0,NA,NA,NA,NA,NA,NA,NA,NA,NA
43512914,10123372,Eriogaster catax,bourovec trnkový,Kopeček František,16.04.2017,20.04.2017,6339458,KÚ: Újezdec u Luhačovic,NA,Motýli,CZ0724087: Újezdecký les,100,0,6339458,100,6972c,2017-04-16,16,4,2017,CZ0724087,Újezdecký les,KÚ: Újezdec u Luhačovic,0,1,ano,1,0,NA,NA,NA,1,0,POP_POCETSUMLOKAL,4,min,10,hnízda housenek,ano,lok,NA,NA,alespoň 10 hnízda housenek,minmax
43512914,10123372,Eriogaster catax,bourovec trnkový,Kopeček František,16.04.2017,20.04.2017,6339458,KÚ: Újezdec u Luhačovic,NA,Motýli,CZ0724087: Újezdecký les,100,0,6339458,100,6972c,2017-04-16,16,4,2017,CZ0724087,Újezdecký les,KÚ: Újezdec u Luhačovic,0,1,ano,1,0,NA,NA,NA,1,NA,STA_LIKVIDACE,NA,val,nezaznamenána,NA,ne,lok,NA,NA,nezaznamenána,val
43512915,10123373,Eriogaster catax,bourovec trnkový,Kopeček František,16.04.2017,20.04.2017,6339459,KÚ: Újezdec u Luhačovic,NA,Motýli,CZ0724087: Újezdecký les,100,0,6339459,100,6972c,2017-04-16,16,4,2017,CZ0724087,Újezdecký les,KÚ: Újezdec u Luhačovic,0,1,ano,1,0,NA,NA,NA,1,0,CELKOVE_SUM,0,NA,NA,NA,NA,NA,NA,NA,NA,NA
43512915,10123373,Eriogaster catax,bourovec trnkový,Kopeček František,16.04.2017,20.04.2017,6339459,KÚ: Újezdec u Luhačovic,NA,Motýli,CZ0724087: Újezdecký les,100,0,6339459,100,6972c,2017-04-16,16,4,2017,CZ0724087,Újezdecký les,KÚ: Újezdec u Luhačovic,0,1,ano,1,0,NA,NA,NA,1,NA,CELKOVE_SUM,0,NA,NA,NA,NA,NA,NA,NA,NA,NA
43512915,10123373,Eriogaster catax,bourovec trnkový,Kopeček František,16.04.2017,20.04.2017,6339459,KÚ: Újezdec u Luhačovic,NA,Motýli,CZ0724087: Újezdecký les,100,0,6339459,100,6972c,2017-04-16,16,4,2017,CZ0724087,Újezdecký les,KÚ: Újezdec u Luhačovic,0,1,ano,1,0,NA,NA,NA,1,0,POP_POCETSUMLOKAL,4,min,10,hnízda housenek,ano,lok,NA,NA,alespoň 10 hnízda housenek,minmax
43512915,10123373,Eriogaster catax,bourovec trnkový,Kopeček František,16.04.2017,20.04.2017,6339459,KÚ: Újezdec u Luhačovic,NA,Motýli,CZ0724087: Újezdecký les,100,0,6339459,100,6972c,2017-04-16,16,4,2017,CZ0724087,Újezdecký les,KÚ: Újezdec u Luhačovic,0,1,ano,1,0,NA,NA,NA,1,NA,STA_LIKVIDACE,NA,val,nezaznamenána,NA,ne,lok,NA,NA,nezaznamenána,val
43512916,10123374,Eriogaster catax,bourovec trnkový,Kopeček František,16.04.2017,20.04.2017,6339460,KÚ: Újezdec u Luhačovic,NA,Motýli,CZ0724087: Újezdecký les,100,0,6339460,100,6972c,2017-04-16,16,4,2017,CZ0724087,Újezdecký les,KÚ: Újezdec u Luhačovic,0,1,ano,1,0,NA,NA,NA,1,0,CELKOVE_SUM,0,NA,NA,NA,NA,NA,NA,NA,NA,NA
43512916,10123374,Eriogaster catax,bourovec trnkový,Kopeček František,16.04.2017,20.04.2017,6339460,KÚ: Újezdec u Luhačovic,NA,Motýli,CZ0724087: Újezdecký les,100,0,6339460,100,6972c,2017-04-16,16,4,2017,CZ0724087,Újezdecký les,KÚ: Újezdec u Luhačovic,0,1,ano,1,0,NA,NA,NA,1,NA,CELKOVE_SUM,0,NA,NA,NA,NA,NA,NA,NA,NA,NA
43512916,10123374,Eriogaster catax,bourovec trnkový,Kopeček František,16.04.2017,20.04.2017,6339460,KÚ: Újezdec u Luhačovic,NA,Motýli,CZ0724087: Újezdecký les,100,0,6339460,100,6972c,2017-04-16,16,4,2017,CZ0724087,Újezdecký les,KÚ: Újezdec u Luhačovic,0,1,ano,1,0,NA,NA,NA,1,0,POP_POCETSUMLOKAL,4,min,10,hnízda housenek,ano,lok,NA,NA,alespoň 10 hnízda housenek,minmax
43512916,10123374,Eriogaster catax,bourovec trnkový,Kopeček František,16.04.2017,20.04.2017,6339460,KÚ: Újezdec u Luhačovic,NA,Motýli,CZ0724087: Újezdecký les,100,0,6339460,100,6972c,2017-04-16,16,4,2017,CZ0724087,Újezdecký les,KÚ: Újezdec u Luhačovic,0,1,ano,1,0,NA,NA,NA,1,NA,STA_LIKVIDACE,NA,val,nezaznamenána,NA,ne,lok,NA,NA,nezaznamenána,val
43512917,10123375,Eriogaster catax,bourovec trnkový,Kopeček František,14.05.2017,14.05.2017,6339461,KÚ: Nová Lhota u Veselí nad Moravou,NA,Motýli,CZ0724090: Bílé Karpaty,100,0,6339461,100,7171b,2017-05-14,14,5,2017,CZ0724090,Bílé Karpaty,KÚ: Nová Lhota u Veselí nad Moravou,0,1,ano,1,0,NA,NA,NA,1,0,CELKOVE_SUM,0,NA,NA,NA,NA,NA,NA,NA,NA,NA
43512917,10123375,Eriogaster catax,bourovec trnkový,Kopeček František,14.05.2017,14.05.2017,6339461,KÚ: Nová Lhota u Veselí nad Moravou,NA,Motýli,CZ0724090: Bílé Karpaty,100,0,6339461,100,7171b,2017-05-14,14,5,2017,CZ0724090,Bílé Karpaty,KÚ: Nová Lhota u Veselí nad Moravou,0,1,ano,1,0,NA,NA,NA,1,NA,CELKOVE_SUM,0,NA,NA,NA,NA,NA,NA,NA,NA,NA
43512917,10123375,Eriogaster catax,bourovec trnkový,Kopeček František,14.05.2017,14.05.2017,6339461,KÚ: Nová Lhota u Veselí nad Moravou,NA,Motýli,CZ0724090: Bílé Karpaty,100,0,6339461,100,7171b,2017-05-14,14,5,2017,CZ0724090,Bílé Karpaty,KÚ: Nová Lhota u Veselí nad Moravou,0,1,ano,1,0,NA,NA,NA,1,0,POP_POCETSUMLOKAL,1,min,10,hnízda housenek,ano,lok,NA,NA,alespoň 10 hnízda housenek,minmax
43512917,10123375,Eriogaster catax,bourovec trnkový,Kopeček František,14.05.2017,14.05.2017,6339461,KÚ: Nová Lhota u Veselí nad Moravou,NA,Motýli,CZ0724090: Bílé Karpaty,100,0,6339461,100,7171b,2017-05-14,14,5,2017,CZ0724090,Bílé Karpaty,KÚ: Nová Lhota u Veselí nad Moravou,0,1,ano,1,0,NA,NA,NA,1,NA,STA_LIKVIDACE,NA,val,nezaznamenána,NA,ne,lok,NA,NA,nezaznamenána,val
44349892,10263248,Eriogaster catax,bourovec trnkový,Zapletal Michal,22.04.2018,22.04.2018,6520134,Uherské Hradiště - PP Rochus,NA,Motýli,CZ0723024: Rochus,100,0,6520134,100,6970b,2018-04-22,22,4,2018,CZ0723024,Rochus,Uherské Hradiště - PP Rochus,0,1,ano,7,0,NA,NA,NA,1,0,CELKOVE_SUM,0,NA,NA,NA,NA,NA,NA,NA,NA,NA
44349892,10263248,Eriogaster catax,bourovec trnkový,Zapletal Michal,22.04.2018,22.04.2018,6520134,Uherské Hradiště - PP Rochus,NA,Motýli,CZ0723024: Rochus,100,0,6520134,100,6970b,2018-04-22,22,4,2018,CZ0723024,Rochus,Uherské Hradiště - PP Rochus,0,1,ano,7,0,NA,NA,NA,1,NA,CELKOVE_SUM,0,NA,NA,NA,NA,NA,NA,NA,NA,NA
44349892,10263248,Eriogaster catax,bourovec trnkový,Zapletal Michal,22.04.2018,22.04.2018,6520134,Uherské Hradiště - PP Rochus,NA,Motýli,CZ0723024: Rochus,100,0,6520134,100,6970b,2018-04-22,22,4,2018,CZ0723024,Rochus,Uherské Hradiště - PP Rochus,0,1,ano,7,0,NA,NA,NA,1,0,POP_POCETSUMLOKAL,7,min,10,hnízda housenek,ano,lok,NA,NA,alespoň 10 hnízda housenek,minmax
44349892,10263248,Eriogaster catax,bourovec trnkový,Zapletal Michal,22.04.2018,22.04.2018,6520134,Uherské Hradiště - PP Rochus,NA,Motýli,CZ0723024: Rochus,100,0,6520134,100,6970b,2018-04-22,22,4,2018,CZ0723024,Rochus,Uherské Hradiště - PP Rochus,0,1,ano,7,0,NA,NA,NA,1,NA,STA_LIKVIDACE,NA,val,nezaznamenána,NA,ne,lok,NA,NA,nezaznamenána,val
45495369,10370756,Eriogaster catax,bourovec trnkový,Segl Jiří,30.04.2016,30.04.2016,6647017,Mikulov,NA,Motýli,CZ0624100: Milovický les,100,0,6647017,100,7166c,2016-04-30,30,4,2016,CZ0624100,Milovický les,Mikulov,0,1,ano,NA,0,NA,NA,NA,NA,0,CELKOVE_SUM,0,NA,NA,NA,NA,NA,NA,NA,NA,NA
45495369,10370756,Eriogaster catax,bourovec trnkový,Segl Jiří,30.04.2016,30.04.2016,6647017,Mikulov,NA,Motýli,CZ0624100: Milovický les,100,0,6647017,100,7166c,2016-04-30,30,4,2016,CZ0624100,Milovický les,Mikulov,0,1,ano,NA,0,NA,NA,NA,NA,NA,CELKOVE_SUM,0,NA,NA,NA,NA,NA,NA,NA,NA,NA
45495369,10370756,Eriogaster catax,bourovec trnkový,Segl Jiří,30.04.2016,30.04.2016,6647017,Mikulov,NA,Motýli,CZ0624100: Milovický les,100,0,6647017,100,7166c,2016-04-30,30,4,2016,CZ0624100,Milovický les,Mikulov,0,1,ano,NA,0,NA,NA,NA,NA,0,POP_POCETSUMLOKAL,0,min,10,hnízda housenek,ano,lok,NA,NA,alespoň 10 hnízda housenek,minmax
45495369,10370756,Eriogaster catax,bourovec trnkový,Segl Jiří,30.04.2016,30.04.2016,6647017,Mikulov,NA,Motýli,CZ0624100: Milovický les,100,0,6647017,100,7166c,2016-04-30,30,4,2016,CZ0624100,Milovický les,Mikulov,0,1,ano,NA,0,NA,NA,NA,NA,NA,STA_LIKVIDACE,NA,val,nezaznamenána,NA,ne,lok,NA,NA,nezaznamenána,val
45572599,10389944,Eriogaster catax,bourovec trnkový,"Jiří Beneš, Jan Hrnčíř",01.05.2018,01.05.2018,6661677,PP Skalky u Sedlece,NA,Motýli,CZ0620048: Skalky u Sedlece,100,0,6661677,100,7266a,2018-05-01,1,5,2018,CZ0620048,Skalky u Sedlece,PP Skalky u Sedlece,0,1,ano,1,0,NA,NA,NA,1,0,CELKOVE_SUM,0,NA,NA,NA,NA,NA,NA,NA,NA,NA
45572599,10389944,Eriogaster catax,bourovec trnkový,"Jiří Beneš, Jan Hrnčíř",01.05.2018,01.05.2018,6661677,PP Skalky u Sedlece,NA,Motýli,CZ0620048: Skalky u Sedlece,100,0,6661677,100,7266a,2018-05-01,1,5,2018,CZ0620048,Skalky u Sedlece,PP Skalky u Sedlece,0,1,ano,1,0,NA,NA,NA,1,NA,CELKOVE_SUM,0,NA,NA,NA,NA,NA,NA,NA,NA,NA
45572599,10389944,Eriogaster catax,bourovec trnkový,"Jiří Beneš, Jan Hrnčíř",01.05.2018,01.05.2018,6661677,PP Skalky u Sedlece,NA,Motýli,CZ0620048: Skalky u Sedlece,100,0,6661677,100,7266a,2018-05-01,1,5,2018,CZ0620048,Skalky u Sedlece,PP Skalky u Sedlece,0,1,ano,1,0,NA,NA,NA,1,0,POP_POCETSUMLOKAL,1,min,10,hnízda housenek,ano,lok,NA,NA,alespoň 10 hnízda housenek,minmax
45572599,10389944,Eriogaster catax,bourovec trnkový,"Jiří Beneš, Jan Hrnčíř",01.05.2018,01.05.2018,6661677,PP Skalky u Sedlece,NA,Motýli,CZ0620048: Skalky u Sedlece,100,0,6661677,100,7266a,2018-05-01,1,5,2018,CZ0620048,Skalky u Sedlece,PP Skalky u Sedlece,0,1,ano,1,0,NA,NA,NA,1,NA,STA_LIKVIDACE,NA,val,nezaznamenána,NA,ne,lok,NA,NA,nezaznamenána,val
45572608,10389947,Eriogaster catax,bourovec trnkový,"Jiří Beneš, Jan Hrnčíř",29.04.2018,29.04.2018,6661680,Čížov,NA,Motýli,CZ0624096: Podyjí,100,0,6661680,100,7161a,2018-04-29,29,4,2018,CZ0624096,Podyjí,Čížov,0,1,ano,1,0,NA,NA,NA,1,0,CELKOVE_SUM,0,NA,NA,NA,NA,NA,NA,NA,NA,NA
45572608,10389947,Eriogaster catax,bourovec trnkový,"Jiří Beneš, Jan Hrnčíř",29.04.2018,29.04.2018,6661680,Čížov,NA,Motýli,CZ0624096: Podyjí,100,0,6661680,100,7161a,2018-04-29,29,4,2018,CZ0624096,Podyjí,Čížov,0,1,ano,1,0,NA,NA,NA,1,NA,CELKOVE_SUM,0,NA,NA,NA,NA,NA,NA,NA,NA,NA
45572608,10389947,Eriogaster catax,bourovec trnkový,"Jiří Beneš, Jan Hrnčíř",29.04.2018,29.04.2018,6661680,Čížov,NA,Motýli,CZ0624096: Podyjí,100,0,6661680,100,7161a,2018-04-29,29,4,2018,CZ0624096,Podyjí,Čížov,0,1,ano,1,0,NA,NA,NA,1,0,POP_POCETSUMLOKAL,2,min,10,hnízda housenek,ano,lok,NA,NA,alespoň 10 hnízda housenek,minmax
45572608,10389947,Eriogaster catax,bourovec trnkový,"Jiří Beneš, Jan Hrnčíř",29.04.2018,29.04.2018,6661680,Čížov,NA,Motýli,CZ0624096: Podyjí,100,0,6661680,100,7161a,2018-04-29,29,4,2018,CZ0624096,Podyjí,Čížov,0,1,ano,1,0,NA,NA,NA,1,NA,STA_LIKVIDACE,NA,val,nezaznamenána,NA,ne,lok,NA,NA,nezaznamenána,val
45572609,10389948,Eriogaster catax,bourovec trnkový,"Jiří Beneš, Jan Hrnčíř",29.04.2018,29.04.2018,6661681,Čížov,NA,Motýli,CZ0624096: Podyjí,100,0,6661681,100,7161a,2018-04-29,29,4,2018,CZ0624096,Podyjí,Čížov,0,1,ano,1,0,NA,NA,NA,1,0,CELKOVE_SUM,0,NA,NA,NA,NA,NA,NA,NA,NA,NA
45572609,10389948,Eriogaster catax,bourovec trnkový,"Jiří Beneš, Jan Hrnčíř",29.04.2018,29.04.2018,6661681,Čížov,NA,Motýli,CZ0624096: Podyjí,100,0,6661681,100,7161a,2018-04-29,29,4,2018,CZ0624096,Podyjí,Čížov,0,1,ano,1,0,NA,NA,NA,1,NA,CELKOVE_SUM,0,NA,NA,NA,NA,NA,NA,NA,NA,NA
45572609,10389948,Eriogaster catax,bourovec trnkový,"Jiří Beneš, Jan Hrnčíř",29.04.2018,29.04.2018,6661681,Čížov,NA,Motýli,CZ0624096: Podyjí,100,0,6661681,100,7161a,2018-04-29,29,4,2018,CZ0624096,Podyjí,Čížov,0,1,ano,1,0,NA,NA,NA,1,0,POP_POCETSUMLOKAL,2,min,10,hnízda housenek,ano,lok,NA,NA,alespoň 10 hnízda housenek,minmax
45572609,10389948,Eriogaster catax,bourovec trnkový,"Jiří Beneš, Jan Hrnčíř",29.04.2018,29.04.2018,6661681,Čížov,NA,Motýli,CZ0624096: Podyjí,100,0,6661681,100,7161a,2018-04-29,29,4,2018,CZ0624096,Podyjí,Čížov,0,1,ano,1,0,NA,NA,NA,1,NA,STA_LIKVIDACE,NA,val,nezaznamenána,NA,ne,lok,NA,NA,nezaznamenána,val
45572610,10389949,Eriogaster catax,bourovec trnkový,"Jiří Beneš, Jan Hrnčíř",29.04.2018,29.04.2018,6661682,Havraníky-PP Skalky u Havraníků,NA,Motýli,CZ0624118: Skalky u Havraníků,100,0,6661682,100,7162c,2018-04-29,29,4,2018,CZ0624118,Skalky u Havraníků,Havraníky-PP Skalky u Havraníků,0,1,ano,1,0,NA,NA,NA,1,0,CELKOVE_SUM,0,NA,NA,NA,NA,NA,NA,NA,NA,NA
45572610,10389949,Eriogaster catax,bourovec trnkový,"Jiří Beneš, Jan Hrnčíř",29.04.2018,29.04.2018,6661682,Havraníky-PP Skalky u Havraníků,NA,Motýli,CZ0624118: Skalky u Havraníků,100,0,6661682,100,7162c,2018-04-29,29,4,2018,CZ0624118,Skalky u Havraníků,Havraníky-PP Skalky u Havraníků,0,1,ano,1,0,NA,NA,NA,1,NA,CELKOVE_SUM,0,NA,NA,NA,NA,NA,NA,NA,NA,NA
45572610,10389949,Eriogaster catax,bourovec trnkový,"Jiří Beneš, Jan Hrnčíř",29.04.2018,29.04.2018,6661682,Havraníky-PP Skalky u Havraníků,NA,Motýli,CZ0624118: Skalky u Havraníků,100,0,6661682,100,7162c,2018-04-29,29,4,2018,CZ0624118,Skalky u Havraníků,Havraníky-PP Skalky u Havraníků,0,1,ano,1,0,NA,NA,NA,1,0,POP_POCETSUMLOKAL,1,min,10,hnízda housenek,ano,lok,NA,NA,alespoň 10 hnízda housenek,minmax
45572610,10389949,Eriogaster catax,bourovec trnkový,"Jiří Beneš, Jan Hrnčíř",29.04.2018,29.04.2018,6661682,Havraníky-PP Skalky u Havraníků,NA,Motýli,CZ0624118: Skalky u Havraníků,100,0,6661682,100,7162c,2018-04-29,29,4,2018,CZ0624118,Skalky u Havraníků,Havraníky-PP Skalky u Havraníků,0,1,ano,1,0,NA,NA,NA,1,NA,STA_LIKVIDACE,NA,val,nezaznamenána,NA,ne,lok,NA,NA,nezaznamenána,val
45733515,10448065,Eriogaster catax,bourovec trnkový,Zapletal Michal,29.04.2018,29.04.2018,6693576,"71, Velká nad Veličkou - Velká nad Veličkou",NA,Motýli,CZ0623349: Velický hliník,100,0,6693576,100,7171a,2018-04-29,29,4,2018,CZ0623349,Velický hliník,"71, Velká nad Veličkou - Velká nad Veličkou",0,1,ano,1,0,NA,NA,NA,1,0,CELKOVE_SUM,0,NA,NA,NA,NA,NA,NA,NA,NA,NA
45733515,10448065,Eriogaster catax,bourovec trnkový,Zapletal Michal,29.04.2018,29.04.2018,6693576,"71, Velká nad Veličkou - Velká nad Veličkou",NA,Motýli,CZ0623349: Velický hliník,100,0,6693576,100,7171a,2018-04-29,29,4,2018,CZ0623349,Velický hliník,"71, Velká nad Veličkou - Velká nad Veličkou",0,1,ano,1,0,NA,NA,NA,1,NA,CELKOVE_SUM,0,NA,NA,NA,NA,NA,NA,NA,NA,NA
45733515,10448065,Eriogaster catax,bourovec trnkový,Zapletal Michal,29.04.2018,29.04.2018,6693576,"71, Velká nad Veličkou - Velká nad Veličkou",NA,Motýli,CZ0623349: Velický hliník,100,0,6693576,100,7171a,2018-04-29,29,4,2018,CZ0623349,Velický hliník,"71, Velká nad Veličkou - Velká nad Veličkou",0,1,ano,1,0,NA,NA,NA,1,0,POP_POCETSUMLOKAL,1,min,10,hnízda housenek,ano,lok,NA,NA,alespoň 10 hnízda housenek,minmax
45733515,10448065,Eriogaster catax,bourovec trnkový,Zapletal Michal,29.04.2018,29.04.2018,6693576,"71, Velká nad Veličkou - Velká nad Veličkou",NA,Motýli,CZ0623349: Velický hliník,100,0,6693576,100,7171a,2018-04-29,29,4,2018,CZ0623349,Velický hliník,"71, Velká nad Veličkou - Velká nad Veličkou",0,1,ano,1,0,NA,NA,NA,1,NA,STA_LIKVIDACE,NA,val,nezaznamenána,NA,ne,lok,NA,NA,nezaznamenána,val
45733519,10448104,Eriogaster catax,bourovec trnkový,"Jiří Segl, Jiří Beneš, Pavel Dedek",05.05.2018,05.05.2018,6693615,"PP Na cvičišti, Mikulov",NA,Motýli,CZ0624100: Milovický les,100,0,6693615,100,7166c,2018-05-05,5,5,2018,CZ0624100,Milovický les,"PP Na cvičišti, Mikulov",0,1,ano,3,0,NA,NA,NA,1,0,CELKOVE_SUM,0,NA,NA,NA,NA,NA,NA,NA,NA,NA
45733519,10448104,Eriogaster catax,bourovec trnkový,"Jiří Segl, Jiří Beneš, Pavel Dedek",05.05.2018,05.05.2018,6693615,"PP Na cvičišti, Mikulov",NA,Motýli,CZ0624100: Milovický les,100,0,6693615,100,7166c,2018-05-05,5,5,2018,CZ0624100,Milovický les,"PP Na cvičišti, Mikulov",0,1,ano,3,0,NA,NA,NA,1,NA,CELKOVE_SUM,0,NA,NA,NA,NA,NA,NA,NA,NA,NA
45733519,10448104,Eriogaster catax,bourovec trnkový,"Jiří Segl, Jiří Beneš, Pavel Dedek",05.05.2018,05.05.2018,6693615,"PP Na cvičišti, Mikulov",NA,Motýli,CZ0624100: Milovický les,100,0,6693615,100,7166c,2018-05-05,5,5,2018,CZ0624100,Milovický les,"PP Na cvičišti, Mikulov",0,1,ano,3,0,NA,NA,NA,1,0,POP_POCETSUMLOKAL,3,min,10,hnízda housenek,ano,lok,NA,NA,alespoň 10 hnízda housenek,minmax
45733519,10448104,Eriogaster catax,bourovec trnkový,"Jiří Segl, Jiří Beneš, Pavel Dedek",05.05.2018,05.05.2018,6693615,"PP Na cvičišti, Mikulov",NA,Motýli,CZ0624100: Milovický les,100,0,6693615,100,7166c,2018-05-05,5,5,2018,CZ0624100,Milovický les,"PP Na cvičišti, Mikulov",0,1,ano,3,0,NA,NA,NA,1,NA,STA_LIKVIDACE,NA,val,nezaznamenána,NA,ne,lok,NA,NA,nezaznamenána,val
45734489,10448235,Eriogaster catax,bourovec trnkový,"František Kopeček, Jiří Beneš",25.04.2018,25.04.2018,6693747,Kněždub  - Kuní hora,NA,Motýli,CZ0624072: Čertoryje,100,0,6693747,100,7170a,2018-04-25,25,4,2018,CZ0624072,Čertoryje,Kněždub  - Kuní hora,0,1,ano,1,0,NA,NA,NA,1,0,CELKOVE_SUM,0,NA,NA,NA,NA,NA,NA,NA,NA,NA
45734489,10448235,Eriogaster catax,bourovec trnkový,"František Kopeček, Jiří Beneš",25.04.2018,25.04.2018,6693747,Kněždub  - Kuní hora,NA,Motýli,CZ0624072: Čertoryje,100,0,6693747,100,7170a,2018-04-25,25,4,2018,CZ0624072,Čertoryje,Kněždub  - Kuní hora,0,1,ano,1,0,NA,NA,NA,1,NA,CELKOVE_SUM,0,NA,NA,NA,NA,NA,NA,NA,NA,NA
45734489,10448235,Eriogaster catax,bourovec trnkový,"František Kopeček, Jiří Beneš",25.04.2018,25.04.2018,6693747,Kněždub  - Kuní hora,NA,Motýli,CZ0624072: Čertoryje,100,0,6693747,100,7170a,2018-04-25,25,4,2018,CZ0624072,Čertoryje,Kněždub  - Kuní hora,0,1,ano,1,0,NA,NA,NA,1,0,POP_POCETSUMLOKAL,1,min,10,hnízda housenek,ano,lok,NA,NA,alespoň 10 hnízda housenek,minmax
45734489,10448235,Eriogaster catax,bourovec trnkový,"František Kopeček, Jiří Beneš",25.04.2018,25.04.2018,6693747,Kněždub  - Kuní hora,NA,Motýli,CZ0624072: Čertoryje,100,0,6693747,100,7170a,2018-04-25,25,4,2018,CZ0624072,Čertoryje,Kněždub  - Kuní hora,0,1,ano,1,0,NA,NA,NA,1,NA,STA_LIKVIDACE,NA,val,nezaznamenána,NA,ne,lok,NA,NA,nezaznamenána,val
45734490,10448236,Eriogaster catax,bourovec trnkový,"František Kopeček, Jiří Beneš",25.04.2018,25.04.2018,6693748,Kněždub - Kuní hora,NA,Motýli,CZ0624072: Čertoryje,100,0,6693748,100,7170a,2018-04-25,25,4,2018,CZ0624072,Čertoryje,Kněždub - Kuní hora,0,1,ano,1,0,NA,NA,NA,1,0,CELKOVE_SUM,0,NA,NA,NA,NA,NA,NA,NA,NA,NA
45734490,10448236,Eriogaster catax,bourovec trnkový,"František Kopeček, Jiří Beneš",25.04.2018,25.04.2018,6693748,Kněždub - Kuní hora,NA,Motýli,CZ0624072: Čertoryje,100,0,6693748,100,7170a,2018-04-25,25,4,2018,CZ0624072,Čertoryje,Kněždub - Kuní hora,0,1,ano,1,0,NA,NA,NA,1,NA,CELKOVE_SUM,0,NA,NA,NA,NA,NA,NA,NA,NA,NA
45734490,10448236,Eriogaster catax,bourovec trnkový,"František Kopeček, Jiří Beneš",25.04.2018,25.04.2018,6693748,Kněždub - Kuní hora,NA,Motýli,CZ0624072: Čertoryje,100,0,6693748,100,7170a,2018-04-25,25,4,2018,CZ0624072,Čertoryje,Kněždub - Kuní hora,0,1,ano,1,0,NA,NA,NA,1,0,POP_POCETSUMLOKAL,2,min,10,hnízda housenek,ano,lok,NA,NA,alespoň 10 hnízda housenek,minmax
45734490,10448236,Eriogaster catax,bourovec trnkový,"František Kopeček, Jiří Beneš",25.04.2018,25.04.2018,6693748,Kněždub - Kuní hora,NA,Motýli,CZ0624072: Čertoryje,100,0,6693748,100,7170a,2018-04-25,25,4,2018,CZ0624072,Čertoryje,Kněždub - Kuní hora,0,1,ano,1,0,NA,NA,NA,1,NA,STA_LIKVIDACE,NA,val,nezaznamenána,NA,ne,lok,NA,NA,nezaznamenána,val
45734497,10448237,Eriogaster catax,bourovec trnkový,"František Kopeček, Jiří Beneš",27.04.2018,27.04.2018,6693749,Horní Němčí,NA,Motýli,CZ0724090: Bílé Karpaty,100,0,6693749,100,7071d,2018-04-27,27,4,2018,CZ0724090,Bílé Karpaty,Horní Němčí,0,1,ano,20,0,NA,NA,NA,2,1,CELKOVE_SUM,1,NA,NA,NA,NA,NA,NA,NA,NA,NA
45734497,10448237,Eriogaster catax,bourovec trnkový,"František Kopeček, Jiří Beneš",27.04.2018,27.04.2018,6693749,Horní Němčí,NA,Motýli,CZ0724090: Bílé Karpaty,100,0,6693749,100,7071d,2018-04-27,27,4,2018,CZ0724090,Bílé Karpaty,Horní Němčí,0,1,ano,20,0,NA,NA,NA,2,NA,CELKOVE_SUM,1,NA,NA,NA,NA,NA,NA,NA,NA,NA
45734497,10448237,Eriogaster catax,bourovec trnkový,"František Kopeček, Jiří Beneš",27.04.2018,27.04.2018,6693749,Horní Němčí,NA,Motýli,CZ0724090: Bílé Karpaty,100,0,6693749,100,7071d,2018-04-27,27,4,2018,CZ0724090,Bílé Karpaty,Horní Němčí,0,1,ano,20,0,NA,NA,NA,2,1,POP_POCETSUMLOKAL,20,min,10,hnízda housenek,ano,lok,NA,NA,alespoň 10 hnízda housenek,minmax
45734497,10448237,Eriogaster catax,bourovec trnkový,"František Kopeček, Jiří Beneš",27.04.2018,27.04.2018,6693749,Horní Němčí,NA,Motýli,CZ0724090: Bílé Karpaty,100,0,6693749,100,7071d,2018-04-27,27,4,2018,CZ0724090,Bílé Karpaty,Horní Němčí,0,1,ano,20,0,NA,NA,NA,2,NA,STA_LIKVIDACE,NA,val,nezaznamenána,NA,ne,lok,NA,NA,nezaznamenána,val
45734506,10448242,Eriogaster catax,bourovec trnkový,"František Kopeček, Jiří Beneš",25.04.2018,25.04.2018,6693754,Kněždub - Kuní hora,NA,Motýli,CZ0624072: Čertoryje,100,0,6693754,100,7170a,2018-04-25,25,4,2018,CZ0624072,Čertoryje,Kněždub - Kuní hora,0,1,ano,1,0,NA,NA,NA,1,0,CELKOVE_SUM,0,NA,NA,NA,NA,NA,NA,NA,NA,NA
45734506,10448242,Eriogaster catax,bourovec trnkový,"František Kopeček, Jiří Beneš",25.04.2018,25.04.2018,6693754,Kněždub - Kuní hora,NA,Motýli,CZ0624072: Čertoryje,100,0,6693754,100,7170a,2018-04-25,25,4,2018,CZ0624072,Čertoryje,Kněždub - Kuní hora,0,1,ano,1,0,NA,NA,NA,1,NA,CELKOVE_SUM,0,NA,NA,NA,NA,NA,NA,NA,NA,NA
45734506,10448242,Eriogaster catax,bourovec trnkový,"František Kopeček, Jiří Beneš",25.04.2018,25.04.2018,6693754,Kněždub - Kuní hora,NA,Motýli,CZ0624072: Čertoryje,100,0,6693754,100,7170a,2018-04-25,25,4,2018,CZ0624072,Čertoryje,Kněždub - Kuní hora,0,1,ano,1,0,NA,NA,NA,1,0,POP_POCETSUMLOKAL,2,min,10,hnízda housenek,ano,lok,NA,NA,alespoň 10 hnízda housenek,minmax
45734506,10448242,Eriogaster catax,bourovec trnkový,"František Kopeček, Jiří Beneš",25.04.2018,25.04.2018,6693754,Kněždub - Kuní hora,NA,Motýli,CZ0624072: Čertoryje,100,0,6693754,100,7170a,2018-04-25,25,4,2018,CZ0624072,Čertoryje,Kněždub - Kuní hora,0,1,ano,1,0,NA,NA,NA,1,NA,STA_LIKVIDACE,NA,val,nezaznamenána,NA,ne,lok,NA,NA,nezaznamenána,val
45736411,10448807,Eriogaster catax,bourovec trnkový,Kopeček František,01.05.2018,01.05.2018,6694410,Újezdec - PP Újezdecký les,NA,Motýli,CZ0724087: Újezdecký les,100,0,6694410,100,6972c,2018-05-01,1,5,2018,CZ0724087,Újezdecký les,Újezdec - PP Újezdecký les,0,1,ano,17,0,NA,NA,NA,2,1,CELKOVE_SUM,1,NA,NA,NA,NA,NA,NA,NA,NA,NA
45736411,10448807,Eriogaster catax,bourovec trnkový,Kopeček František,01.05.2018,01.05.2018,6694410,Újezdec - PP Újezdecký les,NA,Motýli,CZ0724087: Újezdecký les,100,0,6694410,100,6972c,2018-05-01,1,5,2018,CZ0724087,Újezdecký les,Újezdec - PP Újezdecký les,0,1,ano,17,0,NA,NA,NA,2,NA,CELKOVE_SUM,1,NA,NA,NA,NA,NA,NA,NA,NA,NA
45736411,10448807,Eriogaster catax,bourovec trnkový,Kopeček František,01.05.2018,01.05.2018,6694410,Újezdec - PP Újezdecký les,NA,Motýli,CZ0724087: Újezdecký les,100,0,6694410,100,6972c,2018-05-01,1,5,2018,CZ0724087,Újezdecký les,Újezdec - PP Újezdecký les,0,1,ano,17,0,NA,NA,NA,2,1,POP_POCETSUMLOKAL,17,min,10,hnízda housenek,ano,lok,NA,NA,alespoň 10 hnízda housenek,minmax
45736411,10448807,Eriogaster catax,bourovec trnkový,Kopeček František,01.05.2018,01.05.2018,6694410,Újezdec - PP Újezdecký les,NA,Motýli,CZ0724087: Újezdecký les,100,0,6694410,100,6972c,2018-05-01,1,5,2018,CZ0724087,Újezdecký les,Újezdec - PP Újezdecký les,0,1,ano,17,0,NA,NA,NA,2,NA,STA_LIKVIDACE,NA,val,nezaznamenána,NA,ne,lok,NA,NA,nezaznamenána,val
46494227,10584980,Eriogaster catax,bourovec trnkový,Zapletal Michal,22.04.2018,22.04.2018,6863703,Uherské Hradiště,NA,Motýli,CZ0723024: Rochus,100,0,6863703,100,6970b,2018-04-22,22,4,2018,CZ0723024,Rochus,Uherské Hradiště,0,1,ano,NA,0,NA,NA,NA,NA,0,CELKOVE_SUM,0,NA,NA,NA,NA,NA,NA,NA,NA,NA
46494227,10584980,Eriogaster catax,bourovec trnkový,Zapletal Michal,22.04.2018,22.04.2018,6863703,Uherské Hradiště,NA,Motýli,CZ0723024: Rochus,100,0,6863703,100,6970b,2018-04-22,22,4,2018,CZ0723024,Rochus,Uherské Hradiště,0,1,ano,NA,0,NA,NA,NA,NA,NA,CELKOVE_SUM,0,NA,NA,NA,NA,NA,NA,NA,NA,NA
46494227,10584980,Eriogaster catax,bourovec trnkový,Zapletal Michal,22.04.2018,22.04.2018,6863703,Uherské Hradiště,NA,Motýli,CZ0723024: Rochus,100,0,6863703,100,6970b,2018-04-22,22,4,2018,CZ0723024,Rochus,Uherské Hradiště,0,1,ano,NA,0,NA,NA,NA,NA,0,POP_POCETSUMLOKAL,0,min,10,hnízda housenek,ano,lok,NA,NA,alespoň 10 hnízda housenek,minmax
46494227,10584980,Eriogaster catax,bourovec trnkový,Zapletal Michal,22.04.2018,22.04.2018,6863703,Uherské Hradiště,NA,Motýli,CZ0723024: Rochus,100,0,6863703,100,6970b,2018-04-22,22,4,2018,CZ0723024,Rochus,Uherské Hradiště,0,1,ano,NA,0,NA,NA,NA,NA,NA,STA_LIKVIDACE,NA,val,nezaznamenána,NA,ne,lok,NA,NA,nezaznamenána,val
46494436,10585175,Eriogaster catax,bourovec trnkový,Zapletal Michal,27.04.2015,27.04.2015,6863890,Uherské Hradiště,NA,Motýli,CZ0723024: Rochus,100,0,6863890,100,6970b,2015-04-27,27,4,2015,CZ0723024,Rochus,Uherské Hradiště,0,1,ano,NA,0,NA,NA,NA,NA,0,CELKOVE_SUM,0,NA,NA,NA,NA,NA,NA,NA,NA,NA
46494436,10585175,Eriogaster catax,bourovec trnkový,Zapletal Michal,27.04.2015,27.04.2015,6863890,Uherské Hradiště,NA,Motýli,CZ0723024: Rochus,100,0,6863890,100,6970b,2015-04-27,27,4,2015,CZ0723024,Rochus,Uherské Hradiště,0,1,ano,NA,0,NA,NA,NA,NA,NA,CELKOVE_SUM,0,NA,NA,NA,NA,NA,NA,NA,NA,NA
46494436,10585175,Eriogaster catax,bourovec trnkový,Zapletal Michal,27.04.2015,27.04.2015,6863890,Uherské Hradiště,NA,Motýli,CZ0723024: Rochus,100,0,6863890,100,6970b,2015-04-27,27,4,2015,CZ0723024,Rochus,Uherské Hradiště,0,1,ano,NA,0,NA,NA,NA,NA,0,POP_POCETSUMLOKAL,0,min,10,hnízda housenek,ano,lok,NA,NA,alespoň 10 hnízda housenek,minmax
46494436,10585175,Eriogaster catax,bourovec trnkový,Zapletal Michal,27.04.2015,27.04.2015,6863890,Uherské Hradiště,NA,Motýli,CZ0723024: Rochus,100,0,6863890,100,6970b,2015-04-27,27,4,2015,CZ0723024,Rochus,Uherské Hradiště,0,1,ano,NA,0,NA,NA,NA,NA,NA,STA_LIKVIDACE,NA,val,nezaznamenána,NA,ne,lok,NA,NA,nezaznamenána,val
46494728,10585435,Eriogaster catax,bourovec trnkový,Horal David,10.05.2013,10.05.2013,6864110,Lanžhot - Lány,NA,Motýli,CZ0624119: Soutok - Podluží,100,0,6864110,100,7267d,2013-05-10,10,5,2013,CZ0624119,Soutok - Podluží,Lanžhot - Lány,0,1,ano,NA,0,NA,NA,NA,NA,0,CELKOVE_SUM,0,NA,NA,NA,NA,NA,NA,NA,NA,NA
46494728,10585435,Eriogaster catax,bourovec trnkový,Horal David,10.05.2013,10.05.2013,6864110,Lanžhot - Lány,NA,Motýli,CZ0624119: Soutok - Podluží,100,0,6864110,100,7267d,2013-05-10,10,5,2013,CZ0624119,Soutok - Podluží,Lanžhot - Lány,0,1,ano,NA,0,NA,NA,NA,NA,NA,CELKOVE_SUM,0,NA,NA,NA,NA,NA,NA,NA,NA,NA
46494728,10585435,Eriogaster catax,bourovec trnkový,Horal David,10.05.2013,10.05.2013,6864110,Lanžhot - Lány,NA,Motýli,CZ0624119: Soutok - Podluží,100,0,6864110,100,7267d,2013-05-10,10,5,2013,CZ0624119,Soutok - Podluží,Lanžhot - Lány,0,1,ano,NA,0,NA,NA,NA,NA,0,POP_POCETSUMLOKAL,0,min,10,hnízda housenek,ano,lok,NA,NA,alespoň 10 hnízda housenek,minmax
46494728,10585435,Eriogaster catax,bourovec trnkový,Horal David,10.05.2013,10.05.2013,6864110,Lanžhot - Lány,NA,Motýli,CZ0624119: Soutok - Podluží,100,0,6864110,100,7267d,2013-05-10,10,5,2013,CZ0624119,Soutok - Podluží,Lanžhot - Lány,0,1,ano,NA,0,NA,NA,NA,NA,NA,STA_LIKVIDACE,NA,val,nezaznamenána,NA,ne,lok,NA,NA,nezaznamenána,val
46494729,10585436,Eriogaster catax,bourovec trnkový,Horal David,13.05.2013,13.05.2013,6864110,Lanžhot - Lány,NA,Motýli,CZ0624119: Soutok - Podluží,100,0,6864110,100,7267d,2013-05-13,13,5,2013,CZ0624119,Soutok - Podluží,Lanžhot - Lány,0,1,ano,NA,0,NA,NA,NA,NA,0,CELKOVE_SUM,0,NA,NA,NA,NA,NA,NA,NA,NA,NA
46494729,10585436,Eriogaster catax,bourovec trnkový,Horal David,13.05.2013,13.05.2013,6864110,Lanžhot - Lány,NA,Motýli,CZ0624119: Soutok - Podluží,100,0,6864110,100,7267d,2013-05-13,13,5,2013,CZ0624119,Soutok - Podluží,Lanžhot - Lány,0,1,ano,NA,0,NA,NA,NA,NA,NA,CELKOVE_SUM,0,NA,NA,NA,NA,NA,NA,NA,NA,NA
46494729,10585436,Eriogaster catax,bourovec trnkový,Horal David,13.05.2013,13.05.2013,6864110,Lanžhot - Lány,NA,Motýli,CZ0624119: Soutok - Podluží,100,0,6864110,100,7267d,2013-05-13,13,5,2013,CZ0624119,Soutok - Podluží,Lanžhot - Lány,0,1,ano,NA,0,NA,NA,NA,NA,0,POP_POCETSUMLOKAL,0,min,10,hnízda housenek,ano,lok,NA,NA,alespoň 10 hnízda housenek,minmax
46494729,10585436,Eriogaster catax,bourovec trnkový,Horal David,13.05.2013,13.05.2013,6864110,Lanžhot - Lány,NA,Motýli,CZ0624119: Soutok - Podluží,100,0,6864110,100,7267d,2013-05-13,13,5,2013,CZ0624119,Soutok - Podluží,Lanžhot - Lány,0,1,ano,NA,0,NA,NA,NA,NA,NA,STA_LIKVIDACE,NA,val,nezaznamenána,NA,ne,lok,NA,NA,nezaznamenána,val
46495183,10585833,Eriogaster catax,bourovec trnkový,Zapletal Michal,27.04.2015,27.04.2015,6864459,Uherské Hradiště,NA,Motýli,CZ0723024: Rochus,100,0,6864459,100,6970b,2015-04-27,27,4,2015,CZ0723024,Rochus,Uherské Hradiště,0,1,ano,NA,0,NA,NA,NA,NA,0,CELKOVE_SUM,0,NA,NA,NA,NA,NA,NA,NA,NA,NA
46495183,10585833,Eriogaster catax,bourovec trnkový,Zapletal Michal,27.04.2015,27.04.2015,6864459,Uherské Hradiště,NA,Motýli,CZ0723024: Rochus,100,0,6864459,100,6970b,2015-04-27,27,4,2015,CZ0723024,Rochus,Uherské Hradiště,0,1,ano,NA,0,NA,NA,NA,NA,NA,CELKOVE_SUM,0,NA,NA,NA,NA,NA,NA,NA,NA,NA
46495183,10585833,Eriogaster catax,bourovec trnkový,Zapletal Michal,27.04.2015,27.04.2015,6864459,Uherské Hradiště,NA,Motýli,CZ0723024: Rochus,100,0,6864459,100,6970b,2015-04-27,27,4,2015,CZ0723024,Rochus,Uherské Hradiště,0,1,ano,NA,0,NA,NA,NA,NA,0,POP_POCETSUMLOKAL,0,min,10,hnízda housenek,ano,lok,NA,NA,alespoň 10 hnízda housenek,minmax
46495183,10585833,Eriogaster catax,bourovec trnkový,Zapletal Michal,27.04.2015,27.04.2015,6864459,Uherské Hradiště,NA,Motýli,CZ0723024: Rochus,100,0,6864459,100,6970b,2015-04-27,27,4,2015,CZ0723024,Rochus,Uherské Hradiště,0,1,ano,NA,0,NA,NA,NA,NA,NA,STA_LIKVIDACE,NA,val,nezaznamenána,NA,ne,lok,NA,NA,nezaznamenána,val
46560717,10605746,Eriogaster catax,bourovec trnkový,Vrba Miroslav,05.04.2019,05.04.2019,6889377,Havraníky - PP Skalky u Havraníků,NA,Motýli,CZ0624118: Skalky u Havraníků,100,0,6889377,100,7162c,2019-04-05,5,4,2019,CZ0624118,Skalky u Havraníků,Havraníky - PP Skalky u Havraníků,0,1,ano,1,0,NA,NA,NA,1,0,CELKOVE_SUM,0,NA,NA,NA,NA,NA,NA,NA,NA,NA
46560717,10605746,Eriogaster catax,bourovec trnkový,Vrba Miroslav,05.04.2019,05.04.2019,6889377,Havraníky - PP Skalky u Havraníků,NA,Motýli,CZ0624118: Skalky u Havraníků,100,0,6889377,100,7162c,2019-04-05,5,4,2019,CZ0624118,Skalky u Havraníků,Havraníky - PP Skalky u Havraníků,0,1,ano,1,0,NA,NA,NA,1,NA,CELKOVE_SUM,0,NA,NA,NA,NA,NA,NA,NA,NA,NA
46560717,10605746,Eriogaster catax,bourovec trnkový,Vrba Miroslav,05.04.2019,05.04.2019,6889377,Havraníky - PP Skalky u Havraníků,NA,Motýli,CZ0624118: Skalky u Havraníků,100,0,6889377,100,7162c,2019-04-05,5,4,2019,CZ0624118,Skalky u Havraníků,Havraníky - PP Skalky u Havraníků,0,1,ano,1,0,NA,NA,NA,1,0,POP_POCETSUMLOKAL,1,min,10,hnízda housenek,ano,lok,NA,NA,alespoň 10 hnízda housenek,minmax
46560717,10605746,Eriogaster catax,bourovec trnkový,Vrba Miroslav,05.04.2019,05.04.2019,6889377,Havraníky - PP Skalky u Havraníků,NA,Motýli,CZ0624118: Skalky u Havraníků,100,0,6889377,100,7162c,2019-04-05,5,4,2019,CZ0624118,Skalky u Havraníků,Havraníky - PP Skalky u Havraníků,0,1,ano,1,0,NA,NA,NA,1,NA,STA_LIKVIDACE,NA,val,nezaznamenána,NA,ne,lok,NA,NA,nezaznamenána,val
46571511,10607916,Eriogaster catax,bourovec trnkový,Dedek Pavel,10.04.2019,10.04.2019,6892454,PP Na cvičišti,NA,Motýli,CZ0624100: Milovický les,100,0,6892454,100,7166c,2019-04-10,10,4,2019,CZ0624100,Milovický les,PP Na cvičišti,0,1,ano,2,0,NA,NA,NA,1,0,CELKOVE_SUM,0,NA,NA,NA,NA,NA,NA,NA,NA,NA
46571511,10607916,Eriogaster catax,bourovec trnkový,Dedek Pavel,10.04.2019,10.04.2019,6892454,PP Na cvičišti,NA,Motýli,CZ0624100: Milovický les,100,0,6892454,100,7166c,2019-04-10,10,4,2019,CZ0624100,Milovický les,PP Na cvičišti,0,1,ano,2,0,NA,NA,NA,1,NA,CELKOVE_SUM,0,NA,NA,NA,NA,NA,NA,NA,NA,NA
46571511,10607916,Eriogaster catax,bourovec trnkový,Dedek Pavel,10.04.2019,10.04.2019,6892454,PP Na cvičišti,NA,Motýli,CZ0624100: Milovický les,100,0,6892454,100,7166c,2019-04-10,10,4,2019,CZ0624100,Milovický les,PP Na cvičišti,0,1,ano,2,0,NA,NA,NA,1,0,POP_POCETSUMLOKAL,2,min,10,hnízda housenek,ano,lok,NA,NA,alespoň 10 hnízda housenek,minmax
46571511,10607916,Eriogaster catax,bourovec trnkový,Dedek Pavel,10.04.2019,10.04.2019,6892454,PP Na cvičišti,NA,Motýli,CZ0624100: Milovický les,100,0,6892454,100,7166c,2019-04-10,10,4,2019,CZ0624100,Milovický les,PP Na cvičišti,0,1,ano,2,0,NA,NA,NA,1,NA,STA_LIKVIDACE,NA,val,nezaznamenána,NA,ne,lok,NA,NA,nezaznamenána,val
46576998,10610535,Eriogaster catax,bourovec trnkový,Kopeček František,18.04.2019,18.04.2019,6897346,Popovice,NA,Motýli,CZ0723425: Stráně u Popovic,100,0,6897346,100,6971c,2019-04-18,18,4,2019,CZ0723425,Stráně u Popovic,Popovice,0,1,ano,NA,0,NA,NA,NA,NA,0,CELKOVE_SUM,0,NA,NA,NA,NA,NA,NA,NA,NA,NA
46576998,10610535,Eriogaster catax,bourovec trnkový,Kopeček František,18.04.2019,18.04.2019,6897346,Popovice,NA,Motýli,CZ0723425: Stráně u Popovic,100,0,6897346,100,6971c,2019-04-18,18,4,2019,CZ0723425,Stráně u Popovic,Popovice,0,1,ano,NA,0,NA,NA,NA,NA,NA,CELKOVE_SUM,0,NA,NA,NA,NA,NA,NA,NA,NA,NA
46576998,10610535,Eriogaster catax,bourovec trnkový,Kopeček František,18.04.2019,18.04.2019,6897346,Popovice,NA,Motýli,CZ0723425: Stráně u Popovic,100,0,6897346,100,6971c,2019-04-18,18,4,2019,CZ0723425,Stráně u Popovic,Popovice,0,1,ano,NA,0,NA,NA,NA,NA,0,POP_POCETSUMLOKAL,0,min,10,hnízda housenek,ano,lok,NA,NA,alespoň 10 hnízda housenek,minmax
46576998,10610535,Eriogaster catax,bourovec trnkový,Kopeček František,18.04.2019,18.04.2019,6897346,Popovice,NA,Motýli,CZ0723425: Stráně u Popovic,100,0,6897346,100,6971c,2019-04-18,18,4,2019,CZ0723425,Stráně u Popovic,Popovice,0,1,ano,NA,0,NA,NA,NA,NA,NA,STA_LIKVIDACE,NA,val,nezaznamenána,NA,ne,lok,NA,NA,nezaznamenána,val
46583826,10612996,Eriogaster catax,bourovec trnkový,"Jiří Segl, Pavel Dedek",19.04.2019,19.04.2019,6900753,"PP Na cvičišti, Mikulov",NA,Motýli,CZ0624100: Milovický les,100,0,6900753,100,7166c,2019-04-19,19,4,2019,CZ0624100,Milovický les,"PP Na cvičišti, Mikulov",0,1,ano,40,0,NA,NA,NA,2,1,CELKOVE_SUM,1,NA,NA,NA,NA,NA,NA,NA,NA,NA
46583826,10612996,Eriogaster catax,bourovec trnkový,"Jiří Segl, Pavel Dedek",19.04.2019,19.04.2019,6900753,"PP Na cvičišti, Mikulov",NA,Motýli,CZ0624100: Milovický les,100,0,6900753,100,7166c,2019-04-19,19,4,2019,CZ0624100,Milovický les,"PP Na cvičišti, Mikulov",0,1,ano,40,0,NA,NA,NA,2,NA,CELKOVE_SUM,1,NA,NA,NA,NA,NA,NA,NA,NA,NA
46583826,10612996,Eriogaster catax,bourovec trnkový,"Jiří Segl, Pavel Dedek",19.04.2019,19.04.2019,6900753,"PP Na cvičišti, Mikulov",NA,Motýli,CZ0624100: Milovický les,100,0,6900753,100,7166c,2019-04-19,19,4,2019,CZ0624100,Milovický les,"PP Na cvičišti, Mikulov",0,1,ano,40,0,NA,NA,NA,2,1,POP_POCETSUMLOKAL,40,min,10,hnízda housenek,ano,lok,NA,NA,alespoň 10 hnízda housenek,minmax
46583826,10612996,Eriogaster catax,bourovec trnkový,"Jiří Segl, Pavel Dedek",19.04.2019,19.04.2019,6900753,"PP Na cvičišti, Mikulov",NA,Motýli,CZ0624100: Milovický les,100,0,6900753,100,7166c,2019-04-19,19,4,2019,CZ0624100,Milovický les,"PP Na cvičišti, Mikulov",0,1,ano,40,0,NA,NA,NA,2,NA,STA_LIKVIDACE,NA,val,nezaznamenána,NA,ne,lok,NA,NA,nezaznamenána,val
46583896,10612933,Eriogaster catax,bourovec trnkový,Horal David,14.04.2019,14.04.2019,6900690,"Hlohovec, Nesyt - pod pozorovatelnou u Výtopy",NA,Motýli,CZ0620009: Lednické rybníky,100,0,6900690,100,7266a,2019-04-14,14,4,2019,CZ0620009,Lednické rybníky,"Hlohovec, Nesyt - pod pozorovatelnou u Výtopy",0,1,ano,1,0,NA,NA,NA,1,0,CELKOVE_SUM,0,NA,NA,NA,NA,NA,NA,NA,NA,NA
46583896,10612933,Eriogaster catax,bourovec trnkový,Horal David,14.04.2019,14.04.2019,6900690,"Hlohovec, Nesyt - pod pozorovatelnou u Výtopy",NA,Motýli,CZ0620009: Lednické rybníky,100,0,6900690,100,7266a,2019-04-14,14,4,2019,CZ0620009,Lednické rybníky,"Hlohovec, Nesyt - pod pozorovatelnou u Výtopy",0,1,ano,1,0,NA,NA,NA,1,NA,CELKOVE_SUM,0,NA,NA,NA,NA,NA,NA,NA,NA,NA
46583896,10612933,Eriogaster catax,bourovec trnkový,Horal David,14.04.2019,14.04.2019,6900690,"Hlohovec, Nesyt - pod pozorovatelnou u Výtopy",NA,Motýli,CZ0620009: Lednické rybníky,100,0,6900690,100,7266a,2019-04-14,14,4,2019,CZ0620009,Lednické rybníky,"Hlohovec, Nesyt - pod pozorovatelnou u Výtopy",0,1,ano,1,0,NA,NA,NA,1,0,POP_POCETSUMLOKAL,1,min,10,hnízda housenek,ano,lok,NA,NA,alespoň 10 hnízda housenek,minmax
46583896,10612933,Eriogaster catax,bourovec trnkový,Horal David,14.04.2019,14.04.2019,6900690,"Hlohovec, Nesyt - pod pozorovatelnou u Výtopy",NA,Motýli,CZ0620009: Lednické rybníky,100,0,6900690,100,7266a,2019-04-14,14,4,2019,CZ0620009,Lednické rybníky,"Hlohovec, Nesyt - pod pozorovatelnou u Výtopy",0,1,ano,1,0,NA,NA,NA,1,NA,STA_LIKVIDACE,NA,val,nezaznamenána,NA,ne,lok,NA,NA,nezaznamenána,val
46584440,10613311,Eriogaster catax,bourovec trnkový,Sajfrt Vlastimil,17.04.2019,17.04.2019,6901068,"Hlohovec, NPR Lednické rybníky, Nesyt, hráz",NA,Motýli,CZ0620009: Lednické rybníky,100,0,6901068,100,7266a,2019-04-17,17,4,2019,CZ0620009,Lednické rybníky,"Hlohovec, NPR Lednické rybníky, Nesyt, hráz",0,1,ano,1,0,NA,NA,NA,1,0,CELKOVE_SUM,0,NA,NA,NA,NA,NA,NA,NA,NA,NA
46584440,10613311,Eriogaster catax,bourovec trnkový,Sajfrt Vlastimil,17.04.2019,17.04.2019,6901068,"Hlohovec, NPR Lednické rybníky, Nesyt, hráz",NA,Motýli,CZ0620009: Lednické rybníky,100,0,6901068,100,7266a,2019-04-17,17,4,2019,CZ0620009,Lednické rybníky,"Hlohovec, NPR Lednické rybníky, Nesyt, hráz",0,1,ano,1,0,NA,NA,NA,1,NA,CELKOVE_SUM,0,NA,NA,NA,NA,NA,NA,NA,NA,NA
46584440,10613311,Eriogaster catax,bourovec trnkový,Sajfrt Vlastimil,17.04.2019,17.04.2019,6901068,"Hlohovec, NPR Lednické rybníky, Nesyt, hráz",NA,Motýli,CZ0620009: Lednické rybníky,100,0,6901068,100,7266a,2019-04-17,17,4,2019,CZ0620009,Lednické rybníky,"Hlohovec, NPR Lednické rybníky, Nesyt, hráz",0,1,ano,1,0,NA,NA,NA,1,0,POP_POCETSUMLOKAL,1,min,10,hnízda housenek,ano,lok,NA,NA,alespoň 10 hnízda housenek,minmax
46584440,10613311,Eriogaster catax,bourovec trnkový,Sajfrt Vlastimil,17.04.2019,17.04.2019,6901068,"Hlohovec, NPR Lednické rybníky, Nesyt, hráz",NA,Motýli,CZ0620009: Lednické rybníky,100,0,6901068,100,7266a,2019-04-17,17,4,2019,CZ0620009,Lednické rybníky,"Hlohovec, NPR Lednické rybníky, Nesyt, hráz",0,1,ano,1,0,NA,NA,NA,1,NA,STA_LIKVIDACE,NA,val,nezaznamenána,NA,ne,lok,NA,NA,nezaznamenána,val
46585269,10613657,Eriogaster catax,bourovec trnkový,Kopeček František,15.04.2019,15.04.2019,6901905,Horní Němčí,NA,Motýli,CZ0724090: Bílé Karpaty,100,0,6901905,100,7071d,2019-04-15,15,4,2019,CZ0724090,Bílé Karpaty,Horní Němčí,0,1,ano,25,0,NA,NA,NA,2,1,CELKOVE_SUM,1,NA,NA,NA,NA,NA,NA,NA,NA,NA
46585269,10613657,Eriogaster catax,bourovec trnkový,Kopeček František,15.04.2019,15.04.2019,6901905,Horní Němčí,NA,Motýli,CZ0724090: Bílé Karpaty,100,0,6901905,100,7071d,2019-04-15,15,4,2019,CZ0724090,Bílé Karpaty,Horní Němčí,0,1,ano,25,0,NA,NA,NA,2,NA,CELKOVE_SUM,1,NA,NA,NA,NA,NA,NA,NA,NA,NA
46585269,10613657,Eriogaster catax,bourovec trnkový,Kopeček František,15.04.2019,15.04.2019,6901905,Horní Němčí,NA,Motýli,CZ0724090: Bílé Karpaty,100,0,6901905,100,7071d,2019-04-15,15,4,2019,CZ0724090,Bílé Karpaty,Horní Němčí,0,1,ano,25,0,NA,NA,NA,2,1,POP_POCETSUMLOKAL,25,min,10,hnízda housenek,ano,lok,NA,NA,alespoň 10 hnízda housenek,minmax
46585269,10613657,Eriogaster catax,bourovec trnkový,Kopeček František,15.04.2019,15.04.2019,6901905,Horní Němčí,NA,Motýli,CZ0724090: Bílé Karpaty,100,0,6901905,100,7071d,2019-04-15,15,4,2019,CZ0724090,Bílé Karpaty,Horní Němčí,0,1,ano,25,0,NA,NA,NA,2,NA,STA_LIKVIDACE,NA,val,nezaznamenána,NA,ne,lok,NA,NA,nezaznamenána,val
46585270,10613658,Eriogaster catax,bourovec trnkový,Kopeček František,16.04.2019,16.04.2019,6901906,"Uherský Brod, Újezdec",NA,Motýli,CZ0724087: Újezdecký les,100,0,6901906,100,6972c,2019-04-16,16,4,2019,CZ0724087,Újezdecký les,"Uherský Brod, Újezdec",0,1,ano,11,0,NA,NA,NA,2,1,CELKOVE_SUM,1,NA,NA,NA,NA,NA,NA,NA,NA,NA
46585270,10613658,Eriogaster catax,bourovec trnkový,Kopeček František,16.04.2019,16.04.2019,6901906,"Uherský Brod, Újezdec",NA,Motýli,CZ0724087: Újezdecký les,100,0,6901906,100,6972c,2019-04-16,16,4,2019,CZ0724087,Újezdecký les,"Uherský Brod, Újezdec",0,1,ano,11,0,NA,NA,NA,2,NA,CELKOVE_SUM,1,NA,NA,NA,NA,NA,NA,NA,NA,NA
46585270,10613658,Eriogaster catax,bourovec trnkový,Kopeček František,16.04.2019,16.04.2019,6901906,"Uherský Brod, Újezdec",NA,Motýli,CZ0724087: Újezdecký les,100,0,6901906,100,6972c,2019-04-16,16,4,2019,CZ0724087,Újezdecký les,"Uherský Brod, Újezdec",0,1,ano,11,0,NA,NA,NA,2,1,POP_POCETSUMLOKAL,11,min,10,hnízda housenek,ano,lok,NA,NA,alespoň 10 hnízda housenek,minmax
46585270,10613658,Eriogaster catax,bourovec trnkový,Kopeček František,16.04.2019,16.04.2019,6901906,"Uherský Brod, Újezdec",NA,Motýli,CZ0724087: Újezdecký les,100,0,6901906,100,6972c,2019-04-16,16,4,2019,CZ0724087,Újezdecký les,"Uherský Brod, Újezdec",0,1,ano,11,0,NA,NA,NA,2,NA,STA_LIKVIDACE,NA,val,nezaznamenána,NA,ne,lok,NA,NA,nezaznamenána,val
46594147,10616017,Eriogaster catax,bourovec trnkový,Zapletal Michal,09.04.2019,09.04.2019,6913986,"Stezka pokladnic Slovácka, Uherské Hradiště - Mařatice",NA,Motýli,CZ0723024: Rochus,100,0,6913986,100,6970b,2019-04-09,9,4,2019,CZ0723024,Rochus,"Stezka pokladnic Slovácka, Uherské Hradiště - Mařatice",0,1,ano,7,0,NA,NA,NA,1,0,CELKOVE_SUM,0,NA,NA,NA,NA,NA,NA,NA,NA,NA
46594147,10616017,Eriogaster catax,bourovec trnkový,Zapletal Michal,09.04.2019,09.04.2019,6913986,"Stezka pokladnic Slovácka, Uherské Hradiště - Mařatice",NA,Motýli,CZ0723024: Rochus,100,0,6913986,100,6970b,2019-04-09,9,4,2019,CZ0723024,Rochus,"Stezka pokladnic Slovácka, Uherské Hradiště - Mařatice",0,1,ano,7,0,NA,NA,NA,1,NA,CELKOVE_SUM,0,NA,NA,NA,NA,NA,NA,NA,NA,NA
46594147,10616017,Eriogaster catax,bourovec trnkový,Zapletal Michal,09.04.2019,09.04.2019,6913986,"Stezka pokladnic Slovácka, Uherské Hradiště - Mařatice",NA,Motýli,CZ0723024: Rochus,100,0,6913986,100,6970b,2019-04-09,9,4,2019,CZ0723024,Rochus,"Stezka pokladnic Slovácka, Uherské Hradiště - Mařatice",0,1,ano,7,0,NA,NA,NA,1,0,POP_POCETSUMLOKAL,7,min,10,hnízda housenek,ano,lok,NA,NA,alespoň 10 hnízda housenek,minmax
46594147,10616017,Eriogaster catax,bourovec trnkový,Zapletal Michal,09.04.2019,09.04.2019,6913986,"Stezka pokladnic Slovácka, Uherské Hradiště - Mařatice",NA,Motýli,CZ0723024: Rochus,100,0,6913986,100,6970b,2019-04-09,9,4,2019,CZ0723024,Rochus,"Stezka pokladnic Slovácka, Uherské Hradiště - Mařatice",0,1,ano,7,0,NA,NA,NA,1,NA,STA_LIKVIDACE,NA,val,nezaznamenána,NA,ne,lok,NA,NA,nezaznamenána,val
47703496,10748400,Eriogaster catax,bourovec trnkový,Dítě Petr,01.10.2019,01.10.2019,7064578,"NP Podyjí, Čížov, Na Keplech",NA,Motýli,CZ0624096: Podyjí,100,0,7064578,100,7161a,2019-10-01,1,10,2019,CZ0624096,Podyjí,"NP Podyjí, Čížov, Na Keplech",0,1,ano,NA,0,NA,NA,NA,NA,0,CELKOVE_SUM,0,NA,NA,NA,NA,NA,NA,NA,NA,NA
47703496,10748400,Eriogaster catax,bourovec trnkový,Dítě Petr,01.10.2019,01.10.2019,7064578,"NP Podyjí, Čížov, Na Keplech",NA,Motýli,CZ0624096: Podyjí,100,0,7064578,100,7161a,2019-10-01,1,10,2019,CZ0624096,Podyjí,"NP Podyjí, Čížov, Na Keplech",0,1,ano,NA,0,NA,NA,NA,NA,NA,CELKOVE_SUM,0,NA,NA,NA,NA,NA,NA,NA,NA,NA
47703496,10748400,Eriogaster catax,bourovec trnkový,Dítě Petr,01.10.2019,01.10.2019,7064578,"NP Podyjí, Čížov, Na Keplech",NA,Motýli,CZ0624096: Podyjí,100,0,7064578,100,7161a,2019-10-01,1,10,2019,CZ0624096,Podyjí,"NP Podyjí, Čížov, Na Keplech",0,1,ano,NA,0,NA,NA,NA,NA,0,POP_POCETSUMLOKAL,0,min,10,hnízda housenek,ano,lok,NA,NA,alespoň 10 hnízda housenek,minmax
47703496,10748400,Eriogaster catax,bourovec trnkový,Dítě Petr,01.10.2019,01.10.2019,7064578,"NP Podyjí, Čížov, Na Keplech",NA,Motýli,CZ0624096: Podyjí,100,0,7064578,100,7161a,2019-10-01,1,10,2019,CZ0624096,Podyjí,"NP Podyjí, Čížov, Na Keplech",0,1,ano,NA,0,NA,NA,NA,NA,NA,STA_LIKVIDACE,NA,val,nezaznamenána,NA,ne,lok,NA,NA,nezaznamenána,val
48049664,10870095,Eriogaster catax,bourovec trnkový,Segl Jiří,19.04.2019,19.04.2019,7186161,PP Na Cvičišti,NA,Motýli,CZ0624100: Milovický les,100,0,7186161,100,7166c,2019-04-19,19,4,2019,CZ0624100,Milovický les,PP Na Cvičišti,0,1,ano,1,0,NA,NA,NA,1,1,CELKOVE_SUM,1,NA,NA,NA,NA,NA,NA,NA,NA,NA
48049664,10870095,Eriogaster catax,bourovec trnkový,Segl Jiří,19.04.2019,19.04.2019,7186161,PP Na Cvičišti,NA,Motýli,CZ0624100: Milovický les,100,0,7186161,100,7166c,2019-04-19,19,4,2019,CZ0624100,Milovický les,PP Na Cvičišti,0,1,ano,1,0,NA,NA,NA,1,NA,CELKOVE_SUM,1,NA,NA,NA,NA,NA,NA,NA,NA,NA
48049664,10870095,Eriogaster catax,bourovec trnkový,Segl Jiří,19.04.2019,19.04.2019,7186161,PP Na Cvičišti,NA,Motýli,CZ0624100: Milovický les,100,0,7186161,100,7166c,2019-04-19,19,4,2019,CZ0624100,Milovický les,PP Na Cvičišti,0,1,ano,1,0,NA,NA,NA,1,1,POP_POCETSUMLOKAL,21,min,10,hnízda housenek,ano,lok,NA,NA,alespoň 10 hnízda housenek,minmax
48049664,10870095,Eriogaster catax,bourovec trnkový,Segl Jiří,19.04.2019,19.04.2019,7186161,PP Na Cvičišti,NA,Motýli,CZ0624100: Milovický les,100,0,7186161,100,7166c,2019-04-19,19,4,2019,CZ0624100,Milovický les,PP Na Cvičišti,0,1,ano,1,0,NA,NA,NA,1,NA,STA_LIKVIDACE,NA,val,nezaznamenána,NA,ne,lok,NA,NA,nezaznamenána,val
48049665,10870096,Eriogaster catax,bourovec trnkový,Segl Jiří,19.04.2019,19.04.2019,7186162,PP Na Cvičišti,NA,Motýli,CZ0624100: Milovický les,100,0,7186162,100,7166c,2019-04-19,19,4,2019,CZ0624100,Milovický les,PP Na Cvičišti,0,1,ano,1,0,NA,NA,NA,1,1,CELKOVE_SUM,1,NA,NA,NA,NA,NA,NA,NA,NA,NA
48049665,10870096,Eriogaster catax,bourovec trnkový,Segl Jiří,19.04.2019,19.04.2019,7186162,PP Na Cvičišti,NA,Motýli,CZ0624100: Milovický les,100,0,7186162,100,7166c,2019-04-19,19,4,2019,CZ0624100,Milovický les,PP Na Cvičišti,0,1,ano,1,0,NA,NA,NA,1,NA,CELKOVE_SUM,1,NA,NA,NA,NA,NA,NA,NA,NA,NA
48049665,10870096,Eriogaster catax,bourovec trnkový,Segl Jiří,19.04.2019,19.04.2019,7186162,PP Na Cvičišti,NA,Motýli,CZ0624100: Milovický les,100,0,7186162,100,7166c,2019-04-19,19,4,2019,CZ0624100,Milovický les,PP Na Cvičišti,0,1,ano,1,0,NA,NA,NA,1,1,POP_POCETSUMLOKAL,21,min,10,hnízda housenek,ano,lok,NA,NA,alespoň 10 hnízda housenek,minmax
48049665,10870096,Eriogaster catax,bourovec trnkový,Segl Jiří,19.04.2019,19.04.2019,7186162,PP Na Cvičišti,NA,Motýli,CZ0624100: Milovický les,100,0,7186162,100,7166c,2019-04-19,19,4,2019,CZ0624100,Milovický les,PP Na Cvičišti,0,1,ano,1,0,NA,NA,NA,1,NA,STA_LIKVIDACE,NA,val,nezaznamenána,NA,ne,lok,NA,NA,nezaznamenána,val
48049666,10870097,Eriogaster catax,bourovec trnkový,Segl Jiří,19.04.2019,19.04.2019,7186163,PP Na Cvičišti,NA,Motýli,CZ0624100: Milovický les,100,0,7186163,100,7166c,2019-04-19,19,4,2019,CZ0624100,Milovický les,PP Na Cvičišti,0,1,ano,1,0,NA,NA,NA,1,1,CELKOVE_SUM,1,NA,NA,NA,NA,NA,NA,NA,NA,NA
48049666,10870097,Eriogaster catax,bourovec trnkový,Segl Jiří,19.04.2019,19.04.2019,7186163,PP Na Cvičišti,NA,Motýli,CZ0624100: Milovický les,100,0,7186163,100,7166c,2019-04-19,19,4,2019,CZ0624100,Milovický les,PP Na Cvičišti,0,1,ano,1,0,NA,NA,NA,1,NA,CELKOVE_SUM,1,NA,NA,NA,NA,NA,NA,NA,NA,NA
48049666,10870097,Eriogaster catax,bourovec trnkový,Segl Jiří,19.04.2019,19.04.2019,7186163,PP Na Cvičišti,NA,Motýli,CZ0624100: Milovický les,100,0,7186163,100,7166c,2019-04-19,19,4,2019,CZ0624100,Milovický les,PP Na Cvičišti,0,1,ano,1,0,NA,NA,NA,1,1,POP_POCETSUMLOKAL,21,min,10,hnízda housenek,ano,lok,NA,NA,alespoň 10 hnízda housenek,minmax
48049666,10870097,Eriogaster catax,bourovec trnkový,Segl Jiří,19.04.2019,19.04.2019,7186163,PP Na Cvičišti,NA,Motýli,CZ0624100: Milovický les,100,0,7186163,100,7166c,2019-04-19,19,4,2019,CZ0624100,Milovický les,PP Na Cvičišti,0,1,ano,1,0,NA,NA,NA,1,NA,STA_LIKVIDACE,NA,val,nezaznamenána,NA,ne,lok,NA,NA,nezaznamenána,val
48049667,10870098,Eriogaster catax,bourovec trnkový,Segl Jiří,19.04.2019,19.04.2019,7186164,PP Na Cvičišti,NA,Motýli,CZ0624100: Milovický les,100,0,7186164,100,7166c,2019-04-19,19,4,2019,CZ0624100,Milovický les,PP Na Cvičišti,0,1,ano,1,0,NA,NA,NA,1,1,CELKOVE_SUM,1,NA,NA,NA,NA,NA,NA,NA,NA,NA
48049667,10870098,Eriogaster catax,bourovec trnkový,Segl Jiří,19.04.2019,19.04.2019,7186164,PP Na Cvičišti,NA,Motýli,CZ0624100: Milovický les,100,0,7186164,100,7166c,2019-04-19,19,4,2019,CZ0624100,Milovický les,PP Na Cvičišti,0,1,ano,1,0,NA,NA,NA,1,NA,CELKOVE_SUM,1,NA,NA,NA,NA,NA,NA,NA,NA,NA
48049667,10870098,Eriogaster catax,bourovec trnkový,Segl Jiří,19.04.2019,19.04.2019,7186164,PP Na Cvičišti,NA,Motýli,CZ0624100: Milovický les,100,0,7186164,100,7166c,2019-04-19,19,4,2019,CZ0624100,Milovický les,PP Na Cvičišti,0,1,ano,1,0,NA,NA,NA,1,1,POP_POCETSUMLOKAL,21,min,10,hnízda housenek,ano,lok,NA,NA,alespoň 10 hnízda housenek,minmax
48049667,10870098,Eriogaster catax,bourovec trnkový,Segl Jiří,19.04.2019,19.04.2019,7186164,PP Na Cvičišti,NA,Motýli,CZ0624100: Milovický les,100,0,7186164,100,7166c,2019-04-19,19,4,2019,CZ0624100,Milovický les,PP Na Cvičišti,0,1,ano,1,0,NA,NA,NA,1,NA,STA_LIKVIDACE,NA,val,nezaznamenána,NA,ne,lok,NA,NA,nezaznamenána,val
48049668,10870099,Eriogaster catax,bourovec trnkový,Segl Jiří,19.04.2019,19.04.2019,7186165,PP Na Cvičišti,NA,Motýli,CZ0624100: Milovický les,100,0,7186165,100,7166c,2019-04-19,19,4,2019,CZ0624100,Milovický les,PP Na Cvičišti,0,1,ano,1,0,NA,NA,NA,1,1,CELKOVE_SUM,1,NA,NA,NA,NA,NA,NA,NA,NA,NA
48049668,10870099,Eriogaster catax,bourovec trnkový,Segl Jiří,19.04.2019,19.04.2019,7186165,PP Na Cvičišti,NA,Motýli,CZ0624100: Milovický les,100,0,7186165,100,7166c,2019-04-19,19,4,2019,CZ0624100,Milovický les,PP Na Cvičišti,0,1,ano,1,0,NA,NA,NA,1,NA,CELKOVE_SUM,1,NA,NA,NA,NA,NA,NA,NA,NA,NA
48049668,10870099,Eriogaster catax,bourovec trnkový,Segl Jiří,19.04.2019,19.04.2019,7186165,PP Na Cvičišti,NA,Motýli,CZ0624100: Milovický les,100,0,7186165,100,7166c,2019-04-19,19,4,2019,CZ0624100,Milovický les,PP Na Cvičišti,0,1,ano,1,0,NA,NA,NA,1,1,POP_POCETSUMLOKAL,21,min,10,hnízda housenek,ano,lok,NA,NA,alespoň 10 hnízda housenek,minmax
48049668,10870099,Eriogaster catax,bourovec trnkový,Segl Jiří,19.04.2019,19.04.2019,7186165,PP Na Cvičišti,NA,Motýli,CZ0624100: Milovický les,100,0,7186165,100,7166c,2019-04-19,19,4,2019,CZ0624100,Milovický les,PP Na Cvičišti,0,1,ano,1,0,NA,NA,NA,1,NA,STA_LIKVIDACE,NA,val,nezaznamenána,NA,ne,lok,NA,NA,nezaznamenána,val
48049671,10870102,Eriogaster catax,bourovec trnkový,Segl Jiří,19.04.2019,19.04.2019,7186168,PP Na Cvičišti,NA,Motýli,CZ0624100: Milovický les,100,0,7186168,100,7166c,2019-04-19,19,4,2019,CZ0624100,Milovický les,PP Na Cvičišti,0,1,ano,1,0,NA,NA,NA,1,1,CELKOVE_SUM,1,NA,NA,NA,NA,NA,NA,NA,NA,NA
48049671,10870102,Eriogaster catax,bourovec trnkový,Segl Jiří,19.04.2019,19.04.2019,7186168,PP Na Cvičišti,NA,Motýli,CZ0624100: Milovický les,100,0,7186168,100,7166c,2019-04-19,19,4,2019,CZ0624100,Milovický les,PP Na Cvičišti,0,1,ano,1,0,NA,NA,NA,1,NA,CELKOVE_SUM,1,NA,NA,NA,NA,NA,NA,NA,NA,NA
48049671,10870102,Eriogaster catax,bourovec trnkový,Segl Jiří,19.04.2019,19.04.2019,7186168,PP Na Cvičišti,NA,Motýli,CZ0624100: Milovický les,100,0,7186168,100,7166c,2019-04-19,19,4,2019,CZ0624100,Milovický les,PP Na Cvičišti,0,1,ano,1,0,NA,NA,NA,1,1,POP_POCETSUMLOKAL,21,min,10,hnízda housenek,ano,lok,NA,NA,alespoň 10 hnízda housenek,minmax
48049671,10870102,Eriogaster catax,bourovec trnkový,Segl Jiří,19.04.2019,19.04.2019,7186168,PP Na Cvičišti,NA,Motýli,CZ0624100: Milovický les,100,0,7186168,100,7166c,2019-04-19,19,4,2019,CZ0624100,Milovický les,PP Na Cvičišti,0,1,ano,1,0,NA,NA,NA,1,NA,STA_LIKVIDACE,NA,val,nezaznamenána,NA,ne,lok,NA,NA,nezaznamenána,val
48049672,10870103,Eriogaster catax,bourovec trnkový,Segl Jiří,19.04.2019,19.04.2019,7186169,PP Na Cvičišti,NA,Motýli,CZ0624100: Milovický les,100,0,7186169,100,7166c,2019-04-19,19,4,2019,CZ0624100,Milovický les,PP Na Cvičišti,0,1,ano,1,0,NA,NA,NA,1,1,CELKOVE_SUM,1,NA,NA,NA,NA,NA,NA,NA,NA,NA
48049672,10870103,Eriogaster catax,bourovec trnkový,Segl Jiří,19.04.2019,19.04.2019,7186169,PP Na Cvičišti,NA,Motýli,CZ0624100: Milovický les,100,0,7186169,100,7166c,2019-04-19,19,4,2019,CZ0624100,Milovický les,PP Na Cvičišti,0,1,ano,1,0,NA,NA,NA,1,NA,CELKOVE_SUM,1,NA,NA,NA,NA,NA,NA,NA,NA,NA
48049672,10870103,Eriogaster catax,bourovec trnkový,Segl Jiří,19.04.2019,19.04.2019,7186169,PP Na Cvičišti,NA,Motýli,CZ0624100: Milovický les,100,0,7186169,100,7166c,2019-04-19,19,4,2019,CZ0624100,Milovický les,PP Na Cvičišti,0,1,ano,1,0,NA,NA,NA,1,1,POP_POCETSUMLOKAL,21,min,10,hnízda housenek,ano,lok,NA,NA,alespoň 10 hnízda housenek,minmax
48049672,10870103,Eriogaster catax,bourovec trnkový,Segl Jiří,19.04.2019,19.04.2019,7186169,PP Na Cvičišti,NA,Motýli,CZ0624100: Milovický les,100,0,7186169,100,7166c,2019-04-19,19,4,2019,CZ0624100,Milovický les,PP Na Cvičišti,0,1,ano,1,0,NA,NA,NA,1,NA,STA_LIKVIDACE,NA,val,nezaznamenána,NA,ne,lok,NA,NA,nezaznamenána,val
48049675,10870106,Eriogaster catax,bourovec trnkový,Segl Jiří,19.04.2019,19.04.2019,7186172,PP Na Cvičišti,NA,Motýli,CZ0624100: Milovický les,100,0,7186172,100,7166c,2019-04-19,19,4,2019,CZ0624100,Milovický les,PP Na Cvičišti,0,1,ano,NA,0,NA,NA,NA,NA,1,CELKOVE_SUM,1,NA,NA,NA,NA,NA,NA,NA,NA,NA
48049675,10870106,Eriogaster catax,bourovec trnkový,Segl Jiří,19.04.2019,19.04.2019,7186172,PP Na Cvičišti,NA,Motýli,CZ0624100: Milovický les,100,0,7186172,100,7166c,2019-04-19,19,4,2019,CZ0624100,Milovický les,PP Na Cvičišti,0,1,ano,NA,0,NA,NA,NA,NA,NA,CELKOVE_SUM,1,NA,NA,NA,NA,NA,NA,NA,NA,NA
48049675,10870106,Eriogaster catax,bourovec trnkový,Segl Jiří,19.04.2019,19.04.2019,7186172,PP Na Cvičišti,NA,Motýli,CZ0624100: Milovický les,100,0,7186172,100,7166c,2019-04-19,19,4,2019,CZ0624100,Milovický les,PP Na Cvičišti,0,1,ano,NA,0,NA,NA,NA,NA,1,POP_POCETSUMLOKAL,21,min,10,hnízda housenek,ano,lok,NA,NA,alespoň 10 hnízda housenek,minmax
48049675,10870106,Eriogaster catax,bourovec trnkový,Segl Jiří,19.04.2019,19.04.2019,7186172,PP Na Cvičišti,NA,Motýli,CZ0624100: Milovický les,100,0,7186172,100,7166c,2019-04-19,19,4,2019,CZ0624100,Milovický les,PP Na Cvičišti,0,1,ano,NA,0,NA,NA,NA,NA,NA,STA_LIKVIDACE,NA,val,nezaznamenána,NA,ne,lok,NA,NA,nezaznamenána,val
48049676,10870107,Eriogaster catax,bourovec trnkový,Segl Jiří,19.04.2019,19.04.2019,7186173,PP Na Cvičišti,NA,Motýli,CZ0624100: Milovický les,100,0,7186173,100,7166c,2019-04-19,19,4,2019,CZ0624100,Milovický les,PP Na Cvičišti,0,1,ano,1,0,NA,NA,NA,1,1,CELKOVE_SUM,1,NA,NA,NA,NA,NA,NA,NA,NA,NA
48049676,10870107,Eriogaster catax,bourovec trnkový,Segl Jiří,19.04.2019,19.04.2019,7186173,PP Na Cvičišti,NA,Motýli,CZ0624100: Milovický les,100,0,7186173,100,7166c,2019-04-19,19,4,2019,CZ0624100,Milovický les,PP Na Cvičišti,0,1,ano,1,0,NA,NA,NA,1,NA,CELKOVE_SUM,1,NA,NA,NA,NA,NA,NA,NA,NA,NA
48049676,10870107,Eriogaster catax,bourovec trnkový,Segl Jiří,19.04.2019,19.04.2019,7186173,PP Na Cvičišti,NA,Motýli,CZ0624100: Milovický les,100,0,7186173,100,7166c,2019-04-19,19,4,2019,CZ0624100,Milovický les,PP Na Cvičišti,0,1,ano,1,0,NA,NA,NA,1,1,POP_POCETSUMLOKAL,21,min,10,hnízda housenek,ano,lok,NA,NA,alespoň 10 hnízda housenek,minmax
48049676,10870107,Eriogaster catax,bourovec trnkový,Segl Jiří,19.04.2019,19.04.2019,7186173,PP Na Cvičišti,NA,Motýli,CZ0624100: Milovický les,100,0,7186173,100,7166c,2019-04-19,19,4,2019,CZ0624100,Milovický les,PP Na Cvičišti,0,1,ano,1,0,NA,NA,NA,1,NA,STA_LIKVIDACE,NA,val,nezaznamenána,NA,ne,lok,NA,NA,nezaznamenána,val
48049677,10870108,Eriogaster catax,bourovec trnkový,Segl Jiří,19.04.2019,19.04.2019,7186174,PP Na Cvičišti,NA,Motýli,CZ0624100: Milovický les,100,0,7186174,100,7166c,2019-04-19,19,4,2019,CZ0624100,Milovický les,PP Na Cvičišti,0,1,ano,1,0,NA,NA,NA,1,1,CELKOVE_SUM,1,NA,NA,NA,NA,NA,NA,NA,NA,NA
48049677,10870108,Eriogaster catax,bourovec trnkový,Segl Jiří,19.04.2019,19.04.2019,7186174,PP Na Cvičišti,NA,Motýli,CZ0624100: Milovický les,100,0,7186174,100,7166c,2019-04-19,19,4,2019,CZ0624100,Milovický les,PP Na Cvičišti,0,1,ano,1,0,NA,NA,NA,1,NA,CELKOVE_SUM,1,NA,NA,NA,NA,NA,NA,NA,NA,NA
48049677,10870108,Eriogaster catax,bourovec trnkový,Segl Jiří,19.04.2019,19.04.2019,7186174,PP Na Cvičišti,NA,Motýli,CZ0624100: Milovický les,100,0,7186174,100,7166c,2019-04-19,19,4,2019,CZ0624100,Milovický les,PP Na Cvičišti,0,1,ano,1,0,NA,NA,NA,1,1,POP_POCETSUMLOKAL,21,min,10,hnízda housenek,ano,lok,NA,NA,alespoň 10 hnízda housenek,minmax
48049677,10870108,Eriogaster catax,bourovec trnkový,Segl Jiří,19.04.2019,19.04.2019,7186174,PP Na Cvičišti,NA,Motýli,CZ0624100: Milovický les,100,0,7186174,100,7166c,2019-04-19,19,4,2019,CZ0624100,Milovický les,PP Na Cvičišti,0,1,ano,1,0,NA,NA,NA,1,NA,STA_LIKVIDACE,NA,val,nezaznamenána,NA,ne,lok,NA,NA,nezaznamenána,val
48049678,10870109,Eriogaster catax,bourovec trnkový,Segl Jiří,19.04.2019,19.04.2019,7186175,PP Na Cvičišti,NA,Motýli,CZ0624100: Milovický les,100,0,7186175,100,7166c,2019-04-19,19,4,2019,CZ0624100,Milovický les,PP Na Cvičišti,0,1,ano,1,0,NA,NA,NA,1,1,CELKOVE_SUM,1,NA,NA,NA,NA,NA,NA,NA,NA,NA
48049678,10870109,Eriogaster catax,bourovec trnkový,Segl Jiří,19.04.2019,19.04.2019,7186175,PP Na Cvičišti,NA,Motýli,CZ0624100: Milovický les,100,0,7186175,100,7166c,2019-04-19,19,4,2019,CZ0624100,Milovický les,PP Na Cvičišti,0,1,ano,1,0,NA,NA,NA,1,NA,CELKOVE_SUM,1,NA,NA,NA,NA,NA,NA,NA,NA,NA
48049678,10870109,Eriogaster catax,bourovec trnkový,Segl Jiří,19.04.2019,19.04.2019,7186175,PP Na Cvičišti,NA,Motýli,CZ0624100: Milovický les,100,0,7186175,100,7166c,2019-04-19,19,4,2019,CZ0624100,Milovický les,PP Na Cvičišti,0,1,ano,1,0,NA,NA,NA,1,1,POP_POCETSUMLOKAL,21,min,10,hnízda housenek,ano,lok,NA,NA,alespoň 10 hnízda housenek,minmax
48049678,10870109,Eriogaster catax,bourovec trnkový,Segl Jiří,19.04.2019,19.04.2019,7186175,PP Na Cvičišti,NA,Motýli,CZ0624100: Milovický les,100,0,7186175,100,7166c,2019-04-19,19,4,2019,CZ0624100,Milovický les,PP Na Cvičišti,0,1,ano,1,0,NA,NA,NA,1,NA,STA_LIKVIDACE,NA,val,nezaznamenána,NA,ne,lok,NA,NA,nezaznamenána,val
48049679,10870110,Eriogaster catax,bourovec trnkový,Segl Jiří,19.04.2019,19.04.2019,7186176,PP Na Cvičišti,NA,Motýli,CZ0624100: Milovický les,100,0,7186176,100,7166c,2019-04-19,19,4,2019,CZ0624100,Milovický les,PP Na Cvičišti,0,1,ano,1,0,NA,NA,NA,1,1,CELKOVE_SUM,1,NA,NA,NA,NA,NA,NA,NA,NA,NA
48049679,10870110,Eriogaster catax,bourovec trnkový,Segl Jiří,19.04.2019,19.04.2019,7186176,PP Na Cvičišti,NA,Motýli,CZ0624100: Milovický les,100,0,7186176,100,7166c,2019-04-19,19,4,2019,CZ0624100,Milovický les,PP Na Cvičišti,0,1,ano,1,0,NA,NA,NA,1,NA,CELKOVE_SUM,1,NA,NA,NA,NA,NA,NA,NA,NA,NA
48049679,10870110,Eriogaster catax,bourovec trnkový,Segl Jiří,19.04.2019,19.04.2019,7186176,PP Na Cvičišti,NA,Motýli,CZ0624100: Milovický les,100,0,7186176,100,7166c,2019-04-19,19,4,2019,CZ0624100,Milovický les,PP Na Cvičišti,0,1,ano,1,0,NA,NA,NA,1,1,POP_POCETSUMLOKAL,21,min,10,hnízda housenek,ano,lok,NA,NA,alespoň 10 hnízda housenek,minmax
48049679,10870110,Eriogaster catax,bourovec trnkový,Segl Jiří,19.04.2019,19.04.2019,7186176,PP Na Cvičišti,NA,Motýli,CZ0624100: Milovický les,100,0,7186176,100,7166c,2019-04-19,19,4,2019,CZ0624100,Milovický les,PP Na Cvičišti,0,1,ano,1,0,NA,NA,NA,1,NA,STA_LIKVIDACE,NA,val,nezaznamenána,NA,ne,lok,NA,NA,nezaznamenána,val
48049680,10870111,Eriogaster catax,bourovec trnkový,Segl Jiří,19.04.2019,19.04.2019,7186177,PP Na Cvičišti,NA,Motýli,CZ0624100: Milovický les,100,0,7186177,100,7166c,2019-04-19,19,4,2019,CZ0624100,Milovický les,PP Na Cvičišti,0,1,ano,1,0,NA,NA,NA,1,1,CELKOVE_SUM,1,NA,NA,NA,NA,NA,NA,NA,NA,NA
48049680,10870111,Eriogaster catax,bourovec trnkový,Segl Jiří,19.04.2019,19.04.2019,7186177,PP Na Cvičišti,NA,Motýli,CZ0624100: Milovický les,100,0,7186177,100,7166c,2019-04-19,19,4,2019,CZ0624100,Milovický les,PP Na Cvičišti,0,1,ano,1,0,NA,NA,NA,1,NA,CELKOVE_SUM,1,NA,NA,NA,NA,NA,NA,NA,NA,NA
48049680,10870111,Eriogaster catax,bourovec trnkový,Segl Jiří,19.04.2019,19.04.2019,7186177,PP Na Cvičišti,NA,Motýli,CZ0624100: Milovický les,100,0,7186177,100,7166c,2019-04-19,19,4,2019,CZ0624100,Milovický les,PP Na Cvičišti,0,1,ano,1,0,NA,NA,NA,1,1,POP_POCETSUMLOKAL,21,min,10,hnízda housenek,ano,lok,NA,NA,alespoň 10 hnízda housenek,minmax
48049680,10870111,Eriogaster catax,bourovec trnkový,Segl Jiří,19.04.2019,19.04.2019,7186177,PP Na Cvičišti,NA,Motýli,CZ0624100: Milovický les,100,0,7186177,100,7166c,2019-04-19,19,4,2019,CZ0624100,Milovický les,PP Na Cvičišti,0,1,ano,1,0,NA,NA,NA,1,NA,STA_LIKVIDACE,NA,val,nezaznamenána,NA,ne,lok,NA,NA,nezaznamenána,val
48049681,10870112,Eriogaster catax,bourovec trnkový,Segl Jiří,19.04.2019,19.04.2019,7186178,PP Na Cvičišti,NA,Motýli,CZ0624100: Milovický les,100,0,7186178,100,7166c,2019-04-19,19,4,2019,CZ0624100,Milovický les,PP Na Cvičišti,0,1,ano,1,0,NA,NA,NA,1,1,CELKOVE_SUM,1,NA,NA,NA,NA,NA,NA,NA,NA,NA
48049681,10870112,Eriogaster catax,bourovec trnkový,Segl Jiří,19.04.2019,19.04.2019,7186178,PP Na Cvičišti,NA,Motýli,CZ0624100: Milovický les,100,0,7186178,100,7166c,2019-04-19,19,4,2019,CZ0624100,Milovický les,PP Na Cvičišti,0,1,ano,1,0,NA,NA,NA,1,NA,CELKOVE_SUM,1,NA,NA,NA,NA,NA,NA,NA,NA,NA
48049681,10870112,Eriogaster catax,bourovec trnkový,Segl Jiří,19.04.2019,19.04.2019,7186178,PP Na Cvičišti,NA,Motýli,CZ0624100: Milovický les,100,0,7186178,100,7166c,2019-04-19,19,4,2019,CZ0624100,Milovický les,PP Na Cvičišti,0,1,ano,1,0,NA,NA,NA,1,1,POP_POCETSUMLOKAL,21,min,10,hnízda housenek,ano,lok,NA,NA,alespoň 10 hnízda housenek,minmax
48049681,10870112,Eriogaster catax,bourovec trnkový,Segl Jiří,19.04.2019,19.04.2019,7186178,PP Na Cvičišti,NA,Motýli,CZ0624100: Milovický les,100,0,7186178,100,7166c,2019-04-19,19,4,2019,CZ0624100,Milovický les,PP Na Cvičišti,0,1,ano,1,0,NA,NA,NA,1,NA,STA_LIKVIDACE,NA,val,nezaznamenána,NA,ne,lok,NA,NA,nezaznamenána,val
48049682,10870113,Eriogaster catax,bourovec trnkový,Segl Jiří,19.04.2019,19.04.2019,7186179,PP Na Cvičišti,NA,Motýli,CZ0624100: Milovický les,100,0,7186179,100,7166c,2019-04-19,19,4,2019,CZ0624100,Milovický les,PP Na Cvičišti,0,1,ano,1,0,NA,NA,NA,1,1,CELKOVE_SUM,1,NA,NA,NA,NA,NA,NA,NA,NA,NA
48049682,10870113,Eriogaster catax,bourovec trnkový,Segl Jiří,19.04.2019,19.04.2019,7186179,PP Na Cvičišti,NA,Motýli,CZ0624100: Milovický les,100,0,7186179,100,7166c,2019-04-19,19,4,2019,CZ0624100,Milovický les,PP Na Cvičišti,0,1,ano,1,0,NA,NA,NA,1,NA,CELKOVE_SUM,1,NA,NA,NA,NA,NA,NA,NA,NA,NA
48049682,10870113,Eriogaster catax,bourovec trnkový,Segl Jiří,19.04.2019,19.04.2019,7186179,PP Na Cvičišti,NA,Motýli,CZ0624100: Milovický les,100,0,7186179,100,7166c,2019-04-19,19,4,2019,CZ0624100,Milovický les,PP Na Cvičišti,0,1,ano,1,0,NA,NA,NA,1,1,POP_POCETSUMLOKAL,21,min,10,hnízda housenek,ano,lok,NA,NA,alespoň 10 hnízda housenek,minmax
48049682,10870113,Eriogaster catax,bourovec trnkový,Segl Jiří,19.04.2019,19.04.2019,7186179,PP Na Cvičišti,NA,Motýli,CZ0624100: Milovický les,100,0,7186179,100,7166c,2019-04-19,19,4,2019,CZ0624100,Milovický les,PP Na Cvičišti,0,1,ano,1,0,NA,NA,NA,1,NA,STA_LIKVIDACE,NA,val,nezaznamenána,NA,ne,lok,NA,NA,nezaznamenána,val
48049683,10870114,Eriogaster catax,bourovec trnkový,Segl Jiří,19.04.2019,19.04.2019,7186180,PP Na Cvičišti,NA,Motýli,CZ0624100: Milovický les,100,0,7186180,100,7166c,2019-04-19,19,4,2019,CZ0624100,Milovický les,PP Na Cvičišti,0,1,ano,1,0,NA,NA,NA,1,1,CELKOVE_SUM,1,NA,NA,NA,NA,NA,NA,NA,NA,NA
48049683,10870114,Eriogaster catax,bourovec trnkový,Segl Jiří,19.04.2019,19.04.2019,7186180,PP Na Cvičišti,NA,Motýli,CZ0624100: Milovický les,100,0,7186180,100,7166c,2019-04-19,19,4,2019,CZ0624100,Milovický les,PP Na Cvičišti,0,1,ano,1,0,NA,NA,NA,1,NA,CELKOVE_SUM,1,NA,NA,NA,NA,NA,NA,NA,NA,NA
48049683,10870114,Eriogaster catax,bourovec trnkový,Segl Jiří,19.04.2019,19.04.2019,7186180,PP Na Cvičišti,NA,Motýli,CZ0624100: Milovický les,100,0,7186180,100,7166c,2019-04-19,19,4,2019,CZ0624100,Milovický les,PP Na Cvičišti,0,1,ano,1,0,NA,NA,NA,1,1,POP_POCETSUMLOKAL,21,min,10,hnízda housenek,ano,lok,NA,NA,alespoň 10 hnízda housenek,minmax
48049683,10870114,Eriogaster catax,bourovec trnkový,Segl Jiří,19.04.2019,19.04.2019,7186180,PP Na Cvičišti,NA,Motýli,CZ0624100: Milovický les,100,0,7186180,100,7166c,2019-04-19,19,4,2019,CZ0624100,Milovický les,PP Na Cvičišti,0,1,ano,1,0,NA,NA,NA,1,NA,STA_LIKVIDACE,NA,val,nezaznamenána,NA,ne,lok,NA,NA,nezaznamenána,val
48049684,10870115,Eriogaster catax,bourovec trnkový,Segl Jiří,19.04.2019,19.04.2019,7186181,PP Na Cvičišti,NA,Motýli,CZ0624100: Milovický les,100,0,7186181,100,7166c,2019-04-19,19,4,2019,CZ0624100,Milovický les,PP Na Cvičišti,0,1,ano,1,0,NA,NA,NA,1,1,CELKOVE_SUM,1,NA,NA,NA,NA,NA,NA,NA,NA,NA
48049684,10870115,Eriogaster catax,bourovec trnkový,Segl Jiří,19.04.2019,19.04.2019,7186181,PP Na Cvičišti,NA,Motýli,CZ0624100: Milovický les,100,0,7186181,100,7166c,2019-04-19,19,4,2019,CZ0624100,Milovický les,PP Na Cvičišti,0,1,ano,1,0,NA,NA,NA,1,NA,CELKOVE_SUM,1,NA,NA,NA,NA,NA,NA,NA,NA,NA
48049684,10870115,Eriogaster catax,bourovec trnkový,Segl Jiří,19.04.2019,19.04.2019,7186181,PP Na Cvičišti,NA,Motýli,CZ0624100: Milovický les,100,0,7186181,100,7166c,2019-04-19,19,4,2019,CZ0624100,Milovický les,PP Na Cvičišti,0,1,ano,1,0,NA,NA,NA,1,1,POP_POCETSUMLOKAL,21,min,10,hnízda housenek,ano,lok,NA,NA,alespoň 10 hnízda housenek,minmax
48049684,10870115,Eriogaster catax,bourovec trnkový,Segl Jiří,19.04.2019,19.04.2019,7186181,PP Na Cvičišti,NA,Motýli,CZ0624100: Milovický les,100,0,7186181,100,7166c,2019-04-19,19,4,2019,CZ0624100,Milovický les,PP Na Cvičišti,0,1,ano,1,0,NA,NA,NA,1,NA,STA_LIKVIDACE,NA,val,nezaznamenána,NA,ne,lok,NA,NA,nezaznamenána,val
48049685,10870116,Eriogaster catax,bourovec trnkový,Segl Jiří,19.04.2019,19.04.2019,7186182,PP Na Cvičišti,NA,Motýli,CZ0624100: Milovický les,100,0,7186182,100,7166c,2019-04-19,19,4,2019,CZ0624100,Milovický les,PP Na Cvičišti,0,1,ano,1,0,NA,NA,NA,1,1,CELKOVE_SUM,1,NA,NA,NA,NA,NA,NA,NA,NA,NA
48049685,10870116,Eriogaster catax,bourovec trnkový,Segl Jiří,19.04.2019,19.04.2019,7186182,PP Na Cvičišti,NA,Motýli,CZ0624100: Milovický les,100,0,7186182,100,7166c,2019-04-19,19,4,2019,CZ0624100,Milovický les,PP Na Cvičišti,0,1,ano,1,0,NA,NA,NA,1,NA,CELKOVE_SUM,1,NA,NA,NA,NA,NA,NA,NA,NA,NA
48049685,10870116,Eriogaster catax,bourovec trnkový,Segl Jiří,19.04.2019,19.04.2019,7186182,PP Na Cvičišti,NA,Motýli,CZ0624100: Milovický les,100,0,7186182,100,7166c,2019-04-19,19,4,2019,CZ0624100,Milovický les,PP Na Cvičišti,0,1,ano,1,0,NA,NA,NA,1,1,POP_POCETSUMLOKAL,21,min,10,hnízda housenek,ano,lok,NA,NA,alespoň 10 hnízda housenek,minmax
48049685,10870116,Eriogaster catax,bourovec trnkový,Segl Jiří,19.04.2019,19.04.2019,7186182,PP Na Cvičišti,NA,Motýli,CZ0624100: Milovický les,100,0,7186182,100,7166c,2019-04-19,19,4,2019,CZ0624100,Milovický les,PP Na Cvičišti,0,1,ano,1,0,NA,NA,NA,1,NA,STA_LIKVIDACE,NA,val,nezaznamenána,NA,ne,lok,NA,NA,nezaznamenána,val
48049686,10870117,Eriogaster catax,bourovec trnkový,Segl Jiří,19.04.2019,19.04.2019,7186183,PP Na Cvičišti,NA,Motýli,CZ0624100: Milovický les,100,0,7186183,100,7166c,2019-04-19,19,4,2019,CZ0624100,Milovický les,PP Na Cvičišti,0,1,ano,1,0,NA,NA,NA,1,1,CELKOVE_SUM,1,NA,NA,NA,NA,NA,NA,NA,NA,NA
48049686,10870117,Eriogaster catax,bourovec trnkový,Segl Jiří,19.04.2019,19.04.2019,7186183,PP Na Cvičišti,NA,Motýli,CZ0624100: Milovický les,100,0,7186183,100,7166c,2019-04-19,19,4,2019,CZ0624100,Milovický les,PP Na Cvičišti,0,1,ano,1,0,NA,NA,NA,1,NA,CELKOVE_SUM,1,NA,NA,NA,NA,NA,NA,NA,NA,NA
48049686,10870117,Eriogaster catax,bourovec trnkový,Segl Jiří,19.04.2019,19.04.2019,7186183,PP Na Cvičišti,NA,Motýli,CZ0624100: Milovický les,100,0,7186183,100,7166c,2019-04-19,19,4,2019,CZ0624100,Milovický les,PP Na Cvičišti,0,1,ano,1,0,NA,NA,NA,1,1,POP_POCETSUMLOKAL,21,min,10,hnízda housenek,ano,lok,NA,NA,alespoň 10 hnízda housenek,minmax
48049686,10870117,Eriogaster catax,bourovec trnkový,Segl Jiří,19.04.2019,19.04.2019,7186183,PP Na Cvičišti,NA,Motýli,CZ0624100: Milovický les,100,0,7186183,100,7166c,2019-04-19,19,4,2019,CZ0624100,Milovický les,PP Na Cvičišti,0,1,ano,1,0,NA,NA,NA,1,NA,STA_LIKVIDACE,NA,val,nezaznamenána,NA,ne,lok,NA,NA,nezaznamenána,val
48049687,10870118,Eriogaster catax,bourovec trnkový,Segl Jiří,19.04.2019,19.04.2019,7186184,PP Na Cvičišti,NA,Motýli,CZ0624100: Milovický les,100,0,7186184,100,7166c,2019-04-19,19,4,2019,CZ0624100,Milovický les,PP Na Cvičišti,0,1,ano,1,0,NA,NA,NA,1,1,CELKOVE_SUM,1,NA,NA,NA,NA,NA,NA,NA,NA,NA
48049687,10870118,Eriogaster catax,bourovec trnkový,Segl Jiří,19.04.2019,19.04.2019,7186184,PP Na Cvičišti,NA,Motýli,CZ0624100: Milovický les,100,0,7186184,100,7166c,2019-04-19,19,4,2019,CZ0624100,Milovický les,PP Na Cvičišti,0,1,ano,1,0,NA,NA,NA,1,NA,CELKOVE_SUM,1,NA,NA,NA,NA,NA,NA,NA,NA,NA
48049687,10870118,Eriogaster catax,bourovec trnkový,Segl Jiří,19.04.2019,19.04.2019,7186184,PP Na Cvičišti,NA,Motýli,CZ0624100: Milovický les,100,0,7186184,100,7166c,2019-04-19,19,4,2019,CZ0624100,Milovický les,PP Na Cvičišti,0,1,ano,1,0,NA,NA,NA,1,1,POP_POCETSUMLOKAL,21,min,10,hnízda housenek,ano,lok,NA,NA,alespoň 10 hnízda housenek,minmax
48049687,10870118,Eriogaster catax,bourovec trnkový,Segl Jiří,19.04.2019,19.04.2019,7186184,PP Na Cvičišti,NA,Motýli,CZ0624100: Milovický les,100,0,7186184,100,7166c,2019-04-19,19,4,2019,CZ0624100,Milovický les,PP Na Cvičišti,0,1,ano,1,0,NA,NA,NA,1,NA,STA_LIKVIDACE,NA,val,nezaznamenána,NA,ne,lok,NA,NA,nezaznamenána,val
48049688,10870119,Eriogaster catax,bourovec trnkový,Segl Jiří,19.04.2019,19.04.2019,7186185,PP Na Cvičišti,NA,Motýli,CZ0624100: Milovický les,100,0,7186185,100,7166c,2019-04-19,19,4,2019,CZ0624100,Milovický les,PP Na Cvičišti,0,1,ano,1,0,NA,NA,NA,1,1,CELKOVE_SUM,1,NA,NA,NA,NA,NA,NA,NA,NA,NA
48049688,10870119,Eriogaster catax,bourovec trnkový,Segl Jiří,19.04.2019,19.04.2019,7186185,PP Na Cvičišti,NA,Motýli,CZ0624100: Milovický les,100,0,7186185,100,7166c,2019-04-19,19,4,2019,CZ0624100,Milovický les,PP Na Cvičišti,0,1,ano,1,0,NA,NA,NA,1,NA,CELKOVE_SUM,1,NA,NA,NA,NA,NA,NA,NA,NA,NA
48049688,10870119,Eriogaster catax,bourovec trnkový,Segl Jiří,19.04.2019,19.04.2019,7186185,PP Na Cvičišti,NA,Motýli,CZ0624100: Milovický les,100,0,7186185,100,7166c,2019-04-19,19,4,2019,CZ0624100,Milovický les,PP Na Cvičišti,0,1,ano,1,0,NA,NA,NA,1,1,POP_POCETSUMLOKAL,21,min,10,hnízda housenek,ano,lok,NA,NA,alespoň 10 hnízda housenek,minmax
48049688,10870119,Eriogaster catax,bourovec trnkový,Segl Jiří,19.04.2019,19.04.2019,7186185,PP Na Cvičišti,NA,Motýli,CZ0624100: Milovický les,100,0,7186185,100,7166c,2019-04-19,19,4,2019,CZ0624100,Milovický les,PP Na Cvičišti,0,1,ano,1,0,NA,NA,NA,1,NA,STA_LIKVIDACE,NA,val,nezaznamenána,NA,ne,lok,NA,NA,nezaznamenána,val
48049689,10870120,Eriogaster catax,bourovec trnkový,Segl Jiří,19.04.2019,19.04.2019,7186186,PP Na Cvičišti,NA,Motýli,CZ0624100: Milovický les,100,0,7186186,100,7166c,2019-04-19,19,4,2019,CZ0624100,Milovický les,PP Na Cvičišti,0,1,ano,1,0,NA,NA,NA,1,1,CELKOVE_SUM,1,NA,NA,NA,NA,NA,NA,NA,NA,NA
48049689,10870120,Eriogaster catax,bourovec trnkový,Segl Jiří,19.04.2019,19.04.2019,7186186,PP Na Cvičišti,NA,Motýli,CZ0624100: Milovický les,100,0,7186186,100,7166c,2019-04-19,19,4,2019,CZ0624100,Milovický les,PP Na Cvičišti,0,1,ano,1,0,NA,NA,NA,1,NA,CELKOVE_SUM,1,NA,NA,NA,NA,NA,NA,NA,NA,NA
48049689,10870120,Eriogaster catax,bourovec trnkový,Segl Jiří,19.04.2019,19.04.2019,7186186,PP Na Cvičišti,NA,Motýli,CZ0624100: Milovický les,100,0,7186186,100,7166c,2019-04-19,19,4,2019,CZ0624100,Milovický les,PP Na Cvičišti,0,1,ano,1,0,NA,NA,NA,1,1,POP_POCETSUMLOKAL,21,min,10,hnízda housenek,ano,lok,NA,NA,alespoň 10 hnízda housenek,minmax
48049689,10870120,Eriogaster catax,bourovec trnkový,Segl Jiří,19.04.2019,19.04.2019,7186186,PP Na Cvičišti,NA,Motýli,CZ0624100: Milovický les,100,0,7186186,100,7166c,2019-04-19,19,4,2019,CZ0624100,Milovický les,PP Na Cvičišti,0,1,ano,1,0,NA,NA,NA,1,NA,STA_LIKVIDACE,NA,val,nezaznamenána,NA,ne,lok,NA,NA,nezaznamenána,val
48801061,11078320,Eriogaster catax,bourovec trnkový,Segl Jiří,18.04.2020,18.04.2020,7377649,Mikulov - Mikulov na Moravě,NA,Motýli,CZ0624100: Milovický les,100,0,7377649,100,7166c,2020-04-18,18,4,2020,CZ0624100,Milovický les,Mikulov - Mikulov na Moravě,0,1,ano,1,0,NA,NA,NA,1,0,CELKOVE_SUM,0,NA,NA,NA,NA,NA,NA,NA,NA,NA
48801061,11078320,Eriogaster catax,bourovec trnkový,Segl Jiří,18.04.2020,18.04.2020,7377649,Mikulov - Mikulov na Moravě,NA,Motýli,CZ0624100: Milovický les,100,0,7377649,100,7166c,2020-04-18,18,4,2020,CZ0624100,Milovický les,Mikulov - Mikulov na Moravě,0,1,ano,1,0,NA,NA,NA,1,NA,CELKOVE_SUM,0,NA,NA,NA,NA,NA,NA,NA,NA,NA
48801061,11078320,Eriogaster catax,bourovec trnkový,Segl Jiří,18.04.2020,18.04.2020,7377649,Mikulov - Mikulov na Moravě,NA,Motýli,CZ0624100: Milovický les,100,0,7377649,100,7166c,2020-04-18,18,4,2020,CZ0624100,Milovický les,Mikulov - Mikulov na Moravě,0,1,ano,1,0,NA,NA,NA,1,0,POP_POCETSUMLOKAL,1,min,10,hnízda housenek,ano,lok,NA,NA,alespoň 10 hnízda housenek,minmax
48801061,11078320,Eriogaster catax,bourovec trnkový,Segl Jiří,18.04.2020,18.04.2020,7377649,Mikulov - Mikulov na Moravě,NA,Motýli,CZ0624100: Milovický les,100,0,7377649,100,7166c,2020-04-18,18,4,2020,CZ0624100,Milovický les,Mikulov - Mikulov na Moravě,0,1,ano,1,0,NA,NA,NA,1,NA,STA_LIKVIDACE,NA,val,nezaznamenána,NA,ne,lok,NA,NA,nezaznamenána,val
48813723,11080830,Eriogaster catax,bourovec trnkový,Dítě Petr,23.04.2020,23.04.2020,7381540,"NP Podyjí, Čížov - Na Keplech",NA,Motýli,CZ0624096: Podyjí,100,0,7381540,100,7161a,2020-04-23,23,4,2020,CZ0624096,Podyjí,"NP Podyjí, Čížov - Na Keplech",0,1,ano,1,0,NA,NA,NA,1,0,CELKOVE_SUM,0,NA,NA,NA,NA,NA,NA,NA,NA,NA
48813723,11080830,Eriogaster catax,bourovec trnkový,Dítě Petr,23.04.2020,23.04.2020,7381540,"NP Podyjí, Čížov - Na Keplech",NA,Motýli,CZ0624096: Podyjí,100,0,7381540,100,7161a,2020-04-23,23,4,2020,CZ0624096,Podyjí,"NP Podyjí, Čížov - Na Keplech",0,1,ano,1,0,NA,NA,NA,1,NA,CELKOVE_SUM,0,NA,NA,NA,NA,NA,NA,NA,NA,NA
48813723,11080830,Eriogaster catax,bourovec trnkový,Dítě Petr,23.04.2020,23.04.2020,7381540,"NP Podyjí, Čížov - Na Keplech",NA,Motýli,CZ0624096: Podyjí,100,0,7381540,100,7161a,2020-04-23,23,4,2020,CZ0624096,Podyjí,"NP Podyjí, Čížov - Na Keplech",0,1,ano,1,0,NA,NA,NA,1,0,POP_POCETSUMLOKAL,1,min,10,hnízda housenek,ano,lok,NA,NA,alespoň 10 hnízda housenek,minmax
48813723,11080830,Eriogaster catax,bourovec trnkový,Dítě Petr,23.04.2020,23.04.2020,7381540,"NP Podyjí, Čížov - Na Keplech",NA,Motýli,CZ0624096: Podyjí,100,0,7381540,100,7161a,2020-04-23,23,4,2020,CZ0624096,Podyjí,"NP Podyjí, Čížov - Na Keplech",0,1,ano,1,0,NA,NA,NA,1,NA,STA_LIKVIDACE,NA,val,nezaznamenána,NA,ne,lok,NA,NA,nezaznamenána,val
48818308,11082504,Eriogaster catax,bourovec trnkový,Hrnčíř Jan,15.04.2020,15.04.2020,7384855,NPP Dunajovické kopce,NA,Motýli,CZ0622218: Dunajovické kopce,100,0,7384855,100,7165a,2020-04-15,15,4,2020,CZ0622218,Dunajovické kopce,NPP Dunajovické kopce,0,1,ano,6,0,NA,NA,NA,1,0,CELKOVE_SUM,0,NA,NA,NA,NA,NA,NA,NA,NA,NA
48818308,11082504,Eriogaster catax,bourovec trnkový,Hrnčíř Jan,15.04.2020,15.04.2020,7384855,NPP Dunajovické kopce,NA,Motýli,CZ0622218: Dunajovické kopce,100,0,7384855,100,7165a,2020-04-15,15,4,2020,CZ0622218,Dunajovické kopce,NPP Dunajovické kopce,0,1,ano,6,0,NA,NA,NA,1,NA,CELKOVE_SUM,0,NA,NA,NA,NA,NA,NA,NA,NA,NA
48818308,11082504,Eriogaster catax,bourovec trnkový,Hrnčíř Jan,15.04.2020,15.04.2020,7384855,NPP Dunajovické kopce,NA,Motýli,CZ0622218: Dunajovické kopce,100,0,7384855,100,7165a,2020-04-15,15,4,2020,CZ0622218,Dunajovické kopce,NPP Dunajovické kopce,0,1,ano,6,0,NA,NA,NA,1,0,POP_POCETSUMLOKAL,6,min,10,hnízda housenek,ano,lok,NA,NA,alespoň 10 hnízda housenek,minmax
48818308,11082504,Eriogaster catax,bourovec trnkový,Hrnčíř Jan,15.04.2020,15.04.2020,7384855,NPP Dunajovické kopce,NA,Motýli,CZ0622218: Dunajovické kopce,100,0,7384855,100,7165a,2020-04-15,15,4,2020,CZ0622218,Dunajovické kopce,NPP Dunajovické kopce,0,1,ano,6,0,NA,NA,NA,1,NA,STA_LIKVIDACE,NA,val,nezaznamenána,NA,ne,lok,NA,NA,nezaznamenána,val
48818323,11082581,Eriogaster catax,bourovec trnkový,Hrnčíř Jan,17.04.2020,17.04.2020,7384933,Sedlec-PP Skalky u Sedlece,NA,Motýli,CZ0620048: Skalky u Sedlece,100,0,7384933,100,7266a,2020-04-17,17,4,2020,CZ0620048,Skalky u Sedlece,Sedlec-PP Skalky u Sedlece,0,1,ano,3,0,NA,NA,NA,1,0,CELKOVE_SUM,0,NA,NA,NA,NA,NA,NA,NA,NA,NA
48818323,11082581,Eriogaster catax,bourovec trnkový,Hrnčíř Jan,17.04.2020,17.04.2020,7384933,Sedlec-PP Skalky u Sedlece,NA,Motýli,CZ0620048: Skalky u Sedlece,100,0,7384933,100,7266a,2020-04-17,17,4,2020,CZ0620048,Skalky u Sedlece,Sedlec-PP Skalky u Sedlece,0,1,ano,3,0,NA,NA,NA,1,NA,CELKOVE_SUM,0,NA,NA,NA,NA,NA,NA,NA,NA,NA
48818323,11082581,Eriogaster catax,bourovec trnkový,Hrnčíř Jan,17.04.2020,17.04.2020,7384933,Sedlec-PP Skalky u Sedlece,NA,Motýli,CZ0620048: Skalky u Sedlece,100,0,7384933,100,7266a,2020-04-17,17,4,2020,CZ0620048,Skalky u Sedlece,Sedlec-PP Skalky u Sedlece,0,1,ano,3,0,NA,NA,NA,1,0,POP_POCETSUMLOKAL,3,min,10,hnízda housenek,ano,lok,NA,NA,alespoň 10 hnízda housenek,minmax
48818323,11082581,Eriogaster catax,bourovec trnkový,Hrnčíř Jan,17.04.2020,17.04.2020,7384933,Sedlec-PP Skalky u Sedlece,NA,Motýli,CZ0620048: Skalky u Sedlece,100,0,7384933,100,7266a,2020-04-17,17,4,2020,CZ0620048,Skalky u Sedlece,Sedlec-PP Skalky u Sedlece,0,1,ano,3,0,NA,NA,NA,1,NA,STA_LIKVIDACE,NA,val,nezaznamenána,NA,ne,lok,NA,NA,nezaznamenána,val
48818339,11082506,Eriogaster catax,bourovec trnkový,Hrnčíř Jan,21.04.2020,21.04.2020,7384857,Lanžhot-Lány,NA,Motýli,CZ0624119: Soutok - Podluží,100,0,7384857,100,7267d,2020-04-21,21,4,2020,CZ0624119,Soutok - Podluží,Lanžhot-Lány,0,1,ano,NA,0,NA,NA,NA,NA,0,CELKOVE_SUM,0,NA,NA,NA,NA,NA,NA,NA,NA,NA
48818339,11082506,Eriogaster catax,bourovec trnkový,Hrnčíř Jan,21.04.2020,21.04.2020,7384857,Lanžhot-Lány,NA,Motýli,CZ0624119: Soutok - Podluží,100,0,7384857,100,7267d,2020-04-21,21,4,2020,CZ0624119,Soutok - Podluží,Lanžhot-Lány,0,1,ano,NA,0,NA,NA,NA,NA,NA,CELKOVE_SUM,0,NA,NA,NA,NA,NA,NA,NA,NA,NA
48818339,11082506,Eriogaster catax,bourovec trnkový,Hrnčíř Jan,21.04.2020,21.04.2020,7384857,Lanžhot-Lány,NA,Motýli,CZ0624119: Soutok - Podluží,100,0,7384857,100,7267d,2020-04-21,21,4,2020,CZ0624119,Soutok - Podluží,Lanžhot-Lány,0,1,ano,NA,0,NA,NA,NA,NA,0,POP_POCETSUMLOKAL,0,min,10,hnízda housenek,ano,lok,NA,NA,alespoň 10 hnízda housenek,minmax
48818339,11082506,Eriogaster catax,bourovec trnkový,Hrnčíř Jan,21.04.2020,21.04.2020,7384857,Lanžhot-Lány,NA,Motýli,CZ0624119: Soutok - Podluží,100,0,7384857,100,7267d,2020-04-21,21,4,2020,CZ0624119,Soutok - Podluží,Lanžhot-Lány,0,1,ano,NA,0,NA,NA,NA,NA,NA,STA_LIKVIDACE,NA,val,nezaznamenána,NA,ne,lok,NA,NA,nezaznamenána,val
49915086,11228065,Eriogaster catax,bourovec trnkový,Kopeček František,16.04.2020,16.04.2020,7583509,"54, Horní Němčí",NA,Motýli,CZ0724090: Bílé Karpaty,100,0,7583509,100,7071d,2020-04-16,16,4,2020,CZ0724090,Bílé Karpaty,"54, Horní Němčí",0,1,ano,80,0,NA,NA,NA,3,1,CELKOVE_SUM,1,NA,NA,NA,NA,NA,NA,NA,NA,NA
49915086,11228065,Eriogaster catax,bourovec trnkový,Kopeček František,16.04.2020,16.04.2020,7583509,"54, Horní Němčí",NA,Motýli,CZ0724090: Bílé Karpaty,100,0,7583509,100,7071d,2020-04-16,16,4,2020,CZ0724090,Bílé Karpaty,"54, Horní Němčí",0,1,ano,80,0,NA,NA,NA,3,NA,CELKOVE_SUM,1,NA,NA,NA,NA,NA,NA,NA,NA,NA
49915086,11228065,Eriogaster catax,bourovec trnkový,Kopeček František,16.04.2020,16.04.2020,7583509,"54, Horní Němčí",NA,Motýli,CZ0724090: Bílé Karpaty,100,0,7583509,100,7071d,2020-04-16,16,4,2020,CZ0724090,Bílé Karpaty,"54, Horní Němčí",0,1,ano,80,0,NA,NA,NA,3,1,POP_POCETSUMLOKAL,80,min,10,hnízda housenek,ano,lok,NA,NA,alespoň 10 hnízda housenek,minmax
49915086,11228065,Eriogaster catax,bourovec trnkový,Kopeček František,16.04.2020,16.04.2020,7583509,"54, Horní Němčí",NA,Motýli,CZ0724090: Bílé Karpaty,100,0,7583509,100,7071d,2020-04-16,16,4,2020,CZ0724090,Bílé Karpaty,"54, Horní Němčí",0,1,ano,80,0,NA,NA,NA,3,NA,STA_LIKVIDACE,NA,val,nezaznamenána,NA,ne,lok,NA,NA,nezaznamenána,val
49915196,11228134,Eriogaster catax,bourovec trnkový,Kopeček František,12.04.2020,12.04.2020,7583578,Kněždub,NA,Motýli,CZ0624072: Čertoryje,100,0,7583578,100,7170a,2020-04-12,12,4,2020,CZ0624072,Čertoryje,Kněždub,0,1,ano,1,0,NA,NA,NA,1,0,CELKOVE_SUM,0,NA,NA,NA,NA,NA,NA,NA,NA,NA
49915196,11228134,Eriogaster catax,bourovec trnkový,Kopeček František,12.04.2020,12.04.2020,7583578,Kněždub,NA,Motýli,CZ0624072: Čertoryje,100,0,7583578,100,7170a,2020-04-12,12,4,2020,CZ0624072,Čertoryje,Kněždub,0,1,ano,1,0,NA,NA,NA,1,NA,CELKOVE_SUM,0,NA,NA,NA,NA,NA,NA,NA,NA,NA
49915196,11228134,Eriogaster catax,bourovec trnkový,Kopeček František,12.04.2020,12.04.2020,7583578,Kněždub,NA,Motýli,CZ0624072: Čertoryje,100,0,7583578,100,7170a,2020-04-12,12,4,2020,CZ0624072,Čertoryje,Kněždub,0,1,ano,1,0,NA,NA,NA,1,0,POP_POCETSUMLOKAL,1,min,10,hnízda housenek,ano,lok,NA,NA,alespoň 10 hnízda housenek,minmax
49915196,11228134,Eriogaster catax,bourovec trnkový,Kopeček František,12.04.2020,12.04.2020,7583578,Kněždub,NA,Motýli,CZ0624072: Čertoryje,100,0,7583578,100,7170a,2020-04-12,12,4,2020,CZ0624072,Čertoryje,Kněždub,0,1,ano,1,0,NA,NA,NA,1,NA,STA_LIKVIDACE,NA,val,nezaznamenána,NA,ne,lok,NA,NA,nezaznamenána,val
49915282,11228171,Eriogaster catax,bourovec trnkový,Kopeček František,21.04.2020,21.04.2020,7583615,Újezdec,NA,Motýli,CZ0724087: Újezdecký les,100,0,7583615,100,6972c,2020-04-21,21,4,2020,CZ0724087,Újezdecký les,Újezdec,0,1,ano,5,0,NA,NA,NA,1,0,CELKOVE_SUM,0,NA,NA,NA,NA,NA,NA,NA,NA,NA
49915282,11228171,Eriogaster catax,bourovec trnkový,Kopeček František,21.04.2020,21.04.2020,7583615,Újezdec,NA,Motýli,CZ0724087: Újezdecký les,100,0,7583615,100,6972c,2020-04-21,21,4,2020,CZ0724087,Újezdecký les,Újezdec,0,1,ano,5,0,NA,NA,NA,1,NA,CELKOVE_SUM,0,NA,NA,NA,NA,NA,NA,NA,NA,NA
49915282,11228171,Eriogaster catax,bourovec trnkový,Kopeček František,21.04.2020,21.04.2020,7583615,Újezdec,NA,Motýli,CZ0724087: Újezdecký les,100,0,7583615,100,6972c,2020-04-21,21,4,2020,CZ0724087,Újezdecký les,Újezdec,0,1,ano,5,0,NA,NA,NA,1,0,POP_POCETSUMLOKAL,5,min,10,hnízda housenek,ano,lok,NA,NA,alespoň 10 hnízda housenek,minmax
49915282,11228171,Eriogaster catax,bourovec trnkový,Kopeček František,21.04.2020,21.04.2020,7583615,Újezdec,NA,Motýli,CZ0724087: Újezdecký les,100,0,7583615,100,6972c,2020-04-21,21,4,2020,CZ0724087,Újezdecký les,Újezdec,0,1,ano,5,0,NA,NA,NA,1,NA,STA_LIKVIDACE,NA,val,nezaznamenána,NA,ne,lok,NA,NA,nezaznamenána,val
51005129,11466157,Eriogaster catax,bourovec trnkový,Hrouzek Martin,06.05.2021,06.05.2021,7863390,Nová Lhota,NA,Motýli,CZ0724090: Bílé Karpaty,100,0,7863390,100,7171b,2021-05-06,6,5,2021,CZ0724090,Bílé Karpaty,Nová Lhota,0,1,ano,1,0,NA,NA,NA,1,0,CELKOVE_SUM,0,NA,NA,NA,NA,NA,NA,NA,NA,NA
51005129,11466157,Eriogaster catax,bourovec trnkový,Hrouzek Martin,06.05.2021,06.05.2021,7863390,Nová Lhota,NA,Motýli,CZ0724090: Bílé Karpaty,100,0,7863390,100,7171b,2021-05-06,6,5,2021,CZ0724090,Bílé Karpaty,Nová Lhota,0,1,ano,1,0,NA,NA,NA,1,NA,CELKOVE_SUM,0,NA,NA,NA,NA,NA,NA,NA,NA,NA
51005129,11466157,Eriogaster catax,bourovec trnkový,Hrouzek Martin,06.05.2021,06.05.2021,7863390,Nová Lhota,NA,Motýli,CZ0724090: Bílé Karpaty,100,0,7863390,100,7171b,2021-05-06,6,5,2021,CZ0724090,Bílé Karpaty,Nová Lhota,0,1,ano,1,0,NA,NA,NA,1,0,POP_POCETSUMLOKAL,1,min,10,hnízda housenek,ano,lok,NA,NA,alespoň 10 hnízda housenek,minmax
51005129,11466157,Eriogaster catax,bourovec trnkový,Hrouzek Martin,06.05.2021,06.05.2021,7863390,Nová Lhota,NA,Motýli,CZ0724090: Bílé Karpaty,100,0,7863390,100,7171b,2021-05-06,6,5,2021,CZ0724090,Bílé Karpaty,Nová Lhota,0,1,ano,1,0,NA,NA,NA,1,NA,STA_LIKVIDACE,NA,val,nezaznamenána,NA,ne,lok,NA,NA,nezaznamenána,val
51005310,11466230,Eriogaster catax,bourovec trnkový,Hrouzek Martin,04.05.2021,04.05.2021,7863463,"Uherské Hradiště, Unnamed Road",NA,Motýli,CZ0723024: Rochus,100,0,7863463,100,6970b,2021-05-04,4,5,2021,CZ0723024,Rochus,"Uherské Hradiště, Unnamed Road",0,1,ano,1,0,NA,NA,NA,1,0,CELKOVE_SUM,0,NA,NA,NA,NA,NA,NA,NA,NA,NA
51005310,11466230,Eriogaster catax,bourovec trnkový,Hrouzek Martin,04.05.2021,04.05.2021,7863463,"Uherské Hradiště, Unnamed Road",NA,Motýli,CZ0723024: Rochus,100,0,7863463,100,6970b,2021-05-04,4,5,2021,CZ0723024,Rochus,"Uherské Hradiště, Unnamed Road",0,1,ano,1,0,NA,NA,NA,1,NA,CELKOVE_SUM,0,NA,NA,NA,NA,NA,NA,NA,NA,NA
51005310,11466230,Eriogaster catax,bourovec trnkový,Hrouzek Martin,04.05.2021,04.05.2021,7863463,"Uherské Hradiště, Unnamed Road",NA,Motýli,CZ0723024: Rochus,100,0,7863463,100,6970b,2021-05-04,4,5,2021,CZ0723024,Rochus,"Uherské Hradiště, Unnamed Road",0,1,ano,1,0,NA,NA,NA,1,0,POP_POCETSUMLOKAL,1,min,10,hnízda housenek,ano,lok,NA,NA,alespoň 10 hnízda housenek,minmax
51005310,11466230,Eriogaster catax,bourovec trnkový,Hrouzek Martin,04.05.2021,04.05.2021,7863463,"Uherské Hradiště, Unnamed Road",NA,Motýli,CZ0723024: Rochus,100,0,7863463,100,6970b,2021-05-04,4,5,2021,CZ0723024,Rochus,"Uherské Hradiště, Unnamed Road",0,1,ano,1,0,NA,NA,NA,1,NA,STA_LIKVIDACE,NA,val,nezaznamenána,NA,ne,lok,NA,NA,nezaznamenána,val
51010388,11468266,Eriogaster catax,bourovec trnkový,Hrouzek Martin,06.05.2021,06.05.2021,7867655,"Horní Němčí, 54",NA,Motýli,CZ0724090: Bílé Karpaty,100,0,7867655,100,7071d,2021-05-06,6,5,2021,CZ0724090,Bílé Karpaty,"Horní Němčí, 54",0,1,ano,1,0,NA,NA,NA,1,1,CELKOVE_SUM,1,NA,NA,NA,NA,NA,NA,NA,NA,NA
51010388,11468266,Eriogaster catax,bourovec trnkový,Hrouzek Martin,06.05.2021,06.05.2021,7867655,"Horní Němčí, 54",NA,Motýli,CZ0724090: Bílé Karpaty,100,0,7867655,100,7071d,2021-05-06,6,5,2021,CZ0724090,Bílé Karpaty,"Horní Němčí, 54",0,1,ano,1,0,NA,NA,NA,1,NA,CELKOVE_SUM,1,NA,NA,NA,NA,NA,NA,NA,NA,NA
51010388,11468266,Eriogaster catax,bourovec trnkový,Hrouzek Martin,06.05.2021,06.05.2021,7867655,"Horní Němčí, 54",NA,Motýli,CZ0724090: Bílé Karpaty,100,0,7867655,100,7071d,2021-05-06,6,5,2021,CZ0724090,Bílé Karpaty,"Horní Němčí, 54",0,1,ano,1,0,NA,NA,NA,1,1,POP_POCETSUMLOKAL,30,min,10,hnízda housenek,ano,lok,NA,NA,alespoň 10 hnízda housenek,minmax
51010388,11468266,Eriogaster catax,bourovec trnkový,Hrouzek Martin,06.05.2021,06.05.2021,7867655,"Horní Němčí, 54",NA,Motýli,CZ0724090: Bílé Karpaty,100,0,7867655,100,7071d,2021-05-06,6,5,2021,CZ0724090,Bílé Karpaty,"Horní Němčí, 54",0,1,ano,1,0,NA,NA,NA,1,NA,STA_LIKVIDACE,NA,val,nezaznamenána,NA,ne,lok,NA,NA,nezaznamenána,val
51010389,11468266,Eriogaster catax,bourovec trnkový,Hrouzek Martin,06.05.2021,06.05.2021,7867655,"Horní Němčí, 54",NA,Motýli,CZ0724090: Bílé Karpaty,100,0,7867655,100,7071d,2021-05-06,6,5,2021,CZ0724090,Bílé Karpaty,"Horní Němčí, 54",0,1,ano,1,0,NA,NA,NA,1,1,CELKOVE_SUM,1,NA,NA,NA,NA,NA,NA,NA,NA,NA
51010389,11468266,Eriogaster catax,bourovec trnkový,Hrouzek Martin,06.05.2021,06.05.2021,7867655,"Horní Němčí, 54",NA,Motýli,CZ0724090: Bílé Karpaty,100,0,7867655,100,7071d,2021-05-06,6,5,2021,CZ0724090,Bílé Karpaty,"Horní Němčí, 54",0,1,ano,1,0,NA,NA,NA,1,NA,CELKOVE_SUM,1,NA,NA,NA,NA,NA,NA,NA,NA,NA
51010389,11468266,Eriogaster catax,bourovec trnkový,Hrouzek Martin,06.05.2021,06.05.2021,7867655,"Horní Němčí, 54",NA,Motýli,CZ0724090: Bílé Karpaty,100,0,7867655,100,7071d,2021-05-06,6,5,2021,CZ0724090,Bílé Karpaty,"Horní Němčí, 54",0,1,ano,1,0,NA,NA,NA,1,1,POP_POCETSUMLOKAL,30,min,10,hnízda housenek,ano,lok,NA,NA,alespoň 10 hnízda housenek,minmax
51010389,11468266,Eriogaster catax,bourovec trnkový,Hrouzek Martin,06.05.2021,06.05.2021,7867655,"Horní Němčí, 54",NA,Motýli,CZ0724090: Bílé Karpaty,100,0,7867655,100,7071d,2021-05-06,6,5,2021,CZ0724090,Bílé Karpaty,"Horní Němčí, 54",0,1,ano,1,0,NA,NA,NA,1,NA,STA_LIKVIDACE,NA,val,nezaznamenána,NA,ne,lok,NA,NA,nezaznamenána,val
51010390,11468266,Eriogaster catax,bourovec trnkový,Hrouzek Martin,06.05.2021,06.05.2021,7867655,"Horní Němčí, 54",NA,Motýli,CZ0724090: Bílé Karpaty,100,0,7867655,100,7071d,2021-05-06,6,5,2021,CZ0724090,Bílé Karpaty,"Horní Němčí, 54",0,1,ano,1,0,NA,NA,NA,1,1,CELKOVE_SUM,1,NA,NA,NA,NA,NA,NA,NA,NA,NA
51010390,11468266,Eriogaster catax,bourovec trnkový,Hrouzek Martin,06.05.2021,06.05.2021,7867655,"Horní Němčí, 54",NA,Motýli,CZ0724090: Bílé Karpaty,100,0,7867655,100,7071d,2021-05-06,6,5,2021,CZ0724090,Bílé Karpaty,"Horní Němčí, 54",0,1,ano,1,0,NA,NA,NA,1,NA,CELKOVE_SUM,1,NA,NA,NA,NA,NA,NA,NA,NA,NA
51010390,11468266,Eriogaster catax,bourovec trnkový,Hrouzek Martin,06.05.2021,06.05.2021,7867655,"Horní Němčí, 54",NA,Motýli,CZ0724090: Bílé Karpaty,100,0,7867655,100,7071d,2021-05-06,6,5,2021,CZ0724090,Bílé Karpaty,"Horní Němčí, 54",0,1,ano,1,0,NA,NA,NA,1,1,POP_POCETSUMLOKAL,30,min,10,hnízda housenek,ano,lok,NA,NA,alespoň 10 hnízda housenek,minmax
51010390,11468266,Eriogaster catax,bourovec trnkový,Hrouzek Martin,06.05.2021,06.05.2021,7867655,"Horní Němčí, 54",NA,Motýli,CZ0724090: Bílé Karpaty,100,0,7867655,100,7071d,2021-05-06,6,5,2021,CZ0724090,Bílé Karpaty,"Horní Němčí, 54",0,1,ano,1,0,NA,NA,NA,1,NA,STA_LIKVIDACE,NA,val,nezaznamenána,NA,ne,lok,NA,NA,nezaznamenána,val
51010391,11468266,Eriogaster catax,bourovec trnkový,Hrouzek Martin,06.05.2021,06.05.2021,7867655,"Horní Němčí, 54",NA,Motýli,CZ0724090: Bílé Karpaty,100,0,7867655,100,7071d,2021-05-06,6,5,2021,CZ0724090,Bílé Karpaty,"Horní Němčí, 54",0,1,ano,1,0,NA,NA,NA,1,1,CELKOVE_SUM,1,NA,NA,NA,NA,NA,NA,NA,NA,NA
51010391,11468266,Eriogaster catax,bourovec trnkový,Hrouzek Martin,06.05.2021,06.05.2021,7867655,"Horní Němčí, 54",NA,Motýli,CZ0724090: Bílé Karpaty,100,0,7867655,100,7071d,2021-05-06,6,5,2021,CZ0724090,Bílé Karpaty,"Horní Němčí, 54",0,1,ano,1,0,NA,NA,NA,1,NA,CELKOVE_SUM,1,NA,NA,NA,NA,NA,NA,NA,NA,NA
51010391,11468266,Eriogaster catax,bourovec trnkový,Hrouzek Martin,06.05.2021,06.05.2021,7867655,"Horní Němčí, 54",NA,Motýli,CZ0724090: Bílé Karpaty,100,0,7867655,100,7071d,2021-05-06,6,5,2021,CZ0724090,Bílé Karpaty,"Horní Němčí, 54",0,1,ano,1,0,NA,NA,NA,1,1,POP_POCETSUMLOKAL,30,min,10,hnízda housenek,ano,lok,NA,NA,alespoň 10 hnízda housenek,minmax
51010391,11468266,Eriogaster catax,bourovec trnkový,Hrouzek Martin,06.05.2021,06.05.2021,7867655,"Horní Němčí, 54",NA,Motýli,CZ0724090: Bílé Karpaty,100,0,7867655,100,7071d,2021-05-06,6,5,2021,CZ0724090,Bílé Karpaty,"Horní Němčí, 54",0,1,ano,1,0,NA,NA,NA,1,NA,STA_LIKVIDACE,NA,val,nezaznamenána,NA,ne,lok,NA,NA,nezaznamenána,val
51010392,11468266,Eriogaster catax,bourovec trnkový,Hrouzek Martin,06.05.2021,06.05.2021,7867655,"Horní Němčí, 54",NA,Motýli,CZ0724090: Bílé Karpaty,100,0,7867655,100,7071d,2021-05-06,6,5,2021,CZ0724090,Bílé Karpaty,"Horní Němčí, 54",0,1,ano,1,0,NA,NA,NA,1,1,CELKOVE_SUM,1,NA,NA,NA,NA,NA,NA,NA,NA,NA
51010392,11468266,Eriogaster catax,bourovec trnkový,Hrouzek Martin,06.05.2021,06.05.2021,7867655,"Horní Němčí, 54",NA,Motýli,CZ0724090: Bílé Karpaty,100,0,7867655,100,7071d,2021-05-06,6,5,2021,CZ0724090,Bílé Karpaty,"Horní Němčí, 54",0,1,ano,1,0,NA,NA,NA,1,NA,CELKOVE_SUM,1,NA,NA,NA,NA,NA,NA,NA,NA,NA
51010392,11468266,Eriogaster catax,bourovec trnkový,Hrouzek Martin,06.05.2021,06.05.2021,7867655,"Horní Němčí, 54",NA,Motýli,CZ0724090: Bílé Karpaty,100,0,7867655,100,7071d,2021-05-06,6,5,2021,CZ0724090,Bílé Karpaty,"Horní Němčí, 54",0,1,ano,1,0,NA,NA,NA,1,1,POP_POCETSUMLOKAL,30,min,10,hnízda housenek,ano,lok,NA,NA,alespoň 10 hnízda housenek,minmax
51010392,11468266,Eriogaster catax,bourovec trnkový,Hrouzek Martin,06.05.2021,06.05.2021,7867655,"Horní Němčí, 54",NA,Motýli,CZ0724090: Bílé Karpaty,100,0,7867655,100,7071d,2021-05-06,6,5,2021,CZ0724090,Bílé Karpaty,"Horní Němčí, 54",0,1,ano,1,0,NA,NA,NA,1,NA,STA_LIKVIDACE,NA,val,nezaznamenána,NA,ne,lok,NA,NA,nezaznamenána,val
51010393,11468266,Eriogaster catax,bourovec trnkový,Hrouzek Martin,06.05.2021,06.05.2021,7867655,"Horní Němčí, 54",NA,Motýli,CZ0724090: Bílé Karpaty,100,0,7867655,100,7071d,2021-05-06,6,5,2021,CZ0724090,Bílé Karpaty,"Horní Němčí, 54",0,1,ano,1,0,NA,NA,NA,1,1,CELKOVE_SUM,1,NA,NA,NA,NA,NA,NA,NA,NA,NA
51010393,11468266,Eriogaster catax,bourovec trnkový,Hrouzek Martin,06.05.2021,06.05.2021,7867655,"Horní Němčí, 54",NA,Motýli,CZ0724090: Bílé Karpaty,100,0,7867655,100,7071d,2021-05-06,6,5,2021,CZ0724090,Bílé Karpaty,"Horní Němčí, 54",0,1,ano,1,0,NA,NA,NA,1,NA,CELKOVE_SUM,1,NA,NA,NA,NA,NA,NA,NA,NA,NA
51010393,11468266,Eriogaster catax,bourovec trnkový,Hrouzek Martin,06.05.2021,06.05.2021,7867655,"Horní Němčí, 54",NA,Motýli,CZ0724090: Bílé Karpaty,100,0,7867655,100,7071d,2021-05-06,6,5,2021,CZ0724090,Bílé Karpaty,"Horní Němčí, 54",0,1,ano,1,0,NA,NA,NA,1,1,POP_POCETSUMLOKAL,30,min,10,hnízda housenek,ano,lok,NA,NA,alespoň 10 hnízda housenek,minmax
51010393,11468266,Eriogaster catax,bourovec trnkový,Hrouzek Martin,06.05.2021,06.05.2021,7867655,"Horní Němčí, 54",NA,Motýli,CZ0724090: Bílé Karpaty,100,0,7867655,100,7071d,2021-05-06,6,5,2021,CZ0724090,Bílé Karpaty,"Horní Němčí, 54",0,1,ano,1,0,NA,NA,NA,1,NA,STA_LIKVIDACE,NA,val,nezaznamenána,NA,ne,lok,NA,NA,nezaznamenána,val
51010394,11468266,Eriogaster catax,bourovec trnkový,Hrouzek Martin,06.05.2021,06.05.2021,7867655,"Horní Němčí, 54",NA,Motýli,CZ0724090: Bílé Karpaty,100,0,7867655,100,7071d,2021-05-06,6,5,2021,CZ0724090,Bílé Karpaty,"Horní Němčí, 54",0,1,ano,1,0,NA,NA,NA,1,1,CELKOVE_SUM,1,NA,NA,NA,NA,NA,NA,NA,NA,NA
51010394,11468266,Eriogaster catax,bourovec trnkový,Hrouzek Martin,06.05.2021,06.05.2021,7867655,"Horní Němčí, 54",NA,Motýli,CZ0724090: Bílé Karpaty,100,0,7867655,100,7071d,2021-05-06,6,5,2021,CZ0724090,Bílé Karpaty,"Horní Němčí, 54",0,1,ano,1,0,NA,NA,NA,1,NA,CELKOVE_SUM,1,NA,NA,NA,NA,NA,NA,NA,NA,NA
51010394,11468266,Eriogaster catax,bourovec trnkový,Hrouzek Martin,06.05.2021,06.05.2021,7867655,"Horní Němčí, 54",NA,Motýli,CZ0724090: Bílé Karpaty,100,0,7867655,100,7071d,2021-05-06,6,5,2021,CZ0724090,Bílé Karpaty,"Horní Němčí, 54",0,1,ano,1,0,NA,NA,NA,1,1,POP_POCETSUMLOKAL,30,min,10,hnízda housenek,ano,lok,NA,NA,alespoň 10 hnízda housenek,minmax
51010394,11468266,Eriogaster catax,bourovec trnkový,Hrouzek Martin,06.05.2021,06.05.2021,7867655,"Horní Němčí, 54",NA,Motýli,CZ0724090: Bílé Karpaty,100,0,7867655,100,7071d,2021-05-06,6,5,2021,CZ0724090,Bílé Karpaty,"Horní Němčí, 54",0,1,ano,1,0,NA,NA,NA,1,NA,STA_LIKVIDACE,NA,val,nezaznamenána,NA,ne,lok,NA,NA,nezaznamenána,val
51010395,11468266,Eriogaster catax,bourovec trnkový,Hrouzek Martin,06.05.2021,06.05.2021,7867655,"Horní Němčí, 54",NA,Motýli,CZ0724090: Bílé Karpaty,100,0,7867655,100,7071d,2021-05-06,6,5,2021,CZ0724090,Bílé Karpaty,"Horní Němčí, 54",0,1,ano,1,0,NA,NA,NA,1,1,CELKOVE_SUM,1,NA,NA,NA,NA,NA,NA,NA,NA,NA
51010395,11468266,Eriogaster catax,bourovec trnkový,Hrouzek Martin,06.05.2021,06.05.2021,7867655,"Horní Němčí, 54",NA,Motýli,CZ0724090: Bílé Karpaty,100,0,7867655,100,7071d,2021-05-06,6,5,2021,CZ0724090,Bílé Karpaty,"Horní Němčí, 54",0,1,ano,1,0,NA,NA,NA,1,NA,CELKOVE_SUM,1,NA,NA,NA,NA,NA,NA,NA,NA,NA
51010395,11468266,Eriogaster catax,bourovec trnkový,Hrouzek Martin,06.05.2021,06.05.2021,7867655,"Horní Němčí, 54",NA,Motýli,CZ0724090: Bílé Karpaty,100,0,7867655,100,7071d,2021-05-06,6,5,2021,CZ0724090,Bílé Karpaty,"Horní Němčí, 54",0,1,ano,1,0,NA,NA,NA,1,1,POP_POCETSUMLOKAL,30,min,10,hnízda housenek,ano,lok,NA,NA,alespoň 10 hnízda housenek,minmax
51010395,11468266,Eriogaster catax,bourovec trnkový,Hrouzek Martin,06.05.2021,06.05.2021,7867655,"Horní Němčí, 54",NA,Motýli,CZ0724090: Bílé Karpaty,100,0,7867655,100,7071d,2021-05-06,6,5,2021,CZ0724090,Bílé Karpaty,"Horní Němčí, 54",0,1,ano,1,0,NA,NA,NA,1,NA,STA_LIKVIDACE,NA,val,nezaznamenána,NA,ne,lok,NA,NA,nezaznamenána,val
51010396,11468266,Eriogaster catax,bourovec trnkový,Hrouzek Martin,06.05.2021,06.05.2021,7867655,"Horní Němčí, 54",NA,Motýli,CZ0724090: Bílé Karpaty,100,0,7867655,100,7071d,2021-05-06,6,5,2021,CZ0724090,Bílé Karpaty,"Horní Němčí, 54",0,1,ano,1,0,NA,NA,NA,1,1,CELKOVE_SUM,1,NA,NA,NA,NA,NA,NA,NA,NA,NA
51010396,11468266,Eriogaster catax,bourovec trnkový,Hrouzek Martin,06.05.2021,06.05.2021,7867655,"Horní Němčí, 54",NA,Motýli,CZ0724090: Bílé Karpaty,100,0,7867655,100,7071d,2021-05-06,6,5,2021,CZ0724090,Bílé Karpaty,"Horní Němčí, 54",0,1,ano,1,0,NA,NA,NA,1,NA,CELKOVE_SUM,1,NA,NA,NA,NA,NA,NA,NA,NA,NA
51010396,11468266,Eriogaster catax,bourovec trnkový,Hrouzek Martin,06.05.2021,06.05.2021,7867655,"Horní Němčí, 54",NA,Motýli,CZ0724090: Bílé Karpaty,100,0,7867655,100,7071d,2021-05-06,6,5,2021,CZ0724090,Bílé Karpaty,"Horní Němčí, 54",0,1,ano,1,0,NA,NA,NA,1,1,POP_POCETSUMLOKAL,30,min,10,hnízda housenek,ano,lok,NA,NA,alespoň 10 hnízda housenek,minmax
51010396,11468266,Eriogaster catax,bourovec trnkový,Hrouzek Martin,06.05.2021,06.05.2021,7867655,"Horní Němčí, 54",NA,Motýli,CZ0724090: Bílé Karpaty,100,0,7867655,100,7071d,2021-05-06,6,5,2021,CZ0724090,Bílé Karpaty,"Horní Němčí, 54",0,1,ano,1,0,NA,NA,NA,1,NA,STA_LIKVIDACE,NA,val,nezaznamenána,NA,ne,lok,NA,NA,nezaznamenána,val
51010397,11468266,Eriogaster catax,bourovec trnkový,Hrouzek Martin,06.05.2021,06.05.2021,7867655,"Horní Němčí, 54",NA,Motýli,CZ0724090: Bílé Karpaty,100,0,7867655,100,7071d,2021-05-06,6,5,2021,CZ0724090,Bílé Karpaty,"Horní Němčí, 54",0,1,ano,1,0,NA,NA,NA,1,1,CELKOVE_SUM,1,NA,NA,NA,NA,NA,NA,NA,NA,NA
51010397,11468266,Eriogaster catax,bourovec trnkový,Hrouzek Martin,06.05.2021,06.05.2021,7867655,"Horní Němčí, 54",NA,Motýli,CZ0724090: Bílé Karpaty,100,0,7867655,100,7071d,2021-05-06,6,5,2021,CZ0724090,Bílé Karpaty,"Horní Němčí, 54",0,1,ano,1,0,NA,NA,NA,1,NA,CELKOVE_SUM,1,NA,NA,NA,NA,NA,NA,NA,NA,NA
51010397,11468266,Eriogaster catax,bourovec trnkový,Hrouzek Martin,06.05.2021,06.05.2021,7867655,"Horní Němčí, 54",NA,Motýli,CZ0724090: Bílé Karpaty,100,0,7867655,100,7071d,2021-05-06,6,5,2021,CZ0724090,Bílé Karpaty,"Horní Němčí, 54",0,1,ano,1,0,NA,NA,NA,1,1,POP_POCETSUMLOKAL,30,min,10,hnízda housenek,ano,lok,NA,NA,alespoň 10 hnízda housenek,minmax
51010397,11468266,Eriogaster catax,bourovec trnkový,Hrouzek Martin,06.05.2021,06.05.2021,7867655,"Horní Němčí, 54",NA,Motýli,CZ0724090: Bílé Karpaty,100,0,7867655,100,7071d,2021-05-06,6,5,2021,CZ0724090,Bílé Karpaty,"Horní Němčí, 54",0,1,ano,1,0,NA,NA,NA,1,NA,STA_LIKVIDACE,NA,val,nezaznamenána,NA,ne,lok,NA,NA,nezaznamenána,val
51010398,11468266,Eriogaster catax,bourovec trnkový,Hrouzek Martin,06.05.2021,06.05.2021,7867655,"Horní Němčí, 54",NA,Motýli,CZ0724090: Bílé Karpaty,100,0,7867655,100,7071d,2021-05-06,6,5,2021,CZ0724090,Bílé Karpaty,"Horní Němčí, 54",0,1,ano,1,0,NA,NA,NA,1,1,CELKOVE_SUM,1,NA,NA,NA,NA,NA,NA,NA,NA,NA
51010398,11468266,Eriogaster catax,bourovec trnkový,Hrouzek Martin,06.05.2021,06.05.2021,7867655,"Horní Němčí, 54",NA,Motýli,CZ0724090: Bílé Karpaty,100,0,7867655,100,7071d,2021-05-06,6,5,2021,CZ0724090,Bílé Karpaty,"Horní Němčí, 54",0,1,ano,1,0,NA,NA,NA,1,NA,CELKOVE_SUM,1,NA,NA,NA,NA,NA,NA,NA,NA,NA
51010398,11468266,Eriogaster catax,bourovec trnkový,Hrouzek Martin,06.05.2021,06.05.2021,7867655,"Horní Němčí, 54",NA,Motýli,CZ0724090: Bílé Karpaty,100,0,7867655,100,7071d,2021-05-06,6,5,2021,CZ0724090,Bílé Karpaty,"Horní Němčí, 54",0,1,ano,1,0,NA,NA,NA,1,1,POP_POCETSUMLOKAL,30,min,10,hnízda housenek,ano,lok,NA,NA,alespoň 10 hnízda housenek,minmax
51010398,11468266,Eriogaster catax,bourovec trnkový,Hrouzek Martin,06.05.2021,06.05.2021,7867655,"Horní Němčí, 54",NA,Motýli,CZ0724090: Bílé Karpaty,100,0,7867655,100,7071d,2021-05-06,6,5,2021,CZ0724090,Bílé Karpaty,"Horní Němčí, 54",0,1,ano,1,0,NA,NA,NA,1,NA,STA_LIKVIDACE,NA,val,nezaznamenána,NA,ne,lok,NA,NA,nezaznamenána,val
51010399,11468266,Eriogaster catax,bourovec trnkový,Hrouzek Martin,06.05.2021,06.05.2021,7867655,"Horní Němčí, 54",NA,Motýli,CZ0724090: Bílé Karpaty,100,0,7867655,100,7071d,2021-05-06,6,5,2021,CZ0724090,Bílé Karpaty,"Horní Němčí, 54",0,1,ano,1,0,NA,NA,NA,1,1,CELKOVE_SUM,1,NA,NA,NA,NA,NA,NA,NA,NA,NA
51010399,11468266,Eriogaster catax,bourovec trnkový,Hrouzek Martin,06.05.2021,06.05.2021,7867655,"Horní Němčí, 54",NA,Motýli,CZ0724090: Bílé Karpaty,100,0,7867655,100,7071d,2021-05-06,6,5,2021,CZ0724090,Bílé Karpaty,"Horní Němčí, 54",0,1,ano,1,0,NA,NA,NA,1,NA,CELKOVE_SUM,1,NA,NA,NA,NA,NA,NA,NA,NA,NA
51010399,11468266,Eriogaster catax,bourovec trnkový,Hrouzek Martin,06.05.2021,06.05.2021,7867655,"Horní Němčí, 54",NA,Motýli,CZ0724090: Bílé Karpaty,100,0,7867655,100,7071d,2021-05-06,6,5,2021,CZ0724090,Bílé Karpaty,"Horní Němčí, 54",0,1,ano,1,0,NA,NA,NA,1,1,POP_POCETSUMLOKAL,30,min,10,hnízda housenek,ano,lok,NA,NA,alespoň 10 hnízda housenek,minmax
51010399,11468266,Eriogaster catax,bourovec trnkový,Hrouzek Martin,06.05.2021,06.05.2021,7867655,"Horní Němčí, 54",NA,Motýli,CZ0724090: Bílé Karpaty,100,0,7867655,100,7071d,2021-05-06,6,5,2021,CZ0724090,Bílé Karpaty,"Horní Němčí, 54",0,1,ano,1,0,NA,NA,NA,1,NA,STA_LIKVIDACE,NA,val,nezaznamenána,NA,ne,lok,NA,NA,nezaznamenána,val
51010400,11468266,Eriogaster catax,bourovec trnkový,Hrouzek Martin,06.05.2021,06.05.2021,7867655,"Horní Němčí, 54",NA,Motýli,CZ0724090: Bílé Karpaty,100,0,7867655,100,7071d,2021-05-06,6,5,2021,CZ0724090,Bílé Karpaty,"Horní Němčí, 54",0,1,ano,1,0,NA,NA,NA,1,1,CELKOVE_SUM,1,NA,NA,NA,NA,NA,NA,NA,NA,NA
51010400,11468266,Eriogaster catax,bourovec trnkový,Hrouzek Martin,06.05.2021,06.05.2021,7867655,"Horní Němčí, 54",NA,Motýli,CZ0724090: Bílé Karpaty,100,0,7867655,100,7071d,2021-05-06,6,5,2021,CZ0724090,Bílé Karpaty,"Horní Němčí, 54",0,1,ano,1,0,NA,NA,NA,1,NA,CELKOVE_SUM,1,NA,NA,NA,NA,NA,NA,NA,NA,NA
51010400,11468266,Eriogaster catax,bourovec trnkový,Hrouzek Martin,06.05.2021,06.05.2021,7867655,"Horní Němčí, 54",NA,Motýli,CZ0724090: Bílé Karpaty,100,0,7867655,100,7071d,2021-05-06,6,5,2021,CZ0724090,Bílé Karpaty,"Horní Němčí, 54",0,1,ano,1,0,NA,NA,NA,1,1,POP_POCETSUMLOKAL,30,min,10,hnízda housenek,ano,lok,NA,NA,alespoň 10 hnízda housenek,minmax
51010400,11468266,Eriogaster catax,bourovec trnkový,Hrouzek Martin,06.05.2021,06.05.2021,7867655,"Horní Němčí, 54",NA,Motýli,CZ0724090: Bílé Karpaty,100,0,7867655,100,7071d,2021-05-06,6,5,2021,CZ0724090,Bílé Karpaty,"Horní Němčí, 54",0,1,ano,1,0,NA,NA,NA,1,NA,STA_LIKVIDACE,NA,val,nezaznamenána,NA,ne,lok,NA,NA,nezaznamenána,val
51010401,11468266,Eriogaster catax,bourovec trnkový,Hrouzek Martin,06.05.2021,06.05.2021,7867655,"Horní Němčí, 54",NA,Motýli,CZ0724090: Bílé Karpaty,100,0,7867655,100,7071d,2021-05-06,6,5,2021,CZ0724090,Bílé Karpaty,"Horní Němčí, 54",0,1,ano,1,0,NA,NA,NA,1,1,CELKOVE_SUM,1,NA,NA,NA,NA,NA,NA,NA,NA,NA
51010401,11468266,Eriogaster catax,bourovec trnkový,Hrouzek Martin,06.05.2021,06.05.2021,7867655,"Horní Němčí, 54",NA,Motýli,CZ0724090: Bílé Karpaty,100,0,7867655,100,7071d,2021-05-06,6,5,2021,CZ0724090,Bílé Karpaty,"Horní Němčí, 54",0,1,ano,1,0,NA,NA,NA,1,NA,CELKOVE_SUM,1,NA,NA,NA,NA,NA,NA,NA,NA,NA
51010401,11468266,Eriogaster catax,bourovec trnkový,Hrouzek Martin,06.05.2021,06.05.2021,7867655,"Horní Němčí, 54",NA,Motýli,CZ0724090: Bílé Karpaty,100,0,7867655,100,7071d,2021-05-06,6,5,2021,CZ0724090,Bílé Karpaty,"Horní Němčí, 54",0,1,ano,1,0,NA,NA,NA,1,1,POP_POCETSUMLOKAL,30,min,10,hnízda housenek,ano,lok,NA,NA,alespoň 10 hnízda housenek,minmax
51010401,11468266,Eriogaster catax,bourovec trnkový,Hrouzek Martin,06.05.2021,06.05.2021,7867655,"Horní Němčí, 54",NA,Motýli,CZ0724090: Bílé Karpaty,100,0,7867655,100,7071d,2021-05-06,6,5,2021,CZ0724090,Bílé Karpaty,"Horní Němčí, 54",0,1,ano,1,0,NA,NA,NA,1,NA,STA_LIKVIDACE,NA,val,nezaznamenána,NA,ne,lok,NA,NA,nezaznamenána,val
51010402,11468266,Eriogaster catax,bourovec trnkový,Hrouzek Martin,06.05.2021,06.05.2021,7867655,"Horní Němčí, 54",NA,Motýli,CZ0724090: Bílé Karpaty,100,0,7867655,100,7071d,2021-05-06,6,5,2021,CZ0724090,Bílé Karpaty,"Horní Němčí, 54",0,1,ano,1,0,NA,NA,NA,1,1,CELKOVE_SUM,1,NA,NA,NA,NA,NA,NA,NA,NA,NA
51010402,11468266,Eriogaster catax,bourovec trnkový,Hrouzek Martin,06.05.2021,06.05.2021,7867655,"Horní Němčí, 54",NA,Motýli,CZ0724090: Bílé Karpaty,100,0,7867655,100,7071d,2021-05-06,6,5,2021,CZ0724090,Bílé Karpaty,"Horní Němčí, 54",0,1,ano,1,0,NA,NA,NA,1,NA,CELKOVE_SUM,1,NA,NA,NA,NA,NA,NA,NA,NA,NA
51010402,11468266,Eriogaster catax,bourovec trnkový,Hrouzek Martin,06.05.2021,06.05.2021,7867655,"Horní Němčí, 54",NA,Motýli,CZ0724090: Bílé Karpaty,100,0,7867655,100,7071d,2021-05-06,6,5,2021,CZ0724090,Bílé Karpaty,"Horní Němčí, 54",0,1,ano,1,0,NA,NA,NA,1,1,POP_POCETSUMLOKAL,30,min,10,hnízda housenek,ano,lok,NA,NA,alespoň 10 hnízda housenek,minmax
51010402,11468266,Eriogaster catax,bourovec trnkový,Hrouzek Martin,06.05.2021,06.05.2021,7867655,"Horní Němčí, 54",NA,Motýli,CZ0724090: Bílé Karpaty,100,0,7867655,100,7071d,2021-05-06,6,5,2021,CZ0724090,Bílé Karpaty,"Horní Němčí, 54",0,1,ano,1,0,NA,NA,NA,1,NA,STA_LIKVIDACE,NA,val,nezaznamenána,NA,ne,lok,NA,NA,nezaznamenána,val
51010403,11468266,Eriogaster catax,bourovec trnkový,Hrouzek Martin,06.05.2021,06.05.2021,7867655,"Horní Němčí, 54",NA,Motýli,CZ0724090: Bílé Karpaty,100,0,7867655,100,7071d,2021-05-06,6,5,2021,CZ0724090,Bílé Karpaty,"Horní Němčí, 54",0,1,ano,1,0,NA,NA,NA,1,1,CELKOVE_SUM,1,NA,NA,NA,NA,NA,NA,NA,NA,NA
51010403,11468266,Eriogaster catax,bourovec trnkový,Hrouzek Martin,06.05.2021,06.05.2021,7867655,"Horní Němčí, 54",NA,Motýli,CZ0724090: Bílé Karpaty,100,0,7867655,100,7071d,2021-05-06,6,5,2021,CZ0724090,Bílé Karpaty,"Horní Němčí, 54",0,1,ano,1,0,NA,NA,NA,1,NA,CELKOVE_SUM,1,NA,NA,NA,NA,NA,NA,NA,NA,NA
51010403,11468266,Eriogaster catax,bourovec trnkový,Hrouzek Martin,06.05.2021,06.05.2021,7867655,"Horní Němčí, 54",NA,Motýli,CZ0724090: Bílé Karpaty,100,0,7867655,100,7071d,2021-05-06,6,5,2021,CZ0724090,Bílé Karpaty,"Horní Němčí, 54",0,1,ano,1,0,NA,NA,NA,1,1,POP_POCETSUMLOKAL,30,min,10,hnízda housenek,ano,lok,NA,NA,alespoň 10 hnízda housenek,minmax
51010403,11468266,Eriogaster catax,bourovec trnkový,Hrouzek Martin,06.05.2021,06.05.2021,7867655,"Horní Němčí, 54",NA,Motýli,CZ0724090: Bílé Karpaty,100,0,7867655,100,7071d,2021-05-06,6,5,2021,CZ0724090,Bílé Karpaty,"Horní Němčí, 54",0,1,ano,1,0,NA,NA,NA,1,NA,STA_LIKVIDACE,NA,val,nezaznamenána,NA,ne,lok,NA,NA,nezaznamenána,val
51010404,11468266,Eriogaster catax,bourovec trnkový,Hrouzek Martin,06.05.2021,06.05.2021,7867655,"Horní Němčí, 54",NA,Motýli,CZ0724090: Bílé Karpaty,100,0,7867655,100,7071d,2021-05-06,6,5,2021,CZ0724090,Bílé Karpaty,"Horní Němčí, 54",0,1,ano,1,0,NA,NA,NA,1,1,CELKOVE_SUM,1,NA,NA,NA,NA,NA,NA,NA,NA,NA
51010404,11468266,Eriogaster catax,bourovec trnkový,Hrouzek Martin,06.05.2021,06.05.2021,7867655,"Horní Němčí, 54",NA,Motýli,CZ0724090: Bílé Karpaty,100,0,7867655,100,7071d,2021-05-06,6,5,2021,CZ0724090,Bílé Karpaty,"Horní Němčí, 54",0,1,ano,1,0,NA,NA,NA,1,NA,CELKOVE_SUM,1,NA,NA,NA,NA,NA,NA,NA,NA,NA
51010404,11468266,Eriogaster catax,bourovec trnkový,Hrouzek Martin,06.05.2021,06.05.2021,7867655,"Horní Němčí, 54",NA,Motýli,CZ0724090: Bílé Karpaty,100,0,7867655,100,7071d,2021-05-06,6,5,2021,CZ0724090,Bílé Karpaty,"Horní Němčí, 54",0,1,ano,1,0,NA,NA,NA,1,1,POP_POCETSUMLOKAL,30,min,10,hnízda housenek,ano,lok,NA,NA,alespoň 10 hnízda housenek,minmax
51010404,11468266,Eriogaster catax,bourovec trnkový,Hrouzek Martin,06.05.2021,06.05.2021,7867655,"Horní Němčí, 54",NA,Motýli,CZ0724090: Bílé Karpaty,100,0,7867655,100,7071d,2021-05-06,6,5,2021,CZ0724090,Bílé Karpaty,"Horní Němčí, 54",0,1,ano,1,0,NA,NA,NA,1,NA,STA_LIKVIDACE,NA,val,nezaznamenána,NA,ne,lok,NA,NA,nezaznamenána,val
51010405,11468266,Eriogaster catax,bourovec trnkový,Hrouzek Martin,06.05.2021,06.05.2021,7867655,"Horní Němčí, 54",NA,Motýli,CZ0724090: Bílé Karpaty,100,0,7867655,100,7071d,2021-05-06,6,5,2021,CZ0724090,Bílé Karpaty,"Horní Němčí, 54",0,1,ano,1,0,NA,NA,NA,1,1,CELKOVE_SUM,1,NA,NA,NA,NA,NA,NA,NA,NA,NA
51010405,11468266,Eriogaster catax,bourovec trnkový,Hrouzek Martin,06.05.2021,06.05.2021,7867655,"Horní Němčí, 54",NA,Motýli,CZ0724090: Bílé Karpaty,100,0,7867655,100,7071d,2021-05-06,6,5,2021,CZ0724090,Bílé Karpaty,"Horní Němčí, 54",0,1,ano,1,0,NA,NA,NA,1,NA,CELKOVE_SUM,1,NA,NA,NA,NA,NA,NA,NA,NA,NA
51010405,11468266,Eriogaster catax,bourovec trnkový,Hrouzek Martin,06.05.2021,06.05.2021,7867655,"Horní Němčí, 54",NA,Motýli,CZ0724090: Bílé Karpaty,100,0,7867655,100,7071d,2021-05-06,6,5,2021,CZ0724090,Bílé Karpaty,"Horní Němčí, 54",0,1,ano,1,0,NA,NA,NA,1,1,POP_POCETSUMLOKAL,30,min,10,hnízda housenek,ano,lok,NA,NA,alespoň 10 hnízda housenek,minmax
51010405,11468266,Eriogaster catax,bourovec trnkový,Hrouzek Martin,06.05.2021,06.05.2021,7867655,"Horní Němčí, 54",NA,Motýli,CZ0724090: Bílé Karpaty,100,0,7867655,100,7071d,2021-05-06,6,5,2021,CZ0724090,Bílé Karpaty,"Horní Němčí, 54",0,1,ano,1,0,NA,NA,NA,1,NA,STA_LIKVIDACE,NA,val,nezaznamenána,NA,ne,lok,NA,NA,nezaznamenána,val
51010406,11468266,Eriogaster catax,bourovec trnkový,Hrouzek Martin,06.05.2021,06.05.2021,7867655,"Horní Němčí, 54",NA,Motýli,CZ0724090: Bílé Karpaty,100,0,7867655,100,7071d,2021-05-06,6,5,2021,CZ0724090,Bílé Karpaty,"Horní Němčí, 54",0,1,ano,1,0,NA,NA,NA,1,1,CELKOVE_SUM,1,NA,NA,NA,NA,NA,NA,NA,NA,NA
51010406,11468266,Eriogaster catax,bourovec trnkový,Hrouzek Martin,06.05.2021,06.05.2021,7867655,"Horní Němčí, 54",NA,Motýli,CZ0724090: Bílé Karpaty,100,0,7867655,100,7071d,2021-05-06,6,5,2021,CZ0724090,Bílé Karpaty,"Horní Němčí, 54",0,1,ano,1,0,NA,NA,NA,1,NA,CELKOVE_SUM,1,NA,NA,NA,NA,NA,NA,NA,NA,NA
51010406,11468266,Eriogaster catax,bourovec trnkový,Hrouzek Martin,06.05.2021,06.05.2021,7867655,"Horní Němčí, 54",NA,Motýli,CZ0724090: Bílé Karpaty,100,0,7867655,100,7071d,2021-05-06,6,5,2021,CZ0724090,Bílé Karpaty,"Horní Němčí, 54",0,1,ano,1,0,NA,NA,NA,1,1,POP_POCETSUMLOKAL,30,min,10,hnízda housenek,ano,lok,NA,NA,alespoň 10 hnízda housenek,minmax
51010406,11468266,Eriogaster catax,bourovec trnkový,Hrouzek Martin,06.05.2021,06.05.2021,7867655,"Horní Němčí, 54",NA,Motýli,CZ0724090: Bílé Karpaty,100,0,7867655,100,7071d,2021-05-06,6,5,2021,CZ0724090,Bílé Karpaty,"Horní Němčí, 54",0,1,ano,1,0,NA,NA,NA,1,NA,STA_LIKVIDACE,NA,val,nezaznamenána,NA,ne,lok,NA,NA,nezaznamenána,val
51010407,11468266,Eriogaster catax,bourovec trnkový,Hrouzek Martin,06.05.2021,06.05.2021,7867655,"Horní Němčí, 54",NA,Motýli,CZ0724090: Bílé Karpaty,100,0,7867655,100,7071d,2021-05-06,6,5,2021,CZ0724090,Bílé Karpaty,"Horní Němčí, 54",0,1,ano,1,0,NA,NA,NA,1,1,CELKOVE_SUM,1,NA,NA,NA,NA,NA,NA,NA,NA,NA
51010407,11468266,Eriogaster catax,bourovec trnkový,Hrouzek Martin,06.05.2021,06.05.2021,7867655,"Horní Němčí, 54",NA,Motýli,CZ0724090: Bílé Karpaty,100,0,7867655,100,7071d,2021-05-06,6,5,2021,CZ0724090,Bílé Karpaty,"Horní Němčí, 54",0,1,ano,1,0,NA,NA,NA,1,NA,CELKOVE_SUM,1,NA,NA,NA,NA,NA,NA,NA,NA,NA
51010407,11468266,Eriogaster catax,bourovec trnkový,Hrouzek Martin,06.05.2021,06.05.2021,7867655,"Horní Němčí, 54",NA,Motýli,CZ0724090: Bílé Karpaty,100,0,7867655,100,7071d,2021-05-06,6,5,2021,CZ0724090,Bílé Karpaty,"Horní Němčí, 54",0,1,ano,1,0,NA,NA,NA,1,1,POP_POCETSUMLOKAL,30,min,10,hnízda housenek,ano,lok,NA,NA,alespoň 10 hnízda housenek,minmax
51010407,11468266,Eriogaster catax,bourovec trnkový,Hrouzek Martin,06.05.2021,06.05.2021,7867655,"Horní Němčí, 54",NA,Motýli,CZ0724090: Bílé Karpaty,100,0,7867655,100,7071d,2021-05-06,6,5,2021,CZ0724090,Bílé Karpaty,"Horní Němčí, 54",0,1,ano,1,0,NA,NA,NA,1,NA,STA_LIKVIDACE,NA,val,nezaznamenána,NA,ne,lok,NA,NA,nezaznamenána,val
51010408,11468266,Eriogaster catax,bourovec trnkový,Hrouzek Martin,06.05.2021,06.05.2021,7867655,"Horní Němčí, 54",NA,Motýli,CZ0724090: Bílé Karpaty,100,0,7867655,100,7071d,2021-05-06,6,5,2021,CZ0724090,Bílé Karpaty,"Horní Němčí, 54",0,1,ano,1,0,NA,NA,NA,1,1,CELKOVE_SUM,1,NA,NA,NA,NA,NA,NA,NA,NA,NA
51010408,11468266,Eriogaster catax,bourovec trnkový,Hrouzek Martin,06.05.2021,06.05.2021,7867655,"Horní Němčí, 54",NA,Motýli,CZ0724090: Bílé Karpaty,100,0,7867655,100,7071d,2021-05-06,6,5,2021,CZ0724090,Bílé Karpaty,"Horní Němčí, 54",0,1,ano,1,0,NA,NA,NA,1,NA,CELKOVE_SUM,1,NA,NA,NA,NA,NA,NA,NA,NA,NA
51010408,11468266,Eriogaster catax,bourovec trnkový,Hrouzek Martin,06.05.2021,06.05.2021,7867655,"Horní Němčí, 54",NA,Motýli,CZ0724090: Bílé Karpaty,100,0,7867655,100,7071d,2021-05-06,6,5,2021,CZ0724090,Bílé Karpaty,"Horní Němčí, 54",0,1,ano,1,0,NA,NA,NA,1,1,POP_POCETSUMLOKAL,30,min,10,hnízda housenek,ano,lok,NA,NA,alespoň 10 hnízda housenek,minmax
51010408,11468266,Eriogaster catax,bourovec trnkový,Hrouzek Martin,06.05.2021,06.05.2021,7867655,"Horní Němčí, 54",NA,Motýli,CZ0724090: Bílé Karpaty,100,0,7867655,100,7071d,2021-05-06,6,5,2021,CZ0724090,Bílé Karpaty,"Horní Němčí, 54",0,1,ano,1,0,NA,NA,NA,1,NA,STA_LIKVIDACE,NA,val,nezaznamenána,NA,ne,lok,NA,NA,nezaznamenána,val
51010409,11468266,Eriogaster catax,bourovec trnkový,Hrouzek Martin,06.05.2021,06.05.2021,7867655,"Horní Němčí, 54",NA,Motýli,CZ0724090: Bílé Karpaty,100,0,7867655,100,7071d,2021-05-06,6,5,2021,CZ0724090,Bílé Karpaty,"Horní Němčí, 54",0,1,ano,1,0,NA,NA,NA,1,1,CELKOVE_SUM,1,NA,NA,NA,NA,NA,NA,NA,NA,NA
51010409,11468266,Eriogaster catax,bourovec trnkový,Hrouzek Martin,06.05.2021,06.05.2021,7867655,"Horní Němčí, 54",NA,Motýli,CZ0724090: Bílé Karpaty,100,0,7867655,100,7071d,2021-05-06,6,5,2021,CZ0724090,Bílé Karpaty,"Horní Němčí, 54",0,1,ano,1,0,NA,NA,NA,1,NA,CELKOVE_SUM,1,NA,NA,NA,NA,NA,NA,NA,NA,NA
51010409,11468266,Eriogaster catax,bourovec trnkový,Hrouzek Martin,06.05.2021,06.05.2021,7867655,"Horní Němčí, 54",NA,Motýli,CZ0724090: Bílé Karpaty,100,0,7867655,100,7071d,2021-05-06,6,5,2021,CZ0724090,Bílé Karpaty,"Horní Němčí, 54",0,1,ano,1,0,NA,NA,NA,1,1,POP_POCETSUMLOKAL,30,min,10,hnízda housenek,ano,lok,NA,NA,alespoň 10 hnízda housenek,minmax
51010409,11468266,Eriogaster catax,bourovec trnkový,Hrouzek Martin,06.05.2021,06.05.2021,7867655,"Horní Němčí, 54",NA,Motýli,CZ0724090: Bílé Karpaty,100,0,7867655,100,7071d,2021-05-06,6,5,2021,CZ0724090,Bílé Karpaty,"Horní Němčí, 54",0,1,ano,1,0,NA,NA,NA,1,NA,STA_LIKVIDACE,NA,val,nezaznamenána,NA,ne,lok,NA,NA,nezaznamenána,val
51010410,11468266,Eriogaster catax,bourovec trnkový,Hrouzek Martin,06.05.2021,06.05.2021,7867655,"Horní Němčí, 54",NA,Motýli,CZ0724090: Bílé Karpaty,100,0,7867655,100,7071d,2021-05-06,6,5,2021,CZ0724090,Bílé Karpaty,"Horní Němčí, 54",0,1,ano,1,0,NA,NA,NA,1,1,CELKOVE_SUM,1,NA,NA,NA,NA,NA,NA,NA,NA,NA
51010410,11468266,Eriogaster catax,bourovec trnkový,Hrouzek Martin,06.05.2021,06.05.2021,7867655,"Horní Němčí, 54",NA,Motýli,CZ0724090: Bílé Karpaty,100,0,7867655,100,7071d,2021-05-06,6,5,2021,CZ0724090,Bílé Karpaty,"Horní Němčí, 54",0,1,ano,1,0,NA,NA,NA,1,NA,CELKOVE_SUM,1,NA,NA,NA,NA,NA,NA,NA,NA,NA
51010410,11468266,Eriogaster catax,bourovec trnkový,Hrouzek Martin,06.05.2021,06.05.2021,7867655,"Horní Němčí, 54",NA,Motýli,CZ0724090: Bílé Karpaty,100,0,7867655,100,7071d,2021-05-06,6,5,2021,CZ0724090,Bílé Karpaty,"Horní Němčí, 54",0,1,ano,1,0,NA,NA,NA,1,1,POP_POCETSUMLOKAL,30,min,10,hnízda housenek,ano,lok,NA,NA,alespoň 10 hnízda housenek,minmax
51010410,11468266,Eriogaster catax,bourovec trnkový,Hrouzek Martin,06.05.2021,06.05.2021,7867655,"Horní Němčí, 54",NA,Motýli,CZ0724090: Bílé Karpaty,100,0,7867655,100,7071d,2021-05-06,6,5,2021,CZ0724090,Bílé Karpaty,"Horní Němčí, 54",0,1,ano,1,0,NA,NA,NA,1,NA,STA_LIKVIDACE,NA,val,nezaznamenána,NA,ne,lok,NA,NA,nezaznamenána,val
51010411,11468266,Eriogaster catax,bourovec trnkový,Hrouzek Martin,06.05.2021,06.05.2021,7867655,"Horní Němčí, 54",NA,Motýli,CZ0724090: Bílé Karpaty,100,0,7867655,100,7071d,2021-05-06,6,5,2021,CZ0724090,Bílé Karpaty,"Horní Němčí, 54",0,1,ano,1,0,NA,NA,NA,1,1,CELKOVE_SUM,1,NA,NA,NA,NA,NA,NA,NA,NA,NA
51010411,11468266,Eriogaster catax,bourovec trnkový,Hrouzek Martin,06.05.2021,06.05.2021,7867655,"Horní Němčí, 54",NA,Motýli,CZ0724090: Bílé Karpaty,100,0,7867655,100,7071d,2021-05-06,6,5,2021,CZ0724090,Bílé Karpaty,"Horní Němčí, 54",0,1,ano,1,0,NA,NA,NA,1,NA,CELKOVE_SUM,1,NA,NA,NA,NA,NA,NA,NA,NA,NA
51010411,11468266,Eriogaster catax,bourovec trnkový,Hrouzek Martin,06.05.2021,06.05.2021,7867655,"Horní Němčí, 54",NA,Motýli,CZ0724090: Bílé Karpaty,100,0,7867655,100,7071d,2021-05-06,6,5,2021,CZ0724090,Bílé Karpaty,"Horní Němčí, 54",0,1,ano,1,0,NA,NA,NA,1,1,POP_POCETSUMLOKAL,30,min,10,hnízda housenek,ano,lok,NA,NA,alespoň 10 hnízda housenek,minmax
51010411,11468266,Eriogaster catax,bourovec trnkový,Hrouzek Martin,06.05.2021,06.05.2021,7867655,"Horní Němčí, 54",NA,Motýli,CZ0724090: Bílé Karpaty,100,0,7867655,100,7071d,2021-05-06,6,5,2021,CZ0724090,Bílé Karpaty,"Horní Němčí, 54",0,1,ano,1,0,NA,NA,NA,1,NA,STA_LIKVIDACE,NA,val,nezaznamenána,NA,ne,lok,NA,NA,nezaznamenána,val
51010412,11468266,Eriogaster catax,bourovec trnkový,Hrouzek Martin,06.05.2021,06.05.2021,7867655,"Horní Němčí, 54",NA,Motýli,CZ0724090: Bílé Karpaty,100,0,7867655,100,7071d,2021-05-06,6,5,2021,CZ0724090,Bílé Karpaty,"Horní Němčí, 54",0,1,ano,1,0,NA,NA,NA,1,1,CELKOVE_SUM,1,NA,NA,NA,NA,NA,NA,NA,NA,NA
51010412,11468266,Eriogaster catax,bourovec trnkový,Hrouzek Martin,06.05.2021,06.05.2021,7867655,"Horní Němčí, 54",NA,Motýli,CZ0724090: Bílé Karpaty,100,0,7867655,100,7071d,2021-05-06,6,5,2021,CZ0724090,Bílé Karpaty,"Horní Němčí, 54",0,1,ano,1,0,NA,NA,NA,1,NA,CELKOVE_SUM,1,NA,NA,NA,NA,NA,NA,NA,NA,NA
51010412,11468266,Eriogaster catax,bourovec trnkový,Hrouzek Martin,06.05.2021,06.05.2021,7867655,"Horní Němčí, 54",NA,Motýli,CZ0724090: Bílé Karpaty,100,0,7867655,100,7071d,2021-05-06,6,5,2021,CZ0724090,Bílé Karpaty,"Horní Němčí, 54",0,1,ano,1,0,NA,NA,NA,1,1,POP_POCETSUMLOKAL,30,min,10,hnízda housenek,ano,lok,NA,NA,alespoň 10 hnízda housenek,minmax
51010412,11468266,Eriogaster catax,bourovec trnkový,Hrouzek Martin,06.05.2021,06.05.2021,7867655,"Horní Němčí, 54",NA,Motýli,CZ0724090: Bílé Karpaty,100,0,7867655,100,7071d,2021-05-06,6,5,2021,CZ0724090,Bílé Karpaty,"Horní Němčí, 54",0,1,ano,1,0,NA,NA,NA,1,NA,STA_LIKVIDACE,NA,val,nezaznamenána,NA,ne,lok,NA,NA,nezaznamenána,val
51010413,11468266,Eriogaster catax,bourovec trnkový,Hrouzek Martin,06.05.2021,06.05.2021,7867655,"Horní Němčí, 54",NA,Motýli,CZ0724090: Bílé Karpaty,100,0,7867655,100,7071d,2021-05-06,6,5,2021,CZ0724090,Bílé Karpaty,"Horní Němčí, 54",0,1,ano,1,0,NA,NA,NA,1,1,CELKOVE_SUM,1,NA,NA,NA,NA,NA,NA,NA,NA,NA
51010413,11468266,Eriogaster catax,bourovec trnkový,Hrouzek Martin,06.05.2021,06.05.2021,7867655,"Horní Němčí, 54",NA,Motýli,CZ0724090: Bílé Karpaty,100,0,7867655,100,7071d,2021-05-06,6,5,2021,CZ0724090,Bílé Karpaty,"Horní Němčí, 54",0,1,ano,1,0,NA,NA,NA,1,NA,CELKOVE_SUM,1,NA,NA,NA,NA,NA,NA,NA,NA,NA
51010413,11468266,Eriogaster catax,bourovec trnkový,Hrouzek Martin,06.05.2021,06.05.2021,7867655,"Horní Němčí, 54",NA,Motýli,CZ0724090: Bílé Karpaty,100,0,7867655,100,7071d,2021-05-06,6,5,2021,CZ0724090,Bílé Karpaty,"Horní Němčí, 54",0,1,ano,1,0,NA,NA,NA,1,1,POP_POCETSUMLOKAL,30,min,10,hnízda housenek,ano,lok,NA,NA,alespoň 10 hnízda housenek,minmax
51010413,11468266,Eriogaster catax,bourovec trnkový,Hrouzek Martin,06.05.2021,06.05.2021,7867655,"Horní Němčí, 54",NA,Motýli,CZ0724090: Bílé Karpaty,100,0,7867655,100,7071d,2021-05-06,6,5,2021,CZ0724090,Bílé Karpaty,"Horní Němčí, 54",0,1,ano,1,0,NA,NA,NA,1,NA,STA_LIKVIDACE,NA,val,nezaznamenána,NA,ne,lok,NA,NA,nezaznamenána,val
51010414,11468266,Eriogaster catax,bourovec trnkový,Hrouzek Martin,06.05.2021,06.05.2021,7867655,"Horní Němčí, 54",NA,Motýli,CZ0724090: Bílé Karpaty,100,0,7867655,100,7071d,2021-05-06,6,5,2021,CZ0724090,Bílé Karpaty,"Horní Němčí, 54",0,1,ano,1,0,NA,NA,NA,1,1,CELKOVE_SUM,1,NA,NA,NA,NA,NA,NA,NA,NA,NA
51010414,11468266,Eriogaster catax,bourovec trnkový,Hrouzek Martin,06.05.2021,06.05.2021,7867655,"Horní Němčí, 54",NA,Motýli,CZ0724090: Bílé Karpaty,100,0,7867655,100,7071d,2021-05-06,6,5,2021,CZ0724090,Bílé Karpaty,"Horní Němčí, 54",0,1,ano,1,0,NA,NA,NA,1,NA,CELKOVE_SUM,1,NA,NA,NA,NA,NA,NA,NA,NA,NA
51010414,11468266,Eriogaster catax,bourovec trnkový,Hrouzek Martin,06.05.2021,06.05.2021,7867655,"Horní Němčí, 54",NA,Motýli,CZ0724090: Bílé Karpaty,100,0,7867655,100,7071d,2021-05-06,6,5,2021,CZ0724090,Bílé Karpaty,"Horní Němčí, 54",0,1,ano,1,0,NA,NA,NA,1,1,POP_POCETSUMLOKAL,30,min,10,hnízda housenek,ano,lok,NA,NA,alespoň 10 hnízda housenek,minmax
51010414,11468266,Eriogaster catax,bourovec trnkový,Hrouzek Martin,06.05.2021,06.05.2021,7867655,"Horní Němčí, 54",NA,Motýli,CZ0724090: Bílé Karpaty,100,0,7867655,100,7071d,2021-05-06,6,5,2021,CZ0724090,Bílé Karpaty,"Horní Němčí, 54",0,1,ano,1,0,NA,NA,NA,1,NA,STA_LIKVIDACE,NA,val,nezaznamenána,NA,ne,lok,NA,NA,nezaznamenána,val
51010415,11468266,Eriogaster catax,bourovec trnkový,Hrouzek Martin,06.05.2021,06.05.2021,7867655,"Horní Němčí, 54",NA,Motýli,CZ0724090: Bílé Karpaty,100,0,7867655,100,7071d,2021-05-06,6,5,2021,CZ0724090,Bílé Karpaty,"Horní Němčí, 54",0,1,ano,1,0,NA,NA,NA,1,1,CELKOVE_SUM,1,NA,NA,NA,NA,NA,NA,NA,NA,NA
51010415,11468266,Eriogaster catax,bourovec trnkový,Hrouzek Martin,06.05.2021,06.05.2021,7867655,"Horní Němčí, 54",NA,Motýli,CZ0724090: Bílé Karpaty,100,0,7867655,100,7071d,2021-05-06,6,5,2021,CZ0724090,Bílé Karpaty,"Horní Němčí, 54",0,1,ano,1,0,NA,NA,NA,1,NA,CELKOVE_SUM,1,NA,NA,NA,NA,NA,NA,NA,NA,NA
51010415,11468266,Eriogaster catax,bourovec trnkový,Hrouzek Martin,06.05.2021,06.05.2021,7867655,"Horní Němčí, 54",NA,Motýli,CZ0724090: Bílé Karpaty,100,0,7867655,100,7071d,2021-05-06,6,5,2021,CZ0724090,Bílé Karpaty,"Horní Němčí, 54",0,1,ano,1,0,NA,NA,NA,1,1,POP_POCETSUMLOKAL,30,min,10,hnízda housenek,ano,lok,NA,NA,alespoň 10 hnízda housenek,minmax
51010415,11468266,Eriogaster catax,bourovec trnkový,Hrouzek Martin,06.05.2021,06.05.2021,7867655,"Horní Němčí, 54",NA,Motýli,CZ0724090: Bílé Karpaty,100,0,7867655,100,7071d,2021-05-06,6,5,2021,CZ0724090,Bílé Karpaty,"Horní Němčí, 54",0,1,ano,1,0,NA,NA,NA,1,NA,STA_LIKVIDACE,NA,val,nezaznamenána,NA,ne,lok,NA,NA,nezaznamenána,val
51010416,11468266,Eriogaster catax,bourovec trnkový,Hrouzek Martin,06.05.2021,06.05.2021,7867655,"Horní Němčí, 54",NA,Motýli,CZ0724090: Bílé Karpaty,100,0,7867655,100,7071d,2021-05-06,6,5,2021,CZ0724090,Bílé Karpaty,"Horní Němčí, 54",0,1,ano,1,0,NA,NA,NA,1,1,CELKOVE_SUM,1,NA,NA,NA,NA,NA,NA,NA,NA,NA
51010416,11468266,Eriogaster catax,bourovec trnkový,Hrouzek Martin,06.05.2021,06.05.2021,7867655,"Horní Němčí, 54",NA,Motýli,CZ0724090: Bílé Karpaty,100,0,7867655,100,7071d,2021-05-06,6,5,2021,CZ0724090,Bílé Karpaty,"Horní Němčí, 54",0,1,ano,1,0,NA,NA,NA,1,NA,CELKOVE_SUM,1,NA,NA,NA,NA,NA,NA,NA,NA,NA
51010416,11468266,Eriogaster catax,bourovec trnkový,Hrouzek Martin,06.05.2021,06.05.2021,7867655,"Horní Němčí, 54",NA,Motýli,CZ0724090: Bílé Karpaty,100,0,7867655,100,7071d,2021-05-06,6,5,2021,CZ0724090,Bílé Karpaty,"Horní Němčí, 54",0,1,ano,1,0,NA,NA,NA,1,1,POP_POCETSUMLOKAL,30,min,10,hnízda housenek,ano,lok,NA,NA,alespoň 10 hnízda housenek,minmax
51010416,11468266,Eriogaster catax,bourovec trnkový,Hrouzek Martin,06.05.2021,06.05.2021,7867655,"Horní Němčí, 54",NA,Motýli,CZ0724090: Bílé Karpaty,100,0,7867655,100,7071d,2021-05-06,6,5,2021,CZ0724090,Bílé Karpaty,"Horní Němčí, 54",0,1,ano,1,0,NA,NA,NA,1,NA,STA_LIKVIDACE,NA,val,nezaznamenána,NA,ne,lok,NA,NA,nezaznamenána,val
51010417,11468266,Eriogaster catax,bourovec trnkový,Hrouzek Martin,06.05.2021,06.05.2021,7867655,"Horní Němčí, 54",NA,Motýli,CZ0724090: Bílé Karpaty,100,0,7867655,100,7071d,2021-05-06,6,5,2021,CZ0724090,Bílé Karpaty,"Horní Němčí, 54",0,1,ano,1,0,NA,NA,NA,1,1,CELKOVE_SUM,1,NA,NA,NA,NA,NA,NA,NA,NA,NA
51010417,11468266,Eriogaster catax,bourovec trnkový,Hrouzek Martin,06.05.2021,06.05.2021,7867655,"Horní Němčí, 54",NA,Motýli,CZ0724090: Bílé Karpaty,100,0,7867655,100,7071d,2021-05-06,6,5,2021,CZ0724090,Bílé Karpaty,"Horní Němčí, 54",0,1,ano,1,0,NA,NA,NA,1,NA,CELKOVE_SUM,1,NA,NA,NA,NA,NA,NA,NA,NA,NA
51010417,11468266,Eriogaster catax,bourovec trnkový,Hrouzek Martin,06.05.2021,06.05.2021,7867655,"Horní Němčí, 54",NA,Motýli,CZ0724090: Bílé Karpaty,100,0,7867655,100,7071d,2021-05-06,6,5,2021,CZ0724090,Bílé Karpaty,"Horní Němčí, 54",0,1,ano,1,0,NA,NA,NA,1,1,POP_POCETSUMLOKAL,30,min,10,hnízda housenek,ano,lok,NA,NA,alespoň 10 hnízda housenek,minmax
51010417,11468266,Eriogaster catax,bourovec trnkový,Hrouzek Martin,06.05.2021,06.05.2021,7867655,"Horní Němčí, 54",NA,Motýli,CZ0724090: Bílé Karpaty,100,0,7867655,100,7071d,2021-05-06,6,5,2021,CZ0724090,Bílé Karpaty,"Horní Němčí, 54",0,1,ano,1,0,NA,NA,NA,1,NA,STA_LIKVIDACE,NA,val,nezaznamenána,NA,ne,lok,NA,NA,nezaznamenána,val
51032262,11475076,Eriogaster catax,bourovec trnkový,Hrouzek Martin,11.05.2021,11.05.2021,7880200,Popovice,NA,Motýli,CZ0723425: Stráně u Popovic,100,0,7880200,100,6971c,2021-05-11,11,5,2021,CZ0723425,Stráně u Popovic,Popovice,0,1,ano,1,0,NA,NA,NA,1,0,CELKOVE_SUM,0,NA,NA,NA,NA,NA,NA,NA,NA,NA
51032262,11475076,Eriogaster catax,bourovec trnkový,Hrouzek Martin,11.05.2021,11.05.2021,7880200,Popovice,NA,Motýli,CZ0723425: Stráně u Popovic,100,0,7880200,100,6971c,2021-05-11,11,5,2021,CZ0723425,Stráně u Popovic,Popovice,0,1,ano,1,0,NA,NA,NA,1,NA,CELKOVE_SUM,0,NA,NA,NA,NA,NA,NA,NA,NA,NA
51032262,11475076,Eriogaster catax,bourovec trnkový,Hrouzek Martin,11.05.2021,11.05.2021,7880200,Popovice,NA,Motýli,CZ0723425: Stráně u Popovic,100,0,7880200,100,6971c,2021-05-11,11,5,2021,CZ0723425,Stráně u Popovic,Popovice,0,1,ano,1,0,NA,NA,NA,1,0,POP_POCETSUMLOKAL,1,min,10,hnízda housenek,ano,lok,NA,NA,alespoň 10 hnízda housenek,minmax
51032262,11475076,Eriogaster catax,bourovec trnkový,Hrouzek Martin,11.05.2021,11.05.2021,7880200,Popovice,NA,Motýli,CZ0723425: Stráně u Popovic,100,0,7880200,100,6971c,2021-05-11,11,5,2021,CZ0723425,Stráně u Popovic,Popovice,0,1,ano,1,0,NA,NA,NA,1,NA,STA_LIKVIDACE,NA,val,nezaznamenána,NA,ne,lok,NA,NA,nezaznamenána,val
51040100,11478156,Eriogaster catax,bourovec trnkový,Hrouzek Martin,05.05.2021,05.05.2021,7885794,Uherské Hradiště,NA,Motýli,CZ0723024: Rochus,100,0,7885794,100,6970b,2021-05-05,5,5,2021,CZ0723024,Rochus,Uherské Hradiště,0,1,ano,1,0,NA,NA,NA,1,0,CELKOVE_SUM,0,NA,NA,NA,NA,NA,NA,NA,NA,NA
51040100,11478156,Eriogaster catax,bourovec trnkový,Hrouzek Martin,05.05.2021,05.05.2021,7885794,Uherské Hradiště,NA,Motýli,CZ0723024: Rochus,100,0,7885794,100,6970b,2021-05-05,5,5,2021,CZ0723024,Rochus,Uherské Hradiště,0,1,ano,1,0,NA,NA,NA,1,NA,CELKOVE_SUM,0,NA,NA,NA,NA,NA,NA,NA,NA,NA
51040100,11478156,Eriogaster catax,bourovec trnkový,Hrouzek Martin,05.05.2021,05.05.2021,7885794,Uherské Hradiště,NA,Motýli,CZ0723024: Rochus,100,0,7885794,100,6970b,2021-05-05,5,5,2021,CZ0723024,Rochus,Uherské Hradiště,0,1,ano,1,0,NA,NA,NA,1,0,POP_POCETSUMLOKAL,2,min,10,hnízda housenek,ano,lok,NA,NA,alespoň 10 hnízda housenek,minmax
51040100,11478156,Eriogaster catax,bourovec trnkový,Hrouzek Martin,05.05.2021,05.05.2021,7885794,Uherské Hradiště,NA,Motýli,CZ0723024: Rochus,100,0,7885794,100,6970b,2021-05-05,5,5,2021,CZ0723024,Rochus,Uherské Hradiště,0,1,ano,1,0,NA,NA,NA,1,NA,STA_LIKVIDACE,NA,val,nezaznamenána,NA,ne,lok,NA,NA,nezaznamenána,val
51040110,11478156,Eriogaster catax,bourovec trnkový,Hrouzek Martin,05.05.2021,05.05.2021,7885794,Uherské Hradiště,NA,Motýli,CZ0723024: Rochus,100,0,7885794,100,6970b,2021-05-05,5,5,2021,CZ0723024,Rochus,Uherské Hradiště,0,1,ano,1,0,NA,NA,NA,1,0,CELKOVE_SUM,0,NA,NA,NA,NA,NA,NA,NA,NA,NA
51040110,11478156,Eriogaster catax,bourovec trnkový,Hrouzek Martin,05.05.2021,05.05.2021,7885794,Uherské Hradiště,NA,Motýli,CZ0723024: Rochus,100,0,7885794,100,6970b,2021-05-05,5,5,2021,CZ0723024,Rochus,Uherské Hradiště,0,1,ano,1,0,NA,NA,NA,1,NA,CELKOVE_SUM,0,NA,NA,NA,NA,NA,NA,NA,NA,NA
51040110,11478156,Eriogaster catax,bourovec trnkový,Hrouzek Martin,05.05.2021,05.05.2021,7885794,Uherské Hradiště,NA,Motýli,CZ0723024: Rochus,100,0,7885794,100,6970b,2021-05-05,5,5,2021,CZ0723024,Rochus,Uherské Hradiště,0,1,ano,1,0,NA,NA,NA,1,0,POP_POCETSUMLOKAL,2,min,10,hnízda housenek,ano,lok,NA,NA,alespoň 10 hnízda housenek,minmax
51040110,11478156,Eriogaster catax,bourovec trnkový,Hrouzek Martin,05.05.2021,05.05.2021,7885794,Uherské Hradiště,NA,Motýli,CZ0723024: Rochus,100,0,7885794,100,6970b,2021-05-05,5,5,2021,CZ0723024,Rochus,Uherské Hradiště,0,1,ano,1,0,NA,NA,NA,1,NA,STA_LIKVIDACE,NA,val,nezaznamenána,NA,ne,lok,NA,NA,nezaznamenána,val
52613779,11778426,Eriogaster catax,bourovec trnkový,Dedek Pavel,14.04.2022,14.04.2022,8331031,"Mikulov, 421",NA,Motýli,CZ0624100: Milovický les,100,0,8331031,100,7166c,2022-04-14,14,4,2022,CZ0624100,Milovický les,"Mikulov, 421",0,1,ano,1,0,NA,NA,NA,1,0,CELKOVE_SUM,0,NA,NA,NA,NA,NA,NA,NA,NA,NA
52613779,11778426,Eriogaster catax,bourovec trnkový,Dedek Pavel,14.04.2022,14.04.2022,8331031,"Mikulov, 421",NA,Motýli,CZ0624100: Milovický les,100,0,8331031,100,7166c,2022-04-14,14,4,2022,CZ0624100,Milovický les,"Mikulov, 421",0,1,ano,1,0,NA,NA,NA,1,NA,CELKOVE_SUM,0,NA,NA,NA,NA,NA,NA,NA,NA,NA
52613779,11778426,Eriogaster catax,bourovec trnkový,Dedek Pavel,14.04.2022,14.04.2022,8331031,"Mikulov, 421",NA,Motýli,CZ0624100: Milovický les,100,0,8331031,100,7166c,2022-04-14,14,4,2022,CZ0624100,Milovický les,"Mikulov, 421",0,1,ano,1,0,NA,NA,NA,1,0,POP_POCETSUMLOKAL,1,min,10,hnízda housenek,ano,lok,NA,NA,alespoň 10 hnízda housenek,minmax
52613779,11778426,Eriogaster catax,bourovec trnkový,Dedek Pavel,14.04.2022,14.04.2022,8331031,"Mikulov, 421",NA,Motýli,CZ0624100: Milovický les,100,0,8331031,100,7166c,2022-04-14,14,4,2022,CZ0624100,Milovický les,"Mikulov, 421",0,1,ano,1,0,NA,NA,NA,1,NA,STA_LIKVIDACE,NA,val,nezaznamenána,NA,ne,lok,NA,NA,nezaznamenána,val
52670664,11784101,Eriogaster catax,bourovec trnkový,Dedek Pavel,23.04.2022,23.04.2022,8344406,Mikulov,NA,Motýli,CZ0624100: Milovický les,100,0,8344406,100,7166c,2022-04-23,23,4,2022,CZ0624100,Milovický les,Mikulov,0,1,ano,2,0,NA,NA,NA,1,0,CELKOVE_SUM,0,NA,NA,NA,NA,NA,NA,NA,NA,NA
52670664,11784101,Eriogaster catax,bourovec trnkový,Dedek Pavel,23.04.2022,23.04.2022,8344406,Mikulov,NA,Motýli,CZ0624100: Milovický les,100,0,8344406,100,7166c,2022-04-23,23,4,2022,CZ0624100,Milovický les,Mikulov,0,1,ano,2,0,NA,NA,NA,1,NA,CELKOVE_SUM,0,NA,NA,NA,NA,NA,NA,NA,NA,NA
52670664,11784101,Eriogaster catax,bourovec trnkový,Dedek Pavel,23.04.2022,23.04.2022,8344406,Mikulov,NA,Motýli,CZ0624100: Milovický les,100,0,8344406,100,7166c,2022-04-23,23,4,2022,CZ0624100,Milovický les,Mikulov,0,1,ano,2,0,NA,NA,NA,1,0,POP_POCETSUMLOKAL,2,min,10,hnízda housenek,ano,lok,NA,NA,alespoň 10 hnízda housenek,minmax
52670664,11784101,Eriogaster catax,bourovec trnkový,Dedek Pavel,23.04.2022,23.04.2022,8344406,Mikulov,NA,Motýli,CZ0624100: Milovický les,100,0,8344406,100,7166c,2022-04-23,23,4,2022,CZ0624100,Milovický les,Mikulov,0,1,ano,2,0,NA,NA,NA,1,NA,STA_LIKVIDACE,NA,val,nezaznamenána,NA,ne,lok,NA,NA,nezaznamenána,val
54499598,12081856,Eriogaster catax,bourovec trnkový,Eliáš Kamil,06.05.2018,06.05.2018,8799833,"421, Mikulov - Mikulov na Moravě",NA,Motýli,CZ0624100: Milovický les,100,0,8799833,100,7166c,2018-05-06,6,5,2018,CZ0624100,Milovický les,"421, Mikulov - Mikulov na Moravě",0,1,ano,NA,0,NA,NA,NA,NA,0,CELKOVE_SUM,0,NA,NA,NA,NA,NA,NA,NA,NA,NA
54499598,12081856,Eriogaster catax,bourovec trnkový,Eliáš Kamil,06.05.2018,06.05.2018,8799833,"421, Mikulov - Mikulov na Moravě",NA,Motýli,CZ0624100: Milovický les,100,0,8799833,100,7166c,2018-05-06,6,5,2018,CZ0624100,Milovický les,"421, Mikulov - Mikulov na Moravě",0,1,ano,NA,0,NA,NA,NA,NA,NA,CELKOVE_SUM,0,NA,NA,NA,NA,NA,NA,NA,NA,NA
54499598,12081856,Eriogaster catax,bourovec trnkový,Eliáš Kamil,06.05.2018,06.05.2018,8799833,"421, Mikulov - Mikulov na Moravě",NA,Motýli,CZ0624100: Milovický les,100,0,8799833,100,7166c,2018-05-06,6,5,2018,CZ0624100,Milovický les,"421, Mikulov - Mikulov na Moravě",0,1,ano,NA,0,NA,NA,NA,NA,0,POP_POCETSUMLOKAL,0,min,10,hnízda housenek,ano,lok,NA,NA,alespoň 10 hnízda housenek,minmax
54499598,12081856,Eriogaster catax,bourovec trnkový,Eliáš Kamil,06.05.2018,06.05.2018,8799833,"421, Mikulov - Mikulov na Moravě",NA,Motýli,CZ0624100: Milovický les,100,0,8799833,100,7166c,2018-05-06,6,5,2018,CZ0624100,Milovický les,"421, Mikulov - Mikulov na Moravě",0,1,ano,NA,0,NA,NA,NA,NA,NA,STA_LIKVIDACE,NA,val,nezaznamenána,NA,ne,lok,NA,NA,nezaznamenána,val
54788282,12239964,Eriogaster catax,bourovec trnkový,Vladimír Hula,15.04.2022,15.04.2022,8964181,Na cvičišti,MOTYLI1064_673,Motýli,CZ0624100: Milovický les,100,0,8964181,100,7166c,2022-04-15,15,4,2022,CZ0624100,Milovický les,MOTYLI1064,1,1,ano,16,0,NA,NA,NA,2,1,CELKOVE_SUM,2,NA,NA,NA,NA,NA,NA,NA,NA,NA
54788282,12239964,Eriogaster catax,bourovec trnkový,Vladimír Hula,15.04.2022,15.04.2022,8964181,Na cvičišti,MOTYLI1064_673,Motýli,CZ0624100: Milovický les,100,0,8964181,100,7166c,2022-04-15,15,4,2022,CZ0624100,Milovický les,MOTYLI1064,1,1,ano,16,0,NA,NA,NA,2,1,POP_POCETSUMLOKAL,16,min,10,hnízda housenek,ano,lok,NA,NA,alespoň 10 hnízda housenek,minmax
54788282,12239964,Eriogaster catax,bourovec trnkový,Vladimír Hula,15.04.2022,15.04.2022,8964181,Na cvičišti,MOTYLI1064_673,Motýli,CZ0624100: Milovický les,100,0,8964181,100,7166c,2022-04-15,15,4,2022,CZ0624100,Milovický les,MOTYLI1064,1,1,ano,16,0,NA,NA,NA,2,1,STA_LIKVIDACE,nezaznamenána,val,nezaznamenána,NA,ne,lok,NA,NA,nezaznamenána,val
54788284,12239968,Eriogaster catax,bourovec trnkový,Vladimir Hula,13.05.2022,13.05.2022,8964182,Dunajovické kopce,MOTYLI1068_674,Motýli,CZ0622218: Dunajovické kopce,100,0,8964182,100,7165c,2022-05-13,13,5,2022,CZ0622218,Dunajovické kopce,MOTYLI1068,1,1,ano,1,0,NA,NA,NA,1,0,CELKOVE_SUM,1,NA,NA,NA,NA,NA,NA,NA,NA,NA
54788284,12239968,Eriogaster catax,bourovec trnkový,Vladimir Hula,13.05.2022,13.05.2022,8964182,Dunajovické kopce,MOTYLI1068_674,Motýli,CZ0622218: Dunajovické kopce,100,0,8964182,100,7165c,2022-05-13,13,5,2022,CZ0622218,Dunajovické kopce,MOTYLI1068,1,1,ano,1,0,NA,NA,NA,1,1,CELKOVE_SUM,1,NA,NA,NA,NA,NA,NA,NA,NA,NA
54788284,12239968,Eriogaster catax,bourovec trnkový,Vladimir Hula,13.05.2022,13.05.2022,8964182,Dunajovické kopce,MOTYLI1068_674,Motýli,CZ0622218: Dunajovické kopce,100,0,8964182,100,7165c,2022-05-13,13,5,2022,CZ0622218,Dunajovické kopce,MOTYLI1068,1,1,ano,1,0,NA,NA,NA,1,0,POP_POCETSUMLOKAL,1,min,10,hnízda housenek,ano,lok,NA,NA,alespoň 10 hnízda housenek,minmax
54788284,12239968,Eriogaster catax,bourovec trnkový,Vladimir Hula,13.05.2022,13.05.2022,8964182,Dunajovické kopce,MOTYLI1068_674,Motýli,CZ0622218: Dunajovické kopce,100,0,8964182,100,7165c,2022-05-13,13,5,2022,CZ0622218,Dunajovické kopce,MOTYLI1068,1,1,ano,1,0,NA,NA,NA,1,1,STA_LIKVIDACE,nezaznamenána,val,nezaznamenána,NA,ne,lok,NA,NA,nezaznamenána,val
54788285,12239958,Eriogaster catax,bourovec trnkový,Vladimír Hula,13.05.2022,13.05.2022,8964175,Liščí vrch,MOTYLI1069,Motýli,CZ0624100: Milovický les,90,1,8964175,100,7266a,2022-05-13,13,5,2022,CZ0624100,Milovický les,MOTYLI1069,1,0,ne,0,0,0,ne,0,NA,0,CELKOVE_SUM,1,NA,NA,NA,NA,NA,NA,NA,NA,NA
54788285,12239958,Eriogaster catax,bourovec trnkový,Vladimír Hula,13.05.2022,13.05.2022,8964175,Liščí vrch,MOTYLI1069,Motýli,CZ0624100: Milovický les,90,1,8964175,100,7266a,2022-05-13,13,5,2022,CZ0624100,Milovický les,MOTYLI1069,1,0,ne,0,0,0,ne,0,NA,1,CELKOVE_SUM,1,NA,NA,NA,NA,NA,NA,NA,NA,NA
54788285,12239958,Eriogaster catax,bourovec trnkový,Vladimír Hula,13.05.2022,13.05.2022,8964175,Liščí vrch,MOTYLI1069,Motýli,CZ0624100: Milovický les,90,1,8964175,100,7266a,2022-05-13,13,5,2022,CZ0624100,Milovický les,MOTYLI1069,1,0,ne,0,0,0,ne,0,NA,0,POP_POCETSUMLOKAL,0,min,10,hnízda housenek,ano,lok,NA,NA,alespoň 10 hnízda housenek,minmax
54788285,12239958,Eriogaster catax,bourovec trnkový,Vladimír Hula,13.05.2022,13.05.2022,8964175,Liščí vrch,MOTYLI1069,Motýli,CZ0624100: Milovický les,90,1,8964175,100,7266a,2022-05-13,13,5,2022,CZ0624100,Milovický les,MOTYLI1069,1,0,ne,0,0,0,ne,0,NA,1,STA_LIKVIDACE,nezaznamenána,val,nezaznamenána,NA,ne,lok,NA,NA,nezaznamenána,val
54788286,12239957,Eriogaster catax,bourovec trnkový,Vladimír Hula,12.05.2022,12.05.2022,8964179,Skalky,MOTYLI1070,Motýli,CZ0620048: Skalky u Sedlece,89,1,8964179,100,7266a,2022-05-12,12,5,2022,CZ0620048,Skalky u Sedlece,MOTYLI1070,1,0,ne,0,0,0,ne,0,NA,0,CELKOVE_SUM,1,NA,NA,NA,NA,NA,NA,NA,NA,NA
54788286,12239957,Eriogaster catax,bourovec trnkový,Vladimír Hula,12.05.2022,12.05.2022,8964179,Skalky,MOTYLI1070,Motýli,CZ0620048: Skalky u Sedlece,89,1,8964179,100,7266a,2022-05-12,12,5,2022,CZ0620048,Skalky u Sedlece,MOTYLI1070,1,0,ne,0,0,0,ne,0,NA,1,CELKOVE_SUM,1,NA,NA,NA,NA,NA,NA,NA,NA,NA
54788286,12239957,Eriogaster catax,bourovec trnkový,Vladimír Hula,12.05.2022,12.05.2022,8964179,Skalky,MOTYLI1070,Motýli,CZ0620048: Skalky u Sedlece,89,1,8964179,100,7266a,2022-05-12,12,5,2022,CZ0620048,Skalky u Sedlece,MOTYLI1070,1,0,ne,0,0,0,ne,0,NA,0,POP_POCETSUMLOKAL,0,min,10,hnízda housenek,ano,lok,NA,NA,alespoň 10 hnízda housenek,minmax
54788286,12239957,Eriogaster catax,bourovec trnkový,Vladimír Hula,12.05.2022,12.05.2022,8964179,Skalky,MOTYLI1070,Motýli,CZ0620048: Skalky u Sedlece,89,1,8964179,100,7266a,2022-05-12,12,5,2022,CZ0620048,Skalky u Sedlece,MOTYLI1070,1,0,ne,0,0,0,ne,0,NA,1,STA_LIKVIDACE,nezaznamenána,val,nezaznamenána,NA,ne,lok,NA,NA,nezaznamenána,val
54788287,12239963,Eriogaster catax,bourovec trnkový,Vladimír Hula,13.05.2022,13.05.2022,8964176,Výtopa,MOTYLI1072,Motýli,CZ0620009: Lednické rybníky,28,1,8964176,100,7266a,2022-05-13,13,5,2022,CZ0620009,Lednické rybníky,MOTYLI1072,1,0,ne,0,0,0,ne,0,NA,0,CELKOVE_SUM,1,NA,NA,NA,NA,NA,NA,NA,NA,NA
54788287,12239963,Eriogaster catax,bourovec trnkový,Vladimír Hula,13.05.2022,13.05.2022,8964176,Výtopa,MOTYLI1072,Motýli,CZ0620009: Lednické rybníky,28,1,8964176,100,7266a,2022-05-13,13,5,2022,CZ0620009,Lednické rybníky,MOTYLI1072,1,0,ne,0,0,0,ne,0,NA,1,CELKOVE_SUM,1,NA,NA,NA,NA,NA,NA,NA,NA,NA
54788287,12239963,Eriogaster catax,bourovec trnkový,Vladimír Hula,13.05.2022,13.05.2022,8964176,Výtopa,MOTYLI1072,Motýli,CZ0620009: Lednické rybníky,28,1,8964176,100,7266a,2022-05-13,13,5,2022,CZ0620009,Lednické rybníky,MOTYLI1072,1,0,ne,0,0,0,ne,0,NA,0,POP_POCETSUMLOKAL,0,min,10,hnízda housenek,ano,lok,NA,NA,alespoň 10 hnízda housenek,minmax
54788287,12239963,Eriogaster catax,bourovec trnkový,Vladimír Hula,13.05.2022,13.05.2022,8964176,Výtopa,MOTYLI1072,Motýli,CZ0620009: Lednické rybníky,28,1,8964176,100,7266a,2022-05-13,13,5,2022,CZ0620009,Lednické rybníky,MOTYLI1072,1,0,ne,0,0,0,ne,0,NA,1,STA_LIKVIDACE,nezaznamenána,val,nezaznamenána,NA,ne,lok,NA,NA,nezaznamenána,val
54788288,12239959,Eriogaster catax,bourovec trnkový,Vladimir Hula,12.05.2022,12.05.2022,8964173,Kaple,MOTYLI1066,Motýli,CZ0624104: Děvín,100,1,8964173,100,7165b,2022-05-12,12,5,2022,CZ0624104,Děvín,MOTYLI1066,1,0,ne,0,0,0,ne,0,NA,0,CELKOVE_SUM,1,NA,NA,NA,NA,NA,NA,NA,NA,NA
54788288,12239959,Eriogaster catax,bourovec trnkový,Vladimir Hula,12.05.2022,12.05.2022,8964173,Kaple,MOTYLI1066,Motýli,CZ0624104: Děvín,100,1,8964173,100,7165b,2022-05-12,12,5,2022,CZ0624104,Děvín,MOTYLI1066,1,0,ne,0,0,0,ne,0,NA,1,CELKOVE_SUM,1,NA,NA,NA,NA,NA,NA,NA,NA,NA
54788288,12239959,Eriogaster catax,bourovec trnkový,Vladimir Hula,12.05.2022,12.05.2022,8964173,Kaple,MOTYLI1066,Motýli,CZ0624104: Děvín,100,1,8964173,100,7165b,2022-05-12,12,5,2022,CZ0624104,Děvín,MOTYLI1066,1,0,ne,0,0,0,ne,0,NA,0,POP_POCETSUMLOKAL,0,min,10,hnízda housenek,ano,lok,NA,NA,alespoň 10 hnízda housenek,minmax
54788288,12239959,Eriogaster catax,bourovec trnkový,Vladimir Hula,12.05.2022,12.05.2022,8964173,Kaple,MOTYLI1066,Motýli,CZ0624104: Děvín,100,1,8964173,100,7165b,2022-05-12,12,5,2022,CZ0624104,Děvín,MOTYLI1066,1,0,ne,0,0,0,ne,0,NA,1,STA_LIKVIDACE,nezaznamenána,val,nezaznamenána,NA,ne,lok,NA,NA,nezaznamenána,val
54788289,12239960,Eriogaster catax,bourovec trnkový,Vladimír Hula,13.05.2022,13.05.2022,8964177,Studánkový vrchh,MOTYLI1071,Motýli,CZ0623026: Studánkový vrch,99,1,8964177,100,7266a,2022-05-13,13,5,2022,CZ0623026,Studánkový vrch,MOTYLI1071,1,0,ne,0,0,0,ne,0,NA,0,CELKOVE_SUM,1,NA,NA,NA,NA,NA,NA,NA,NA,NA
54788289,12239960,Eriogaster catax,bourovec trnkový,Vladimír Hula,13.05.2022,13.05.2022,8964177,Studánkový vrchh,MOTYLI1071,Motýli,CZ0623026: Studánkový vrch,99,1,8964177,100,7266a,2022-05-13,13,5,2022,CZ0623026,Studánkový vrch,MOTYLI1071,1,0,ne,0,0,0,ne,0,NA,1,CELKOVE_SUM,1,NA,NA,NA,NA,NA,NA,NA,NA,NA
54788289,12239960,Eriogaster catax,bourovec trnkový,Vladimír Hula,13.05.2022,13.05.2022,8964177,Studánkový vrchh,MOTYLI1071,Motýli,CZ0623026: Studánkový vrch,99,1,8964177,100,7266a,2022-05-13,13,5,2022,CZ0623026,Studánkový vrch,MOTYLI1071,1,0,ne,0,0,0,ne,0,NA,0,POP_POCETSUMLOKAL,0,min,10,hnízda housenek,ano,lok,NA,NA,alespoň 10 hnízda housenek,minmax
54788289,12239960,Eriogaster catax,bourovec trnkový,Vladimír Hula,13.05.2022,13.05.2022,8964177,Studánkový vrchh,MOTYLI1071,Motýli,CZ0623026: Studánkový vrch,99,1,8964177,100,7266a,2022-05-13,13,5,2022,CZ0623026,Studánkový vrch,MOTYLI1071,1,0,ne,0,0,0,ne,0,NA,1,STA_LIKVIDACE,nezaznamenána,val,nezaznamenána,NA,ne,lok,NA,NA,nezaznamenána,val
54788291,12239961,Eriogaster catax,bourovec trnkový,Vladimir Hula,12.05.2022,12.05.2022,8964178,lomy nad Pernou,MOTYLI1067,Motýli,CZ0624043: Stolová hora,54,1,8964178,100,7165d,2022-05-12,12,5,2022,CZ0624043,Stolová hora,MOTYLI1067,1,0,ne,0,0,0,ne,0,NA,0,CELKOVE_SUM,1,NA,NA,NA,NA,NA,NA,NA,NA,NA
54788291,12239961,Eriogaster catax,bourovec trnkový,Vladimir Hula,12.05.2022,12.05.2022,8964178,lomy nad Pernou,MOTYLI1067,Motýli,CZ0624043: Stolová hora,54,1,8964178,100,7165d,2022-05-12,12,5,2022,CZ0624043,Stolová hora,MOTYLI1067,1,0,ne,0,0,0,ne,0,NA,1,CELKOVE_SUM,1,NA,NA,NA,NA,NA,NA,NA,NA,NA
54788291,12239961,Eriogaster catax,bourovec trnkový,Vladimir Hula,12.05.2022,12.05.2022,8964178,lomy nad Pernou,MOTYLI1067,Motýli,CZ0624043: Stolová hora,54,1,8964178,100,7165d,2022-05-12,12,5,2022,CZ0624043,Stolová hora,MOTYLI1067,1,0,ne,0,0,0,ne,0,NA,0,POP_POCETSUMLOKAL,0,min,10,hnízda housenek,ano,lok,NA,NA,alespoň 10 hnízda housenek,minmax
54788291,12239961,Eriogaster catax,bourovec trnkový,Vladimir Hula,12.05.2022,12.05.2022,8964178,lomy nad Pernou,MOTYLI1067,Motýli,CZ0624043: Stolová hora,54,1,8964178,100,7165d,2022-05-12,12,5,2022,CZ0624043,Stolová hora,MOTYLI1067,1,0,ne,0,0,0,ne,0,NA,1,STA_LIKVIDACE,nezaznamenána,val,nezaznamenána,NA,ne,lok,NA,NA,nezaznamenána,val
55937406,12491328,Eriogaster catax,bourovec trnkový,Hrouzek Martin,23.04.2023,23.04.2023,9230187,"Uherské Hradiště, Silnice bez názvu",NA,Motýli,CZ0723024: Rochus,100,0,9230187,100,6970b,2023-04-23,23,4,2023,CZ0723024,Rochus,"Uherské Hradiště, Silnice bez názvu",0,1,ano,1,0,NA,NA,NA,1,0,CELKOVE_SUM,0,NA,NA,NA,NA,NA,NA,NA,NA,NA
55937406,12491328,Eriogaster catax,bourovec trnkový,Hrouzek Martin,23.04.2023,23.04.2023,9230187,"Uherské Hradiště, Silnice bez názvu",NA,Motýli,CZ0723024: Rochus,100,0,9230187,100,6970b,2023-04-23,23,4,2023,CZ0723024,Rochus,"Uherské Hradiště, Silnice bez názvu",0,1,ano,1,0,NA,NA,NA,1,NA,CELKOVE_SUM,0,NA,NA,NA,NA,NA,NA,NA,NA,NA
55937406,12491328,Eriogaster catax,bourovec trnkový,Hrouzek Martin,23.04.2023,23.04.2023,9230187,"Uherské Hradiště, Silnice bez názvu",NA,Motýli,CZ0723024: Rochus,100,0,9230187,100,6970b,2023-04-23,23,4,2023,CZ0723024,Rochus,"Uherské Hradiště, Silnice bez názvu",0,1,ano,1,0,NA,NA,NA,1,0,POP_POCETSUMLOKAL,3,min,10,hnízda housenek,ano,lok,NA,NA,alespoň 10 hnízda housenek,minmax
55937406,12491328,Eriogaster catax,bourovec trnkový,Hrouzek Martin,23.04.2023,23.04.2023,9230187,"Uherské Hradiště, Silnice bez názvu",NA,Motýli,CZ0723024: Rochus,100,0,9230187,100,6970b,2023-04-23,23,4,2023,CZ0723024,Rochus,"Uherské Hradiště, Silnice bez názvu",0,1,ano,1,0,NA,NA,NA,1,NA,STA_LIKVIDACE,NA,val,nezaznamenána,NA,ne,lok,NA,NA,nezaznamenána,val
55959380,12496514,Eriogaster catax,bourovec trnkový,Dedek Pavel,26.04.2023,26.04.2023,9243886,Mikulov,NA,Motýli,CZ0624100: Milovický les,100,0,9243886,100,7166c,2023-04-26,26,4,2023,CZ0624100,Milovický les,Mikulov,0,1,ano,1,0,NA,NA,NA,1,0,CELKOVE_SUM,0,NA,NA,NA,NA,NA,NA,NA,NA,NA
55959380,12496514,Eriogaster catax,bourovec trnkový,Dedek Pavel,26.04.2023,26.04.2023,9243886,Mikulov,NA,Motýli,CZ0624100: Milovický les,100,0,9243886,100,7166c,2023-04-26,26,4,2023,CZ0624100,Milovický les,Mikulov,0,1,ano,1,0,NA,NA,NA,1,NA,CELKOVE_SUM,0,NA,NA,NA,NA,NA,NA,NA,NA,NA
55959380,12496514,Eriogaster catax,bourovec trnkový,Dedek Pavel,26.04.2023,26.04.2023,9243886,Mikulov,NA,Motýli,CZ0624100: Milovický les,100,0,9243886,100,7166c,2023-04-26,26,4,2023,CZ0624100,Milovický les,Mikulov,0,1,ano,1,0,NA,NA,NA,1,0,POP_POCETSUMLOKAL,6,min,10,hnízda housenek,ano,lok,NA,NA,alespoň 10 hnízda housenek,minmax
55959380,12496514,Eriogaster catax,bourovec trnkový,Dedek Pavel,26.04.2023,26.04.2023,9243886,Mikulov,NA,Motýli,CZ0624100: Milovický les,100,0,9243886,100,7166c,2023-04-26,26,4,2023,CZ0624100,Milovický les,Mikulov,0,1,ano,1,0,NA,NA,NA,1,NA,STA_LIKVIDACE,NA,val,nezaznamenána,NA,ne,lok,NA,NA,nezaznamenána,val
55959381,12496515,Eriogaster catax,bourovec trnkový,Dedek Pavel,26.04.2023,26.04.2023,9243887,Mikulov,NA,Motýli,CZ0624100: Milovický les,100,0,9243887,100,7166c,2023-04-26,26,4,2023,CZ0624100,Milovický les,Mikulov,0,1,ano,1,0,NA,NA,NA,1,0,CELKOVE_SUM,0,NA,NA,NA,NA,NA,NA,NA,NA,NA
55959381,12496515,Eriogaster catax,bourovec trnkový,Dedek Pavel,26.04.2023,26.04.2023,9243887,Mikulov,NA,Motýli,CZ0624100: Milovický les,100,0,9243887,100,7166c,2023-04-26,26,4,2023,CZ0624100,Milovický les,Mikulov,0,1,ano,1,0,NA,NA,NA,1,NA,CELKOVE_SUM,0,NA,NA,NA,NA,NA,NA,NA,NA,NA
55959381,12496515,Eriogaster catax,bourovec trnkový,Dedek Pavel,26.04.2023,26.04.2023,9243887,Mikulov,NA,Motýli,CZ0624100: Milovický les,100,0,9243887,100,7166c,2023-04-26,26,4,2023,CZ0624100,Milovický les,Mikulov,0,1,ano,1,0,NA,NA,NA,1,0,POP_POCETSUMLOKAL,6,min,10,hnízda housenek,ano,lok,NA,NA,alespoň 10 hnízda housenek,minmax
55959381,12496515,Eriogaster catax,bourovec trnkový,Dedek Pavel,26.04.2023,26.04.2023,9243887,Mikulov,NA,Motýli,CZ0624100: Milovický les,100,0,9243887,100,7166c,2023-04-26,26,4,2023,CZ0624100,Milovický les,Mikulov,0,1,ano,1,0,NA,NA,NA,1,NA,STA_LIKVIDACE,NA,val,nezaznamenána,NA,ne,lok,NA,NA,nezaznamenána,val
55959382,12496516,Eriogaster catax,bourovec trnkový,Dedek Pavel,26.04.2023,26.04.2023,9243888,"Mikulov, 421",NA,Motýli,CZ0624100: Milovický les,100,0,9243888,100,7166c,2023-04-26,26,4,2023,CZ0624100,Milovický les,"Mikulov, 421",0,1,ano,1,0,NA,NA,NA,1,0,CELKOVE_SUM,0,NA,NA,NA,NA,NA,NA,NA,NA,NA
55959382,12496516,Eriogaster catax,bourovec trnkový,Dedek Pavel,26.04.2023,26.04.2023,9243888,"Mikulov, 421",NA,Motýli,CZ0624100: Milovický les,100,0,9243888,100,7166c,2023-04-26,26,4,2023,CZ0624100,Milovický les,"Mikulov, 421",0,1,ano,1,0,NA,NA,NA,1,NA,CELKOVE_SUM,0,NA,NA,NA,NA,NA,NA,NA,NA,NA
55959382,12496516,Eriogaster catax,bourovec trnkový,Dedek Pavel,26.04.2023,26.04.2023,9243888,"Mikulov, 421",NA,Motýli,CZ0624100: Milovický les,100,0,9243888,100,7166c,2023-04-26,26,4,2023,CZ0624100,Milovický les,"Mikulov, 421",0,1,ano,1,0,NA,NA,NA,1,0,POP_POCETSUMLOKAL,2,min,10,hnízda housenek,ano,lok,NA,NA,alespoň 10 hnízda housenek,minmax
55959382,12496516,Eriogaster catax,bourovec trnkový,Dedek Pavel,26.04.2023,26.04.2023,9243888,"Mikulov, 421",NA,Motýli,CZ0624100: Milovický les,100,0,9243888,100,7166c,2023-04-26,26,4,2023,CZ0624100,Milovický les,"Mikulov, 421",0,1,ano,1,0,NA,NA,NA,1,NA,STA_LIKVIDACE,NA,val,nezaznamenána,NA,ne,lok,NA,NA,nezaznamenána,val
55959383,12496517,Eriogaster catax,bourovec trnkový,Dedek Pavel,26.04.2023,26.04.2023,9243889,"Mikulov, 421",NA,Motýli,CZ0624100: Milovický les,100,0,9243889,100,7166c,2023-04-26,26,4,2023,CZ0624100,Milovický les,"Mikulov, 421",0,1,ano,1,0,NA,NA,NA,1,0,CELKOVE_SUM,0,NA,NA,NA,NA,NA,NA,NA,NA,NA
55959383,12496517,Eriogaster catax,bourovec trnkový,Dedek Pavel,26.04.2023,26.04.2023,9243889,"Mikulov, 421",NA,Motýli,CZ0624100: Milovický les,100,0,9243889,100,7166c,2023-04-26,26,4,2023,CZ0624100,Milovický les,"Mikulov, 421",0,1,ano,1,0,NA,NA,NA,1,NA,CELKOVE_SUM,0,NA,NA,NA,NA,NA,NA,NA,NA,NA
55959383,12496517,Eriogaster catax,bourovec trnkový,Dedek Pavel,26.04.2023,26.04.2023,9243889,"Mikulov, 421",NA,Motýli,CZ0624100: Milovický les,100,0,9243889,100,7166c,2023-04-26,26,4,2023,CZ0624100,Milovický les,"Mikulov, 421",0,1,ano,1,0,NA,NA,NA,1,0,POP_POCETSUMLOKAL,2,min,10,hnízda housenek,ano,lok,NA,NA,alespoň 10 hnízda housenek,minmax
55959383,12496517,Eriogaster catax,bourovec trnkový,Dedek Pavel,26.04.2023,26.04.2023,9243889,"Mikulov, 421",NA,Motýli,CZ0624100: Milovický les,100,0,9243889,100,7166c,2023-04-26,26,4,2023,CZ0624100,Milovický les,"Mikulov, 421",0,1,ano,1,0,NA,NA,NA,1,NA,STA_LIKVIDACE,NA,val,nezaznamenána,NA,ne,lok,NA,NA,nezaznamenána,val
55959384,12496518,Eriogaster catax,bourovec trnkový,Dedek Pavel,26.04.2023,26.04.2023,9243890,"Mikulov, Silnice bez názvu",NA,Motýli,CZ0624100: Milovický les,100,0,9243890,100,7166c,2023-04-26,26,4,2023,CZ0624100,Milovický les,"Mikulov, Silnice bez názvu",0,1,ano,1,0,NA,NA,NA,1,0,CELKOVE_SUM,0,NA,NA,NA,NA,NA,NA,NA,NA,NA
55959384,12496518,Eriogaster catax,bourovec trnkový,Dedek Pavel,26.04.2023,26.04.2023,9243890,"Mikulov, Silnice bez názvu",NA,Motýli,CZ0624100: Milovický les,100,0,9243890,100,7166c,2023-04-26,26,4,2023,CZ0624100,Milovický les,"Mikulov, Silnice bez názvu",0,1,ano,1,0,NA,NA,NA,1,NA,CELKOVE_SUM,0,NA,NA,NA,NA,NA,NA,NA,NA,NA
55959384,12496518,Eriogaster catax,bourovec trnkový,Dedek Pavel,26.04.2023,26.04.2023,9243890,"Mikulov, Silnice bez názvu",NA,Motýli,CZ0624100: Milovický les,100,0,9243890,100,7166c,2023-04-26,26,4,2023,CZ0624100,Milovický les,"Mikulov, Silnice bez názvu",0,1,ano,1,0,NA,NA,NA,1,0,POP_POCETSUMLOKAL,2,min,10,hnízda housenek,ano,lok,NA,NA,alespoň 10 hnízda housenek,minmax
55959384,12496518,Eriogaster catax,bourovec trnkový,Dedek Pavel,26.04.2023,26.04.2023,9243890,"Mikulov, Silnice bez názvu",NA,Motýli,CZ0624100: Milovický les,100,0,9243890,100,7166c,2023-04-26,26,4,2023,CZ0624100,Milovický les,"Mikulov, Silnice bez názvu",0,1,ano,1,0,NA,NA,NA,1,NA,STA_LIKVIDACE,NA,val,nezaznamenána,NA,ne,lok,NA,NA,nezaznamenána,val
55959385,12496519,Eriogaster catax,bourovec trnkový,Dedek Pavel,26.04.2023,26.04.2023,9243891,"Mikulov, Silnice bez názvu",NA,Motýli,CZ0624100: Milovický les,100,0,9243891,100,7166c,2023-04-26,26,4,2023,CZ0624100,Milovický les,"Mikulov, Silnice bez názvu",0,1,ano,1,0,NA,NA,NA,1,0,CELKOVE_SUM,0,NA,NA,NA,NA,NA,NA,NA,NA,NA
55959385,12496519,Eriogaster catax,bourovec trnkový,Dedek Pavel,26.04.2023,26.04.2023,9243891,"Mikulov, Silnice bez názvu",NA,Motýli,CZ0624100: Milovický les,100,0,9243891,100,7166c,2023-04-26,26,4,2023,CZ0624100,Milovický les,"Mikulov, Silnice bez názvu",0,1,ano,1,0,NA,NA,NA,1,NA,CELKOVE_SUM,0,NA,NA,NA,NA,NA,NA,NA,NA,NA
55959385,12496519,Eriogaster catax,bourovec trnkový,Dedek Pavel,26.04.2023,26.04.2023,9243891,"Mikulov, Silnice bez názvu",NA,Motýli,CZ0624100: Milovický les,100,0,9243891,100,7166c,2023-04-26,26,4,2023,CZ0624100,Milovický les,"Mikulov, Silnice bez názvu",0,1,ano,1,0,NA,NA,NA,1,0,POP_POCETSUMLOKAL,2,min,10,hnízda housenek,ano,lok,NA,NA,alespoň 10 hnízda housenek,minmax
55959385,12496519,Eriogaster catax,bourovec trnkový,Dedek Pavel,26.04.2023,26.04.2023,9243891,"Mikulov, Silnice bez názvu",NA,Motýli,CZ0624100: Milovický les,100,0,9243891,100,7166c,2023-04-26,26,4,2023,CZ0624100,Milovický les,"Mikulov, Silnice bez názvu",0,1,ano,1,0,NA,NA,NA,1,NA,STA_LIKVIDACE,NA,val,nezaznamenána,NA,ne,lok,NA,NA,nezaznamenána,val
55959386,12496520,Eriogaster catax,bourovec trnkový,Dedek Pavel,26.04.2023,26.04.2023,9243892,Mikulov,NA,Motýli,CZ0624100: Milovický les,100,0,9243892,100,7166c,2023-04-26,26,4,2023,CZ0624100,Milovický les,Mikulov,0,1,ano,1,0,NA,NA,NA,1,0,CELKOVE_SUM,0,NA,NA,NA,NA,NA,NA,NA,NA,NA
55959386,12496520,Eriogaster catax,bourovec trnkový,Dedek Pavel,26.04.2023,26.04.2023,9243892,Mikulov,NA,Motýli,CZ0624100: Milovický les,100,0,9243892,100,7166c,2023-04-26,26,4,2023,CZ0624100,Milovický les,Mikulov,0,1,ano,1,0,NA,NA,NA,1,NA,CELKOVE_SUM,0,NA,NA,NA,NA,NA,NA,NA,NA,NA
55959386,12496520,Eriogaster catax,bourovec trnkový,Dedek Pavel,26.04.2023,26.04.2023,9243892,Mikulov,NA,Motýli,CZ0624100: Milovický les,100,0,9243892,100,7166c,2023-04-26,26,4,2023,CZ0624100,Milovický les,Mikulov,0,1,ano,1,0,NA,NA,NA,1,0,POP_POCETSUMLOKAL,6,min,10,hnízda housenek,ano,lok,NA,NA,alespoň 10 hnízda housenek,minmax
55959386,12496520,Eriogaster catax,bourovec trnkový,Dedek Pavel,26.04.2023,26.04.2023,9243892,Mikulov,NA,Motýli,CZ0624100: Milovický les,100,0,9243892,100,7166c,2023-04-26,26,4,2023,CZ0624100,Milovický les,Mikulov,0,1,ano,1,0,NA,NA,NA,1,NA,STA_LIKVIDACE,NA,val,nezaznamenána,NA,ne,lok,NA,NA,nezaznamenána,val
55959387,12496521,Eriogaster catax,bourovec trnkový,Dedek Pavel,26.04.2023,26.04.2023,9243893,Mikulov,NA,Motýli,CZ0624100: Milovický les,100,0,9243893,100,7166c,2023-04-26,26,4,2023,CZ0624100,Milovický les,Mikulov,0,1,ano,1,0,NA,NA,NA,1,0,CELKOVE_SUM,0,NA,NA,NA,NA,NA,NA,NA,NA,NA
55959387,12496521,Eriogaster catax,bourovec trnkový,Dedek Pavel,26.04.2023,26.04.2023,9243893,Mikulov,NA,Motýli,CZ0624100: Milovický les,100,0,9243893,100,7166c,2023-04-26,26,4,2023,CZ0624100,Milovický les,Mikulov,0,1,ano,1,0,NA,NA,NA,1,NA,CELKOVE_SUM,0,NA,NA,NA,NA,NA,NA,NA,NA,NA
55959387,12496521,Eriogaster catax,bourovec trnkový,Dedek Pavel,26.04.2023,26.04.2023,9243893,Mikulov,NA,Motýli,CZ0624100: Milovický les,100,0,9243893,100,7166c,2023-04-26,26,4,2023,CZ0624100,Milovický les,Mikulov,0,1,ano,1,0,NA,NA,NA,1,0,POP_POCETSUMLOKAL,6,min,10,hnízda housenek,ano,lok,NA,NA,alespoň 10 hnízda housenek,minmax
55959387,12496521,Eriogaster catax,bourovec trnkový,Dedek Pavel,26.04.2023,26.04.2023,9243893,Mikulov,NA,Motýli,CZ0624100: Milovický les,100,0,9243893,100,7166c,2023-04-26,26,4,2023,CZ0624100,Milovický les,Mikulov,0,1,ano,1,0,NA,NA,NA,1,NA,STA_LIKVIDACE,NA,val,nezaznamenána,NA,ne,lok,NA,NA,nezaznamenána,val
55959388,12496522,Eriogaster catax,bourovec trnkový,Dedek Pavel,26.04.2023,26.04.2023,9243894,Mikulov,NA,Motýli,CZ0624100: Milovický les,100,0,9243894,100,7166c,2023-04-26,26,4,2023,CZ0624100,Milovický les,Mikulov,0,1,ano,1,0,NA,NA,NA,1,0,CELKOVE_SUM,0,NA,NA,NA,NA,NA,NA,NA,NA,NA
55959388,12496522,Eriogaster catax,bourovec trnkový,Dedek Pavel,26.04.2023,26.04.2023,9243894,Mikulov,NA,Motýli,CZ0624100: Milovický les,100,0,9243894,100,7166c,2023-04-26,26,4,2023,CZ0624100,Milovický les,Mikulov,0,1,ano,1,0,NA,NA,NA,1,NA,CELKOVE_SUM,0,NA,NA,NA,NA,NA,NA,NA,NA,NA
55959388,12496522,Eriogaster catax,bourovec trnkový,Dedek Pavel,26.04.2023,26.04.2023,9243894,Mikulov,NA,Motýli,CZ0624100: Milovický les,100,0,9243894,100,7166c,2023-04-26,26,4,2023,CZ0624100,Milovický les,Mikulov,0,1,ano,1,0,NA,NA,NA,1,0,POP_POCETSUMLOKAL,6,min,10,hnízda housenek,ano,lok,NA,NA,alespoň 10 hnízda housenek,minmax
55959388,12496522,Eriogaster catax,bourovec trnkový,Dedek Pavel,26.04.2023,26.04.2023,9243894,Mikulov,NA,Motýli,CZ0624100: Milovický les,100,0,9243894,100,7166c,2023-04-26,26,4,2023,CZ0624100,Milovický les,Mikulov,0,1,ano,1,0,NA,NA,NA,1,NA,STA_LIKVIDACE,NA,val,nezaznamenána,NA,ne,lok,NA,NA,nezaznamenána,val
55959454,12496523,Eriogaster catax,bourovec trnkový,Dedek Pavel,26.04.2023,26.04.2023,9243895,Mikulov,NA,Motýli,CZ0624100: Milovický les,100,0,9243895,100,7166c,2023-04-26,26,4,2023,CZ0624100,Milovický les,Mikulov,0,1,ano,1,0,NA,NA,NA,1,0,CELKOVE_SUM,0,NA,NA,NA,NA,NA,NA,NA,NA,NA
55959454,12496523,Eriogaster catax,bourovec trnkový,Dedek Pavel,26.04.2023,26.04.2023,9243895,Mikulov,NA,Motýli,CZ0624100: Milovický les,100,0,9243895,100,7166c,2023-04-26,26,4,2023,CZ0624100,Milovický les,Mikulov,0,1,ano,1,0,NA,NA,NA,1,NA,CELKOVE_SUM,0,NA,NA,NA,NA,NA,NA,NA,NA,NA
55959454,12496523,Eriogaster catax,bourovec trnkový,Dedek Pavel,26.04.2023,26.04.2023,9243895,Mikulov,NA,Motýli,CZ0624100: Milovický les,100,0,9243895,100,7166c,2023-04-26,26,4,2023,CZ0624100,Milovický les,Mikulov,0,1,ano,1,0,NA,NA,NA,1,0,POP_POCETSUMLOKAL,6,min,10,hnízda housenek,ano,lok,NA,NA,alespoň 10 hnízda housenek,minmax
55959454,12496523,Eriogaster catax,bourovec trnkový,Dedek Pavel,26.04.2023,26.04.2023,9243895,Mikulov,NA,Motýli,CZ0624100: Milovický les,100,0,9243895,100,7166c,2023-04-26,26,4,2023,CZ0624100,Milovický les,Mikulov,0,1,ano,1,0,NA,NA,NA,1,NA,STA_LIKVIDACE,NA,val,nezaznamenána,NA,ne,lok,NA,NA,nezaznamenána,val
55968108,12500629,Eriogaster catax,bourovec trnkový,Segl Jiří,07.05.2023,07.05.2023,9254189,Mikulov - Mikulov na Moravě,NA,Motýli,CZ0624100: Milovický les,100,0,9254189,100,7166c,2023-05-07,7,5,2023,CZ0624100,Milovický les,Mikulov - Mikulov na Moravě,0,1,ano,NA,0,NA,NA,NA,NA,0,CELKOVE_SUM,0,NA,NA,NA,NA,NA,NA,NA,NA,NA
55968108,12500629,Eriogaster catax,bourovec trnkový,Segl Jiří,07.05.2023,07.05.2023,9254189,Mikulov - Mikulov na Moravě,NA,Motýli,CZ0624100: Milovický les,100,0,9254189,100,7166c,2023-05-07,7,5,2023,CZ0624100,Milovický les,Mikulov - Mikulov na Moravě,0,1,ano,NA,0,NA,NA,NA,NA,NA,CELKOVE_SUM,0,NA,NA,NA,NA,NA,NA,NA,NA,NA
55968108,12500629,Eriogaster catax,bourovec trnkový,Segl Jiří,07.05.2023,07.05.2023,9254189,Mikulov - Mikulov na Moravě,NA,Motýli,CZ0624100: Milovický les,100,0,9254189,100,7166c,2023-05-07,7,5,2023,CZ0624100,Milovický les,Mikulov - Mikulov na Moravě,0,1,ano,NA,0,NA,NA,NA,NA,0,POP_POCETSUMLOKAL,0,min,10,hnízda housenek,ano,lok,NA,NA,alespoň 10 hnízda housenek,minmax
55968108,12500629,Eriogaster catax,bourovec trnkový,Segl Jiří,07.05.2023,07.05.2023,9254189,Mikulov - Mikulov na Moravě,NA,Motýli,CZ0624100: Milovický les,100,0,9254189,100,7166c,2023-05-07,7,5,2023,CZ0624100,Milovický les,Mikulov - Mikulov na Moravě,0,1,ano,NA,0,NA,NA,NA,NA,NA,STA_LIKVIDACE,NA,val,nezaznamenána,NA,ne,lok,NA,NA,nezaznamenána,val
55968264,12500476,Eriogaster catax,bourovec trnkový,Segl Jiří,07.05.2023,07.05.2023,9254036,Mikulov - Mikulov na Moravě,NA,Motýli,CZ0624100: Milovický les,100,0,9254036,100,7166c,2023-05-07,7,5,2023,CZ0624100,Milovický les,Mikulov - Mikulov na Moravě,0,1,ano,NA,0,NA,NA,NA,NA,0,CELKOVE_SUM,0,NA,NA,NA,NA,NA,NA,NA,NA,NA
55968264,12500476,Eriogaster catax,bourovec trnkový,Segl Jiří,07.05.2023,07.05.2023,9254036,Mikulov - Mikulov na Moravě,NA,Motýli,CZ0624100: Milovický les,100,0,9254036,100,7166c,2023-05-07,7,5,2023,CZ0624100,Milovický les,Mikulov - Mikulov na Moravě,0,1,ano,NA,0,NA,NA,NA,NA,NA,CELKOVE_SUM,0,NA,NA,NA,NA,NA,NA,NA,NA,NA
55968264,12500476,Eriogaster catax,bourovec trnkový,Segl Jiří,07.05.2023,07.05.2023,9254036,Mikulov - Mikulov na Moravě,NA,Motýli,CZ0624100: Milovický les,100,0,9254036,100,7166c,2023-05-07,7,5,2023,CZ0624100,Milovický les,Mikulov - Mikulov na Moravě,0,1,ano,NA,0,NA,NA,NA,NA,0,POP_POCETSUMLOKAL,0,min,10,hnízda housenek,ano,lok,NA,NA,alespoň 10 hnízda housenek,minmax
55968264,12500476,Eriogaster catax,bourovec trnkový,Segl Jiří,07.05.2023,07.05.2023,9254036,Mikulov - Mikulov na Moravě,NA,Motýli,CZ0624100: Milovický les,100,0,9254036,100,7166c,2023-05-07,7,5,2023,CZ0624100,Milovický les,Mikulov - Mikulov na Moravě,0,1,ano,NA,0,NA,NA,NA,NA,NA,STA_LIKVIDACE,NA,val,nezaznamenána,NA,ne,lok,NA,NA,nezaznamenána,val
55968617,12500963,Eriogaster catax,bourovec trnkový,Segl Jiří,07.05.2023,07.05.2023,9254523,Mikulov - Mikulov na Moravě,NA,Motýli,CZ0624100: Milovický les,100,0,9254523,100,7166c,2023-05-07,7,5,2023,CZ0624100,Milovický les,Mikulov - Mikulov na Moravě,0,1,ano,NA,0,NA,NA,NA,NA,0,CELKOVE_SUM,0,NA,NA,NA,NA,NA,NA,NA,NA,NA
55968617,12500963,Eriogaster catax,bourovec trnkový,Segl Jiří,07.05.2023,07.05.2023,9254523,Mikulov - Mikulov na Moravě,NA,Motýli,CZ0624100: Milovický les,100,0,9254523,100,7166c,2023-05-07,7,5,2023,CZ0624100,Milovický les,Mikulov - Mikulov na Moravě,0,1,ano,NA,0,NA,NA,NA,NA,NA,CELKOVE_SUM,0,NA,NA,NA,NA,NA,NA,NA,NA,NA
55968617,12500963,Eriogaster catax,bourovec trnkový,Segl Jiří,07.05.2023,07.05.2023,9254523,Mikulov - Mikulov na Moravě,NA,Motýli,CZ0624100: Milovický les,100,0,9254523,100,7166c,2023-05-07,7,5,2023,CZ0624100,Milovický les,Mikulov - Mikulov na Moravě,0,1,ano,NA,0,NA,NA,NA,NA,0,POP_POCETSUMLOKAL,0,min,10,hnízda housenek,ano,lok,NA,NA,alespoň 10 hnízda housenek,minmax
55968617,12500963,Eriogaster catax,bourovec trnkový,Segl Jiří,07.05.2023,07.05.2023,9254523,Mikulov - Mikulov na Moravě,NA,Motýli,CZ0624100: Milovický les,100,0,9254523,100,7166c,2023-05-07,7,5,2023,CZ0624100,Milovický les,Mikulov - Mikulov na Moravě,0,1,ano,NA,0,NA,NA,NA,NA,NA,STA_LIKVIDACE,NA,val,nezaznamenána,NA,ne,lok,NA,NA,nezaznamenána,val
55968934,12500859,Eriogaster catax,bourovec trnkový,Segl Jiří,15.05.2023,15.05.2023,9254419,Mikulov - Mikulov na Moravě,NA,Motýli,CZ0624100: Milovický les,100,0,9254419,100,7166c,2023-05-15,15,5,2023,CZ0624100,Milovický les,Mikulov - Mikulov na Moravě,0,1,ano,NA,0,NA,NA,NA,NA,0,CELKOVE_SUM,0,NA,NA,NA,NA,NA,NA,NA,NA,NA
55968934,12500859,Eriogaster catax,bourovec trnkový,Segl Jiří,15.05.2023,15.05.2023,9254419,Mikulov - Mikulov na Moravě,NA,Motýli,CZ0624100: Milovický les,100,0,9254419,100,7166c,2023-05-15,15,5,2023,CZ0624100,Milovický les,Mikulov - Mikulov na Moravě,0,1,ano,NA,0,NA,NA,NA,NA,NA,CELKOVE_SUM,0,NA,NA,NA,NA,NA,NA,NA,NA,NA
55968934,12500859,Eriogaster catax,bourovec trnkový,Segl Jiří,15.05.2023,15.05.2023,9254419,Mikulov - Mikulov na Moravě,NA,Motýli,CZ0624100: Milovický les,100,0,9254419,100,7166c,2023-05-15,15,5,2023,CZ0624100,Milovický les,Mikulov - Mikulov na Moravě,0,1,ano,NA,0,NA,NA,NA,NA,0,POP_POCETSUMLOKAL,0,min,10,hnízda housenek,ano,lok,NA,NA,alespoň 10 hnízda housenek,minmax
55968934,12500859,Eriogaster catax,bourovec trnkový,Segl Jiří,15.05.2023,15.05.2023,9254419,Mikulov - Mikulov na Moravě,NA,Motýli,CZ0624100: Milovický les,100,0,9254419,100,7166c,2023-05-15,15,5,2023,CZ0624100,Milovický les,Mikulov - Mikulov na Moravě,0,1,ano,NA,0,NA,NA,NA,NA,NA,STA_LIKVIDACE,NA,val,nezaznamenána,NA,ne,lok,NA,NA,nezaznamenána,val
56105071,12543668,Eriogaster catax,bourovec trnkový,Jiří Segl,05.05.2018,05.05.2018,9362885,Milovický les,MOTYLI1439,Motýli,CZ0624100: Milovický les,100,0,9362885,100,7166c,2018-05-05,5,5,2018,CZ0624100,Milovický les,MOTYLI1439,1,1,ano,NA,0,NA,NA,NA,NA,0,CELKOVE_SUM,1,NA,NA,NA,NA,NA,NA,NA,NA,NA
56105071,12543668,Eriogaster catax,bourovec trnkový,Jiří Segl,05.05.2018,05.05.2018,9362885,Milovický les,MOTYLI1439,Motýli,CZ0624100: Milovický les,100,0,9362885,100,7166c,2018-05-05,5,5,2018,CZ0624100,Milovický les,MOTYLI1439,1,1,ano,NA,0,NA,NA,NA,NA,1,CELKOVE_SUM,1,NA,NA,NA,NA,NA,NA,NA,NA,NA
56105071,12543668,Eriogaster catax,bourovec trnkový,Jiří Segl,05.05.2018,05.05.2018,9362885,Milovický les,MOTYLI1439,Motýli,CZ0624100: Milovický les,100,0,9362885,100,7166c,2018-05-05,5,5,2018,CZ0624100,Milovický les,MOTYLI1439,1,1,ano,NA,0,NA,NA,NA,NA,0,POP_POCETSUMLOKAL,0,min,10,hnízda housenek,ano,lok,NA,NA,alespoň 10 hnízda housenek,minmax
56105071,12543668,Eriogaster catax,bourovec trnkový,Jiří Segl,05.05.2018,05.05.2018,9362885,Milovický les,MOTYLI1439,Motýli,CZ0624100: Milovický les,100,0,9362885,100,7166c,2018-05-05,5,5,2018,CZ0624100,Milovický les,MOTYLI1439,1,1,ano,NA,0,NA,NA,NA,NA,1,STA_LIKVIDACE,nezaznamenána,val,nezaznamenána,NA,ne,lok,NA,NA,nezaznamenána,val
56105073,12543657,Eriogaster catax,bourovec trnkový,Jiří Segl,05.05.2018,05.05.2018,9362890,Milovický les,MOTYLI1440,Motýli,CZ0624100: Milovický les,100,0,9362890,100,7166c,2018-05-05,5,5,2018,CZ0624100,Milovický les,MOTYLI1440,1,1,ano,NA,0,NA,NA,NA,NA,0,CELKOVE_SUM,1,NA,NA,NA,NA,NA,NA,NA,NA,NA
56105073,12543657,Eriogaster catax,bourovec trnkový,Jiří Segl,05.05.2018,05.05.2018,9362890,Milovický les,MOTYLI1440,Motýli,CZ0624100: Milovický les,100,0,9362890,100,7166c,2018-05-05,5,5,2018,CZ0624100,Milovický les,MOTYLI1440,1,1,ano,NA,0,NA,NA,NA,NA,1,CELKOVE_SUM,1,NA,NA,NA,NA,NA,NA,NA,NA,NA
56105073,12543657,Eriogaster catax,bourovec trnkový,Jiří Segl,05.05.2018,05.05.2018,9362890,Milovický les,MOTYLI1440,Motýli,CZ0624100: Milovický les,100,0,9362890,100,7166c,2018-05-05,5,5,2018,CZ0624100,Milovický les,MOTYLI1440,1,1,ano,NA,0,NA,NA,NA,NA,0,POP_POCETSUMLOKAL,0,min,10,hnízda housenek,ano,lok,NA,NA,alespoň 10 hnízda housenek,minmax
56105073,12543657,Eriogaster catax,bourovec trnkový,Jiří Segl,05.05.2018,05.05.2018,9362890,Milovický les,MOTYLI1440,Motýli,CZ0624100: Milovický les,100,0,9362890,100,7166c,2018-05-05,5,5,2018,CZ0624100,Milovický les,MOTYLI1440,1,1,ano,NA,0,NA,NA,NA,NA,1,STA_LIKVIDACE,nezaznamenána,val,nezaznamenána,NA,ne,lok,NA,NA,nezaznamenána,val
56105074,12543684,Eriogaster catax,bourovec trnkový,Jiří Segl,05.05.2018,05.05.2018,9362892,CZ0624100 - Milovický les,MOTYLI1468_727,Motýli,CZ0624100: Milovický les,100,0,9362892,100,7166c,2018-05-05,5,5,2018,CZ0624100,Milovický les,MOTYLI1468,1,1,ano,25,0,NA,NA,NA,2,1,CELKOVE_SUM,2,NA,NA,NA,NA,NA,NA,NA,NA,NA
56105074,12543684,Eriogaster catax,bourovec trnkový,Jiří Segl,05.05.2018,05.05.2018,9362892,CZ0624100 - Milovický les,MOTYLI1468_727,Motýli,CZ0624100: Milovický les,100,0,9362892,100,7166c,2018-05-05,5,5,2018,CZ0624100,Milovický les,MOTYLI1468,1,1,ano,25,0,NA,NA,NA,2,1,POP_POCETSUMLOKAL,25,min,10,hnízda housenek,ano,lok,NA,NA,alespoň 10 hnízda housenek,minmax
56105074,12543684,Eriogaster catax,bourovec trnkový,Jiří Segl,05.05.2018,05.05.2018,9362892,CZ0624100 - Milovický les,MOTYLI1468_727,Motýli,CZ0624100: Milovický les,100,0,9362892,100,7166c,2018-05-05,5,5,2018,CZ0624100,Milovický les,MOTYLI1468,1,1,ano,25,0,NA,NA,NA,2,1,STA_LIKVIDACE,nezaznamenána,val,nezaznamenána,NA,ne,lok,NA,NA,nezaznamenána,val
56105075,12543667,Eriogaster catax,bourovec trnkový,Jiří Segl,13.04.2017,13.04.2017,9362873,Milovický les,MOTYLI1435,Motýli,CZ0624100: Milovický les,100,0,9362873,100,7166c,2017-04-13,13,4,2017,CZ0624100,Milovický les,MOTYLI1435,1,1,ano,NA,0,NA,NA,NA,NA,0,CELKOVE_SUM,1,NA,NA,NA,NA,NA,NA,NA,NA,NA
56105075,12543667,Eriogaster catax,bourovec trnkový,Jiří Segl,13.04.2017,13.04.2017,9362873,Milovický les,MOTYLI1435,Motýli,CZ0624100: Milovický les,100,0,9362873,100,7166c,2017-04-13,13,4,2017,CZ0624100,Milovický les,MOTYLI1435,1,1,ano,NA,0,NA,NA,NA,NA,1,CELKOVE_SUM,1,NA,NA,NA,NA,NA,NA,NA,NA,NA
56105075,12543667,Eriogaster catax,bourovec trnkový,Jiří Segl,13.04.2017,13.04.2017,9362873,Milovický les,MOTYLI1435,Motýli,CZ0624100: Milovický les,100,0,9362873,100,7166c,2017-04-13,13,4,2017,CZ0624100,Milovický les,MOTYLI1435,1,1,ano,NA,0,NA,NA,NA,NA,0,POP_POCETSUMLOKAL,0,min,10,hnízda housenek,ano,lok,NA,NA,alespoň 10 hnízda housenek,minmax
56105075,12543667,Eriogaster catax,bourovec trnkový,Jiří Segl,13.04.2017,13.04.2017,9362873,Milovický les,MOTYLI1435,Motýli,CZ0624100: Milovický les,100,0,9362873,100,7166c,2017-04-13,13,4,2017,CZ0624100,Milovický les,MOTYLI1435,1,1,ano,NA,0,NA,NA,NA,NA,1,STA_LIKVIDACE,nezaznamenána,val,nezaznamenána,NA,ne,lok,NA,NA,nezaznamenána,val
56105076,12543683,Eriogaster catax,bourovec trnkový,Jiří Segl,13.04.2017,13.04.2017,9362893,CZ0624100 - Milovický les,MOTYLI1469_728,Motýli,CZ0624100: Milovický les,100,0,9362893,100,7166c,2017-04-13,13,4,2017,CZ0624100,Milovický les,MOTYLI1469,1,1,ano,50,0,NA,NA,NA,NA,1,CELKOVE_SUM,2,NA,NA,NA,NA,NA,NA,NA,NA,NA
56105076,12543683,Eriogaster catax,bourovec trnkový,Jiří Segl,13.04.2017,13.04.2017,9362893,CZ0624100 - Milovický les,MOTYLI1469_728,Motýli,CZ0624100: Milovický les,100,0,9362893,100,7166c,2017-04-13,13,4,2017,CZ0624100,Milovický les,MOTYLI1469,1,1,ano,50,0,NA,NA,NA,NA,1,POP_POCETSUMLOKAL,50,min,10,hnízda housenek,ano,lok,NA,NA,alespoň 10 hnízda housenek,minmax
56105076,12543683,Eriogaster catax,bourovec trnkový,Jiří Segl,13.04.2017,13.04.2017,9362893,CZ0624100 - Milovický les,MOTYLI1469_728,Motýli,CZ0624100: Milovický les,100,0,9362893,100,7166c,2017-04-13,13,4,2017,CZ0624100,Milovický les,MOTYLI1469,1,1,ano,50,0,NA,NA,NA,NA,1,STA_LIKVIDACE,nezaznamenána,val,nezaznamenána,NA,ne,lok,NA,NA,nezaznamenána,val
56105077,12543654,Eriogaster catax,bourovec trnkový,Jiří Segl,13.04.2017,13.04.2017,9362877,Milovický les,MOTYLI1436,Motýli,CZ0624100: Milovický les,100,0,9362877,100,7166c,2017-04-13,13,4,2017,CZ0624100,Milovický les,MOTYLI1436,1,1,ano,NA,0,NA,NA,NA,NA,0,CELKOVE_SUM,1,NA,NA,NA,NA,NA,NA,NA,NA,NA
56105077,12543654,Eriogaster catax,bourovec trnkový,Jiří Segl,13.04.2017,13.04.2017,9362877,Milovický les,MOTYLI1436,Motýli,CZ0624100: Milovický les,100,0,9362877,100,7166c,2017-04-13,13,4,2017,CZ0624100,Milovický les,MOTYLI1436,1,1,ano,NA,0,NA,NA,NA,NA,1,CELKOVE_SUM,1,NA,NA,NA,NA,NA,NA,NA,NA,NA
56105077,12543654,Eriogaster catax,bourovec trnkový,Jiří Segl,13.04.2017,13.04.2017,9362877,Milovický les,MOTYLI1436,Motýli,CZ0624100: Milovický les,100,0,9362877,100,7166c,2017-04-13,13,4,2017,CZ0624100,Milovický les,MOTYLI1436,1,1,ano,NA,0,NA,NA,NA,NA,0,POP_POCETSUMLOKAL,0,min,10,hnízda housenek,ano,lok,NA,NA,alespoň 10 hnízda housenek,minmax
56105077,12543654,Eriogaster catax,bourovec trnkový,Jiří Segl,13.04.2017,13.04.2017,9362877,Milovický les,MOTYLI1436,Motýli,CZ0624100: Milovický les,100,0,9362877,100,7166c,2017-04-13,13,4,2017,CZ0624100,Milovický les,MOTYLI1436,1,1,ano,NA,0,NA,NA,NA,NA,1,STA_LIKVIDACE,nezaznamenána,val,nezaznamenána,NA,ne,lok,NA,NA,nezaznamenána,val
56105078,12543652,Eriogaster catax,bourovec trnkový,Jiří Segl,13.04.2017,13.04.2017,9362871,Milovický les,MOTYLI1437,Motýli,CZ0624100: Milovický les,100,0,9362871,100,7166c,2017-04-13,13,4,2017,CZ0624100,Milovický les,MOTYLI1437,1,1,ano,NA,0,NA,NA,NA,NA,0,CELKOVE_SUM,1,NA,NA,NA,NA,NA,NA,NA,NA,NA
56105078,12543652,Eriogaster catax,bourovec trnkový,Jiří Segl,13.04.2017,13.04.2017,9362871,Milovický les,MOTYLI1437,Motýli,CZ0624100: Milovický les,100,0,9362871,100,7166c,2017-04-13,13,4,2017,CZ0624100,Milovický les,MOTYLI1437,1,1,ano,NA,0,NA,NA,NA,NA,1,CELKOVE_SUM,1,NA,NA,NA,NA,NA,NA,NA,NA,NA
56105078,12543652,Eriogaster catax,bourovec trnkový,Jiří Segl,13.04.2017,13.04.2017,9362871,Milovický les,MOTYLI1437,Motýli,CZ0624100: Milovický les,100,0,9362871,100,7166c,2017-04-13,13,4,2017,CZ0624100,Milovický les,MOTYLI1437,1,1,ano,NA,0,NA,NA,NA,NA,0,POP_POCETSUMLOKAL,0,min,10,hnízda housenek,ano,lok,NA,NA,alespoň 10 hnízda housenek,minmax
56105078,12543652,Eriogaster catax,bourovec trnkový,Jiří Segl,13.04.2017,13.04.2017,9362871,Milovický les,MOTYLI1437,Motýli,CZ0624100: Milovický les,100,0,9362871,100,7166c,2017-04-13,13,4,2017,CZ0624100,Milovický les,MOTYLI1437,1,1,ano,NA,0,NA,NA,NA,NA,1,STA_LIKVIDACE,nezaznamenána,val,nezaznamenána,NA,ne,lok,NA,NA,nezaznamenána,val
56105080,12543653,Eriogaster catax,bourovec trnkový,Jiří Segl,01.05.2016,01.05.2016,9362875,Milovický les,MOTYLI1432,Motýli,CZ0624100: Milovický les,92,0,9362875,100,7166c,2016-05-01,1,5,2016,CZ0624100,Milovický les,MOTYLI1432,1,1,ano,NA,0,NA,NA,NA,NA,0,CELKOVE_SUM,1,NA,NA,NA,NA,NA,NA,NA,NA,NA
56105080,12543653,Eriogaster catax,bourovec trnkový,Jiří Segl,01.05.2016,01.05.2016,9362875,Milovický les,MOTYLI1432,Motýli,CZ0624100: Milovický les,92,0,9362875,100,7166c,2016-05-01,1,5,2016,CZ0624100,Milovický les,MOTYLI1432,1,1,ano,NA,0,NA,NA,NA,NA,1,CELKOVE_SUM,1,NA,NA,NA,NA,NA,NA,NA,NA,NA
56105080,12543653,Eriogaster catax,bourovec trnkový,Jiří Segl,01.05.2016,01.05.2016,9362875,Milovický les,MOTYLI1432,Motýli,CZ0624100: Milovický les,92,0,9362875,100,7166c,2016-05-01,1,5,2016,CZ0624100,Milovický les,MOTYLI1432,1,1,ano,NA,0,NA,NA,NA,NA,0,POP_POCETSUMLOKAL,0,min,10,hnízda housenek,ano,lok,NA,NA,alespoň 10 hnízda housenek,minmax
56105080,12543653,Eriogaster catax,bourovec trnkový,Jiří Segl,01.05.2016,01.05.2016,9362875,Milovický les,MOTYLI1432,Motýli,CZ0624100: Milovický les,92,0,9362875,100,7166c,2016-05-01,1,5,2016,CZ0624100,Milovický les,MOTYLI1432,1,1,ano,NA,0,NA,NA,NA,NA,1,STA_LIKVIDACE,nezaznamenána,val,nezaznamenána,NA,ne,lok,NA,NA,nezaznamenána,val
56105081,12543682,Eriogaster catax,bourovec trnkový,Jiří Segl,01.05.2016,01.05.2016,9362894,CZ0624100 - Milovický les,MOTYLI1470_729,Motýli,CZ0624100: Milovický les,100,0,9362894,100,7166c,2016-05-01,1,5,2016,CZ0624100,Milovický les,MOTYLI1470,1,1,ano,5,0,NA,NA,NA,1,0,CELKOVE_SUM,1,NA,NA,NA,NA,NA,NA,NA,NA,NA
56105081,12543682,Eriogaster catax,bourovec trnkový,Jiří Segl,01.05.2016,01.05.2016,9362894,CZ0624100 - Milovický les,MOTYLI1470_729,Motýli,CZ0624100: Milovický les,100,0,9362894,100,7166c,2016-05-01,1,5,2016,CZ0624100,Milovický les,MOTYLI1470,1,1,ano,5,0,NA,NA,NA,1,1,CELKOVE_SUM,1,NA,NA,NA,NA,NA,NA,NA,NA,NA
56105081,12543682,Eriogaster catax,bourovec trnkový,Jiří Segl,01.05.2016,01.05.2016,9362894,CZ0624100 - Milovický les,MOTYLI1470_729,Motýli,CZ0624100: Milovický les,100,0,9362894,100,7166c,2016-05-01,1,5,2016,CZ0624100,Milovický les,MOTYLI1470,1,1,ano,5,0,NA,NA,NA,1,0,POP_POCETSUMLOKAL,5,min,10,hnízda housenek,ano,lok,NA,NA,alespoň 10 hnízda housenek,minmax
56105081,12543682,Eriogaster catax,bourovec trnkový,Jiří Segl,01.05.2016,01.05.2016,9362894,CZ0624100 - Milovický les,MOTYLI1470_729,Motýli,CZ0624100: Milovický les,100,0,9362894,100,7166c,2016-05-01,1,5,2016,CZ0624100,Milovický les,MOTYLI1470,1,1,ano,5,0,NA,NA,NA,1,1,STA_LIKVIDACE,nezaznamenána,val,nezaznamenána,NA,ne,lok,NA,NA,nezaznamenána,val
56105082,12543663,Eriogaster catax,bourovec trnkový,Jiří Segl,05.05.2018,05.05.2018,9362881,Milovický les,MOTYLI1441,Motýli,CZ0624100: Milovický les,95,0,9362881,100,7166c,2018-05-05,5,5,2018,CZ0624100,Milovický les,MOTYLI1441,1,1,ano,NA,0,NA,NA,NA,NA,0,CELKOVE_SUM,1,NA,NA,NA,NA,NA,NA,NA,NA,NA
56105082,12543663,Eriogaster catax,bourovec trnkový,Jiří Segl,05.05.2018,05.05.2018,9362881,Milovický les,MOTYLI1441,Motýli,CZ0624100: Milovický les,95,0,9362881,100,7166c,2018-05-05,5,5,2018,CZ0624100,Milovický les,MOTYLI1441,1,1,ano,NA,0,NA,NA,NA,NA,1,CELKOVE_SUM,1,NA,NA,NA,NA,NA,NA,NA,NA,NA
56105082,12543663,Eriogaster catax,bourovec trnkový,Jiří Segl,05.05.2018,05.05.2018,9362881,Milovický les,MOTYLI1441,Motýli,CZ0624100: Milovický les,95,0,9362881,100,7166c,2018-05-05,5,5,2018,CZ0624100,Milovický les,MOTYLI1441,1,1,ano,NA,0,NA,NA,NA,NA,0,POP_POCETSUMLOKAL,0,min,10,hnízda housenek,ano,lok,NA,NA,alespoň 10 hnízda housenek,minmax
56105082,12543663,Eriogaster catax,bourovec trnkový,Jiří Segl,05.05.2018,05.05.2018,9362881,Milovický les,MOTYLI1441,Motýli,CZ0624100: Milovický les,95,0,9362881,100,7166c,2018-05-05,5,5,2018,CZ0624100,Milovický les,MOTYLI1441,1,1,ano,NA,0,NA,NA,NA,NA,1,STA_LIKVIDACE,nezaznamenána,val,nezaznamenána,NA,ne,lok,NA,NA,nezaznamenána,val
56105083,12543664,Eriogaster catax,bourovec trnkový,Jiří Segl,01.05.2016,01.05.2016,9362870,Milovický les,MOTYLI1433,Motýli,CZ0624100: Milovický les,100,0,9362870,100,7166c,2016-05-01,1,5,2016,CZ0624100,Milovický les,MOTYLI1433,1,1,ano,NA,0,NA,NA,NA,NA,0,CELKOVE_SUM,1,NA,NA,NA,NA,NA,NA,NA,NA,NA
56105083,12543664,Eriogaster catax,bourovec trnkový,Jiří Segl,01.05.2016,01.05.2016,9362870,Milovický les,MOTYLI1433,Motýli,CZ0624100: Milovický les,100,0,9362870,100,7166c,2016-05-01,1,5,2016,CZ0624100,Milovický les,MOTYLI1433,1,1,ano,NA,0,NA,NA,NA,NA,1,CELKOVE_SUM,1,NA,NA,NA,NA,NA,NA,NA,NA,NA
56105083,12543664,Eriogaster catax,bourovec trnkový,Jiří Segl,01.05.2016,01.05.2016,9362870,Milovický les,MOTYLI1433,Motýli,CZ0624100: Milovický les,100,0,9362870,100,7166c,2016-05-01,1,5,2016,CZ0624100,Milovický les,MOTYLI1433,1,1,ano,NA,0,NA,NA,NA,NA,0,POP_POCETSUMLOKAL,0,min,10,hnízda housenek,ano,lok,NA,NA,alespoň 10 hnízda housenek,minmax
56105083,12543664,Eriogaster catax,bourovec trnkový,Jiří Segl,01.05.2016,01.05.2016,9362870,Milovický les,MOTYLI1433,Motýli,CZ0624100: Milovický les,100,0,9362870,100,7166c,2016-05-01,1,5,2016,CZ0624100,Milovický les,MOTYLI1433,1,1,ano,NA,0,NA,NA,NA,NA,1,STA_LIKVIDACE,nezaznamenána,val,nezaznamenána,NA,ne,lok,NA,NA,nezaznamenána,val
56105084,12543659,Eriogaster catax,bourovec trnkový,Jiří Segl,01.05.2016,01.05.2016,9362880,Milovický les,MOTYLI1431,Motýli,CZ0624100: Milovický les,100,0,9362880,100,7166c,2016-05-01,1,5,2016,CZ0624100,Milovický les,MOTYLI1431,1,1,ano,NA,0,NA,NA,NA,NA,0,CELKOVE_SUM,1,NA,NA,NA,NA,NA,NA,NA,NA,NA
56105084,12543659,Eriogaster catax,bourovec trnkový,Jiří Segl,01.05.2016,01.05.2016,9362880,Milovický les,MOTYLI1431,Motýli,CZ0624100: Milovický les,100,0,9362880,100,7166c,2016-05-01,1,5,2016,CZ0624100,Milovický les,MOTYLI1431,1,1,ano,NA,0,NA,NA,NA,NA,1,CELKOVE_SUM,1,NA,NA,NA,NA,NA,NA,NA,NA,NA
56105084,12543659,Eriogaster catax,bourovec trnkový,Jiří Segl,01.05.2016,01.05.2016,9362880,Milovický les,MOTYLI1431,Motýli,CZ0624100: Milovický les,100,0,9362880,100,7166c,2016-05-01,1,5,2016,CZ0624100,Milovický les,MOTYLI1431,1,1,ano,NA,0,NA,NA,NA,NA,0,POP_POCETSUMLOKAL,0,min,10,hnízda housenek,ano,lok,NA,NA,alespoň 10 hnízda housenek,minmax
56105084,12543659,Eriogaster catax,bourovec trnkový,Jiří Segl,01.05.2016,01.05.2016,9362880,Milovický les,MOTYLI1431,Motýli,CZ0624100: Milovický les,100,0,9362880,100,7166c,2016-05-01,1,5,2016,CZ0624100,Milovický les,MOTYLI1431,1,1,ano,NA,0,NA,NA,NA,NA,1,STA_LIKVIDACE,nezaznamenána,val,nezaznamenána,NA,ne,lok,NA,NA,nezaznamenána,val
56105099,12543669,Eriogaster catax,bourovec trnkový,Vladimír Hula,05.11.2022,05.11.2022,9362887,Lány,MOTYLI1073,Motýli,CZ0624119: Soutok - Podluží,100,1,9362887,100,7267d,2022-11-05,5,11,2022,CZ0624119,Soutok - Podluží,MOTYLI1073,1,0,ne,0,0,0,ne,0,NA,0,CELKOVE_SUM,1,NA,NA,NA,NA,NA,NA,NA,NA,NA
56105099,12543669,Eriogaster catax,bourovec trnkový,Vladimír Hula,05.11.2022,05.11.2022,9362887,Lány,MOTYLI1073,Motýli,CZ0624119: Soutok - Podluží,100,1,9362887,100,7267d,2022-11-05,5,11,2022,CZ0624119,Soutok - Podluží,MOTYLI1073,1,0,ne,0,0,0,ne,0,NA,1,CELKOVE_SUM,1,NA,NA,NA,NA,NA,NA,NA,NA,NA
56105099,12543669,Eriogaster catax,bourovec trnkový,Vladimír Hula,05.11.2022,05.11.2022,9362887,Lány,MOTYLI1073,Motýli,CZ0624119: Soutok - Podluží,100,1,9362887,100,7267d,2022-11-05,5,11,2022,CZ0624119,Soutok - Podluží,MOTYLI1073,1,0,ne,0,0,0,ne,0,NA,0,POP_POCETSUMLOKAL,0,min,10,hnízda housenek,ano,lok,NA,NA,alespoň 10 hnízda housenek,minmax
56105099,12543669,Eriogaster catax,bourovec trnkový,Vladimír Hula,05.11.2022,05.11.2022,9362887,Lány,MOTYLI1073,Motýli,CZ0624119: Soutok - Podluží,100,1,9362887,100,7267d,2022-11-05,5,11,2022,CZ0624119,Soutok - Podluží,MOTYLI1073,1,0,ne,0,0,0,ne,0,NA,1,STA_LIKVIDACE,nezaznamenána,val,nezaznamenána,NA,ne,lok,NA,NA,nezaznamenána,val
56180269,12557821,Eriogaster catax,bourovec trnkový,Horal David,10.05.2023,10.05.2023,9395182,"40, Valtice - Valtice",NA,Motýli,CZ0620009: Lednické rybníky,100,0,9395182,100,7266a,2023-05-10,10,5,2023,CZ0620009,Lednické rybníky,"40, Valtice - Valtice",0,1,ano,1,0,NA,NA,NA,1,0,CELKOVE_SUM,0,NA,NA,NA,NA,NA,NA,NA,NA,NA
56180269,12557821,Eriogaster catax,bourovec trnkový,Horal David,10.05.2023,10.05.2023,9395182,"40, Valtice - Valtice",NA,Motýli,CZ0620009: Lednické rybníky,100,0,9395182,100,7266a,2023-05-10,10,5,2023,CZ0620009,Lednické rybníky,"40, Valtice - Valtice",0,1,ano,1,0,NA,NA,NA,1,NA,CELKOVE_SUM,0,NA,NA,NA,NA,NA,NA,NA,NA,NA
56180269,12557821,Eriogaster catax,bourovec trnkový,Horal David,10.05.2023,10.05.2023,9395182,"40, Valtice - Valtice",NA,Motýli,CZ0620009: Lednické rybníky,100,0,9395182,100,7266a,2023-05-10,10,5,2023,CZ0620009,Lednické rybníky,"40, Valtice - Valtice",0,1,ano,1,0,NA,NA,NA,1,0,POP_POCETSUMLOKAL,1,min,10,hnízda housenek,ano,lok,NA,NA,alespoň 10 hnízda housenek,minmax
56180269,12557821,Eriogaster catax,bourovec trnkový,Horal David,10.05.2023,10.05.2023,9395182,"40, Valtice - Valtice",NA,Motýli,CZ0620009: Lednické rybníky,100,0,9395182,100,7266a,2023-05-10,10,5,2023,CZ0620009,Lednické rybníky,"40, Valtice - Valtice",0,1,ano,1,0,NA,NA,NA,1,NA,STA_LIKVIDACE,NA,val,nezaznamenána,NA,ne,lok,NA,NA,nezaznamenána,val
57173028,12721912,Eriogaster catax,bourovec trnkový,Hrůzová Lucie,13.10.2023,13.10.2023,9521470,"PP Na cvičišti, Mikulov - Mikulov na Moravě",NA,Motýli,CZ0624100: Milovický les,100,0,9521470,100,7166c,2023-10-13,13,10,2023,CZ0624100,Milovický les,"PP Na cvičišti, Mikulov - Mikulov na Moravě",0,1,ano,NA,0,NA,NA,NA,NA,0,CELKOVE_SUM,0,NA,NA,NA,NA,NA,NA,NA,NA,NA
57173028,12721912,Eriogaster catax,bourovec trnkový,Hrůzová Lucie,13.10.2023,13.10.2023,9521470,"PP Na cvičišti, Mikulov - Mikulov na Moravě",NA,Motýli,CZ0624100: Milovický les,100,0,9521470,100,7166c,2023-10-13,13,10,2023,CZ0624100,Milovický les,"PP Na cvičišti, Mikulov - Mikulov na Moravě",0,1,ano,NA,0,NA,NA,NA,NA,NA,CELKOVE_SUM,0,NA,NA,NA,NA,NA,NA,NA,NA,NA
57173028,12721912,Eriogaster catax,bourovec trnkový,Hrůzová Lucie,13.10.2023,13.10.2023,9521470,"PP Na cvičišti, Mikulov - Mikulov na Moravě",NA,Motýli,CZ0624100: Milovický les,100,0,9521470,100,7166c,2023-10-13,13,10,2023,CZ0624100,Milovický les,"PP Na cvičišti, Mikulov - Mikulov na Moravě",0,1,ano,NA,0,NA,NA,NA,NA,0,POP_POCETSUMLOKAL,0,min,10,hnízda housenek,ano,lok,NA,NA,alespoň 10 hnízda housenek,minmax
57173028,12721912,Eriogaster catax,bourovec trnkový,Hrůzová Lucie,13.10.2023,13.10.2023,9521470,"PP Na cvičišti, Mikulov - Mikulov na Moravě",NA,Motýli,CZ0624100: Milovický les,100,0,9521470,100,7166c,2023-10-13,13,10,2023,CZ0624100,Milovický les,"PP Na cvičišti, Mikulov - Mikulov na Moravě",0,1,ano,NA,0,NA,NA,NA,NA,NA,STA_LIKVIDACE,NA,val,nezaznamenána,NA,ne,lok,NA,NA,nezaznamenána,val
57179276,12723079,Eriogaster catax,bourovec trnkový,Tunka Zdeněk,13.10.2023,13.10.2023,9524180,"PP Ječmeniště, Dyjákovičky",NA,Motýli,CZ0620162: Ječmeniště,100,0,9524180,100,7262d,2023-10-13,13,10,2023,CZ0620162,Ječmeniště,"PP Ječmeniště, Dyjákovičky",0,1,ano,NA,0,NA,NA,NA,NA,0,CELKOVE_SUM,0,NA,NA,NA,NA,NA,NA,NA,NA,NA
57179276,12723079,Eriogaster catax,bourovec trnkový,Tunka Zdeněk,13.10.2023,13.10.2023,9524180,"PP Ječmeniště, Dyjákovičky",NA,Motýli,CZ0620162: Ječmeniště,100,0,9524180,100,7262d,2023-10-13,13,10,2023,CZ0620162,Ječmeniště,"PP Ječmeniště, Dyjákovičky",0,1,ano,NA,0,NA,NA,NA,NA,NA,CELKOVE_SUM,0,NA,NA,NA,NA,NA,NA,NA,NA,NA
57179276,12723079,Eriogaster catax,bourovec trnkový,Tunka Zdeněk,13.10.2023,13.10.2023,9524180,"PP Ječmeniště, Dyjákovičky",NA,Motýli,CZ0620162: Ječmeniště,100,0,9524180,100,7262d,2023-10-13,13,10,2023,CZ0620162,Ječmeniště,"PP Ječmeniště, Dyjákovičky",0,1,ano,NA,0,NA,NA,NA,NA,0,POP_POCETSUMLOKAL,0,min,10,hnízda housenek,ano,lok,NA,NA,alespoň 10 hnízda housenek,minmax
57179276,12723079,Eriogaster catax,bourovec trnkový,Tunka Zdeněk,13.10.2023,13.10.2023,9524180,"PP Ječmeniště, Dyjákovičky",NA,Motýli,CZ0620162: Ječmeniště,100,0,9524180,100,7262d,2023-10-13,13,10,2023,CZ0620162,Ječmeniště,"PP Ječmeniště, Dyjákovičky",0,1,ano,NA,0,NA,NA,NA,NA,NA,STA_LIKVIDACE,NA,val,nezaznamenána,NA,ne,lok,NA,NA,nezaznamenána,val
57364719,12747200,Eriogaster catax,bourovec trnkový,Hula Vladimír,04.10.2023,04.10.2023,9560347,Dunajovicke kopce,NA,Motýli,CZ0622218: Dunajovické kopce,100,0,9560347,100,7165c,2023-10-04,4,10,2023,CZ0622218,Dunajovické kopce,Dunajovicke kopce,0,1,ano,NA,0,NA,NA,NA,NA,0,CELKOVE_SUM,0,NA,NA,NA,NA,NA,NA,NA,NA,NA
57364719,12747200,Eriogaster catax,bourovec trnkový,Hula Vladimír,04.10.2023,04.10.2023,9560347,Dunajovicke kopce,NA,Motýli,CZ0622218: Dunajovické kopce,100,0,9560347,100,7165c,2023-10-04,4,10,2023,CZ0622218,Dunajovické kopce,Dunajovicke kopce,0,1,ano,NA,0,NA,NA,NA,NA,NA,CELKOVE_SUM,0,NA,NA,NA,NA,NA,NA,NA,NA,NA
57364719,12747200,Eriogaster catax,bourovec trnkový,Hula Vladimír,04.10.2023,04.10.2023,9560347,Dunajovicke kopce,NA,Motýli,CZ0622218: Dunajovické kopce,100,0,9560347,100,7165c,2023-10-04,4,10,2023,CZ0622218,Dunajovické kopce,Dunajovicke kopce,0,1,ano,NA,0,NA,NA,NA,NA,0,POP_POCETSUMLOKAL,0,min,10,hnízda housenek,ano,lok,NA,NA,alespoň 10 hnízda housenek,minmax
57364719,12747200,Eriogaster catax,bourovec trnkový,Hula Vladimír,04.10.2023,04.10.2023,9560347,Dunajovicke kopce,NA,Motýli,CZ0622218: Dunajovické kopce,100,0,9560347,100,7165c,2023-10-04,4,10,2023,CZ0622218,Dunajovické kopce,Dunajovicke kopce,0,1,ano,NA,0,NA,NA,NA,NA,NA,STA_LIKVIDACE,NA,val,nezaznamenána,NA,ne,lok,NA,NA,nezaznamenána,val
57381480,12754996,Eriogaster catax,bourovec trnkový,Hula Vladimír,01.05.2023,01.05.2023,9571800,"Uherské Hradiště, Silnice bez názvu",NA,Motýli,CZ0723024: Rochus,100,0,9571800,100,6970b,2023-05-01,1,5,2023,CZ0723024,Rochus,"Uherské Hradiště, Silnice bez názvu",0,1,ano,1,0,NA,NA,NA,1,0,CELKOVE_SUM,0,NA,NA,NA,NA,NA,NA,NA,NA,NA
57381480,12754996,Eriogaster catax,bourovec trnkový,Hula Vladimír,01.05.2023,01.05.2023,9571800,"Uherské Hradiště, Silnice bez názvu",NA,Motýli,CZ0723024: Rochus,100,0,9571800,100,6970b,2023-05-01,1,5,2023,CZ0723024,Rochus,"Uherské Hradiště, Silnice bez názvu",0,1,ano,1,0,NA,NA,NA,1,NA,CELKOVE_SUM,0,NA,NA,NA,NA,NA,NA,NA,NA,NA
57381480,12754996,Eriogaster catax,bourovec trnkový,Hula Vladimír,01.05.2023,01.05.2023,9571800,"Uherské Hradiště, Silnice bez názvu",NA,Motýli,CZ0723024: Rochus,100,0,9571800,100,6970b,2023-05-01,1,5,2023,CZ0723024,Rochus,"Uherské Hradiště, Silnice bez názvu",0,1,ano,1,0,NA,NA,NA,1,0,POP_POCETSUMLOKAL,3,min,10,hnízda housenek,ano,lok,NA,NA,alespoň 10 hnízda housenek,minmax
57381480,12754996,Eriogaster catax,bourovec trnkový,Hula Vladimír,01.05.2023,01.05.2023,9571800,"Uherské Hradiště, Silnice bez názvu",NA,Motýli,CZ0723024: Rochus,100,0,9571800,100,6970b,2023-05-01,1,5,2023,CZ0723024,Rochus,"Uherské Hradiště, Silnice bez názvu",0,1,ano,1,0,NA,NA,NA,1,NA,STA_LIKVIDACE,NA,val,nezaznamenána,NA,ne,lok,NA,NA,nezaznamenána,val
57381481,12754997,Eriogaster catax,bourovec trnkový,Hula Vladimír,01.05.2023,01.05.2023,9571801,"Uherské Hradiště, Silnice bez názvu",NA,Motýli,CZ0723024: Rochus,100,0,9571801,100,6970b,2023-05-01,1,5,2023,CZ0723024,Rochus,"Uherské Hradiště, Silnice bez názvu",0,1,ano,1,0,NA,NA,NA,1,0,CELKOVE_SUM,0,NA,NA,NA,NA,NA,NA,NA,NA,NA
57381481,12754997,Eriogaster catax,bourovec trnkový,Hula Vladimír,01.05.2023,01.05.2023,9571801,"Uherské Hradiště, Silnice bez názvu",NA,Motýli,CZ0723024: Rochus,100,0,9571801,100,6970b,2023-05-01,1,5,2023,CZ0723024,Rochus,"Uherské Hradiště, Silnice bez názvu",0,1,ano,1,0,NA,NA,NA,1,NA,CELKOVE_SUM,0,NA,NA,NA,NA,NA,NA,NA,NA,NA
57381481,12754997,Eriogaster catax,bourovec trnkový,Hula Vladimír,01.05.2023,01.05.2023,9571801,"Uherské Hradiště, Silnice bez názvu",NA,Motýli,CZ0723024: Rochus,100,0,9571801,100,6970b,2023-05-01,1,5,2023,CZ0723024,Rochus,"Uherské Hradiště, Silnice bez názvu",0,1,ano,1,0,NA,NA,NA,1,0,POP_POCETSUMLOKAL,3,min,10,hnízda housenek,ano,lok,NA,NA,alespoň 10 hnízda housenek,minmax
57381481,12754997,Eriogaster catax,bourovec trnkový,Hula Vladimír,01.05.2023,01.05.2023,9571801,"Uherské Hradiště, Silnice bez názvu",NA,Motýli,CZ0723024: Rochus,100,0,9571801,100,6970b,2023-05-01,1,5,2023,CZ0723024,Rochus,"Uherské Hradiště, Silnice bez názvu",0,1,ano,1,0,NA,NA,NA,1,NA,STA_LIKVIDACE,NA,val,nezaznamenána,NA,ne,lok,NA,NA,nezaznamenána,val
57381482,12754998,Eriogaster catax,bourovec trnkový,Hula Vladimír,01.05.2023,01.05.2023,9571802,"Horní Němčí, 54",NA,Motýli,CZ0724090: Bílé Karpaty,100,0,9571802,100,7071d,2023-05-01,1,5,2023,CZ0724090,Bílé Karpaty,"Horní Němčí, 54",0,1,ano,1,0,NA,NA,NA,1,0,CELKOVE_SUM,0,NA,NA,NA,NA,NA,NA,NA,NA,NA
57381482,12754998,Eriogaster catax,bourovec trnkový,Hula Vladimír,01.05.2023,01.05.2023,9571802,"Horní Němčí, 54",NA,Motýli,CZ0724090: Bílé Karpaty,100,0,9571802,100,7071d,2023-05-01,1,5,2023,CZ0724090,Bílé Karpaty,"Horní Němčí, 54",0,1,ano,1,0,NA,NA,NA,1,NA,CELKOVE_SUM,0,NA,NA,NA,NA,NA,NA,NA,NA,NA
57381482,12754998,Eriogaster catax,bourovec trnkový,Hula Vladimír,01.05.2023,01.05.2023,9571802,"Horní Němčí, 54",NA,Motýli,CZ0724090: Bílé Karpaty,100,0,9571802,100,7071d,2023-05-01,1,5,2023,CZ0724090,Bílé Karpaty,"Horní Němčí, 54",0,1,ano,1,0,NA,NA,NA,1,0,POP_POCETSUMLOKAL,1,min,10,hnízda housenek,ano,lok,NA,NA,alespoň 10 hnízda housenek,minmax
57381482,12754998,Eriogaster catax,bourovec trnkový,Hula Vladimír,01.05.2023,01.05.2023,9571802,"Horní Němčí, 54",NA,Motýli,CZ0724090: Bílé Karpaty,100,0,9571802,100,7071d,2023-05-01,1,5,2023,CZ0724090,Bílé Karpaty,"Horní Němčí, 54",0,1,ano,1,0,NA,NA,NA,1,NA,STA_LIKVIDACE,NA,val,nezaznamenána,NA,ne,lok,NA,NA,nezaznamenána,val
57381697,12755020,Eriogaster catax,bourovec trnkový,Hula Vladimír,03.10.2023,03.10.2023,9571824,Ječmeniště,NA,Motýli,CZ0620162: Ječmeniště,100,0,9571824,100,7262d,2023-10-03,3,10,2023,CZ0620162,Ječmeniště,Ječmeniště,0,1,ano,NA,0,NA,NA,NA,NA,0,CELKOVE_SUM,0,NA,NA,NA,NA,NA,NA,NA,NA,NA
57381697,12755020,Eriogaster catax,bourovec trnkový,Hula Vladimír,03.10.2023,03.10.2023,9571824,Ječmeniště,NA,Motýli,CZ0620162: Ječmeniště,100,0,9571824,100,7262d,2023-10-03,3,10,2023,CZ0620162,Ječmeniště,Ječmeniště,0,1,ano,NA,0,NA,NA,NA,NA,NA,CELKOVE_SUM,0,NA,NA,NA,NA,NA,NA,NA,NA,NA
57381697,12755020,Eriogaster catax,bourovec trnkový,Hula Vladimír,03.10.2023,03.10.2023,9571824,Ječmeniště,NA,Motýli,CZ0620162: Ječmeniště,100,0,9571824,100,7262d,2023-10-03,3,10,2023,CZ0620162,Ječmeniště,Ječmeniště,0,1,ano,NA,0,NA,NA,NA,NA,0,POP_POCETSUMLOKAL,0,min,10,hnízda housenek,ano,lok,NA,NA,alespoň 10 hnízda housenek,minmax
57381697,12755020,Eriogaster catax,bourovec trnkový,Hula Vladimír,03.10.2023,03.10.2023,9571824,Ječmeniště,NA,Motýli,CZ0620162: Ječmeniště,100,0,9571824,100,7262d,2023-10-03,3,10,2023,CZ0620162,Ječmeniště,Ječmeniště,0,1,ano,NA,0,NA,NA,NA,NA,NA,STA_LIKVIDACE,NA,val,nezaznamenána,NA,ne,lok,NA,NA,nezaznamenána,val
57382945,12755471,Eriogaster catax,bourovec trnkový,Laštůvka Zdeněk,01.05.2021,30.06.2021,9572617,Ostrožské Předměstí - Obora,NA,Motýli,CZ0723020: Údolí Okluky,35,0,9572617,100,7070b,2021-05-01,1,5,2021,CZ0723020,Údolí Okluky,Ostrožské Předměstí - Obora,0,1,ano,NA,0,NA,NA,NA,NA,0,CELKOVE_SUM,0,NA,NA,NA,NA,NA,NA,NA,NA,NA
57382945,12755471,Eriogaster catax,bourovec trnkový,Laštůvka Zdeněk,01.05.2021,30.06.2021,9572617,Ostrožské Předměstí - Obora,NA,Motýli,CZ0723020: Údolí Okluky,35,0,9572617,100,7070b,2021-05-01,1,5,2021,CZ0723020,Údolí Okluky,Ostrožské Předměstí - Obora,0,1,ano,NA,0,NA,NA,NA,NA,NA,CELKOVE_SUM,0,NA,NA,NA,NA,NA,NA,NA,NA,NA
57382945,12755471,Eriogaster catax,bourovec trnkový,Laštůvka Zdeněk,01.05.2021,30.06.2021,9572617,Ostrožské Předměstí - Obora,NA,Motýli,CZ0723020: Údolí Okluky,35,0,9572617,100,7070b,2021-05-01,1,5,2021,CZ0723020,Údolí Okluky,Ostrožské Předměstí - Obora,0,1,ano,NA,0,NA,NA,NA,NA,0,POP_POCETSUMLOKAL,0,min,10,hnízda housenek,ano,lok,NA,NA,alespoň 10 hnízda housenek,minmax
57382945,12755471,Eriogaster catax,bourovec trnkový,Laštůvka Zdeněk,01.05.2021,30.06.2021,9572617,Ostrožské Předměstí - Obora,NA,Motýli,CZ0723020: Údolí Okluky,35,0,9572617,100,7070b,2021-05-01,1,5,2021,CZ0723020,Údolí Okluky,Ostrožské Předměstí - Obora,0,1,ano,NA,0,NA,NA,NA,NA,NA,STA_LIKVIDACE,NA,val,nezaznamenána,NA,ne,lok,NA,NA,nezaznamenána,val
57615923,12800659,Eriogaster catax,bourovec trnkový,Vladimír Hula,14.04.2022,14.04.2022,9630030,Vinohrádky,MOTYLI1056_672,Motýli,CZ0724090: Bílé Karpaty,100,0,9630030,100,7071d,2022-04-14,14,4,2022,CZ0724090,Bílé Karpaty,MOTYLI1056,1,1,ano,2,0,NA,NA,NA,1,0,CELKOVE_SUM,1,NA,NA,NA,NA,NA,NA,NA,NA,NA
57615923,12800659,Eriogaster catax,bourovec trnkový,Vladimír Hula,14.04.2022,14.04.2022,9630030,Vinohrádky,MOTYLI1056_672,Motýli,CZ0724090: Bílé Karpaty,100,0,9630030,100,7071d,2022-04-14,14,4,2022,CZ0724090,Bílé Karpaty,MOTYLI1056,1,1,ano,2,0,NA,NA,NA,1,1,CELKOVE_SUM,1,NA,NA,NA,NA,NA,NA,NA,NA,NA
57615923,12800659,Eriogaster catax,bourovec trnkový,Vladimír Hula,14.04.2022,14.04.2022,9630030,Vinohrádky,MOTYLI1056_672,Motýli,CZ0724090: Bílé Karpaty,100,0,9630030,100,7071d,2022-04-14,14,4,2022,CZ0724090,Bílé Karpaty,MOTYLI1056,1,1,ano,2,0,NA,NA,NA,1,0,POP_POCETSUMLOKAL,2,min,10,hnízda housenek,ano,lok,NA,NA,alespoň 10 hnízda housenek,minmax
57615923,12800659,Eriogaster catax,bourovec trnkový,Vladimír Hula,14.04.2022,14.04.2022,9630030,Vinohrádky,MOTYLI1056_672,Motýli,CZ0724090: Bílé Karpaty,100,0,9630030,100,7071d,2022-04-14,14,4,2022,CZ0724090,Bílé Karpaty,MOTYLI1056,1,1,ano,2,0,NA,NA,NA,1,1,STA_LIKVIDACE,nezaznamenána,val,nezaznamenána,NA,ne,lok,NA,NA,nezaznamenána,val
57615928,12800683,Eriogaster catax,bourovec trnkový,Vladimír Hula,01.05.2023,01.05.2023,9630019,Horní Němčí,MOTYLI2220_1767,Motýli,CZ0724090: Bílé Karpaty,100,0,9630019,100,7071d,2023-05-01,1,5,2023,CZ0724090,Bílé Karpaty,MOTYLI2220,1,1,ano,1,0,NA,NA,NA,1,0,CELKOVE_SUM,1,NA,NA,NA,NA,NA,NA,NA,NA,NA
57615928,12800683,Eriogaster catax,bourovec trnkový,Vladimír Hula,01.05.2023,01.05.2023,9630019,Horní Němčí,MOTYLI2220_1767,Motýli,CZ0724090: Bílé Karpaty,100,0,9630019,100,7071d,2023-05-01,1,5,2023,CZ0724090,Bílé Karpaty,MOTYLI2220,1,1,ano,1,0,NA,NA,NA,1,1,CELKOVE_SUM,1,NA,NA,NA,NA,NA,NA,NA,NA,NA
57615928,12800683,Eriogaster catax,bourovec trnkový,Vladimír Hula,01.05.2023,01.05.2023,9630019,Horní Němčí,MOTYLI2220_1767,Motýli,CZ0724090: Bílé Karpaty,100,0,9630019,100,7071d,2023-05-01,1,5,2023,CZ0724090,Bílé Karpaty,MOTYLI2220,1,1,ano,1,0,NA,NA,NA,1,0,POP_POCETSUMLOKAL,1,min,10,hnízda housenek,ano,lok,NA,NA,alespoň 10 hnízda housenek,minmax
57615928,12800683,Eriogaster catax,bourovec trnkový,Vladimír Hula,01.05.2023,01.05.2023,9630019,Horní Němčí,MOTYLI2220_1767,Motýli,CZ0724090: Bílé Karpaty,100,0,9630019,100,7071d,2023-05-01,1,5,2023,CZ0724090,Bílé Karpaty,MOTYLI2220,1,1,ano,1,0,NA,NA,NA,1,1,STA_LIKVIDACE,nezaznamenána,val,nezaznamenána,NA,ne,lok,NA,NA,nezaznamenána,val
57615969,12800712,Eriogaster catax,bourovec trnkový,Vladimír Hula,01.05.2023,01.05.2023,9629914,"Uherské Hradiště, Rochus",MOTYLI2219_1765,Motýli,CZ0723024: Rochus,100,0,9629914,100,6970b,2023-05-01,1,5,2023,CZ0723024,Rochus,MOTYLI2219,1,1,ano,2,0,NA,NA,NA,1,0,CELKOVE_SUM,1,NA,NA,NA,NA,NA,NA,NA,NA,NA
57615969,12800712,Eriogaster catax,bourovec trnkový,Vladimír Hula,01.05.2023,01.05.2023,9629914,"Uherské Hradiště, Rochus",MOTYLI2219_1765,Motýli,CZ0723024: Rochus,100,0,9629914,100,6970b,2023-05-01,1,5,2023,CZ0723024,Rochus,MOTYLI2219,1,1,ano,2,0,NA,NA,NA,1,1,CELKOVE_SUM,1,NA,NA,NA,NA,NA,NA,NA,NA,NA
57615969,12800712,Eriogaster catax,bourovec trnkový,Vladimír Hula,01.05.2023,01.05.2023,9629914,"Uherské Hradiště, Rochus",MOTYLI2219_1765,Motýli,CZ0723024: Rochus,100,0,9629914,100,6970b,2023-05-01,1,5,2023,CZ0723024,Rochus,MOTYLI2219,1,1,ano,2,0,NA,NA,NA,1,0,POP_POCETSUMLOKAL,3,min,10,hnízda housenek,ano,lok,NA,NA,alespoň 10 hnízda housenek,minmax
57615969,12800712,Eriogaster catax,bourovec trnkový,Vladimír Hula,01.05.2023,01.05.2023,9629914,"Uherské Hradiště, Rochus",MOTYLI2219_1765,Motýli,CZ0723024: Rochus,100,0,9629914,100,6970b,2023-05-01,1,5,2023,CZ0723024,Rochus,MOTYLI2219,1,1,ano,2,0,NA,NA,NA,1,1,STA_LIKVIDACE,nezaznamenána,val,nezaznamenána,NA,ne,lok,NA,NA,nezaznamenána,val
57615970,12800725,Eriogaster catax,bourovec trnkový,Vladimír Hula,01.05.2023,01.05.2023,9630009,"Uherské Hradiště, Rochus",MOTYLI2219_1766,Motýli,CZ0723024: Rochus,100,0,9630009,100,6970b,2023-05-01,1,5,2023,CZ0723024,Rochus,MOTYLI2219,1,1,ano,1,0,NA,NA,NA,1,0,CELKOVE_SUM,1,NA,NA,NA,NA,NA,NA,NA,NA,NA
57615970,12800725,Eriogaster catax,bourovec trnkový,Vladimír Hula,01.05.2023,01.05.2023,9630009,"Uherské Hradiště, Rochus",MOTYLI2219_1766,Motýli,CZ0723024: Rochus,100,0,9630009,100,6970b,2023-05-01,1,5,2023,CZ0723024,Rochus,MOTYLI2219,1,1,ano,1,0,NA,NA,NA,1,1,CELKOVE_SUM,1,NA,NA,NA,NA,NA,NA,NA,NA,NA
57615970,12800725,Eriogaster catax,bourovec trnkový,Vladimír Hula,01.05.2023,01.05.2023,9630009,"Uherské Hradiště, Rochus",MOTYLI2219_1766,Motýli,CZ0723024: Rochus,100,0,9630009,100,6970b,2023-05-01,1,5,2023,CZ0723024,Rochus,MOTYLI2219,1,1,ano,1,0,NA,NA,NA,1,0,POP_POCETSUMLOKAL,3,min,10,hnízda housenek,ano,lok,NA,NA,alespoň 10 hnízda housenek,minmax
57615970,12800725,Eriogaster catax,bourovec trnkový,Vladimír Hula,01.05.2023,01.05.2023,9630009,"Uherské Hradiště, Rochus",MOTYLI2219_1766,Motýli,CZ0723024: Rochus,100,0,9630009,100,6970b,2023-05-01,1,5,2023,CZ0723024,Rochus,MOTYLI2219,1,1,ano,1,0,NA,NA,NA,1,1,STA_LIKVIDACE,nezaznamenána,val,nezaznamenána,NA,ne,lok,NA,NA,nezaznamenána,val
57616022,12800363,Eriogaster catax,bourovec trnkový,Vladimír Hula,02.05.2023,02.05.2023,9628704,Kněždub,MOTYLI2231,Motýli,CZ0624072: Čertoryje,96,1,9628704,100,7170a,2023-05-02,2,5,2023,CZ0624072,Čertoryje,MOTYLI2231,1,0,ne,0,0,0,ne,0,NA,0,CELKOVE_SUM,1,NA,NA,NA,NA,NA,NA,NA,NA,NA
57616022,12800363,Eriogaster catax,bourovec trnkový,Vladimír Hula,02.05.2023,02.05.2023,9628704,Kněždub,MOTYLI2231,Motýli,CZ0624072: Čertoryje,96,1,9628704,100,7170a,2023-05-02,2,5,2023,CZ0624072,Čertoryje,MOTYLI2231,1,0,ne,0,0,0,ne,0,NA,1,CELKOVE_SUM,1,NA,NA,NA,NA,NA,NA,NA,NA,NA
57616022,12800363,Eriogaster catax,bourovec trnkový,Vladimír Hula,02.05.2023,02.05.2023,9628704,Kněždub,MOTYLI2231,Motýli,CZ0624072: Čertoryje,96,1,9628704,100,7170a,2023-05-02,2,5,2023,CZ0624072,Čertoryje,MOTYLI2231,1,0,ne,0,0,0,ne,0,NA,0,POP_POCETSUMLOKAL,0,min,10,hnízda housenek,ano,lok,NA,NA,alespoň 10 hnízda housenek,minmax
57616022,12800363,Eriogaster catax,bourovec trnkový,Vladimír Hula,02.05.2023,02.05.2023,9628704,Kněždub,MOTYLI2231,Motýli,CZ0624072: Čertoryje,96,1,9628704,100,7170a,2023-05-02,2,5,2023,CZ0624072,Čertoryje,MOTYLI2231,1,0,ne,0,0,0,ne,0,NA,1,STA_LIKVIDACE,nezaznamenána,val,nezaznamenána,NA,ne,lok,NA,NA,nezaznamenána,val
57616024,12800380,Eriogaster catax,bourovec trnkový,Vladimir Hula,14.04.2022,14.04.2022,9628885,Přední louky,MOTYLI1058,Motýli,CZ0724090: Bílé Karpaty,100,1,9628885,53.11,7071d,2022-04-14,14,4,2022,CZ0724090,Bílé Karpaty,MOTYLI1058,1,0,ne,0,0,0,ne,0,NA,0,CELKOVE_SUM,1,NA,NA,NA,NA,NA,NA,NA,NA,NA
57616024,12800380,Eriogaster catax,bourovec trnkový,Vladimir Hula,14.04.2022,14.04.2022,9628885,Přední louky,MOTYLI1058,Motýli,CZ0724090: Bílé Karpaty,100,1,9628885,53.11,7071d,2022-04-14,14,4,2022,CZ0724090,Bílé Karpaty,MOTYLI1058,1,0,ne,0,0,0,ne,0,NA,1,CELKOVE_SUM,1,NA,NA,NA,NA,NA,NA,NA,NA,NA
57616024,12800380,Eriogaster catax,bourovec trnkový,Vladimir Hula,14.04.2022,14.04.2022,9628885,Přední louky,MOTYLI1058,Motýli,CZ0724090: Bílé Karpaty,100,1,9628885,53.11,7071d,2022-04-14,14,4,2022,CZ0724090,Bílé Karpaty,MOTYLI1058,1,0,ne,0,0,0,ne,0,NA,0,POP_POCETSUMLOKAL,0,min,10,hnízda housenek,ano,lok,NA,NA,alespoň 10 hnízda housenek,minmax
57616024,12800380,Eriogaster catax,bourovec trnkový,Vladimir Hula,14.04.2022,14.04.2022,9628885,Přední louky,MOTYLI1058,Motýli,CZ0724090: Bílé Karpaty,100,1,9628885,53.11,7071d,2022-04-14,14,4,2022,CZ0724090,Bílé Karpaty,MOTYLI1058,1,0,ne,0,0,0,ne,0,NA,1,STA_LIKVIDACE,nezaznamenána,val,nezaznamenána,NA,ne,lok,NA,NA,nezaznamenána,val
57616026,12800375,Eriogaster catax,bourovec trnkový,Vladimír Hula,19.04.2023,19.04.2023,9628858,Lomy nad Pernou,MOTYLI2235,Motýli,CZ0624043: Stolová hora,53,1,9628858,100,7165d,2023-04-19,19,4,2023,CZ0624043,Stolová hora,MOTYLI2235,1,0,ne,0,0,0,ne,0,NA,0,CELKOVE_SUM,1,NA,NA,NA,NA,NA,NA,NA,NA,NA
57616026,12800375,Eriogaster catax,bourovec trnkový,Vladimír Hula,19.04.2023,19.04.2023,9628858,Lomy nad Pernou,MOTYLI2235,Motýli,CZ0624043: Stolová hora,53,1,9628858,100,7165d,2023-04-19,19,4,2023,CZ0624043,Stolová hora,MOTYLI2235,1,0,ne,0,0,0,ne,0,NA,1,CELKOVE_SUM,1,NA,NA,NA,NA,NA,NA,NA,NA,NA
57616026,12800375,Eriogaster catax,bourovec trnkový,Vladimír Hula,19.04.2023,19.04.2023,9628858,Lomy nad Pernou,MOTYLI2235,Motýli,CZ0624043: Stolová hora,53,1,9628858,100,7165d,2023-04-19,19,4,2023,CZ0624043,Stolová hora,MOTYLI2235,1,0,ne,0,0,0,ne,0,NA,0,POP_POCETSUMLOKAL,0,min,10,hnízda housenek,ano,lok,NA,NA,alespoň 10 hnízda housenek,minmax
57616026,12800375,Eriogaster catax,bourovec trnkový,Vladimír Hula,19.04.2023,19.04.2023,9628858,Lomy nad Pernou,MOTYLI2235,Motýli,CZ0624043: Stolová hora,53,1,9628858,100,7165d,2023-04-19,19,4,2023,CZ0624043,Stolová hora,MOTYLI2235,1,0,ne,0,0,0,ne,0,NA,1,STA_LIKVIDACE,nezaznamenána,val,nezaznamenána,NA,ne,lok,NA,NA,nezaznamenána,val
57616027,12800525,Eriogaster catax,bourovec trnkový,Vladimír Hula,14.04.2022,14.04.2022,9628884,PR Drahy,MOTYLI1055,Motýli,CZ0724090: Bílé Karpaty,100,1,9628884,100,7071d,2022-04-14,14,4,2022,CZ0724090,Bílé Karpaty,MOTYLI1055,1,0,ne,0,0,0,ne,0,NA,0,CELKOVE_SUM,1,NA,NA,NA,NA,NA,NA,NA,NA,NA
57616027,12800525,Eriogaster catax,bourovec trnkový,Vladimír Hula,14.04.2022,14.04.2022,9628884,PR Drahy,MOTYLI1055,Motýli,CZ0724090: Bílé Karpaty,100,1,9628884,100,7071d,2022-04-14,14,4,2022,CZ0724090,Bílé Karpaty,MOTYLI1055,1,0,ne,0,0,0,ne,0,NA,1,CELKOVE_SUM,1,NA,NA,NA,NA,NA,NA,NA,NA,NA
57616027,12800525,Eriogaster catax,bourovec trnkový,Vladimír Hula,14.04.2022,14.04.2022,9628884,PR Drahy,MOTYLI1055,Motýli,CZ0724090: Bílé Karpaty,100,1,9628884,100,7071d,2022-04-14,14,4,2022,CZ0724090,Bílé Karpaty,MOTYLI1055,1,0,ne,0,0,0,ne,0,NA,0,POP_POCETSUMLOKAL,0,min,10,hnízda housenek,ano,lok,NA,NA,alespoň 10 hnízda housenek,minmax
57616027,12800525,Eriogaster catax,bourovec trnkový,Vladimír Hula,14.04.2022,14.04.2022,9628884,PR Drahy,MOTYLI1055,Motýli,CZ0724090: Bílé Karpaty,100,1,9628884,100,7071d,2022-04-14,14,4,2022,CZ0724090,Bílé Karpaty,MOTYLI1055,1,0,ne,0,0,0,ne,0,NA,1,STA_LIKVIDACE,nezaznamenána,val,nezaznamenána,NA,ne,lok,NA,NA,nezaznamenána,val
57616030,12800470,Eriogaster catax,bourovec trnkový,Vladimír Hula,01.05.2023,01.05.2023,9628718,Slavkov,MOTYLI2229,Motýli,CZ0724090: Bílé Karpaty,100,1,9628718,100,7071d,2023-05-01,1,5,2023,CZ0724090,Bílé Karpaty,MOTYLI2229,1,0,ne,0,0,0,ne,0,NA,0,CELKOVE_SUM,1,NA,NA,NA,NA,NA,NA,NA,NA,NA
57616030,12800470,Eriogaster catax,bourovec trnkový,Vladimír Hula,01.05.2023,01.05.2023,9628718,Slavkov,MOTYLI2229,Motýli,CZ0724090: Bílé Karpaty,100,1,9628718,100,7071d,2023-05-01,1,5,2023,CZ0724090,Bílé Karpaty,MOTYLI2229,1,0,ne,0,0,0,ne,0,NA,1,CELKOVE_SUM,1,NA,NA,NA,NA,NA,NA,NA,NA,NA
57616030,12800470,Eriogaster catax,bourovec trnkový,Vladimír Hula,01.05.2023,01.05.2023,9628718,Slavkov,MOTYLI2229,Motýli,CZ0724090: Bílé Karpaty,100,1,9628718,100,7071d,2023-05-01,1,5,2023,CZ0724090,Bílé Karpaty,MOTYLI2229,1,0,ne,0,0,0,ne,0,NA,0,POP_POCETSUMLOKAL,0,min,10,hnízda housenek,ano,lok,NA,NA,alespoň 10 hnízda housenek,minmax
57616030,12800470,Eriogaster catax,bourovec trnkový,Vladimír Hula,01.05.2023,01.05.2023,9628718,Slavkov,MOTYLI2229,Motýli,CZ0724090: Bílé Karpaty,100,1,9628718,100,7071d,2023-05-01,1,5,2023,CZ0724090,Bílé Karpaty,MOTYLI2229,1,0,ne,0,0,0,ne,0,NA,1,STA_LIKVIDACE,nezaznamenána,val,nezaznamenána,NA,ne,lok,NA,NA,nezaznamenána,val
57616032,12800419,Eriogaster catax,bourovec trnkový,Vladimír Hula,06.12.2022,06.12.2022,9628892,Boršice,MOTYLI1051,Motýli,CZ0724090: Bílé Karpaty,94,1,9628892,100,7071c,2022-12-06,6,12,2022,CZ0724090,Bílé Karpaty,MOTYLI1051,1,0,ne,0,0,0,ne,0,NA,0,CELKOVE_SUM,1,NA,NA,NA,NA,NA,NA,NA,NA,NA
57616032,12800419,Eriogaster catax,bourovec trnkový,Vladimír Hula,06.12.2022,06.12.2022,9628892,Boršice,MOTYLI1051,Motýli,CZ0724090: Bílé Karpaty,94,1,9628892,100,7071c,2022-12-06,6,12,2022,CZ0724090,Bílé Karpaty,MOTYLI1051,1,0,ne,0,0,0,ne,0,NA,1,CELKOVE_SUM,1,NA,NA,NA,NA,NA,NA,NA,NA,NA
57616032,12800419,Eriogaster catax,bourovec trnkový,Vladimír Hula,06.12.2022,06.12.2022,9628892,Boršice,MOTYLI1051,Motýli,CZ0724090: Bílé Karpaty,94,1,9628892,100,7071c,2022-12-06,6,12,2022,CZ0724090,Bílé Karpaty,MOTYLI1051,1,0,ne,0,0,0,ne,0,NA,0,POP_POCETSUMLOKAL,0,min,10,hnízda housenek,ano,lok,NA,NA,alespoň 10 hnízda housenek,minmax
57616032,12800419,Eriogaster catax,bourovec trnkový,Vladimír Hula,06.12.2022,06.12.2022,9628892,Boršice,MOTYLI1051,Motýli,CZ0724090: Bílé Karpaty,94,1,9628892,100,7071c,2022-12-06,6,12,2022,CZ0724090,Bílé Karpaty,MOTYLI1051,1,0,ne,0,0,0,ne,0,NA,1,STA_LIKVIDACE,nezaznamenána,val,nezaznamenána,NA,ne,lok,NA,NA,nezaznamenána,val
57616033,12800565,Eriogaster catax,bourovec trnkový,Vladimír Hula,01.05.2023,01.05.2023,9628699,Velický Hliník,MOTYLI2222,Motýli,CZ0623349: Velický hliník,16,1,9628699,100,7171a,2023-05-01,1,5,2023,CZ0623349,Velický hliník,MOTYLI2222,1,0,ne,0,0,0,ne,0,NA,0,CELKOVE_SUM,1,NA,NA,NA,NA,NA,NA,NA,NA,NA
57616033,12800565,Eriogaster catax,bourovec trnkový,Vladimír Hula,01.05.2023,01.05.2023,9628699,Velický Hliník,MOTYLI2222,Motýli,CZ0623349: Velický hliník,16,1,9628699,100,7171a,2023-05-01,1,5,2023,CZ0623349,Velický hliník,MOTYLI2222,1,0,ne,0,0,0,ne,0,NA,1,CELKOVE_SUM,1,NA,NA,NA,NA,NA,NA,NA,NA,NA
57616033,12800565,Eriogaster catax,bourovec trnkový,Vladimír Hula,01.05.2023,01.05.2023,9628699,Velický Hliník,MOTYLI2222,Motýli,CZ0623349: Velický hliník,16,1,9628699,100,7171a,2023-05-01,1,5,2023,CZ0623349,Velický hliník,MOTYLI2222,1,0,ne,0,0,0,ne,0,NA,0,POP_POCETSUMLOKAL,0,min,10,hnízda housenek,ano,lok,NA,NA,alespoň 10 hnízda housenek,minmax
57616033,12800565,Eriogaster catax,bourovec trnkový,Vladimír Hula,01.05.2023,01.05.2023,9628699,Velický Hliník,MOTYLI2222,Motýli,CZ0623349: Velický hliník,16,1,9628699,100,7171a,2023-05-01,1,5,2023,CZ0623349,Velický hliník,MOTYLI2222,1,0,ne,0,0,0,ne,0,NA,1,STA_LIKVIDACE,nezaznamenána,val,nezaznamenána,NA,ne,lok,NA,NA,nezaznamenána,val
57616035,12800398,Eriogaster catax,bourovec trnkový,Vladimir Hula,15.04.2022,15.04.2022,9628769,Rochus,MOTYLI1077,Motýli,CZ0723024: Rochus,82,1,9628769,99.79,6970b,2022-04-15,15,4,2022,CZ0723024,Rochus,MOTYLI1077,1,0,ne,0,0,0,ne,0,NA,0,CELKOVE_SUM,1,NA,NA,NA,NA,NA,NA,NA,NA,NA
57616035,12800398,Eriogaster catax,bourovec trnkový,Vladimir Hula,15.04.2022,15.04.2022,9628769,Rochus,MOTYLI1077,Motýli,CZ0723024: Rochus,82,1,9628769,99.79,6970b,2022-04-15,15,4,2022,CZ0723024,Rochus,MOTYLI1077,1,0,ne,0,0,0,ne,0,NA,1,CELKOVE_SUM,1,NA,NA,NA,NA,NA,NA,NA,NA,NA
57616035,12800398,Eriogaster catax,bourovec trnkový,Vladimir Hula,15.04.2022,15.04.2022,9628769,Rochus,MOTYLI1077,Motýli,CZ0723024: Rochus,82,1,9628769,99.79,6970b,2022-04-15,15,4,2022,CZ0723024,Rochus,MOTYLI1077,1,0,ne,0,0,0,ne,0,NA,0,POP_POCETSUMLOKAL,0,min,10,hnízda housenek,ano,lok,NA,NA,alespoň 10 hnízda housenek,minmax
57616035,12800398,Eriogaster catax,bourovec trnkový,Vladimir Hula,15.04.2022,15.04.2022,9628769,Rochus,MOTYLI1077,Motýli,CZ0723024: Rochus,82,1,9628769,99.79,6970b,2022-04-15,15,4,2022,CZ0723024,Rochus,MOTYLI1077,1,0,ne,0,0,0,ne,0,NA,1,STA_LIKVIDACE,nezaznamenána,val,nezaznamenána,NA,ne,lok,NA,NA,nezaznamenána,val
57616038,12800446,Eriogaster catax,bourovec trnkový,Vladimír Hula,01.05.2023,01.05.2023,9628781,Boršice u Blatnice,MOTYLI2223,Motýli,CZ0724090: Bílé Karpaty,100,1,9628781,100,7071c,2023-05-01,1,5,2023,CZ0724090,Bílé Karpaty,MOTYLI2223,1,0,ne,0,0,0,ne,0,NA,0,CELKOVE_SUM,1,NA,NA,NA,NA,NA,NA,NA,NA,NA
57616038,12800446,Eriogaster catax,bourovec trnkový,Vladimír Hula,01.05.2023,01.05.2023,9628781,Boršice u Blatnice,MOTYLI2223,Motýli,CZ0724090: Bílé Karpaty,100,1,9628781,100,7071c,2023-05-01,1,5,2023,CZ0724090,Bílé Karpaty,MOTYLI2223,1,0,ne,0,0,0,ne,0,NA,1,CELKOVE_SUM,1,NA,NA,NA,NA,NA,NA,NA,NA,NA
57616038,12800446,Eriogaster catax,bourovec trnkový,Vladimír Hula,01.05.2023,01.05.2023,9628781,Boršice u Blatnice,MOTYLI2223,Motýli,CZ0724090: Bílé Karpaty,100,1,9628781,100,7071c,2023-05-01,1,5,2023,CZ0724090,Bílé Karpaty,MOTYLI2223,1,0,ne,0,0,0,ne,0,NA,0,POP_POCETSUMLOKAL,0,min,10,hnízda housenek,ano,lok,NA,NA,alespoň 10 hnízda housenek,minmax
57616038,12800446,Eriogaster catax,bourovec trnkový,Vladimír Hula,01.05.2023,01.05.2023,9628781,Boršice u Blatnice,MOTYLI2223,Motýli,CZ0724090: Bílé Karpaty,100,1,9628781,100,7071c,2023-05-01,1,5,2023,CZ0724090,Bílé Karpaty,MOTYLI2223,1,0,ne,0,0,0,ne,0,NA,1,STA_LIKVIDACE,nezaznamenána,val,nezaznamenána,NA,ne,lok,NA,NA,nezaznamenána,val
57616041,12800428,Eriogaster catax,bourovec trnkový,Vladimír Hula,15.04.2022,15.04.2022,9629873,Čížov,MOTYLI1074,Motýli,CZ0624096: Podyjí,100,1,9629873,100,7161a,2022-04-15,15,4,2022,CZ0624096,Podyjí,MOTYLI1074,1,0,ne,0,0,0,ne,0,NA,0,CELKOVE_SUM,1,NA,NA,NA,NA,NA,NA,NA,NA,NA
57616041,12800428,Eriogaster catax,bourovec trnkový,Vladimír Hula,15.04.2022,15.04.2022,9629873,Čížov,MOTYLI1074,Motýli,CZ0624096: Podyjí,100,1,9629873,100,7161a,2022-04-15,15,4,2022,CZ0624096,Podyjí,MOTYLI1074,1,0,ne,0,0,0,ne,0,NA,1,CELKOVE_SUM,1,NA,NA,NA,NA,NA,NA,NA,NA,NA
57616041,12800428,Eriogaster catax,bourovec trnkový,Vladimír Hula,15.04.2022,15.04.2022,9629873,Čížov,MOTYLI1074,Motýli,CZ0624096: Podyjí,100,1,9629873,100,7161a,2022-04-15,15,4,2022,CZ0624096,Podyjí,MOTYLI1074,1,0,ne,0,0,0,ne,0,NA,0,POP_POCETSUMLOKAL,0,min,10,hnízda housenek,ano,lok,NA,NA,alespoň 10 hnízda housenek,minmax
57616041,12800428,Eriogaster catax,bourovec trnkový,Vladimír Hula,15.04.2022,15.04.2022,9629873,Čížov,MOTYLI1074,Motýli,CZ0624096: Podyjí,100,1,9629873,100,7161a,2022-04-15,15,4,2022,CZ0624096,Podyjí,MOTYLI1074,1,0,ne,0,0,0,ne,0,NA,1,STA_LIKVIDACE,nezaznamenána,val,nezaznamenána,NA,ne,lok,NA,NA,nezaznamenána,val
57616044,12800506,Eriogaster catax,bourovec trnkový,Vladimír Hula,19.04.2023,19.04.2023,9628756,Skalky,MOTYLI2238,Motýli,CZ0620048: Skalky u Sedlece,87,1,9628756,100,7266a,2023-04-19,19,4,2023,CZ0620048,Skalky u Sedlece,MOTYLI2238,1,0,ne,0,0,0,ne,0,NA,0,CELKOVE_SUM,1,NA,NA,NA,NA,NA,NA,NA,NA,NA
57616044,12800506,Eriogaster catax,bourovec trnkový,Vladimír Hula,19.04.2023,19.04.2023,9628756,Skalky,MOTYLI2238,Motýli,CZ0620048: Skalky u Sedlece,87,1,9628756,100,7266a,2023-04-19,19,4,2023,CZ0620048,Skalky u Sedlece,MOTYLI2238,1,0,ne,0,0,0,ne,0,NA,1,CELKOVE_SUM,1,NA,NA,NA,NA,NA,NA,NA,NA,NA
57616044,12800506,Eriogaster catax,bourovec trnkový,Vladimír Hula,19.04.2023,19.04.2023,9628756,Skalky,MOTYLI2238,Motýli,CZ0620048: Skalky u Sedlece,87,1,9628756,100,7266a,2023-04-19,19,4,2023,CZ0620048,Skalky u Sedlece,MOTYLI2238,1,0,ne,0,0,0,ne,0,NA,0,POP_POCETSUMLOKAL,0,min,10,hnízda housenek,ano,lok,NA,NA,alespoň 10 hnízda housenek,minmax
57616044,12800506,Eriogaster catax,bourovec trnkový,Vladimír Hula,19.04.2023,19.04.2023,9628756,Skalky,MOTYLI2238,Motýli,CZ0620048: Skalky u Sedlece,87,1,9628756,100,7266a,2023-04-19,19,4,2023,CZ0620048,Skalky u Sedlece,MOTYLI2238,1,0,ne,0,0,0,ne,0,NA,1,STA_LIKVIDACE,nezaznamenána,val,nezaznamenána,NA,ne,lok,NA,NA,nezaznamenána,val
57616047,12800472,Eriogaster catax,bourovec trnkový,Vladimir Hula,14.04.2022,14.04.2022,9628727,Těšov,MOTYLI1053,Motýli,CZ0724087: Újezdecký les,11,1,9628727,97.65,6972c,2022-04-14,14,4,2022,CZ0724087,Újezdecký les,MOTYLI1053,1,0,ne,0,0,0,ne,0,NA,0,CELKOVE_SUM,0,NA,NA,NA,NA,NA,NA,NA,NA,NA
57616047,12800472,Eriogaster catax,bourovec trnkový,Vladimir Hula,14.04.2022,14.04.2022,9628727,Těšov,MOTYLI1053,Motýli,CZ0724087: Újezdecký les,11,1,9628727,97.65,6972c,2022-04-14,14,4,2022,CZ0724087,Újezdecký les,MOTYLI1053,1,0,ne,0,0,0,ne,0,NA,0,POP_POCETSUMLOKAL,0,min,10,hnízda housenek,ano,lok,NA,NA,alespoň 10 hnízda housenek,minmax
57616047,12800472,Eriogaster catax,bourovec trnkový,Vladimir Hula,14.04.2022,14.04.2022,9628727,Těšov,MOTYLI1053,Motýli,CZ0724087: Újezdecký les,11,1,9628727,97.65,6972c,2022-04-14,14,4,2022,CZ0724087,Újezdecký les,MOTYLI1053,1,0,ne,0,0,0,ne,0,NA,0,STA_LIKVIDACE,zaznamenána,val,nezaznamenána,NA,ne,lok,NA,NA,nezaznamenána,val
57616049,12800456,Eriogaster catax,bourovec trnkový,Vladimir Hula,14.04.2022,14.04.2022,9628887,Velický hliník,MOTYLI1061,Motýli,CZ0623349: Velický hliník,50,1,9628887,100,7171a,2022-04-14,14,4,2022,CZ0623349,Velický hliník,MOTYLI1061,1,0,ne,0,0,0,ne,0,NA,0,CELKOVE_SUM,1,NA,NA,NA,NA,NA,NA,NA,NA,NA
57616049,12800456,Eriogaster catax,bourovec trnkový,Vladimir Hula,14.04.2022,14.04.2022,9628887,Velický hliník,MOTYLI1061,Motýli,CZ0623349: Velický hliník,50,1,9628887,100,7171a,2022-04-14,14,4,2022,CZ0623349,Velický hliník,MOTYLI1061,1,0,ne,0,0,0,ne,0,NA,1,CELKOVE_SUM,1,NA,NA,NA,NA,NA,NA,NA,NA,NA
57616049,12800456,Eriogaster catax,bourovec trnkový,Vladimir Hula,14.04.2022,14.04.2022,9628887,Velický hliník,MOTYLI1061,Motýli,CZ0623349: Velický hliník,50,1,9628887,100,7171a,2022-04-14,14,4,2022,CZ0623349,Velický hliník,MOTYLI1061,1,0,ne,0,0,0,ne,0,NA,0,POP_POCETSUMLOKAL,0,min,10,hnízda housenek,ano,lok,NA,NA,alespoň 10 hnízda housenek,minmax
57616049,12800456,Eriogaster catax,bourovec trnkový,Vladimir Hula,14.04.2022,14.04.2022,9628887,Velický hliník,MOTYLI1061,Motýli,CZ0623349: Velický hliník,50,1,9628887,100,7171a,2022-04-14,14,4,2022,CZ0623349,Velický hliník,MOTYLI1061,1,0,ne,0,0,0,ne,0,NA,1,STA_LIKVIDACE,nezaznamenána,val,nezaznamenána,NA,ne,lok,NA,NA,nezaznamenána,val
57616051,12800585,Eriogaster catax,bourovec trnkový,Vladimír Hula,01.05.2023,01.05.2023,9628865,Horní Němčí - Vinohrádky,MOTYLI2227,Motýli,CZ0724090: Bílé Karpaty,100,1,9628865,100,7071d,2023-05-01,1,5,2023,CZ0724090,Bílé Karpaty,MOTYLI2227,1,0,ne,0,0,0,ne,0,NA,0,CELKOVE_SUM,1,NA,NA,NA,NA,NA,NA,NA,NA,NA
57616051,12800585,Eriogaster catax,bourovec trnkový,Vladimír Hula,01.05.2023,01.05.2023,9628865,Horní Němčí - Vinohrádky,MOTYLI2227,Motýli,CZ0724090: Bílé Karpaty,100,1,9628865,100,7071d,2023-05-01,1,5,2023,CZ0724090,Bílé Karpaty,MOTYLI2227,1,0,ne,0,0,0,ne,0,NA,1,CELKOVE_SUM,1,NA,NA,NA,NA,NA,NA,NA,NA,NA
57616051,12800585,Eriogaster catax,bourovec trnkový,Vladimír Hula,01.05.2023,01.05.2023,9628865,Horní Němčí - Vinohrádky,MOTYLI2227,Motýli,CZ0724090: Bílé Karpaty,100,1,9628865,100,7071d,2023-05-01,1,5,2023,CZ0724090,Bílé Karpaty,MOTYLI2227,1,0,ne,0,0,0,ne,0,NA,0,POP_POCETSUMLOKAL,0,min,10,hnízda housenek,ano,lok,NA,NA,alespoň 10 hnízda housenek,minmax
57616051,12800585,Eriogaster catax,bourovec trnkový,Vladimír Hula,01.05.2023,01.05.2023,9628865,Horní Němčí - Vinohrádky,MOTYLI2227,Motýli,CZ0724090: Bílé Karpaty,100,1,9628865,100,7071d,2023-05-01,1,5,2023,CZ0724090,Bílé Karpaty,MOTYLI2227,1,0,ne,0,0,0,ne,0,NA,1,STA_LIKVIDACE,nezaznamenána,val,nezaznamenána,NA,ne,lok,NA,NA,nezaznamenána,val
57616054,12800542,Eriogaster catax,bourovec trnkový,Vladimír Hula,01.05.2023,01.05.2023,9628782,Újezdec,MOTYLI2224,Motýli,CZ0724087: Újezdecký les,92,1,9628782,85.97,6972c,2023-05-01,1,5,2023,CZ0724087,Újezdecký les,MOTYLI2224,1,0,ne,0,0,0,ne,0,NA,0,CELKOVE_SUM,1,NA,NA,NA,NA,NA,NA,NA,NA,NA
57616054,12800542,Eriogaster catax,bourovec trnkový,Vladimír Hula,01.05.2023,01.05.2023,9628782,Újezdec,MOTYLI2224,Motýli,CZ0724087: Újezdecký les,92,1,9628782,85.97,6972c,2023-05-01,1,5,2023,CZ0724087,Újezdecký les,MOTYLI2224,1,0,ne,0,0,0,ne,0,NA,1,CELKOVE_SUM,1,NA,NA,NA,NA,NA,NA,NA,NA,NA
57616054,12800542,Eriogaster catax,bourovec trnkový,Vladimír Hula,01.05.2023,01.05.2023,9628782,Újezdec,MOTYLI2224,Motýli,CZ0724087: Újezdecký les,92,1,9628782,85.97,6972c,2023-05-01,1,5,2023,CZ0724087,Újezdecký les,MOTYLI2224,1,0,ne,0,0,0,ne,0,NA,0,POP_POCETSUMLOKAL,0,min,10,hnízda housenek,ano,lok,NA,NA,alespoň 10 hnízda housenek,minmax
57616054,12800542,Eriogaster catax,bourovec trnkový,Vladimír Hula,01.05.2023,01.05.2023,9628782,Újezdec,MOTYLI2224,Motýli,CZ0724087: Újezdecký les,92,1,9628782,85.97,6972c,2023-05-01,1,5,2023,CZ0724087,Újezdecký les,MOTYLI2224,1,0,ne,0,0,0,ne,0,NA,1,STA_LIKVIDACE,nezaznamenána,val,nezaznamenána,NA,ne,lok,NA,NA,nezaznamenána,val
57616055,12800490,Eriogaster catax,bourovec trnkový,Vladimír Hula,14.04.2022,14.04.2022,9628890,Kněždub,MOTYLI1060,Motýli,CZ0624072: Čertoryje,98,1,9628890,100,7170a,2022-04-14,14,4,2022,CZ0624072,Čertoryje,MOTYLI1060,1,0,ne,0,0,0,ne,0,NA,0,CELKOVE_SUM,1,NA,NA,NA,NA,NA,NA,NA,NA,NA
57616055,12800490,Eriogaster catax,bourovec trnkový,Vladimír Hula,14.04.2022,14.04.2022,9628890,Kněždub,MOTYLI1060,Motýli,CZ0624072: Čertoryje,98,1,9628890,100,7170a,2022-04-14,14,4,2022,CZ0624072,Čertoryje,MOTYLI1060,1,0,ne,0,0,0,ne,0,NA,1,CELKOVE_SUM,1,NA,NA,NA,NA,NA,NA,NA,NA,NA
57616055,12800490,Eriogaster catax,bourovec trnkový,Vladimír Hula,14.04.2022,14.04.2022,9628890,Kněždub,MOTYLI1060,Motýli,CZ0624072: Čertoryje,98,1,9628890,100,7170a,2022-04-14,14,4,2022,CZ0624072,Čertoryje,MOTYLI1060,1,0,ne,0,0,0,ne,0,NA,0,POP_POCETSUMLOKAL,0,min,10,hnízda housenek,ano,lok,NA,NA,alespoň 10 hnízda housenek,minmax
57616055,12800490,Eriogaster catax,bourovec trnkový,Vladimír Hula,14.04.2022,14.04.2022,9628890,Kněždub,MOTYLI1060,Motýli,CZ0624072: Čertoryje,98,1,9628890,100,7170a,2022-04-14,14,4,2022,CZ0624072,Čertoryje,MOTYLI1060,1,0,ne,0,0,0,ne,0,NA,1,STA_LIKVIDACE,nezaznamenána,val,nezaznamenána,NA,ne,lok,NA,NA,nezaznamenána,val
57616056,12800544,Eriogaster catax,bourovec trnkový,Vladimír Hula,01.05.2023,01.05.2023,9628794,Těšov,MOTYLI2225,Motýli,CZ0724087: Újezdecký les,17,1,9628794,72.86,6972c,2023-05-01,1,5,2023,CZ0724087,Újezdecký les,MOTYLI2225,1,0,ne,0,0,0,ne,0,NA,0,CELKOVE_SUM,1,NA,NA,NA,NA,NA,NA,NA,NA,NA
57616056,12800544,Eriogaster catax,bourovec trnkový,Vladimír Hula,01.05.2023,01.05.2023,9628794,Těšov,MOTYLI2225,Motýli,CZ0724087: Újezdecký les,17,1,9628794,72.86,6972c,2023-05-01,1,5,2023,CZ0724087,Újezdecký les,MOTYLI2225,1,0,ne,0,0,0,ne,0,NA,1,CELKOVE_SUM,1,NA,NA,NA,NA,NA,NA,NA,NA,NA
57616056,12800544,Eriogaster catax,bourovec trnkový,Vladimír Hula,01.05.2023,01.05.2023,9628794,Těšov,MOTYLI2225,Motýli,CZ0724087: Újezdecký les,17,1,9628794,72.86,6972c,2023-05-01,1,5,2023,CZ0724087,Újezdecký les,MOTYLI2225,1,0,ne,0,0,0,ne,0,NA,0,POP_POCETSUMLOKAL,0,min,10,hnízda housenek,ano,lok,NA,NA,alespoň 10 hnízda housenek,minmax
57616056,12800544,Eriogaster catax,bourovec trnkový,Vladimír Hula,01.05.2023,01.05.2023,9628794,Těšov,MOTYLI2225,Motýli,CZ0724087: Újezdecký les,17,1,9628794,72.86,6972c,2023-05-01,1,5,2023,CZ0724087,Újezdecký les,MOTYLI2225,1,0,ne,0,0,0,ne,0,NA,1,STA_LIKVIDACE,nezaznamenána,val,nezaznamenána,NA,ne,lok,NA,NA,nezaznamenána,val
57616057,12800584,Eriogaster catax,bourovec trnkový,Vladimír Hula,19.04.2023,19.04.2023,9628863,Liščí vrch,MOTYLI2237,Motýli,CZ0624100: Milovický les,94,1,9628863,100,7266a,2023-04-19,19,4,2023,CZ0624100,Milovický les,MOTYLI2237,1,0,ne,0,0,0,ne,0,NA,0,CELKOVE_SUM,1,NA,NA,NA,NA,NA,NA,NA,NA,NA
57616057,12800584,Eriogaster catax,bourovec trnkový,Vladimír Hula,19.04.2023,19.04.2023,9628863,Liščí vrch,MOTYLI2237,Motýli,CZ0624100: Milovický les,94,1,9628863,100,7266a,2023-04-19,19,4,2023,CZ0624100,Milovický les,MOTYLI2237,1,0,ne,0,0,0,ne,0,NA,1,CELKOVE_SUM,1,NA,NA,NA,NA,NA,NA,NA,NA,NA
57616057,12800584,Eriogaster catax,bourovec trnkový,Vladimír Hula,19.04.2023,19.04.2023,9628863,Liščí vrch,MOTYLI2237,Motýli,CZ0624100: Milovický les,94,1,9628863,100,7266a,2023-04-19,19,4,2023,CZ0624100,Milovický les,MOTYLI2237,1,0,ne,0,0,0,ne,0,NA,0,POP_POCETSUMLOKAL,0,min,10,hnízda housenek,ano,lok,NA,NA,alespoň 10 hnízda housenek,minmax
57616057,12800584,Eriogaster catax,bourovec trnkový,Vladimír Hula,19.04.2023,19.04.2023,9628863,Liščí vrch,MOTYLI2237,Motýli,CZ0624100: Milovický les,94,1,9628863,100,7266a,2023-04-19,19,4,2023,CZ0624100,Milovický les,MOTYLI2237,1,0,ne,0,0,0,ne,0,NA,1,STA_LIKVIDACE,nezaznamenána,val,nezaznamenána,NA,ne,lok,NA,NA,nezaznamenána,val
57616061,12800502,Eriogaster catax,bourovec trnkový,Vladimír Hula,19.04.2023,19.04.2023,9628730,Dunajovické kopce,MOTYLI2236,Motýli,CZ0622218: Dunajovické kopce,54,1,9628730,100,7165c,2023-04-19,19,4,2023,CZ0622218,Dunajovické kopce,MOTYLI2236,1,0,ne,0,0,0,ne,0,NA,0,CELKOVE_SUM,1,NA,NA,NA,NA,NA,NA,NA,NA,NA
57616061,12800502,Eriogaster catax,bourovec trnkový,Vladimír Hula,19.04.2023,19.04.2023,9628730,Dunajovické kopce,MOTYLI2236,Motýli,CZ0622218: Dunajovické kopce,54,1,9628730,100,7165c,2023-04-19,19,4,2023,CZ0622218,Dunajovické kopce,MOTYLI2236,1,0,ne,0,0,0,ne,0,NA,1,CELKOVE_SUM,1,NA,NA,NA,NA,NA,NA,NA,NA,NA
57616061,12800502,Eriogaster catax,bourovec trnkový,Vladimír Hula,19.04.2023,19.04.2023,9628730,Dunajovické kopce,MOTYLI2236,Motýli,CZ0622218: Dunajovické kopce,54,1,9628730,100,7165c,2023-04-19,19,4,2023,CZ0622218,Dunajovické kopce,MOTYLI2236,1,0,ne,0,0,0,ne,0,NA,0,POP_POCETSUMLOKAL,0,min,10,hnízda housenek,ano,lok,NA,NA,alespoň 10 hnízda housenek,minmax
57616061,12800502,Eriogaster catax,bourovec trnkový,Vladimír Hula,19.04.2023,19.04.2023,9628730,Dunajovické kopce,MOTYLI2236,Motýli,CZ0622218: Dunajovické kopce,54,1,9628730,100,7165c,2023-04-19,19,4,2023,CZ0622218,Dunajovické kopce,MOTYLI2236,1,0,ne,0,0,0,ne,0,NA,1,STA_LIKVIDACE,nezaznamenána,val,nezaznamenána,NA,ne,lok,NA,NA,nezaznamenána,val
57616062,12800577,Eriogaster catax,bourovec trnkový,Vladimír Hula,15.04.2022,15.04.2022,9628797,Skalky u Havraníků,MOTYLI1076,Motýli,CZ0624118: Skalky u Havraníků,57,1,9628797,99.56,7162c,2022-04-15,15,4,2022,CZ0624118,Skalky u Havraníků,MOTYLI1076,1,0,ne,0,0,0,ne,0,NA,0,CELKOVE_SUM,1,NA,NA,NA,NA,NA,NA,NA,NA,NA
57616062,12800577,Eriogaster catax,bourovec trnkový,Vladimír Hula,15.04.2022,15.04.2022,9628797,Skalky u Havraníků,MOTYLI1076,Motýli,CZ0624118: Skalky u Havraníků,57,1,9628797,99.56,7162c,2022-04-15,15,4,2022,CZ0624118,Skalky u Havraníků,MOTYLI1076,1,0,ne,0,0,0,ne,0,NA,1,CELKOVE_SUM,1,NA,NA,NA,NA,NA,NA,NA,NA,NA
57616062,12800577,Eriogaster catax,bourovec trnkový,Vladimír Hula,15.04.2022,15.04.2022,9628797,Skalky u Havraníků,MOTYLI1076,Motýli,CZ0624118: Skalky u Havraníků,57,1,9628797,99.56,7162c,2022-04-15,15,4,2022,CZ0624118,Skalky u Havraníků,MOTYLI1076,1,0,ne,0,0,0,ne,0,NA,0,POP_POCETSUMLOKAL,0,min,10,hnízda housenek,ano,lok,NA,NA,alespoň 10 hnízda housenek,minmax
57616062,12800577,Eriogaster catax,bourovec trnkový,Vladimír Hula,15.04.2022,15.04.2022,9628797,Skalky u Havraníků,MOTYLI1076,Motýli,CZ0624118: Skalky u Havraníků,57,1,9628797,99.56,7162c,2022-04-15,15,4,2022,CZ0624118,Skalky u Havraníků,MOTYLI1076,1,0,ne,0,0,0,ne,0,NA,1,STA_LIKVIDACE,nezaznamenána,val,nezaznamenána,NA,ne,lok,NA,NA,nezaznamenána,val
57616063,12800611,Eriogaster catax,bourovec trnkový,Vladimír Hula,19.04.2023,19.04.2023,9628857,Děvín - Kaple,MOTYLI2234,Motýli,CZ0624104: Děvín,99,1,9628857,100,7165b,2023-04-19,19,4,2023,CZ0624104,Děvín,MOTYLI2234,1,0,ne,0,0,0,ne,0,NA,0,CELKOVE_SUM,1,NA,NA,NA,NA,NA,NA,NA,NA,NA
57616063,12800611,Eriogaster catax,bourovec trnkový,Vladimír Hula,19.04.2023,19.04.2023,9628857,Děvín - Kaple,MOTYLI2234,Motýli,CZ0624104: Děvín,99,1,9628857,100,7165b,2023-04-19,19,4,2023,CZ0624104,Děvín,MOTYLI2234,1,0,ne,0,0,0,ne,0,NA,1,CELKOVE_SUM,1,NA,NA,NA,NA,NA,NA,NA,NA,NA
57616063,12800611,Eriogaster catax,bourovec trnkový,Vladimír Hula,19.04.2023,19.04.2023,9628857,Děvín - Kaple,MOTYLI2234,Motýli,CZ0624104: Děvín,99,1,9628857,100,7165b,2023-04-19,19,4,2023,CZ0624104,Děvín,MOTYLI2234,1,0,ne,0,0,0,ne,0,NA,0,POP_POCETSUMLOKAL,0,min,10,hnízda housenek,ano,lok,NA,NA,alespoň 10 hnízda housenek,minmax
57616063,12800611,Eriogaster catax,bourovec trnkový,Vladimír Hula,19.04.2023,19.04.2023,9628857,Děvín - Kaple,MOTYLI2234,Motýli,CZ0624104: Děvín,99,1,9628857,100,7165b,2023-04-19,19,4,2023,CZ0624104,Děvín,MOTYLI2234,1,0,ne,0,0,0,ne,0,NA,1,STA_LIKVIDACE,nezaznamenána,val,nezaznamenána,NA,ne,lok,NA,NA,nezaznamenána,val
57616064,12800434,Eriogaster catax,bourovec trnkový,Vladimir Hula,13.04.2022,13.04.2022,9628726,Újezdec,MOTYLI1052,Motýli,CZ0724087: Újezdecký les,94,1,9628726,88.03,6972c,2022-04-13,13,4,2022,CZ0724087,Újezdecký les,MOTYLI1052,1,0,ne,0,0,0,ne,0,NA,0,CELKOVE_SUM,0,NA,NA,NA,NA,NA,NA,NA,NA,NA
57616064,12800434,Eriogaster catax,bourovec trnkový,Vladimir Hula,13.04.2022,13.04.2022,9628726,Újezdec,MOTYLI1052,Motýli,CZ0724087: Újezdecký les,94,1,9628726,88.03,6972c,2022-04-13,13,4,2022,CZ0724087,Újezdecký les,MOTYLI1052,1,0,ne,0,0,0,ne,0,NA,0,POP_POCETSUMLOKAL,0,min,10,hnízda housenek,ano,lok,NA,NA,alespoň 10 hnízda housenek,minmax
57616064,12800434,Eriogaster catax,bourovec trnkový,Vladimir Hula,13.04.2022,13.04.2022,9628726,Újezdec,MOTYLI1052,Motýli,CZ0724087: Újezdecký les,94,1,9628726,88.03,6972c,2022-04-13,13,4,2022,CZ0724087,Újezdecký les,MOTYLI1052,1,0,ne,0,0,0,ne,0,NA,0,STA_LIKVIDACE,zaznamenána,val,nezaznamenána,NA,ne,lok,NA,NA,nezaznamenána,val
57616065,12800589,Eriogaster catax,bourovec trnkový,Vladimír Hula,13.04.2022,13.04.2022,9628886,Suchov,MOTYLI1059,Motýli,CZ0724090: Bílé Karpaty,94,1,9628886,100,7071d,2022-04-13,13,4,2022,CZ0724090,Bílé Karpaty,MOTYLI1059,1,0,ne,0,0,0,ne,0,NA,0,CELKOVE_SUM,1,NA,NA,NA,NA,NA,NA,NA,NA,NA
57616065,12800589,Eriogaster catax,bourovec trnkový,Vladimír Hula,13.04.2022,13.04.2022,9628886,Suchov,MOTYLI1059,Motýli,CZ0724090: Bílé Karpaty,94,1,9628886,100,7071d,2022-04-13,13,4,2022,CZ0724090,Bílé Karpaty,MOTYLI1059,1,0,ne,0,0,0,ne,0,NA,1,CELKOVE_SUM,1,NA,NA,NA,NA,NA,NA,NA,NA,NA
57616065,12800589,Eriogaster catax,bourovec trnkový,Vladimír Hula,13.04.2022,13.04.2022,9628886,Suchov,MOTYLI1059,Motýli,CZ0724090: Bílé Karpaty,94,1,9628886,100,7071d,2022-04-13,13,4,2022,CZ0724090,Bílé Karpaty,MOTYLI1059,1,0,ne,0,0,0,ne,0,NA,0,POP_POCETSUMLOKAL,0,min,10,hnízda housenek,ano,lok,NA,NA,alespoň 10 hnízda housenek,minmax
57616065,12800589,Eriogaster catax,bourovec trnkový,Vladimír Hula,13.04.2022,13.04.2022,9628886,Suchov,MOTYLI1059,Motýli,CZ0724090: Bílé Karpaty,94,1,9628886,100,7071d,2022-04-13,13,4,2022,CZ0724090,Bílé Karpaty,MOTYLI1059,1,0,ne,0,0,0,ne,0,NA,1,STA_LIKVIDACE,nezaznamenána,val,nezaznamenána,NA,ne,lok,NA,NA,nezaznamenána,val
57616067,12800552,Eriogaster catax,bourovec trnkový,Vladimir Hula,01.05.2023,01.05.2023,9628856,Suchov,MOTYLI2230,Motýli,CZ0724090: Bílé Karpaty,100,1,9628856,100,7071d,2023-05-01,1,5,2023,CZ0724090,Bílé Karpaty,MOTYLI2230,1,0,ne,0,0,0,ne,0,NA,0,CELKOVE_SUM,1,NA,NA,NA,NA,NA,NA,NA,NA,NA
57616067,12800552,Eriogaster catax,bourovec trnkový,Vladimir Hula,01.05.2023,01.05.2023,9628856,Suchov,MOTYLI2230,Motýli,CZ0724090: Bílé Karpaty,100,1,9628856,100,7071d,2023-05-01,1,5,2023,CZ0724090,Bílé Karpaty,MOTYLI2230,1,0,ne,0,0,0,ne,0,NA,1,CELKOVE_SUM,1,NA,NA,NA,NA,NA,NA,NA,NA,NA
57616067,12800552,Eriogaster catax,bourovec trnkový,Vladimir Hula,01.05.2023,01.05.2023,9628856,Suchov,MOTYLI2230,Motýli,CZ0724090: Bílé Karpaty,100,1,9628856,100,7071d,2023-05-01,1,5,2023,CZ0724090,Bílé Karpaty,MOTYLI2230,1,0,ne,0,0,0,ne,0,NA,0,POP_POCETSUMLOKAL,0,min,10,hnízda housenek,ano,lok,NA,NA,alespoň 10 hnízda housenek,minmax
57616067,12800552,Eriogaster catax,bourovec trnkový,Vladimir Hula,01.05.2023,01.05.2023,9628856,Suchov,MOTYLI2230,Motýli,CZ0724090: Bílé Karpaty,100,1,9628856,100,7071d,2023-05-01,1,5,2023,CZ0724090,Bílé Karpaty,MOTYLI2230,1,0,ne,0,0,0,ne,0,NA,1,STA_LIKVIDACE,nezaznamenána,val,nezaznamenána,NA,ne,lok,NA,NA,nezaznamenána,val
58522598,12958996,Eriogaster catax,bourovec trnkový,Vladimir Hula,09.04.2024,09.04.2024,9880126,Mikulova - cvičák,MOTYLI2282_1811,Motýli,CZ0624100: Milovický les,100,0,9880126,100,7166c,2024-04-09,9,4,2024,CZ0624100,Milovický les,MOTYLI2282,1,1,ano,1,0,NA,NA,NA,1,0,CELKOVE_SUM,1,NA,NA,NA,NA,NA,NA,NA,NA,NA
58522598,12958996,Eriogaster catax,bourovec trnkový,Vladimir Hula,09.04.2024,09.04.2024,9880126,Mikulova - cvičák,MOTYLI2282_1811,Motýli,CZ0624100: Milovický les,100,0,9880126,100,7166c,2024-04-09,9,4,2024,CZ0624100,Milovický les,MOTYLI2282,1,1,ano,1,0,NA,NA,NA,1,1,CELKOVE_SUM,1,NA,NA,NA,NA,NA,NA,NA,NA,NA
58522598,12958996,Eriogaster catax,bourovec trnkový,Vladimir Hula,09.04.2024,09.04.2024,9880126,Mikulova - cvičák,MOTYLI2282_1811,Motýli,CZ0624100: Milovický les,100,0,9880126,100,7166c,2024-04-09,9,4,2024,CZ0624100,Milovický les,MOTYLI2282,1,1,ano,1,0,NA,NA,NA,1,0,POP_POCETSUMLOKAL,3,min,10,hnízda housenek,ano,lok,NA,NA,alespoň 10 hnízda housenek,minmax
58522598,12958996,Eriogaster catax,bourovec trnkový,Vladimir Hula,09.04.2024,09.04.2024,9880126,Mikulova - cvičák,MOTYLI2282_1811,Motýli,CZ0624100: Milovický les,100,0,9880126,100,7166c,2024-04-09,9,4,2024,CZ0624100,Milovický les,MOTYLI2282,1,1,ano,1,0,NA,NA,NA,1,1,STA_LIKVIDACE,nezaznamenána,val,nezaznamenána,NA,ne,lok,NA,NA,nezaznamenána,val
58522601,12958997,Eriogaster catax,bourovec trnkový,Vladimir Hula,09.04.2024,09.04.2024,9880129,Mikulova - cvičák,MOTYLI2282_1810,Motýli,CZ0624100: Milovický les,100,0,9880129,100,7166c,2024-04-09,9,4,2024,CZ0624100,Milovický les,MOTYLI2282,1,1,ano,1,0,NA,NA,NA,1,0,CELKOVE_SUM,1,NA,NA,NA,NA,NA,NA,NA,NA,NA
58522601,12958997,Eriogaster catax,bourovec trnkový,Vladimir Hula,09.04.2024,09.04.2024,9880129,Mikulova - cvičák,MOTYLI2282_1810,Motýli,CZ0624100: Milovický les,100,0,9880129,100,7166c,2024-04-09,9,4,2024,CZ0624100,Milovický les,MOTYLI2282,1,1,ano,1,0,NA,NA,NA,1,1,CELKOVE_SUM,1,NA,NA,NA,NA,NA,NA,NA,NA,NA
58522601,12958997,Eriogaster catax,bourovec trnkový,Vladimir Hula,09.04.2024,09.04.2024,9880129,Mikulova - cvičák,MOTYLI2282_1810,Motýli,CZ0624100: Milovický les,100,0,9880129,100,7166c,2024-04-09,9,4,2024,CZ0624100,Milovický les,MOTYLI2282,1,1,ano,1,0,NA,NA,NA,1,0,POP_POCETSUMLOKAL,3,min,10,hnízda housenek,ano,lok,NA,NA,alespoň 10 hnízda housenek,minmax
58522601,12958997,Eriogaster catax,bourovec trnkový,Vladimir Hula,09.04.2024,09.04.2024,9880129,Mikulova - cvičák,MOTYLI2282_1810,Motýli,CZ0624100: Milovický les,100,0,9880129,100,7166c,2024-04-09,9,4,2024,CZ0624100,Milovický les,MOTYLI2282,1,1,ano,1,0,NA,NA,NA,1,1,STA_LIKVIDACE,nezaznamenána,val,nezaznamenána,NA,ne,lok,NA,NA,nezaznamenána,val
58522602,12959001,Eriogaster catax,bourovec trnkový,Vladimir Hula,09.04.2024,09.04.2024,9880124,Mikulova - cvičák,MOTYLI2282_1812,Motýli,CZ0624100: Milovický les,100,0,9880124,100,7166c,2024-04-09,9,4,2024,CZ0624100,Milovický les,MOTYLI2282,1,1,ano,1,0,NA,NA,NA,1,0,CELKOVE_SUM,1,NA,NA,NA,NA,NA,NA,NA,NA,NA
58522602,12959001,Eriogaster catax,bourovec trnkový,Vladimir Hula,09.04.2024,09.04.2024,9880124,Mikulova - cvičák,MOTYLI2282_1812,Motýli,CZ0624100: Milovický les,100,0,9880124,100,7166c,2024-04-09,9,4,2024,CZ0624100,Milovický les,MOTYLI2282,1,1,ano,1,0,NA,NA,NA,1,1,CELKOVE_SUM,1,NA,NA,NA,NA,NA,NA,NA,NA,NA
58522602,12959001,Eriogaster catax,bourovec trnkový,Vladimir Hula,09.04.2024,09.04.2024,9880124,Mikulova - cvičák,MOTYLI2282_1812,Motýli,CZ0624100: Milovický les,100,0,9880124,100,7166c,2024-04-09,9,4,2024,CZ0624100,Milovický les,MOTYLI2282,1,1,ano,1,0,NA,NA,NA,1,0,POP_POCETSUMLOKAL,3,min,10,hnízda housenek,ano,lok,NA,NA,alespoň 10 hnízda housenek,minmax
58522602,12959001,Eriogaster catax,bourovec trnkový,Vladimir Hula,09.04.2024,09.04.2024,9880124,Mikulova - cvičák,MOTYLI2282_1812,Motýli,CZ0624100: Milovický les,100,0,9880124,100,7166c,2024-04-09,9,4,2024,CZ0624100,Milovický les,MOTYLI2282,1,1,ano,1,0,NA,NA,NA,1,1,STA_LIKVIDACE,nezaznamenána,val,nezaznamenána,NA,ne,lok,NA,NA,nezaznamenána,val
58522604,12958993,Eriogaster catax,bourovec trnkový,Vladimir Hula,09.04.2024,09.04.2024,9880122,Ječmeniště - Lampelberg,MOTYLI2280,Motýli,CZ0620162: Ječmeniště,70,1,9880122,100,7262b,2024-04-09,9,4,2024,CZ0620162,Ječmeniště,MOTYLI2280,1,0,ne,0,0,0,ne,0,NA,0,CELKOVE_SUM,1,NA,NA,NA,NA,NA,NA,NA,NA,NA
58522604,12958993,Eriogaster catax,bourovec trnkový,Vladimir Hula,09.04.2024,09.04.2024,9880122,Ječmeniště - Lampelberg,MOTYLI2280,Motýli,CZ0620162: Ječmeniště,70,1,9880122,100,7262b,2024-04-09,9,4,2024,CZ0620162,Ječmeniště,MOTYLI2280,1,0,ne,0,0,0,ne,0,NA,1,CELKOVE_SUM,1,NA,NA,NA,NA,NA,NA,NA,NA,NA
58522604,12958993,Eriogaster catax,bourovec trnkový,Vladimir Hula,09.04.2024,09.04.2024,9880122,Ječmeniště - Lampelberg,MOTYLI2280,Motýli,CZ0620162: Ječmeniště,70,1,9880122,100,7262b,2024-04-09,9,4,2024,CZ0620162,Ječmeniště,MOTYLI2280,1,0,ne,0,0,0,ne,0,NA,0,POP_POCETSUMLOKAL,0,min,10,hnízda housenek,ano,lok,NA,NA,alespoň 10 hnízda housenek,minmax
58522604,12958993,Eriogaster catax,bourovec trnkový,Vladimir Hula,09.04.2024,09.04.2024,9880122,Ječmeniště - Lampelberg,MOTYLI2280,Motýli,CZ0620162: Ječmeniště,70,1,9880122,100,7262b,2024-04-09,9,4,2024,CZ0620162,Ječmeniště,MOTYLI2280,1,0,ne,0,0,0,ne,0,NA,1,STA_LIKVIDACE,nezaznamenána,val,nezaznamenána,NA,ne,lok,NA,NA,nezaznamenána,val
58522605,12958992,Eriogaster catax,bourovec trnkový,Vladimir Hula,09.04.2024,09.04.2024,9880120,Hrabětice,MOTYLI2281,Motýli,CZ0623046: Trávní dvůr,12,1,9880120,100,7264b,2024-04-09,9,4,2024,CZ0623046,Trávní dvůr,MOTYLI2281,1,0,ne,0,0,0,ne,0,NA,0,CELKOVE_SUM,1,NA,NA,NA,NA,NA,NA,NA,NA,NA
58522605,12958992,Eriogaster catax,bourovec trnkový,Vladimir Hula,09.04.2024,09.04.2024,9880120,Hrabětice,MOTYLI2281,Motýli,CZ0623046: Trávní dvůr,12,1,9880120,100,7264b,2024-04-09,9,4,2024,CZ0623046,Trávní dvůr,MOTYLI2281,1,0,ne,0,0,0,ne,0,NA,1,CELKOVE_SUM,1,NA,NA,NA,NA,NA,NA,NA,NA,NA
58522605,12958992,Eriogaster catax,bourovec trnkový,Vladimir Hula,09.04.2024,09.04.2024,9880120,Hrabětice,MOTYLI2281,Motýli,CZ0623046: Trávní dvůr,12,1,9880120,100,7264b,2024-04-09,9,4,2024,CZ0623046,Trávní dvůr,MOTYLI2281,1,0,ne,0,0,0,ne,0,NA,0,POP_POCETSUMLOKAL,0,min,10,hnízda housenek,ano,lok,NA,NA,alespoň 10 hnízda housenek,minmax
58522605,12958992,Eriogaster catax,bourovec trnkový,Vladimir Hula,09.04.2024,09.04.2024,9880120,Hrabětice,MOTYLI2281,Motýli,CZ0623046: Trávní dvůr,12,1,9880120,100,7264b,2024-04-09,9,4,2024,CZ0623046,Trávní dvůr,MOTYLI2281,1,0,ne,0,0,0,ne,0,NA,1,STA_LIKVIDACE,nezaznamenána,val,nezaznamenána,NA,ne,lok,NA,NA,nezaznamenána,val
58522606,12958994,Eriogaster catax,bourovec trnkový,Vladimír Hula,19.04.2023,19.04.2023,9880121,Studánkový vrch,MOTYLI2239,Motýli,CZ0623026: Studánkový vrch,98,1,9880121,100,7266a,2023-04-19,19,4,2023,CZ0623026,Studánkový vrch,MOTYLI2239,1,0,ne,0,0,0,ne,0,NA,0,CELKOVE_SUM,1,NA,NA,NA,NA,NA,NA,NA,NA,NA
58522606,12958994,Eriogaster catax,bourovec trnkový,Vladimír Hula,19.04.2023,19.04.2023,9880121,Studánkový vrch,MOTYLI2239,Motýli,CZ0623026: Studánkový vrch,98,1,9880121,100,7266a,2023-04-19,19,4,2023,CZ0623026,Studánkový vrch,MOTYLI2239,1,0,ne,0,0,0,ne,0,NA,1,CELKOVE_SUM,1,NA,NA,NA,NA,NA,NA,NA,NA,NA
58522606,12958994,Eriogaster catax,bourovec trnkový,Vladimír Hula,19.04.2023,19.04.2023,9880121,Studánkový vrch,MOTYLI2239,Motýli,CZ0623026: Studánkový vrch,98,1,9880121,100,7266a,2023-04-19,19,4,2023,CZ0623026,Studánkový vrch,MOTYLI2239,1,0,ne,0,0,0,ne,0,NA,0,POP_POCETSUMLOKAL,0,min,10,hnízda housenek,ano,lok,NA,NA,alespoň 10 hnízda housenek,minmax
58522606,12958994,Eriogaster catax,bourovec trnkový,Vladimír Hula,19.04.2023,19.04.2023,9880121,Studánkový vrch,MOTYLI2239,Motýli,CZ0623026: Studánkový vrch,98,1,9880121,100,7266a,2023-04-19,19,4,2023,CZ0623026,Studánkový vrch,MOTYLI2239,1,0,ne,0,0,0,ne,0,NA,1,STA_LIKVIDACE,nezaznamenána,val,nezaznamenána,NA,ne,lok,NA,NA,nezaznamenána,val
58522607,12958995,Eriogaster catax,bourovec trnkový,Vladimir Hula,09.04.2024,09.04.2024,9880123,Ječmeniště,MOTYLI2279,Motýli,CZ0620162: Ječmeniště,54,1,9880123,100,7262d,2024-04-09,9,4,2024,CZ0620162,Ječmeniště,MOTYLI2279,1,0,ne,0,0,0,ne,0,NA,0,CELKOVE_SUM,1,NA,NA,NA,NA,NA,NA,NA,NA,NA
58522607,12958995,Eriogaster catax,bourovec trnkový,Vladimir Hula,09.04.2024,09.04.2024,9880123,Ječmeniště,MOTYLI2279,Motýli,CZ0620162: Ječmeniště,54,1,9880123,100,7262d,2024-04-09,9,4,2024,CZ0620162,Ječmeniště,MOTYLI2279,1,0,ne,0,0,0,ne,0,NA,1,CELKOVE_SUM,1,NA,NA,NA,NA,NA,NA,NA,NA,NA
58522607,12958995,Eriogaster catax,bourovec trnkový,Vladimir Hula,09.04.2024,09.04.2024,9880123,Ječmeniště,MOTYLI2279,Motýli,CZ0620162: Ječmeniště,54,1,9880123,100,7262d,2024-04-09,9,4,2024,CZ0620162,Ječmeniště,MOTYLI2279,1,0,ne,0,0,0,ne,0,NA,0,POP_POCETSUMLOKAL,0,min,10,hnízda housenek,ano,lok,NA,NA,alespoň 10 hnízda housenek,minmax
58522607,12958995,Eriogaster catax,bourovec trnkový,Vladimir Hula,09.04.2024,09.04.2024,9880123,Ječmeniště,MOTYLI2279,Motýli,CZ0620162: Ječmeniště,54,1,9880123,100,7262d,2024-04-09,9,4,2024,CZ0620162,Ječmeniště,MOTYLI2279,1,0,ne,0,0,0,ne,0,NA,1,STA_LIKVIDACE,nezaznamenána,val,nezaznamenána,NA,ne,lok,NA,NA,nezaznamenána,val
58529504,12963543,Eriogaster catax,bourovec trnkový,Hula Vladimír,09.04.2024,09.04.2024,9889346,Mikulov-Mikulov na Moravě,NA,Motýli,CZ0624100: Milovický les,100,0,9889346,100,7166c,2024-04-09,9,4,2024,CZ0624100,Milovický les,Mikulov-Mikulov na Moravě,0,1,ano,NA,0,NA,NA,NA,NA,0,CELKOVE_SUM,0,NA,NA,NA,NA,NA,NA,NA,NA,NA
58529504,12963543,Eriogaster catax,bourovec trnkový,Hula Vladimír,09.04.2024,09.04.2024,9889346,Mikulov-Mikulov na Moravě,NA,Motýli,CZ0624100: Milovický les,100,0,9889346,100,7166c,2024-04-09,9,4,2024,CZ0624100,Milovický les,Mikulov-Mikulov na Moravě,0,1,ano,NA,0,NA,NA,NA,NA,NA,CELKOVE_SUM,0,NA,NA,NA,NA,NA,NA,NA,NA,NA
58529504,12963543,Eriogaster catax,bourovec trnkový,Hula Vladimír,09.04.2024,09.04.2024,9889346,Mikulov-Mikulov na Moravě,NA,Motýli,CZ0624100: Milovický les,100,0,9889346,100,7166c,2024-04-09,9,4,2024,CZ0624100,Milovický les,Mikulov-Mikulov na Moravě,0,1,ano,NA,0,NA,NA,NA,NA,0,POP_POCETSUMLOKAL,0,min,10,hnízda housenek,ano,lok,NA,NA,alespoň 10 hnízda housenek,minmax
58529504,12963543,Eriogaster catax,bourovec trnkový,Hula Vladimír,09.04.2024,09.04.2024,9889346,Mikulov-Mikulov na Moravě,NA,Motýli,CZ0624100: Milovický les,100,0,9889346,100,7166c,2024-04-09,9,4,2024,CZ0624100,Milovický les,Mikulov-Mikulov na Moravě,0,1,ano,NA,0,NA,NA,NA,NA,NA,STA_LIKVIDACE,NA,val,nezaznamenána,NA,ne,lok,NA,NA,nezaznamenána,val
58534152,12965538,Eriogaster catax,bourovec trnkový,Dedek Pavel,15.04.2024,15.04.2024,9893488,Mikulov,NA,Motýli,CZ0624100: Milovický les,100,0,9893488,100,7166c,2024-04-15,15,4,2024,CZ0624100,Milovický les,Mikulov,0,1,ano,1,0,NA,NA,NA,1,0,CELKOVE_SUM,0,NA,NA,NA,NA,NA,NA,NA,NA,NA
58534152,12965538,Eriogaster catax,bourovec trnkový,Dedek Pavel,15.04.2024,15.04.2024,9893488,Mikulov,NA,Motýli,CZ0624100: Milovický les,100,0,9893488,100,7166c,2024-04-15,15,4,2024,CZ0624100,Milovický les,Mikulov,0,1,ano,1,0,NA,NA,NA,1,NA,CELKOVE_SUM,0,NA,NA,NA,NA,NA,NA,NA,NA,NA
58534152,12965538,Eriogaster catax,bourovec trnkový,Dedek Pavel,15.04.2024,15.04.2024,9893488,Mikulov,NA,Motýli,CZ0624100: Milovický les,100,0,9893488,100,7166c,2024-04-15,15,4,2024,CZ0624100,Milovický les,Mikulov,0,1,ano,1,0,NA,NA,NA,1,0,POP_POCETSUMLOKAL,2,min,10,hnízda housenek,ano,lok,NA,NA,alespoň 10 hnízda housenek,minmax
58534152,12965538,Eriogaster catax,bourovec trnkový,Dedek Pavel,15.04.2024,15.04.2024,9893488,Mikulov,NA,Motýli,CZ0624100: Milovický les,100,0,9893488,100,7166c,2024-04-15,15,4,2024,CZ0624100,Milovický les,Mikulov,0,1,ano,1,0,NA,NA,NA,1,NA,STA_LIKVIDACE,NA,val,nezaznamenána,NA,ne,lok,NA,NA,nezaznamenána,val
58534153,12965539,Eriogaster catax,bourovec trnkový,Dedek Pavel,15.04.2024,15.04.2024,9893489,Mikulov,NA,Motýli,CZ0624100: Milovický les,100,0,9893489,100,7166c,2024-04-15,15,4,2024,CZ0624100,Milovický les,Mikulov,0,1,ano,1,0,NA,NA,NA,1,0,CELKOVE_SUM,0,NA,NA,NA,NA,NA,NA,NA,NA,NA
58534153,12965539,Eriogaster catax,bourovec trnkový,Dedek Pavel,15.04.2024,15.04.2024,9893489,Mikulov,NA,Motýli,CZ0624100: Milovický les,100,0,9893489,100,7166c,2024-04-15,15,4,2024,CZ0624100,Milovický les,Mikulov,0,1,ano,1,0,NA,NA,NA,1,NA,CELKOVE_SUM,0,NA,NA,NA,NA,NA,NA,NA,NA,NA
58534153,12965539,Eriogaster catax,bourovec trnkový,Dedek Pavel,15.04.2024,15.04.2024,9893489,Mikulov,NA,Motýli,CZ0624100: Milovický les,100,0,9893489,100,7166c,2024-04-15,15,4,2024,CZ0624100,Milovický les,Mikulov,0,1,ano,1,0,NA,NA,NA,1,0,POP_POCETSUMLOKAL,2,min,10,hnízda housenek,ano,lok,NA,NA,alespoň 10 hnízda housenek,minmax
58534153,12965539,Eriogaster catax,bourovec trnkový,Dedek Pavel,15.04.2024,15.04.2024,9893489,Mikulov,NA,Motýli,CZ0624100: Milovický les,100,0,9893489,100,7166c,2024-04-15,15,4,2024,CZ0624100,Milovický les,Mikulov,0,1,ano,1,0,NA,NA,NA,1,NA,STA_LIKVIDACE,NA,val,nezaznamenána,NA,ne,lok,NA,NA,nezaznamenána,val
58534154,12965540,Eriogaster catax,bourovec trnkový,Dedek Pavel,15.04.2024,15.04.2024,9893490,"Mikulov-Mikulov na Moravě, 421",NA,Motýli,CZ0624100: Milovický les,100,0,9893490,100,7166c,2024-04-15,15,4,2024,CZ0624100,Milovický les,"Mikulov-Mikulov na Moravě, 421",0,1,ano,1,0,NA,NA,NA,1,0,CELKOVE_SUM,0,NA,NA,NA,NA,NA,NA,NA,NA,NA
58534154,12965540,Eriogaster catax,bourovec trnkový,Dedek Pavel,15.04.2024,15.04.2024,9893490,"Mikulov-Mikulov na Moravě, 421",NA,Motýli,CZ0624100: Milovický les,100,0,9893490,100,7166c,2024-04-15,15,4,2024,CZ0624100,Milovický les,"Mikulov-Mikulov na Moravě, 421",0,1,ano,1,0,NA,NA,NA,1,NA,CELKOVE_SUM,0,NA,NA,NA,NA,NA,NA,NA,NA,NA
58534154,12965540,Eriogaster catax,bourovec trnkový,Dedek Pavel,15.04.2024,15.04.2024,9893490,"Mikulov-Mikulov na Moravě, 421",NA,Motýli,CZ0624100: Milovický les,100,0,9893490,100,7166c,2024-04-15,15,4,2024,CZ0624100,Milovický les,"Mikulov-Mikulov na Moravě, 421",0,1,ano,1,0,NA,NA,NA,1,0,POP_POCETSUMLOKAL,2,min,10,hnízda housenek,ano,lok,NA,NA,alespoň 10 hnízda housenek,minmax
58534154,12965540,Eriogaster catax,bourovec trnkový,Dedek Pavel,15.04.2024,15.04.2024,9893490,"Mikulov-Mikulov na Moravě, 421",NA,Motýli,CZ0624100: Milovický les,100,0,9893490,100,7166c,2024-04-15,15,4,2024,CZ0624100,Milovický les,"Mikulov-Mikulov na Moravě, 421",0,1,ano,1,0,NA,NA,NA,1,NA,STA_LIKVIDACE,NA,val,nezaznamenána,NA,ne,lok,NA,NA,nezaznamenána,val
58534155,12965541,Eriogaster catax,bourovec trnkový,Dedek Pavel,15.04.2024,15.04.2024,9893491,"Mikulov-Mikulov na Moravě, 421",NA,Motýli,CZ0624100: Milovický les,100,0,9893491,100,7166c,2024-04-15,15,4,2024,CZ0624100,Milovický les,"Mikulov-Mikulov na Moravě, 421",0,1,ano,1,0,NA,NA,NA,1,0,CELKOVE_SUM,0,NA,NA,NA,NA,NA,NA,NA,NA,NA
58534155,12965541,Eriogaster catax,bourovec trnkový,Dedek Pavel,15.04.2024,15.04.2024,9893491,"Mikulov-Mikulov na Moravě, 421",NA,Motýli,CZ0624100: Milovický les,100,0,9893491,100,7166c,2024-04-15,15,4,2024,CZ0624100,Milovický les,"Mikulov-Mikulov na Moravě, 421",0,1,ano,1,0,NA,NA,NA,1,NA,CELKOVE_SUM,0,NA,NA,NA,NA,NA,NA,NA,NA,NA
58534155,12965541,Eriogaster catax,bourovec trnkový,Dedek Pavel,15.04.2024,15.04.2024,9893491,"Mikulov-Mikulov na Moravě, 421",NA,Motýli,CZ0624100: Milovický les,100,0,9893491,100,7166c,2024-04-15,15,4,2024,CZ0624100,Milovický les,"Mikulov-Mikulov na Moravě, 421",0,1,ano,1,0,NA,NA,NA,1,0,POP_POCETSUMLOKAL,2,min,10,hnízda housenek,ano,lok,NA,NA,alespoň 10 hnízda housenek,minmax
58534155,12965541,Eriogaster catax,bourovec trnkový,Dedek Pavel,15.04.2024,15.04.2024,9893491,"Mikulov-Mikulov na Moravě, 421",NA,Motýli,CZ0624100: Milovický les,100,0,9893491,100,7166c,2024-04-15,15,4,2024,CZ0624100,Milovický les,"Mikulov-Mikulov na Moravě, 421",0,1,ano,1,0,NA,NA,NA,1,NA,STA_LIKVIDACE,NA,val,nezaznamenána,NA,ne,lok,NA,NA,nezaznamenána,val
58535375,12965967,Eriogaster catax,bourovec trnkový,Dedek Pavel,17.04.2024,17.04.2024,9894866,PP Na cvičišti,NA,Motýli,CZ0624100: Milovický les,100,0,9894866,100,7166c,2024-04-17,17,4,2024,CZ0624100,Milovický les,PP Na cvičišti,0,1,ano,1,0,NA,NA,NA,1,0,CELKOVE_SUM,0,NA,NA,NA,NA,NA,NA,NA,NA,NA
58535375,12965967,Eriogaster catax,bourovec trnkový,Dedek Pavel,17.04.2024,17.04.2024,9894866,PP Na cvičišti,NA,Motýli,CZ0624100: Milovický les,100,0,9894866,100,7166c,2024-04-17,17,4,2024,CZ0624100,Milovický les,PP Na cvičišti,0,1,ano,1,0,NA,NA,NA,1,NA,CELKOVE_SUM,0,NA,NA,NA,NA,NA,NA,NA,NA,NA
58535375,12965967,Eriogaster catax,bourovec trnkový,Dedek Pavel,17.04.2024,17.04.2024,9894866,PP Na cvičišti,NA,Motýli,CZ0624100: Milovický les,100,0,9894866,100,7166c,2024-04-17,17,4,2024,CZ0624100,Milovický les,PP Na cvičišti,0,1,ano,1,0,NA,NA,NA,1,0,POP_POCETSUMLOKAL,1,min,10,hnízda housenek,ano,lok,NA,NA,alespoň 10 hnízda housenek,minmax
58535375,12965967,Eriogaster catax,bourovec trnkový,Dedek Pavel,17.04.2024,17.04.2024,9894866,PP Na cvičišti,NA,Motýli,CZ0624100: Milovický les,100,0,9894866,100,7166c,2024-04-17,17,4,2024,CZ0624100,Milovický les,PP Na cvičišti,0,1,ano,1,0,NA,NA,NA,1,NA,STA_LIKVIDACE,NA,val,nezaznamenána,NA,ne,lok,NA,NA,nezaznamenána,val
61711034,13747434,Eriogaster catax,bourovec trnkový,Vladimir Hula,12.04.2024,12.04.2024,10780319,Horni Němčî,MOTYLI2286,Motýli,CZ0724090: Bílé Karpaty,100,1,10780319,100,7071d,2024-04-12,12,4,2024,CZ0724090,Bílé Karpaty,MOTYLI2286,1,0,ne,0,0,0,ne,0,NA,0,CELKOVE_SUM,1,NA,NA,NA,NA,NA,NA,NA,NA,NA
61711034,13747434,Eriogaster catax,bourovec trnkový,Vladimir Hula,12.04.2024,12.04.2024,10780319,Horni Němčî,MOTYLI2286,Motýli,CZ0724090: Bílé Karpaty,100,1,10780319,100,7071d,2024-04-12,12,4,2024,CZ0724090,Bílé Karpaty,MOTYLI2286,1,0,ne,0,0,0,ne,0,NA,1,CELKOVE_SUM,1,NA,NA,NA,NA,NA,NA,NA,NA,NA
61711034,13747434,Eriogaster catax,bourovec trnkový,Vladimir Hula,12.04.2024,12.04.2024,10780319,Horni Němčî,MOTYLI2286,Motýli,CZ0724090: Bílé Karpaty,100,1,10780319,100,7071d,2024-04-12,12,4,2024,CZ0724090,Bílé Karpaty,MOTYLI2286,1,0,ne,0,0,0,ne,0,NA,0,POP_POCETSUMLOKAL,0,min,10,hnízda housenek,ano,lok,NA,NA,alespoň 10 hnízda housenek,minmax
61711034,13747434,Eriogaster catax,bourovec trnkový,Vladimir Hula,12.04.2024,12.04.2024,10780319,Horni Němčî,MOTYLI2286,Motýli,CZ0724090: Bílé Karpaty,100,1,10780319,100,7071d,2024-04-12,12,4,2024,CZ0724090,Bílé Karpaty,MOTYLI2286,1,0,ne,0,0,0,ne,0,NA,1,STA_LIKVIDACE,nezaznamenána,val,nezaznamenána,NA,ne,lok,NA,NA,nezaznamenána,val
61711035,13747438,Eriogaster catax,bourovec trnkový,Vladimir Hula,10.04.2024,10.04.2024,10780312,Kněždub,MOTYLI3131,Motýli,CZ0624072: Čertoryje,95,1,10780312,100,7170a,2024-04-10,10,4,2024,CZ0624072,Čertoryje,MOTYLI3131,1,0,ne,0,0,0,ne,0,NA,0,CELKOVE_SUM,1,NA,NA,NA,NA,NA,NA,NA,NA,NA
61711035,13747438,Eriogaster catax,bourovec trnkový,Vladimir Hula,10.04.2024,10.04.2024,10780312,Kněždub,MOTYLI3131,Motýli,CZ0624072: Čertoryje,95,1,10780312,100,7170a,2024-04-10,10,4,2024,CZ0624072,Čertoryje,MOTYLI3131,1,0,ne,0,0,0,ne,0,NA,1,CELKOVE_SUM,1,NA,NA,NA,NA,NA,NA,NA,NA,NA
61711035,13747438,Eriogaster catax,bourovec trnkový,Vladimir Hula,10.04.2024,10.04.2024,10780312,Kněždub,MOTYLI3131,Motýli,CZ0624072: Čertoryje,95,1,10780312,100,7170a,2024-04-10,10,4,2024,CZ0624072,Čertoryje,MOTYLI3131,1,0,ne,0,0,0,ne,0,NA,0,POP_POCETSUMLOKAL,0,min,10,hnízda housenek,ano,lok,NA,NA,alespoň 10 hnízda housenek,minmax
61711035,13747438,Eriogaster catax,bourovec trnkový,Vladimir Hula,10.04.2024,10.04.2024,10780312,Kněždub,MOTYLI3131,Motýli,CZ0624072: Čertoryje,95,1,10780312,100,7170a,2024-04-10,10,4,2024,CZ0624072,Čertoryje,MOTYLI3131,1,0,ne,0,0,0,ne,0,NA,1,STA_LIKVIDACE,nezaznamenána,val,nezaznamenána,NA,ne,lok,NA,NA,nezaznamenána,val
61711036,13747436,Eriogaster catax,bourovec trnkový,Vladimír Hula,24.09.2024,24.09.2024,10780308,Dunajovické kopce,MOTYLI3122,Motýli,CZ0622218: Dunajovické kopce,62,1,10780308,79.76,7165c,2024-09-24,24,9,2024,CZ0622218,Dunajovické kopce,MOTYLI3122,1,0,ne,0,0,0,ne,0,NA,0,CELKOVE_SUM,1,NA,NA,NA,NA,NA,NA,NA,NA,NA
61711036,13747436,Eriogaster catax,bourovec trnkový,Vladimír Hula,24.09.2024,24.09.2024,10780308,Dunajovické kopce,MOTYLI3122,Motýli,CZ0622218: Dunajovické kopce,62,1,10780308,79.76,7165c,2024-09-24,24,9,2024,CZ0622218,Dunajovické kopce,MOTYLI3122,1,0,ne,0,0,0,ne,0,NA,1,CELKOVE_SUM,1,NA,NA,NA,NA,NA,NA,NA,NA,NA
61711036,13747436,Eriogaster catax,bourovec trnkový,Vladimír Hula,24.09.2024,24.09.2024,10780308,Dunajovické kopce,MOTYLI3122,Motýli,CZ0622218: Dunajovické kopce,62,1,10780308,79.76,7165c,2024-09-24,24,9,2024,CZ0622218,Dunajovické kopce,MOTYLI3122,1,0,ne,0,0,0,ne,0,NA,0,POP_POCETSUMLOKAL,0,min,10,hnízda housenek,ano,lok,NA,NA,alespoň 10 hnízda housenek,minmax
61711036,13747436,Eriogaster catax,bourovec trnkový,Vladimír Hula,24.09.2024,24.09.2024,10780308,Dunajovické kopce,MOTYLI3122,Motýli,CZ0622218: Dunajovické kopce,62,1,10780308,79.76,7165c,2024-09-24,24,9,2024,CZ0622218,Dunajovické kopce,MOTYLI3122,1,0,ne,0,0,0,ne,0,NA,1,STA_LIKVIDACE,nezaznamenána,val,nezaznamenána,NA,ne,lok,NA,NA,nezaznamenána,val
61711037,13747453,Eriogaster catax,bourovec trnkový,Vladimir Hula,24.09.2024,24.09.2024,10780322,Děvín,MOTYLI3123,Motýli,CZ0624104: Děvín,99,1,10780322,100,7165b,2024-09-24,24,9,2024,CZ0624104,Děvín,MOTYLI3123,1,0,ne,0,0,0,ne,0,NA,0,CELKOVE_SUM,1,NA,NA,NA,NA,NA,NA,NA,NA,NA
61711037,13747453,Eriogaster catax,bourovec trnkový,Vladimir Hula,24.09.2024,24.09.2024,10780322,Děvín,MOTYLI3123,Motýli,CZ0624104: Děvín,99,1,10780322,100,7165b,2024-09-24,24,9,2024,CZ0624104,Děvín,MOTYLI3123,1,0,ne,0,0,0,ne,0,NA,1,CELKOVE_SUM,1,NA,NA,NA,NA,NA,NA,NA,NA,NA
61711037,13747453,Eriogaster catax,bourovec trnkový,Vladimir Hula,24.09.2024,24.09.2024,10780322,Děvín,MOTYLI3123,Motýli,CZ0624104: Děvín,99,1,10780322,100,7165b,2024-09-24,24,9,2024,CZ0624104,Děvín,MOTYLI3123,1,0,ne,0,0,0,ne,0,NA,0,POP_POCETSUMLOKAL,0,min,10,hnízda housenek,ano,lok,NA,NA,alespoň 10 hnízda housenek,minmax
61711037,13747453,Eriogaster catax,bourovec trnkový,Vladimir Hula,24.09.2024,24.09.2024,10780322,Děvín,MOTYLI3123,Motýli,CZ0624104: Děvín,99,1,10780322,100,7165b,2024-09-24,24,9,2024,CZ0624104,Děvín,MOTYLI3123,1,0,ne,0,0,0,ne,0,NA,1,STA_LIKVIDACE,nezaznamenána,val,nezaznamenána,NA,ne,lok,NA,NA,nezaznamenána,val
61711039,13747451,Eriogaster catax,bourovec trnkový,Vladimir Hula,11.10.2024,11.10.2024,10780324,Suchov,MOTYLI3132,Motýli,CZ0724090: Bílé Karpaty,100,1,10780324,100,7071d,2024-10-11,11,10,2024,CZ0724090,Bílé Karpaty,MOTYLI3132,1,0,ne,0,0,0,ne,0,NA,0,CELKOVE_SUM,1,NA,NA,NA,NA,NA,NA,NA,NA,NA
61711039,13747451,Eriogaster catax,bourovec trnkový,Vladimir Hula,11.10.2024,11.10.2024,10780324,Suchov,MOTYLI3132,Motýli,CZ0724090: Bílé Karpaty,100,1,10780324,100,7071d,2024-10-11,11,10,2024,CZ0724090,Bílé Karpaty,MOTYLI3132,1,0,ne,0,0,0,ne,0,NA,1,CELKOVE_SUM,1,NA,NA,NA,NA,NA,NA,NA,NA,NA
61711039,13747451,Eriogaster catax,bourovec trnkový,Vladimir Hula,11.10.2024,11.10.2024,10780324,Suchov,MOTYLI3132,Motýli,CZ0724090: Bílé Karpaty,100,1,10780324,100,7071d,2024-10-11,11,10,2024,CZ0724090,Bílé Karpaty,MOTYLI3132,1,0,ne,0,0,0,ne,0,NA,0,POP_POCETSUMLOKAL,0,min,10,hnízda housenek,ano,lok,NA,NA,alespoň 10 hnízda housenek,minmax
61711039,13747451,Eriogaster catax,bourovec trnkový,Vladimir Hula,11.10.2024,11.10.2024,10780324,Suchov,MOTYLI3132,Motýli,CZ0724090: Bílé Karpaty,100,1,10780324,100,7071d,2024-10-11,11,10,2024,CZ0724090,Bílé Karpaty,MOTYLI3132,1,0,ne,0,0,0,ne,0,NA,1,STA_LIKVIDACE,nezaznamenána,val,nezaznamenána,NA,ne,lok,NA,NA,nezaznamenána,val
61711040,13747447,Eriogaster catax,bourovec trnkový,Vladimir Hula,11.10.2024,11.10.2024,10780315,Újezdec,MOTYLI3137,Motýli,CZ0724087: Újezdecký les,96,1,10780315,85.04,6972c,2024-10-11,11,10,2024,CZ0724087,Újezdecký les,MOTYLI3137,1,0,ne,0,0,0,ne,0,NA,0,CELKOVE_SUM,1,NA,NA,NA,NA,NA,NA,NA,NA,NA
61711040,13747447,Eriogaster catax,bourovec trnkový,Vladimir Hula,11.10.2024,11.10.2024,10780315,Újezdec,MOTYLI3137,Motýli,CZ0724087: Újezdecký les,96,1,10780315,85.04,6972c,2024-10-11,11,10,2024,CZ0724087,Újezdecký les,MOTYLI3137,1,0,ne,0,0,0,ne,0,NA,1,CELKOVE_SUM,1,NA,NA,NA,NA,NA,NA,NA,NA,NA
61711040,13747447,Eriogaster catax,bourovec trnkový,Vladimir Hula,11.10.2024,11.10.2024,10780315,Újezdec,MOTYLI3137,Motýli,CZ0724087: Újezdecký les,96,1,10780315,85.04,6972c,2024-10-11,11,10,2024,CZ0724087,Újezdecký les,MOTYLI3137,1,0,ne,0,0,0,ne,0,NA,0,POP_POCETSUMLOKAL,0,min,10,hnízda housenek,ano,lok,NA,NA,alespoň 10 hnízda housenek,minmax
61711040,13747447,Eriogaster catax,bourovec trnkový,Vladimir Hula,11.10.2024,11.10.2024,10780315,Újezdec,MOTYLI3137,Motýli,CZ0724087: Újezdecký les,96,1,10780315,85.04,6972c,2024-10-11,11,10,2024,CZ0724087,Újezdecký les,MOTYLI3137,1,0,ne,0,0,0,ne,0,NA,1,STA_LIKVIDACE,nezaznamenána,val,nezaznamenána,NA,ne,lok,NA,NA,nezaznamenána,val
61711042,13747432,Eriogaster catax,bourovec trnkový,Vladimir Hula,11.10.2024,11.10.2024,10780309,Boršice,MOTYLI3138,Motýli,CZ0724090: Bílé Karpaty,99,1,10780309,100,7071c,2024-10-11,11,10,2024,CZ0724090,Bílé Karpaty,MOTYLI3138,1,0,ne,0,0,0,ne,0,NA,0,CELKOVE_SUM,1,NA,NA,NA,NA,NA,NA,NA,NA,NA
61711042,13747432,Eriogaster catax,bourovec trnkový,Vladimir Hula,11.10.2024,11.10.2024,10780309,Boršice,MOTYLI3138,Motýli,CZ0724090: Bílé Karpaty,99,1,10780309,100,7071c,2024-10-11,11,10,2024,CZ0724090,Bílé Karpaty,MOTYLI3138,1,0,ne,0,0,0,ne,0,NA,1,CELKOVE_SUM,1,NA,NA,NA,NA,NA,NA,NA,NA,NA
61711042,13747432,Eriogaster catax,bourovec trnkový,Vladimir Hula,11.10.2024,11.10.2024,10780309,Boršice,MOTYLI3138,Motýli,CZ0724090: Bílé Karpaty,99,1,10780309,100,7071c,2024-10-11,11,10,2024,CZ0724090,Bílé Karpaty,MOTYLI3138,1,0,ne,0,0,0,ne,0,NA,0,POP_POCETSUMLOKAL,0,min,10,hnízda housenek,ano,lok,NA,NA,alespoň 10 hnízda housenek,minmax
61711042,13747432,Eriogaster catax,bourovec trnkový,Vladimir Hula,11.10.2024,11.10.2024,10780309,Boršice,MOTYLI3138,Motýli,CZ0724090: Bílé Karpaty,99,1,10780309,100,7071c,2024-10-11,11,10,2024,CZ0724090,Bílé Karpaty,MOTYLI3138,1,0,ne,0,0,0,ne,0,NA,1,STA_LIKVIDACE,nezaznamenána,val,nezaznamenána,NA,ne,lok,NA,NA,nezaznamenána,val
61711043,13747452,Eriogaster catax,bourovec trnkový,Vladimir Hula,11.10.2024,11.10.2024,10780310,Slavkov,MOTYLI3133,Motýli,CZ0724090: Bílé Karpaty,100,1,10780310,100,7071d,2024-10-11,11,10,2024,CZ0724090,Bílé Karpaty,MOTYLI3133,1,0,ne,0,0,0,ne,0,NA,0,CELKOVE_SUM,1,NA,NA,NA,NA,NA,NA,NA,NA,NA
61711043,13747452,Eriogaster catax,bourovec trnkový,Vladimir Hula,11.10.2024,11.10.2024,10780310,Slavkov,MOTYLI3133,Motýli,CZ0724090: Bílé Karpaty,100,1,10780310,100,7071d,2024-10-11,11,10,2024,CZ0724090,Bílé Karpaty,MOTYLI3133,1,0,ne,0,0,0,ne,0,NA,1,CELKOVE_SUM,1,NA,NA,NA,NA,NA,NA,NA,NA,NA
61711043,13747452,Eriogaster catax,bourovec trnkový,Vladimir Hula,11.10.2024,11.10.2024,10780310,Slavkov,MOTYLI3133,Motýli,CZ0724090: Bílé Karpaty,100,1,10780310,100,7071d,2024-10-11,11,10,2024,CZ0724090,Bílé Karpaty,MOTYLI3133,1,0,ne,0,0,0,ne,0,NA,0,POP_POCETSUMLOKAL,0,min,10,hnízda housenek,ano,lok,NA,NA,alespoň 10 hnízda housenek,minmax
61711043,13747452,Eriogaster catax,bourovec trnkový,Vladimir Hula,11.10.2024,11.10.2024,10780310,Slavkov,MOTYLI3133,Motýli,CZ0724090: Bílé Karpaty,100,1,10780310,100,7071d,2024-10-11,11,10,2024,CZ0724090,Bílé Karpaty,MOTYLI3133,1,0,ne,0,0,0,ne,0,NA,1,STA_LIKVIDACE,nezaznamenána,val,nezaznamenána,NA,ne,lok,NA,NA,nezaznamenána,val
61711044,13747450,Eriogaster catax,bourovec trnkový,Vladimír Hula,20.04.2023,20.04.2023,10780313,Čížov,MOTYLI2242,Motýli,CZ0624096: Podyjí,100,1,10780313,100,7161a,2023-04-20,20,4,2023,CZ0624096,Podyjí,MOTYLI2242,1,0,ne,0,0,0,ne,0,NA,0,CELKOVE_SUM,1,NA,NA,NA,NA,NA,NA,NA,NA,NA
61711044,13747450,Eriogaster catax,bourovec trnkový,Vladimír Hula,20.04.2023,20.04.2023,10780313,Čížov,MOTYLI2242,Motýli,CZ0624096: Podyjí,100,1,10780313,100,7161a,2023-04-20,20,4,2023,CZ0624096,Podyjí,MOTYLI2242,1,0,ne,0,0,0,ne,0,NA,1,CELKOVE_SUM,1,NA,NA,NA,NA,NA,NA,NA,NA,NA
61711044,13747450,Eriogaster catax,bourovec trnkový,Vladimír Hula,20.04.2023,20.04.2023,10780313,Čížov,MOTYLI2242,Motýli,CZ0624096: Podyjí,100,1,10780313,100,7161a,2023-04-20,20,4,2023,CZ0624096,Podyjí,MOTYLI2242,1,0,ne,0,0,0,ne,0,NA,0,POP_POCETSUMLOKAL,0,min,10,hnízda housenek,ano,lok,NA,NA,alespoň 10 hnízda housenek,minmax
61711044,13747450,Eriogaster catax,bourovec trnkový,Vladimír Hula,20.04.2023,20.04.2023,10780313,Čížov,MOTYLI2242,Motýli,CZ0624096: Podyjí,100,1,10780313,100,7161a,2023-04-20,20,4,2023,CZ0624096,Podyjí,MOTYLI2242,1,0,ne,0,0,0,ne,0,NA,1,STA_LIKVIDACE,nezaznamenána,val,nezaznamenána,NA,ne,lok,NA,NA,nezaznamenána,val
61711045,13747441,Eriogaster catax,bourovec trnkový,Vladimír Hula,19.04.2023,19.04.2023,10780321,Výtopa,MOTYLI2240,Motýli,CZ0620009: Lednické rybníky,17,1,10780321,100.01,7266a,2023-04-19,19,4,2023,CZ0620009,Lednické rybníky,MOTYLI2240,1,0,ne,0,0,0,ne,0,NA,0,CELKOVE_SUM,1,NA,NA,NA,NA,NA,NA,NA,NA,NA
61711045,13747441,Eriogaster catax,bourovec trnkový,Vladimír Hula,19.04.2023,19.04.2023,10780321,Výtopa,MOTYLI2240,Motýli,CZ0620009: Lednické rybníky,17,1,10780321,100.01,7266a,2023-04-19,19,4,2023,CZ0620009,Lednické rybníky,MOTYLI2240,1,0,ne,0,0,0,ne,0,NA,1,CELKOVE_SUM,1,NA,NA,NA,NA,NA,NA,NA,NA,NA
61711045,13747441,Eriogaster catax,bourovec trnkový,Vladimír Hula,19.04.2023,19.04.2023,10780321,Výtopa,MOTYLI2240,Motýli,CZ0620009: Lednické rybníky,17,1,10780321,100.01,7266a,2023-04-19,19,4,2023,CZ0620009,Lednické rybníky,MOTYLI2240,1,0,ne,0,0,0,ne,0,NA,0,POP_POCETSUMLOKAL,0,min,10,hnízda housenek,ano,lok,NA,NA,alespoň 10 hnízda housenek,minmax
61711045,13747441,Eriogaster catax,bourovec trnkový,Vladimír Hula,19.04.2023,19.04.2023,10780321,Výtopa,MOTYLI2240,Motýli,CZ0620009: Lednické rybníky,17,1,10780321,100.01,7266a,2023-04-19,19,4,2023,CZ0620009,Lednické rybníky,MOTYLI2240,1,0,ne,0,0,0,ne,0,NA,1,STA_LIKVIDACE,nezaznamenána,val,nezaznamenána,NA,ne,lok,NA,NA,nezaznamenána,val
61711046,13747443,Eriogaster catax,bourovec trnkový,Vladimir Hula,10.04.2024,10.04.2024,10780314,Těšov,MOTYLI3136,Motýli,CZ0724087: Újezdecký les,12,1,10780314,99.12,6972c,2024-04-10,10,4,2024,CZ0724087,Újezdecký les,MOTYLI3136,1,0,ne,0,0,0,ne,0,NA,0,CELKOVE_SUM,1,NA,NA,NA,NA,NA,NA,NA,NA,NA
61711046,13747443,Eriogaster catax,bourovec trnkový,Vladimir Hula,10.04.2024,10.04.2024,10780314,Těšov,MOTYLI3136,Motýli,CZ0724087: Újezdecký les,12,1,10780314,99.12,6972c,2024-04-10,10,4,2024,CZ0724087,Újezdecký les,MOTYLI3136,1,0,ne,0,0,0,ne,0,NA,1,CELKOVE_SUM,1,NA,NA,NA,NA,NA,NA,NA,NA,NA
61711046,13747443,Eriogaster catax,bourovec trnkový,Vladimir Hula,10.04.2024,10.04.2024,10780314,Těšov,MOTYLI3136,Motýli,CZ0724087: Újezdecký les,12,1,10780314,99.12,6972c,2024-04-10,10,4,2024,CZ0724087,Újezdecký les,MOTYLI3136,1,0,ne,0,0,0,ne,0,NA,0,POP_POCETSUMLOKAL,0,min,10,hnízda housenek,ano,lok,NA,NA,alespoň 10 hnízda housenek,minmax
61711046,13747443,Eriogaster catax,bourovec trnkový,Vladimir Hula,10.04.2024,10.04.2024,10780314,Těšov,MOTYLI3136,Motýli,CZ0724087: Újezdecký les,12,1,10780314,99.12,6972c,2024-04-10,10,4,2024,CZ0724087,Újezdecký les,MOTYLI3136,1,0,ne,0,0,0,ne,0,NA,1,STA_LIKVIDACE,nezaznamenána,val,nezaznamenána,NA,ne,lok,NA,NA,nezaznamenána,val
61711049,13747435,Eriogaster catax,bourovec trnkový,Vladimir Hula,08.10.2024,08.10.2024,10780307,Havraníky,MOTYLI3121,Motýli,CZ0624096: Podyjí,81,1,10780307,56.39,7162c,2024-10-08,8,10,2024,CZ0624096,Podyjí,MOTYLI3121,1,0,ne,0,0,0,ne,0,NA,0,CELKOVE_SUM,1,NA,NA,NA,NA,NA,NA,NA,NA,NA
61711049,13747435,Eriogaster catax,bourovec trnkový,Vladimir Hula,08.10.2024,08.10.2024,10780307,Havraníky,MOTYLI3121,Motýli,CZ0624096: Podyjí,81,1,10780307,56.39,7162c,2024-10-08,8,10,2024,CZ0624096,Podyjí,MOTYLI3121,1,0,ne,0,0,0,ne,0,NA,1,CELKOVE_SUM,1,NA,NA,NA,NA,NA,NA,NA,NA,NA
61711049,13747435,Eriogaster catax,bourovec trnkový,Vladimir Hula,08.10.2024,08.10.2024,10780307,Havraníky,MOTYLI3121,Motýli,CZ0624096: Podyjí,81,1,10780307,56.39,7162c,2024-10-08,8,10,2024,CZ0624096,Podyjí,MOTYLI3121,1,0,ne,0,0,0,ne,0,NA,0,POP_POCETSUMLOKAL,0,min,10,hnízda housenek,ano,lok,NA,NA,alespoň 10 hnízda housenek,minmax
61711049,13747435,Eriogaster catax,bourovec trnkový,Vladimir Hula,08.10.2024,08.10.2024,10780307,Havraníky,MOTYLI3121,Motýli,CZ0624096: Podyjí,81,1,10780307,56.39,7162c,2024-10-08,8,10,2024,CZ0624096,Podyjí,MOTYLI3121,1,0,ne,0,0,0,ne,0,NA,1,STA_LIKVIDACE,nezaznamenána,val,nezaznamenána,NA,ne,lok,NA,NA,nezaznamenána,val
61711050,13747440,Eriogaster catax,bourovec trnkový,Vladimir Hula,12.04.2024,12.04.2024,10780320,Skalky,MOTYLI2285,Motýli,CZ0620048: Skalky u Sedlece,81,1,10780320,100.01,7266a,2024-04-12,12,4,2024,CZ0620048,Skalky u Sedlece,MOTYLI2285,1,0,ne,0,0,0,ne,0,NA,0,CELKOVE_SUM,1,NA,NA,NA,NA,NA,NA,NA,NA,NA
61711050,13747440,Eriogaster catax,bourovec trnkový,Vladimir Hula,12.04.2024,12.04.2024,10780320,Skalky,MOTYLI2285,Motýli,CZ0620048: Skalky u Sedlece,81,1,10780320,100.01,7266a,2024-04-12,12,4,2024,CZ0620048,Skalky u Sedlece,MOTYLI2285,1,0,ne,0,0,0,ne,0,NA,1,CELKOVE_SUM,1,NA,NA,NA,NA,NA,NA,NA,NA,NA
61711050,13747440,Eriogaster catax,bourovec trnkový,Vladimir Hula,12.04.2024,12.04.2024,10780320,Skalky,MOTYLI2285,Motýli,CZ0620048: Skalky u Sedlece,81,1,10780320,100.01,7266a,2024-04-12,12,4,2024,CZ0620048,Skalky u Sedlece,MOTYLI2285,1,0,ne,0,0,0,ne,0,NA,0,POP_POCETSUMLOKAL,0,min,10,hnízda housenek,ano,lok,NA,NA,alespoň 10 hnízda housenek,minmax
61711050,13747440,Eriogaster catax,bourovec trnkový,Vladimir Hula,12.04.2024,12.04.2024,10780320,Skalky,MOTYLI2285,Motýli,CZ0620048: Skalky u Sedlece,81,1,10780320,100.01,7266a,2024-04-12,12,4,2024,CZ0620048,Skalky u Sedlece,MOTYLI2285,1,0,ne,0,0,0,ne,0,NA,1,STA_LIKVIDACE,nezaznamenána,val,nezaznamenána,NA,ne,lok,NA,NA,nezaznamenána,val
61711052,13747454,Eriogaster catax,bourovec trnkový,Vladimír Hula,19.12.2023,19.12.2023,10780326,Lány,MOTYLI2241,Motýli,CZ0624119: Soutok - Podluží,100,1,10780326,100,7267d,2023-12-19,19,12,2023,CZ0624119,Soutok - Podluží,MOTYLI2241,1,0,ne,0,0,0,ne,0,NA,0,CELKOVE_SUM,1,NA,NA,NA,NA,NA,NA,NA,NA,NA
61711052,13747454,Eriogaster catax,bourovec trnkový,Vladimír Hula,19.12.2023,19.12.2023,10780326,Lány,MOTYLI2241,Motýli,CZ0624119: Soutok - Podluží,100,1,10780326,100,7267d,2023-12-19,19,12,2023,CZ0624119,Soutok - Podluží,MOTYLI2241,1,0,ne,0,0,0,ne,0,NA,1,CELKOVE_SUM,1,NA,NA,NA,NA,NA,NA,NA,NA,NA
61711052,13747454,Eriogaster catax,bourovec trnkový,Vladimír Hula,19.12.2023,19.12.2023,10780326,Lány,MOTYLI2241,Motýli,CZ0624119: Soutok - Podluží,100,1,10780326,100,7267d,2023-12-19,19,12,2023,CZ0624119,Soutok - Podluží,MOTYLI2241,1,0,ne,0,0,0,ne,0,NA,0,POP_POCETSUMLOKAL,0,min,10,hnízda housenek,ano,lok,NA,NA,alespoň 10 hnízda housenek,minmax
61711052,13747454,Eriogaster catax,bourovec trnkový,Vladimír Hula,19.12.2023,19.12.2023,10780326,Lány,MOTYLI2241,Motýli,CZ0624119: Soutok - Podluží,100,1,10780326,100,7267d,2023-12-19,19,12,2023,CZ0624119,Soutok - Podluží,MOTYLI2241,1,0,ne,0,0,0,ne,0,NA,1,STA_LIKVIDACE,nezaznamenána,val,nezaznamenána,NA,ne,lok,NA,NA,nezaznamenána,val
61711053,13747442,Eriogaster catax,bourovec trnkový,Vladimir Hula,11.04.2023,11.04.2023,10780304,Studankový vrch,MOTYLI3125,Motýli,CZ0623026: Studánkový vrch,88,1,10780304,100,7266a,2023-04-11,11,4,2023,CZ0623026,Studánkový vrch,MOTYLI3125,1,0,ne,0,0,0,ne,0,NA,0,CELKOVE_SUM,1,NA,NA,NA,NA,NA,NA,NA,NA,NA
61711053,13747442,Eriogaster catax,bourovec trnkový,Vladimir Hula,11.04.2023,11.04.2023,10780304,Studankový vrch,MOTYLI3125,Motýli,CZ0623026: Studánkový vrch,88,1,10780304,100,7266a,2023-04-11,11,4,2023,CZ0623026,Studánkový vrch,MOTYLI3125,1,0,ne,0,0,0,ne,0,NA,1,CELKOVE_SUM,1,NA,NA,NA,NA,NA,NA,NA,NA,NA
61711053,13747442,Eriogaster catax,bourovec trnkový,Vladimir Hula,11.04.2023,11.04.2023,10780304,Studankový vrch,MOTYLI3125,Motýli,CZ0623026: Studánkový vrch,88,1,10780304,100,7266a,2023-04-11,11,4,2023,CZ0623026,Studánkový vrch,MOTYLI3125,1,0,ne,0,0,0,ne,0,NA,0,POP_POCETSUMLOKAL,0,min,10,hnízda housenek,ano,lok,NA,NA,alespoň 10 hnízda housenek,minmax
61711053,13747442,Eriogaster catax,bourovec trnkový,Vladimir Hula,11.04.2023,11.04.2023,10780304,Studankový vrch,MOTYLI3125,Motýli,CZ0623026: Studánkový vrch,88,1,10780304,100,7266a,2023-04-11,11,4,2023,CZ0623026,Studánkový vrch,MOTYLI3125,1,0,ne,0,0,0,ne,0,NA,1,STA_LIKVIDACE,nezaznamenána,val,nezaznamenána,NA,ne,lok,NA,NA,nezaznamenána,val
61711054,13747439,Eriogaster catax,bourovec trnkový,Vladimír Hula,20.04.2023,20.04.2023,10780328,Hnanice,MOTYLI2243,Motýli,CZ0624096: Podyjí,97,1,10780328,100,7161d,2023-04-20,20,4,2023,CZ0624096,Podyjí,MOTYLI2243,1,0,ne,0,0,0,ne,0,NA,0,CELKOVE_SUM,1,NA,NA,NA,NA,NA,NA,NA,NA,NA
61711054,13747439,Eriogaster catax,bourovec trnkový,Vladimír Hula,20.04.2023,20.04.2023,10780328,Hnanice,MOTYLI2243,Motýli,CZ0624096: Podyjí,97,1,10780328,100,7161d,2023-04-20,20,4,2023,CZ0624096,Podyjí,MOTYLI2243,1,0,ne,0,0,0,ne,0,NA,1,CELKOVE_SUM,1,NA,NA,NA,NA,NA,NA,NA,NA,NA
61711054,13747439,Eriogaster catax,bourovec trnkový,Vladimír Hula,20.04.2023,20.04.2023,10780328,Hnanice,MOTYLI2243,Motýli,CZ0624096: Podyjí,97,1,10780328,100,7161d,2023-04-20,20,4,2023,CZ0624096,Podyjí,MOTYLI2243,1,0,ne,0,0,0,ne,0,NA,0,POP_POCETSUMLOKAL,0,min,10,hnízda housenek,ano,lok,NA,NA,alespoň 10 hnízda housenek,minmax
61711054,13747439,Eriogaster catax,bourovec trnkový,Vladimír Hula,20.04.2023,20.04.2023,10780328,Hnanice,MOTYLI2243,Motýli,CZ0624096: Podyjí,97,1,10780328,100,7161d,2023-04-20,20,4,2023,CZ0624096,Podyjí,MOTYLI2243,1,0,ne,0,0,0,ne,0,NA,1,STA_LIKVIDACE,nezaznamenána,val,nezaznamenána,NA,ne,lok,NA,NA,nezaznamenána,val
61711055,13747437,Eriogaster catax,bourovec trnkový,Vladimir Hula,24.09.2024,24.09.2024,10780311,"Nad Pernou, Tabulová",MOTYLI3124,Motýli,CZ0624043: Stolová hora,83,1,10780311,100,7165d,2024-09-24,24,9,2024,CZ0624043,Stolová hora,MOTYLI3124,1,0,ne,0,0,0,ne,0,NA,0,CELKOVE_SUM,1,NA,NA,NA,NA,NA,NA,NA,NA,NA
61711055,13747437,Eriogaster catax,bourovec trnkový,Vladimir Hula,24.09.2024,24.09.2024,10780311,"Nad Pernou, Tabulová",MOTYLI3124,Motýli,CZ0624043: Stolová hora,83,1,10780311,100,7165d,2024-09-24,24,9,2024,CZ0624043,Stolová hora,MOTYLI3124,1,0,ne,0,0,0,ne,0,NA,1,CELKOVE_SUM,1,NA,NA,NA,NA,NA,NA,NA,NA,NA
61711055,13747437,Eriogaster catax,bourovec trnkový,Vladimir Hula,24.09.2024,24.09.2024,10780311,"Nad Pernou, Tabulová",MOTYLI3124,Motýli,CZ0624043: Stolová hora,83,1,10780311,100,7165d,2024-09-24,24,9,2024,CZ0624043,Stolová hora,MOTYLI3124,1,0,ne,0,0,0,ne,0,NA,0,POP_POCETSUMLOKAL,0,min,10,hnízda housenek,ano,lok,NA,NA,alespoň 10 hnízda housenek,minmax
61711055,13747437,Eriogaster catax,bourovec trnkový,Vladimir Hula,24.09.2024,24.09.2024,10780311,"Nad Pernou, Tabulová",MOTYLI3124,Motýli,CZ0624043: Stolová hora,83,1,10780311,100,7165d,2024-09-24,24,9,2024,CZ0624043,Stolová hora,MOTYLI3124,1,0,ne,0,0,0,ne,0,NA,1,STA_LIKVIDACE,nezaznamenána,val,nezaznamenána,NA,ne,lok,NA,NA,nezaznamenána,val
61711056,13747444,Eriogaster catax,bourovec trnkový,Vladimir Hula,09.04.2024,09.04.2024,10780317,Čížov,MOTYLI3126,Motýli,CZ0624096: Podyjí,100,1,10780317,100,7161a,2024-04-09,9,4,2024,CZ0624096,Podyjí,MOTYLI3126,1,0,ne,0,0,0,ne,0,NA,0,CELKOVE_SUM,1,NA,NA,NA,NA,NA,NA,NA,NA,NA
61711056,13747444,Eriogaster catax,bourovec trnkový,Vladimir Hula,09.04.2024,09.04.2024,10780317,Čížov,MOTYLI3126,Motýli,CZ0624096: Podyjí,100,1,10780317,100,7161a,2024-04-09,9,4,2024,CZ0624096,Podyjí,MOTYLI3126,1,0,ne,0,0,0,ne,0,NA,1,CELKOVE_SUM,1,NA,NA,NA,NA,NA,NA,NA,NA,NA
61711056,13747444,Eriogaster catax,bourovec trnkový,Vladimir Hula,09.04.2024,09.04.2024,10780317,Čížov,MOTYLI3126,Motýli,CZ0624096: Podyjí,100,1,10780317,100,7161a,2024-04-09,9,4,2024,CZ0624096,Podyjí,MOTYLI3126,1,0,ne,0,0,0,ne,0,NA,0,POP_POCETSUMLOKAL,0,min,10,hnízda housenek,ano,lok,NA,NA,alespoň 10 hnízda housenek,minmax
61711056,13747444,Eriogaster catax,bourovec trnkový,Vladimir Hula,09.04.2024,09.04.2024,10780317,Čížov,MOTYLI3126,Motýli,CZ0624096: Podyjí,100,1,10780317,100,7161a,2024-04-09,9,4,2024,CZ0624096,Podyjí,MOTYLI3126,1,0,ne,0,0,0,ne,0,NA,1,STA_LIKVIDACE,nezaznamenána,val,nezaznamenána,NA,ne,lok,NA,NA,nezaznamenána,val
61711057,13747455,Eriogaster catax,bourovec trnkový,Vladimir Hula,12.04.2024,12.04.2024,10780318,Rochus,MOTYLI2289,Motýli,CZ0723024: Rochus,93,1,10780318,93,6970b,2024-04-12,12,4,2024,CZ0723024,Rochus,MOTYLI2289,1,0,ne,0,0,0,ne,0,NA,0,CELKOVE_SUM,1,NA,NA,NA,NA,NA,NA,NA,NA,NA
61711057,13747455,Eriogaster catax,bourovec trnkový,Vladimir Hula,12.04.2024,12.04.2024,10780318,Rochus,MOTYLI2289,Motýli,CZ0723024: Rochus,93,1,10780318,93,6970b,2024-04-12,12,4,2024,CZ0723024,Rochus,MOTYLI2289,1,0,ne,0,0,0,ne,0,NA,1,CELKOVE_SUM,1,NA,NA,NA,NA,NA,NA,NA,NA,NA
61711057,13747455,Eriogaster catax,bourovec trnkový,Vladimir Hula,12.04.2024,12.04.2024,10780318,Rochus,MOTYLI2289,Motýli,CZ0723024: Rochus,93,1,10780318,93,6970b,2024-04-12,12,4,2024,CZ0723024,Rochus,MOTYLI2289,1,0,ne,0,0,0,ne,0,NA,0,POP_POCETSUMLOKAL,0,min,10,hnízda housenek,ano,lok,NA,NA,alespoň 10 hnízda housenek,minmax
61711057,13747455,Eriogaster catax,bourovec trnkový,Vladimir Hula,12.04.2024,12.04.2024,10780318,Rochus,MOTYLI2289,Motýli,CZ0723024: Rochus,93,1,10780318,93,6970b,2024-04-12,12,4,2024,CZ0723024,Rochus,MOTYLI2289,1,0,ne,0,0,0,ne,0,NA,1,STA_LIKVIDACE,nezaznamenána,val,nezaznamenána,NA,ne,lok,NA,NA,nezaznamenána,val
61711058,13747448,Eriogaster catax,bourovec trnkový,Vladimír Hula,20.04.2023,20.04.2023,10780323,Skalky u Havraníků,MOTYLI2244,Motýli,CZ0624118: Skalky u Havraníků,68,1,10780323,100,7162c,2023-04-20,20,4,2023,CZ0624118,Skalky u Havraníků,MOTYLI2244,1,0,ne,0,0,0,ne,0,NA,0,CELKOVE_SUM,1,NA,NA,NA,NA,NA,NA,NA,NA,NA
61711058,13747448,Eriogaster catax,bourovec trnkový,Vladimír Hula,20.04.2023,20.04.2023,10780323,Skalky u Havraníků,MOTYLI2244,Motýli,CZ0624118: Skalky u Havraníků,68,1,10780323,100,7162c,2023-04-20,20,4,2023,CZ0624118,Skalky u Havraníků,MOTYLI2244,1,0,ne,0,0,0,ne,0,NA,1,CELKOVE_SUM,1,NA,NA,NA,NA,NA,NA,NA,NA,NA
61711058,13747448,Eriogaster catax,bourovec trnkový,Vladimír Hula,20.04.2023,20.04.2023,10780323,Skalky u Havraníků,MOTYLI2244,Motýli,CZ0624118: Skalky u Havraníků,68,1,10780323,100,7162c,2023-04-20,20,4,2023,CZ0624118,Skalky u Havraníků,MOTYLI2244,1,0,ne,0,0,0,ne,0,NA,0,POP_POCETSUMLOKAL,0,min,10,hnízda housenek,ano,lok,NA,NA,alespoň 10 hnízda housenek,minmax
61711058,13747448,Eriogaster catax,bourovec trnkový,Vladimír Hula,20.04.2023,20.04.2023,10780323,Skalky u Havraníků,MOTYLI2244,Motýli,CZ0624118: Skalky u Havraníků,68,1,10780323,100,7162c,2023-04-20,20,4,2023,CZ0624118,Skalky u Havraníků,MOTYLI2244,1,0,ne,0,0,0,ne,0,NA,1,STA_LIKVIDACE,nezaznamenána,val,nezaznamenána,NA,ne,lok,NA,NA,nezaznamenána,val
