"ROK","kod_chu","NAZEV","DRUH","SKUPINA","KOD_LOKAL","LOKALITA","pracoviste","oop","IDX_ND_AKCE","ID_ND_NALEZ","DATUM","AUTOR","ID_IND","JEDNOTKA","TYP_IND","IND_GRP","KLIC","UROVEN","LIM_IND","HOD_IND","STAV_IND","CESKE_JME","DATUM_OD","DATUM_DO","IDX_ND_LOK","KOD_LOKALITY","EVL","PROC_EVL","NEGATIVNI","IDX_ND_LOKALIZACE","MAX_PROC","POLE","DEN","MESIC","nazev_chu","CILMON","POCITANO_CLEAN","pozn","LIM_INDLIST"
2012,"CZ0723024","Rochus","Eriogaster catax","Motýli","CZ0723024","EVL Rochus","RP SCHKO Bílé Karpaty","Krajský úøad Zlínského kraje",8282769,24221441,2012-04-14,"Kopeèek František","CELKOVE_SUM",NA,NA,NA,NA,NA,NA,"1",0,"bourovec trnkový","14.04.2012","14.04.2012",1280133,"CZ0723024","CZ0723024: Rochus",100,0,1280133,95.59,"6970b",14,4,"Rochus","0",NA,NA,NA
2012,"CZ0723024","Rochus","Eriogaster catax","Motýli","CZ0723024","EVL Rochus","RP SCHKO Bílé Karpaty","Krajský úøad Zlínského kraje",8282769,24221441,2012-04-14,"Kopeèek František","CELKOVE_SUM",NA,NA,NA,NA,NA,NA,"1",1,"bourovec trnkový","14.04.2012","14.04.2012",1280133,"CZ0723024","CZ0723024: Rochus",100,0,1280133,95.59,"6970b",14,4,"Rochus","0",NA,NA,NA
2012,"CZ0723024","Rochus","Eriogaster catax","Motýli","CZ0723024","EVL Rochus","RP SCHKO Bílé Karpaty","Krajský úøad Zlínského kraje",8282769,24221441,2012-04-14,"Kopeèek František","CELKOVE_SUM",NA,NA,NA,NA,NA,NA,"1",NA,"bourovec trnkový","14.04.2012","14.04.2012",1280133,"CZ0723024","CZ0723024: Rochus",100,0,1280133,95.59,"6970b",14,4,"Rochus","0",NA,NA,NA
2012,"CZ0723024","Rochus","Eriogaster catax","Motýli","CZ0723024","EVL Rochus","RP SCHKO Bílé Karpaty","Krajský úøad Zlínského kraje",8282769,24221441,2012-04-14,"Kopeèek František","POP_POCETSUMLOKAL","hnízda housenek","min","minmax","ano","lok","10","1",0,"bourovec trnkový","14.04.2012","14.04.2012",1280133,"CZ0723024","CZ0723024: Rochus",100,0,1280133,95.59,"6970b",14,4,"Rochus","0",NA,NA,"alespoò 10 hnízda housenek"
2012,"CZ0723024","Rochus","Eriogaster catax","Motýli","CZ0723024","EVL Rochus","RP SCHKO Bílé Karpaty","Krajský úøad Zlínského kraje",8282769,24221441,2012-04-14,"Kopeèek František","POP_PRESENCE",NA,"val","val","ano","lok","ano","ano",1,"bourovec trnkový","14.04.2012","14.04.2012",1280133,"CZ0723024","CZ0723024: Rochus",100,0,1280133,95.59,"6970b",14,4,"Rochus","0",NA,NA,"ano"
2012,"CZ0723024","Rochus","Eriogaster catax","Motýli","CZ0723024","EVL Rochus","RP SCHKO Bílé Karpaty","Krajský úøad Zlínského kraje",8282769,24221441,2012-04-14,"Kopeèek František","STA_LIKVIDACE",NA,"val","val","ne","lok","nezaznamenána",NA,NA,"bourovec trnkový","14.04.2012","14.04.2012",1280133,"CZ0723024","CZ0723024: Rochus",100,0,1280133,95.59,"6970b",14,4,"Rochus","0",NA,NA,"nezaznamenána"
2012,"CZ0723024","Rochus","Eriogaster catax","Motýli","CZ0723024","EVL Rochus","RP SCHKO Bílé Karpaty","Krajský úøad Zlínského kraje",8282769,24221442,2012-04-14,"Kopeèek František","CELKOVE_SUM",NA,NA,NA,NA,NA,NA,"1",0,"bourovec trnkový","14.04.2012","14.04.2012",1280133,"CZ0723024","CZ0723024: Rochus",100,0,1280133,95.59,"6970b",14,4,"Rochus","0","hnízda housenek",NA,NA
2012,"CZ0723024","Rochus","Eriogaster catax","Motýli","CZ0723024","EVL Rochus","RP SCHKO Bílé Karpaty","Krajský úøad Zlínského kraje",8282769,24221442,2012-04-14,"Kopeèek František","CELKOVE_SUM",NA,NA,NA,NA,NA,NA,"1",1,"bourovec trnkový","14.04.2012","14.04.2012",1280133,"CZ0723024","CZ0723024: Rochus",100,0,1280133,95.59,"6970b",14,4,"Rochus","0","hnízda housenek",NA,NA
2012,"CZ0723024","Rochus","Eriogaster catax","Motýli","CZ0723024","EVL Rochus","RP SCHKO Bílé Karpaty","Krajský úøad Zlínského kraje",8282769,24221442,2012-04-14,"Kopeèek František","CELKOVE_SUM",NA,NA,NA,NA,NA,NA,"1",NA,"bourovec trnkový","14.04.2012","14.04.2012",1280133,"CZ0723024","CZ0723024: Rochus",100,0,1280133,95.59,"6970b",14,4,"Rochus","0","hnízda housenek",NA,NA
2012,"CZ0723024","Rochus","Eriogaster catax","Motýli","CZ0723024","EVL Rochus","RP SCHKO Bílé Karpaty","Krajský úøad Zlínského kraje",8282769,24221442,2012-04-14,"Kopeèek František","POP_POCETSUMLOKAL","hnízda housenek","min","minmax","ano","lok","10","1",0,"bourovec trnkový","14.04.2012","14.04.2012",1280133,"CZ0723024","CZ0723024: Rochus",100,0,1280133,95.59,"6970b",14,4,"Rochus","0","hnízda housenek",NA,"alespoò 10 hnízda housenek"
2012,"CZ0723024","Rochus","Eriogaster catax","Motýli","CZ0723024","EVL Rochus","RP SCHKO Bílé Karpaty","Krajský úøad Zlínského kraje",8282769,24221442,2012-04-14,"Kopeèek František","POP_PRESENCE",NA,"val","val","ano","lok","ano","ano",1,"bourovec trnkový","14.04.2012","14.04.2012",1280133,"CZ0723024","CZ0723024: Rochus",100,0,1280133,95.59,"6970b",14,4,"Rochus","0","hnízda housenek",NA,"ano"
2012,"CZ0723024","Rochus","Eriogaster catax","Motýli","CZ0723024","EVL Rochus","RP SCHKO Bílé Karpaty","Krajský úøad Zlínského kraje",8282769,24221442,2012-04-14,"Kopeèek František","STA_LIKVIDACE",NA,"val","val","ne","lok","nezaznamenána",NA,NA,"bourovec trnkový","14.04.2012","14.04.2012",1280133,"CZ0723024","CZ0723024: Rochus",100,0,1280133,95.59,"6970b",14,4,"Rochus","0","hnízda housenek",NA,"nezaznamenána"
2012,"CZ0723416","Popovické rybníky","Eriogaster catax","Motýli","Popovice u Uherského Hradištì","Popovice u Uherského Hradištì","RP SCHKO Bílé Karpaty","Krajský úøad Zlínského kraje",8282772,24221449,2012-04-14,"Kopeèek František","CELKOVE_SUM",NA,NA,NA,NA,NA,NA,"1",0,"bourovec trnkový","14.04.2012","14.04.2012",1806900,NA,"CZ0723416: Popovické rybníky",12,0,1806900,70.52,"6971a",14,4,"Popovické rybníky","0","hnízda housenek",NA,NA
2012,"CZ0723416","Popovické rybníky","Eriogaster catax","Motýli","Popovice u Uherského Hradištì","Popovice u Uherského Hradištì","RP SCHKO Bílé Karpaty","Krajský úøad Zlínského kraje",8282772,24221449,2012-04-14,"Kopeèek František","CELKOVE_SUM",NA,NA,NA,NA,NA,NA,"1",1,"bourovec trnkový","14.04.2012","14.04.2012",1806900,NA,"CZ0723416: Popovické rybníky",12,0,1806900,70.52,"6971a",14,4,"Popovické rybníky","0","hnízda housenek",NA,NA
2012,"CZ0723416","Popovické rybníky","Eriogaster catax","Motýli","Popovice u Uherského Hradištì","Popovice u Uherského Hradištì","RP SCHKO Bílé Karpaty","Krajský úøad Zlínského kraje",8282772,24221449,2012-04-14,"Kopeèek František","CELKOVE_SUM",NA,NA,NA,NA,NA,NA,"1",NA,"bourovec trnkový","14.04.2012","14.04.2012",1806900,NA,"CZ0723416: Popovické rybníky",12,0,1806900,70.52,"6971a",14,4,"Popovické rybníky","0","hnízda housenek",NA,NA
2012,"CZ0723416","Popovické rybníky","Eriogaster catax","Motýli","Popovice u Uherského Hradištì","Popovice u Uherského Hradištì","RP SCHKO Bílé Karpaty","Krajský úøad Zlínského kraje",8282772,24221449,2012-04-14,"Kopeèek František","POP_POCETSUMLOKAL","hnízda housenek","min","minmax","ano","lok","10","2",0,"bourovec trnkový","14.04.2012","14.04.2012",1806900,NA,"CZ0723416: Popovické rybníky",12,0,1806900,70.52,"6971a",14,4,"Popovické rybníky","0","hnízda housenek",NA,"alespoò 10 hnízda housenek"
2012,"CZ0723416","Popovické rybníky","Eriogaster catax","Motýli","Popovice u Uherského Hradištì","Popovice u Uherského Hradištì","RP SCHKO Bílé Karpaty","Krajský úøad Zlínského kraje",8282772,24221449,2012-04-14,"Kopeèek František","POP_PRESENCE",NA,"val","val","ano","lok","ano","ano",1,"bourovec trnkový","14.04.2012","14.04.2012",1806900,NA,"CZ0723416: Popovické rybníky",12,0,1806900,70.52,"6971a",14,4,"Popovické rybníky","0","hnízda housenek",NA,"ano"
2012,"CZ0723416","Popovické rybníky","Eriogaster catax","Motýli","Popovice u Uherského Hradištì","Popovice u Uherského Hradištì","RP SCHKO Bílé Karpaty","Krajský úøad Zlínského kraje",8282772,24221449,2012-04-14,"Kopeèek František","STA_LIKVIDACE",NA,"val","val","ne","lok","nezaznamenána",NA,NA,"bourovec trnkový","14.04.2012","14.04.2012",1806900,NA,"CZ0723416: Popovické rybníky",12,0,1806900,70.52,"6971a",14,4,"Popovické rybníky","0","hnízda housenek",NA,"nezaznamenána"
2012,"CZ0723416","Popovické rybníky","Eriogaster catax","Motýli","Popovice u Uherského Hradištì","Popovice u Uherského Hradištì","RP SCHKO Bílé Karpaty","Krajský úøad Zlínského kraje",8282773,24221450,2012-04-14,"Kopeèek František","CELKOVE_SUM",NA,NA,NA,NA,NA,NA,"1",0,"bourovec trnkový","14.04.2012","14.04.2012",1806900,NA,"CZ0723416: Popovické rybníky",12,0,1806900,70.52,"6971a",14,4,"Popovické rybníky","0","hnízda housenek",NA,NA
2012,"CZ0723416","Popovické rybníky","Eriogaster catax","Motýli","Popovice u Uherského Hradištì","Popovice u Uherského Hradištì","RP SCHKO Bílé Karpaty","Krajský úøad Zlínského kraje",8282773,24221450,2012-04-14,"Kopeèek František","CELKOVE_SUM",NA,NA,NA,NA,NA,NA,"1",1,"bourovec trnkový","14.04.2012","14.04.2012",1806900,NA,"CZ0723416: Popovické rybníky",12,0,1806900,70.52,"6971a",14,4,"Popovické rybníky","0","hnízda housenek",NA,NA
2012,"CZ0723416","Popovické rybníky","Eriogaster catax","Motýli","Popovice u Uherského Hradištì","Popovice u Uherského Hradištì","RP SCHKO Bílé Karpaty","Krajský úøad Zlínského kraje",8282773,24221450,2012-04-14,"Kopeèek František","CELKOVE_SUM",NA,NA,NA,NA,NA,NA,"1",NA,"bourovec trnkový","14.04.2012","14.04.2012",1806900,NA,"CZ0723416: Popovické rybníky",12,0,1806900,70.52,"6971a",14,4,"Popovické rybníky","0","hnízda housenek",NA,NA
2012,"CZ0723416","Popovické rybníky","Eriogaster catax","Motýli","Popovice u Uherského Hradištì","Popovice u Uherského Hradištì","RP SCHKO Bílé Karpaty","Krajský úøad Zlínského kraje",8282773,24221450,2012-04-14,"Kopeèek František","POP_POCETSUMLOKAL","hnízda housenek","min","minmax","ano","lok","10","2",0,"bourovec trnkový","14.04.2012","14.04.2012",1806900,NA,"CZ0723416: Popovické rybníky",12,0,1806900,70.52,"6971a",14,4,"Popovické rybníky","0","hnízda housenek",NA,"alespoò 10 hnízda housenek"
2012,"CZ0723416","Popovické rybníky","Eriogaster catax","Motýli","Popovice u Uherského Hradištì","Popovice u Uherského Hradištì","RP SCHKO Bílé Karpaty","Krajský úøad Zlínského kraje",8282773,24221450,2012-04-14,"Kopeèek František","POP_PRESENCE",NA,"val","val","ano","lok","ano","ano",1,"bourovec trnkový","14.04.2012","14.04.2012",1806900,NA,"CZ0723416: Popovické rybníky",12,0,1806900,70.52,"6971a",14,4,"Popovické rybníky","0","hnízda housenek",NA,"ano"
2012,"CZ0723416","Popovické rybníky","Eriogaster catax","Motýli","Popovice u Uherského Hradištì","Popovice u Uherského Hradištì","RP SCHKO Bílé Karpaty","Krajský úøad Zlínského kraje",8282773,24221450,2012-04-14,"Kopeèek František","STA_LIKVIDACE",NA,"val","val","ne","lok","nezaznamenána",NA,NA,"bourovec trnkový","14.04.2012","14.04.2012",1806900,NA,"CZ0723416: Popovické rybníky",12,0,1806900,70.52,"6971a",14,4,"Popovické rybníky","0","hnízda housenek",NA,"nezaznamenána"
2013,"CZ0624119","Soutok - Podluží","Eriogaster catax","Motýli","Bøeclav","Bøeclav","RP Jižní Morava","AOPK ÈR - RP Jižní Morava, Krajský úøad Jihomoravského kraje",8892778,32491087,2013-05-10,"Beneš Jiøí","CELKOVE_SUM",NA,NA,NA,NA,NA,NA,"1",0,"bourovec trnkový","10.05.2013","10.05.2013",5369818,NA,"CZ0624119: Soutok - Podluží",100,0,5369818,100,"7267d",10,5,"Soutok - Podluží","0","housenky",NA,NA
2013,"CZ0624119","Soutok - Podluží","Eriogaster catax","Motýli","Bøeclav","Bøeclav","RP Jižní Morava","AOPK ÈR - RP Jižní Morava, Krajský úøad Jihomoravského kraje",8892778,32491087,2013-05-10,"Beneš Jiøí","CELKOVE_SUM",NA,NA,NA,NA,NA,NA,"1",1,"bourovec trnkový","10.05.2013","10.05.2013",5369818,NA,"CZ0624119: Soutok - Podluží",100,0,5369818,100,"7267d",10,5,"Soutok - Podluží","0","housenky",NA,NA
2013,"CZ0624119","Soutok - Podluží","Eriogaster catax","Motýli","Bøeclav","Bøeclav","RP Jižní Morava","AOPK ÈR - RP Jižní Morava, Krajský úøad Jihomoravského kraje",8892778,32491087,2013-05-10,"Beneš Jiøí","CELKOVE_SUM",NA,NA,NA,NA,NA,NA,"1",NA,"bourovec trnkový","10.05.2013","10.05.2013",5369818,NA,"CZ0624119: Soutok - Podluží",100,0,5369818,100,"7267d",10,5,"Soutok - Podluží","0","housenky",NA,NA
2013,"CZ0624119","Soutok - Podluží","Eriogaster catax","Motýli","Bøeclav","Bøeclav","RP Jižní Morava","AOPK ÈR - RP Jižní Morava, Krajský úøad Jihomoravského kraje",8892778,32491087,2013-05-10,"Beneš Jiøí","POP_POCETSUMLOKAL","hnízda housenek","min","minmax","ano","lok","10","1",0,"bourovec trnkový","10.05.2013","10.05.2013",5369818,NA,"CZ0624119: Soutok - Podluží",100,0,5369818,100,"7267d",10,5,"Soutok - Podluží","0","housenky",NA,"alespoò 10 hnízda housenek"
2013,"CZ0624119","Soutok - Podluží","Eriogaster catax","Motýli","Bøeclav","Bøeclav","RP Jižní Morava","AOPK ÈR - RP Jižní Morava, Krajský úøad Jihomoravského kraje",8892778,32491087,2013-05-10,"Beneš Jiøí","POP_PRESENCE",NA,"val","val","ano","lok","ano","ano",1,"bourovec trnkový","10.05.2013","10.05.2013",5369818,NA,"CZ0624119: Soutok - Podluží",100,0,5369818,100,"7267d",10,5,"Soutok - Podluží","0","housenky",NA,"ano"
2013,"CZ0624119","Soutok - Podluží","Eriogaster catax","Motýli","Bøeclav","Bøeclav","RP Jižní Morava","AOPK ÈR - RP Jižní Morava, Krajský úøad Jihomoravského kraje",8892778,32491087,2013-05-10,"Beneš Jiøí","STA_LIKVIDACE",NA,"val","val","ne","lok","nezaznamenána",NA,NA,"bourovec trnkový","10.05.2013","10.05.2013",5369818,NA,"CZ0624119: Soutok - Podluží",100,0,5369818,100,"7267d",10,5,"Soutok - Podluží","0","housenky",NA,"nezaznamenána"
2013,"CZ0624119","Soutok - Podluží","Eriogaster catax","Motýli","Bøeclav","Bøeclav","RP Jižní Morava","AOPK ÈR - RP Jižní Morava, Krajský úøad Jihomoravského kraje",8892780,32491099,2013-05-13,"Beneš Jiøí","CELKOVE_SUM",NA,NA,NA,NA,NA,NA,"1",0,"bourovec trnkový","13.05.2013","13.05.2013",5369820,NA,"CZ0624119: Soutok - Podluží",100,0,5369820,100,"7267d",13,5,"Soutok - Podluží","0","hnízda housenek",NA,NA
2013,"CZ0624119","Soutok - Podluží","Eriogaster catax","Motýli","Bøeclav","Bøeclav","RP Jižní Morava","AOPK ÈR - RP Jižní Morava, Krajský úøad Jihomoravského kraje",8892780,32491099,2013-05-13,"Beneš Jiøí","CELKOVE_SUM",NA,NA,NA,NA,NA,NA,"1",1,"bourovec trnkový","13.05.2013","13.05.2013",5369820,NA,"CZ0624119: Soutok - Podluží",100,0,5369820,100,"7267d",13,5,"Soutok - Podluží","0","hnízda housenek",NA,NA
2013,"CZ0624119","Soutok - Podluží","Eriogaster catax","Motýli","Bøeclav","Bøeclav","RP Jižní Morava","AOPK ÈR - RP Jižní Morava, Krajský úøad Jihomoravského kraje",8892780,32491099,2013-05-13,"Beneš Jiøí","CELKOVE_SUM",NA,NA,NA,NA,NA,NA,"1",NA,"bourovec trnkový","13.05.2013","13.05.2013",5369820,NA,"CZ0624119: Soutok - Podluží",100,0,5369820,100,"7267d",13,5,"Soutok - Podluží","0","hnízda housenek",NA,NA
2013,"CZ0624119","Soutok - Podluží","Eriogaster catax","Motýli","Bøeclav","Bøeclav","RP Jižní Morava","AOPK ÈR - RP Jižní Morava, Krajský úøad Jihomoravského kraje",8892780,32491099,2013-05-13,"Beneš Jiøí","POP_POCETSUMLOKAL","hnízda housenek","min","minmax","ano","lok","10","1",0,"bourovec trnkový","13.05.2013","13.05.2013",5369820,NA,"CZ0624119: Soutok - Podluží",100,0,5369820,100,"7267d",13,5,"Soutok - Podluží","0","hnízda housenek",NA,"alespoò 10 hnízda housenek"
2013,"CZ0624119","Soutok - Podluží","Eriogaster catax","Motýli","Bøeclav","Bøeclav","RP Jižní Morava","AOPK ÈR - RP Jižní Morava, Krajský úøad Jihomoravského kraje",8892780,32491099,2013-05-13,"Beneš Jiøí","POP_PRESENCE",NA,"val","val","ano","lok","ano","ano",1,"bourovec trnkový","13.05.2013","13.05.2013",5369820,NA,"CZ0624119: Soutok - Podluží",100,0,5369820,100,"7267d",13,5,"Soutok - Podluží","0","hnízda housenek",NA,"ano"
2013,"CZ0624119","Soutok - Podluží","Eriogaster catax","Motýli","Bøeclav","Bøeclav","RP Jižní Morava","AOPK ÈR - RP Jižní Morava, Krajský úøad Jihomoravského kraje",8892780,32491099,2013-05-13,"Beneš Jiøí","STA_LIKVIDACE",NA,"val","val","ne","lok","nezaznamenána",NA,NA,"bourovec trnkový","13.05.2013","13.05.2013",5369820,NA,"CZ0624119: Soutok - Podluží",100,0,5369820,100,"7267d",13,5,"Soutok - Podluží","0","hnízda housenek",NA,"nezaznamenána"
2013,"CZ0624096","Podyjí","Eriogaster catax","Motýli","Èížov - Pod Keplemi","Èížov - Pod Keplemi","RP Jižní Morava","Správa NP Podyjí",8893478,32495273,2013-05-09,"Vítek Pavel","CELKOVE_SUM",NA,NA,NA,NA,NA,NA,"1",0,"bourovec trnkový","09.05.2013","09.05.2013",5370389,NA,"CZ0624096: Podyjí",100,0,5370389,100,"7161a",9,5,"Podyjí","0","hnízda housenek",NA,NA
2013,"CZ0624096","Podyjí","Eriogaster catax","Motýli","Èížov - Pod Keplemi","Èížov - Pod Keplemi","RP Jižní Morava","Správa NP Podyjí",8893478,32495273,2013-05-09,"Vítek Pavel","CELKOVE_SUM",NA,NA,NA,NA,NA,NA,"1",1,"bourovec trnkový","09.05.2013","09.05.2013",5370389,NA,"CZ0624096: Podyjí",100,0,5370389,100,"7161a",9,5,"Podyjí","0","hnízda housenek",NA,NA
2013,"CZ0624096","Podyjí","Eriogaster catax","Motýli","Èížov - Pod Keplemi","Èížov - Pod Keplemi","RP Jižní Morava","Správa NP Podyjí",8893478,32495273,2013-05-09,"Vítek Pavel","CELKOVE_SUM",NA,NA,NA,NA,NA,NA,"1",NA,"bourovec trnkový","09.05.2013","09.05.2013",5370389,NA,"CZ0624096: Podyjí",100,0,5370389,100,"7161a",9,5,"Podyjí","0","hnízda housenek",NA,NA
2013,"CZ0624096","Podyjí","Eriogaster catax","Motýli","Èížov - Pod Keplemi","Èížov - Pod Keplemi","RP Jižní Morava","Správa NP Podyjí",8893478,32495273,2013-05-09,"Vítek Pavel","POP_POCETSUMLOKAL","hnízda housenek","min","minmax","ano","lok","10","2",0,"bourovec trnkový","09.05.2013","09.05.2013",5370389,NA,"CZ0624096: Podyjí",100,0,5370389,100,"7161a",9,5,"Podyjí","0","hnízda housenek",NA,"alespoò 10 hnízda housenek"
2013,"CZ0624096","Podyjí","Eriogaster catax","Motýli","Èížov - Pod Keplemi","Èížov - Pod Keplemi","RP Jižní Morava","Správa NP Podyjí",8893478,32495273,2013-05-09,"Vítek Pavel","POP_PRESENCE",NA,"val","val","ano","lok","ano","ano",1,"bourovec trnkový","09.05.2013","09.05.2013",5370389,NA,"CZ0624096: Podyjí",100,0,5370389,100,"7161a",9,5,"Podyjí","0","hnízda housenek",NA,"ano"
2013,"CZ0624096","Podyjí","Eriogaster catax","Motýli","Èížov - Pod Keplemi","Èížov - Pod Keplemi","RP Jižní Morava","Správa NP Podyjí",8893478,32495273,2013-05-09,"Vítek Pavel","STA_LIKVIDACE",NA,"val","val","ne","lok","nezaznamenána",NA,NA,"bourovec trnkový","09.05.2013","09.05.2013",5370389,NA,"CZ0624096: Podyjí",100,0,5370389,100,"7161a",9,5,"Podyjí","0","hnízda housenek",NA,"nezaznamenána"
2013,"CZ0624096","Podyjí","Eriogaster catax","Motýli","Èížov - K rybníèku","Èížov - K rybníèku","RP Jižní Morava","Správa NP Podyjí",8893479,32495274,2013-10-09,"Vítek Pavel","CELKOVE_SUM",NA,NA,NA,NA,NA,NA,"1",0,"bourovec trnkový","09.10.2013","09.10.2013",5370390,NA,"CZ0624096: Podyjí",100,0,5370390,100,"7161a",9,10,"Podyjí","0","hnízda housenek",NA,NA
2013,"CZ0624096","Podyjí","Eriogaster catax","Motýli","Èížov - K rybníèku","Èížov - K rybníèku","RP Jižní Morava","Správa NP Podyjí",8893479,32495274,2013-10-09,"Vítek Pavel","CELKOVE_SUM",NA,NA,NA,NA,NA,NA,"1",1,"bourovec trnkový","09.10.2013","09.10.2013",5370390,NA,"CZ0624096: Podyjí",100,0,5370390,100,"7161a",9,10,"Podyjí","0","hnízda housenek",NA,NA
2013,"CZ0624096","Podyjí","Eriogaster catax","Motýli","Èížov - K rybníèku","Èížov - K rybníèku","RP Jižní Morava","Správa NP Podyjí",8893479,32495274,2013-10-09,"Vítek Pavel","CELKOVE_SUM",NA,NA,NA,NA,NA,NA,"1",NA,"bourovec trnkový","09.10.2013","09.10.2013",5370390,NA,"CZ0624096: Podyjí",100,0,5370390,100,"7161a",9,10,"Podyjí","0","hnízda housenek",NA,NA
2013,"CZ0624096","Podyjí","Eriogaster catax","Motýli","Èížov - K rybníèku","Èížov - K rybníèku","RP Jižní Morava","Správa NP Podyjí",8893479,32495274,2013-10-09,"Vítek Pavel","POP_POCETSUMLOKAL","hnízda housenek","min","minmax","ano","lok","10","1",0,"bourovec trnkový","09.10.2013","09.10.2013",5370390,NA,"CZ0624096: Podyjí",100,0,5370390,100,"7161a",9,10,"Podyjí","0","hnízda housenek",NA,"alespoò 10 hnízda housenek"
2013,"CZ0624096","Podyjí","Eriogaster catax","Motýli","Èížov - K rybníèku","Èížov - K rybníèku","RP Jižní Morava","Správa NP Podyjí",8893479,32495274,2013-10-09,"Vítek Pavel","POP_PRESENCE",NA,"val","val","ano","lok","ano","ano",1,"bourovec trnkový","09.10.2013","09.10.2013",5370390,NA,"CZ0624096: Podyjí",100,0,5370390,100,"7161a",9,10,"Podyjí","0","hnízda housenek",NA,"ano"
2013,"CZ0624096","Podyjí","Eriogaster catax","Motýli","Èížov - K rybníèku","Èížov - K rybníèku","RP Jižní Morava","Správa NP Podyjí",8893479,32495274,2013-10-09,"Vítek Pavel","STA_LIKVIDACE",NA,"val","val","ne","lok","nezaznamenána",NA,NA,"bourovec trnkový","09.10.2013","09.10.2013",5370390,NA,"CZ0624096: Podyjí",100,0,5370390,100,"7161a",9,10,"Podyjí","0","hnízda housenek",NA,"nezaznamenána"
2013,"CZ0724087","Újezdecký les","Eriogaster catax","Motýli","Újezdec u Luhaèovic","Újezdec u Luhaèovic","RP SCHKO Bílé Karpaty","Krajský úøad Zlínského kraje",8893481,32495277,2013-10-06,"Kopeèek František","CELKOVE_SUM",NA,NA,NA,NA,NA,NA,"1",0,"bourovec trnkový","06.10.2013","06.10.2013",5370392,NA,"CZ0724087: Újezdecký les",100,0,5370392,100,"6972c",6,10,"Újezdecký les","0","snùšky",NA,NA
2013,"CZ0724087","Újezdecký les","Eriogaster catax","Motýli","Újezdec u Luhaèovic","Újezdec u Luhaèovic","RP SCHKO Bílé Karpaty","Krajský úøad Zlínského kraje",8893481,32495277,2013-10-06,"Kopeèek František","CELKOVE_SUM",NA,NA,NA,NA,NA,NA,"1",1,"bourovec trnkový","06.10.2013","06.10.2013",5370392,NA,"CZ0724087: Újezdecký les",100,0,5370392,100,"6972c",6,10,"Újezdecký les","0","snùšky",NA,NA
2013,"CZ0724087","Újezdecký les","Eriogaster catax","Motýli","Újezdec u Luhaèovic","Újezdec u Luhaèovic","RP SCHKO Bílé Karpaty","Krajský úøad Zlínského kraje",8893481,32495277,2013-10-06,"Kopeèek František","CELKOVE_SUM",NA,NA,NA,NA,NA,NA,"1",NA,"bourovec trnkový","06.10.2013","06.10.2013",5370392,NA,"CZ0724087: Újezdecký les",100,0,5370392,100,"6972c",6,10,"Újezdecký les","0","snùšky",NA,NA
2013,"CZ0724087","Újezdecký les","Eriogaster catax","Motýli","Újezdec u Luhaèovic","Újezdec u Luhaèovic","RP SCHKO Bílé Karpaty","Krajský úøad Zlínského kraje",8893481,32495277,2013-10-06,"Kopeèek František","POP_POCETSUMLOKAL","hnízda housenek","min","minmax","ano","lok","10","0",0,"bourovec trnkový","06.10.2013","06.10.2013",5370392,NA,"CZ0724087: Újezdecký les",100,0,5370392,100,"6972c",6,10,"Újezdecký les","0","snùšky",NA,"alespoò 10 hnízda housenek"
2013,"CZ0724087","Újezdecký les","Eriogaster catax","Motýli","Újezdec u Luhaèovic","Újezdec u Luhaèovic","RP SCHKO Bílé Karpaty","Krajský úøad Zlínského kraje",8893481,32495277,2013-10-06,"Kopeèek František","POP_PRESENCE",NA,"val","val","ano","lok","ano","ano",1,"bourovec trnkový","06.10.2013","06.10.2013",5370392,NA,"CZ0724087: Újezdecký les",100,0,5370392,100,"6972c",6,10,"Újezdecký les","0","snùšky",NA,"ano"
2013,"CZ0724087","Újezdecký les","Eriogaster catax","Motýli","Újezdec u Luhaèovic","Újezdec u Luhaèovic","RP SCHKO Bílé Karpaty","Krajský úøad Zlínského kraje",8893481,32495277,2013-10-06,"Kopeèek František","STA_LIKVIDACE",NA,"val","val","ne","lok","nezaznamenána",NA,NA,"bourovec trnkový","06.10.2013","06.10.2013",5370392,NA,"CZ0724087: Újezdecký les",100,0,5370392,100,"6972c",6,10,"Újezdecký les","0","snùšky",NA,"nezaznamenána"
2013,"CZ0724087","Újezdecký les","Eriogaster catax","Motýli","Újezdec u Luhaèovic","Újezdec u Luhaèovic","RP SCHKO Bílé Karpaty","Krajský úøad Zlínského kraje",8893482,32495278,2013-10-06,"Kopeèek František","CELKOVE_SUM",NA,NA,NA,NA,NA,NA,"1",0,"bourovec trnkový","06.10.2013","06.10.2013",5370393,NA,"CZ0724087: Újezdecký les",100,0,5370393,100,"6972a",6,10,"Újezdecký les","0","snùšky",NA,NA
2013,"CZ0724087","Újezdecký les","Eriogaster catax","Motýli","Újezdec u Luhaèovic","Újezdec u Luhaèovic","RP SCHKO Bílé Karpaty","Krajský úøad Zlínského kraje",8893482,32495278,2013-10-06,"Kopeèek František","CELKOVE_SUM",NA,NA,NA,NA,NA,NA,"1",1,"bourovec trnkový","06.10.2013","06.10.2013",5370393,NA,"CZ0724087: Újezdecký les",100,0,5370393,100,"6972a",6,10,"Újezdecký les","0","snùšky",NA,NA
2013,"CZ0724087","Újezdecký les","Eriogaster catax","Motýli","Újezdec u Luhaèovic","Újezdec u Luhaèovic","RP SCHKO Bílé Karpaty","Krajský úøad Zlínského kraje",8893482,32495278,2013-10-06,"Kopeèek František","CELKOVE_SUM",NA,NA,NA,NA,NA,NA,"1",NA,"bourovec trnkový","06.10.2013","06.10.2013",5370393,NA,"CZ0724087: Újezdecký les",100,0,5370393,100,"6972a",6,10,"Újezdecký les","0","snùšky",NA,NA
2013,"CZ0724087","Újezdecký les","Eriogaster catax","Motýli","Újezdec u Luhaèovic","Újezdec u Luhaèovic","RP SCHKO Bílé Karpaty","Krajský úøad Zlínského kraje",8893482,32495278,2013-10-06,"Kopeèek František","POP_POCETSUMLOKAL","hnízda housenek","min","minmax","ano","lok","10","0",0,"bourovec trnkový","06.10.2013","06.10.2013",5370393,NA,"CZ0724087: Újezdecký les",100,0,5370393,100,"6972a",6,10,"Újezdecký les","0","snùšky",NA,"alespoò 10 hnízda housenek"
2013,"CZ0724087","Újezdecký les","Eriogaster catax","Motýli","Újezdec u Luhaèovic","Újezdec u Luhaèovic","RP SCHKO Bílé Karpaty","Krajský úøad Zlínského kraje",8893482,32495278,2013-10-06,"Kopeèek František","POP_PRESENCE",NA,"val","val","ano","lok","ano","ano",1,"bourovec trnkový","06.10.2013","06.10.2013",5370393,NA,"CZ0724087: Újezdecký les",100,0,5370393,100,"6972a",6,10,"Újezdecký les","0","snùšky",NA,"ano"
2013,"CZ0724087","Újezdecký les","Eriogaster catax","Motýli","Újezdec u Luhaèovic","Újezdec u Luhaèovic","RP SCHKO Bílé Karpaty","Krajský úøad Zlínského kraje",8893482,32495278,2013-10-06,"Kopeèek František","STA_LIKVIDACE",NA,"val","val","ne","lok","nezaznamenána",NA,NA,"bourovec trnkový","06.10.2013","06.10.2013",5370393,NA,"CZ0724087: Újezdecký les",100,0,5370393,100,"6972a",6,10,"Újezdecký les","0","snùšky",NA,"nezaznamenána"
2013,"CZ0723024","Rochus","Eriogaster catax","Motýli","Maøatice - Rochus","Maøatice - Rochus","RP SCHKO Bílé Karpaty","Krajský úøad Zlínského kraje",8893484,32495280,2013-05-01,"Kopeèek František","CELKOVE_SUM",NA,NA,NA,NA,NA,NA,"1",0,"bourovec trnkový","01.05.2013","04.05.2013",5370395,NA,"CZ0723024: Rochus",100,0,5370395,100,"6970b",1,5,"Rochus","0","hnízda housenek",NA,NA
2013,"CZ0723024","Rochus","Eriogaster catax","Motýli","Maøatice - Rochus","Maøatice - Rochus","RP SCHKO Bílé Karpaty","Krajský úøad Zlínského kraje",8893484,32495280,2013-05-01,"Kopeèek František","CELKOVE_SUM",NA,NA,NA,NA,NA,NA,"1",1,"bourovec trnkový","01.05.2013","04.05.2013",5370395,NA,"CZ0723024: Rochus",100,0,5370395,100,"6970b",1,5,"Rochus","0","hnízda housenek",NA,NA
2013,"CZ0723024","Rochus","Eriogaster catax","Motýli","Maøatice - Rochus","Maøatice - Rochus","RP SCHKO Bílé Karpaty","Krajský úøad Zlínského kraje",8893484,32495280,2013-05-01,"Kopeèek František","CELKOVE_SUM",NA,NA,NA,NA,NA,NA,"1",NA,"bourovec trnkový","01.05.2013","04.05.2013",5370395,NA,"CZ0723024: Rochus",100,0,5370395,100,"6970b",1,5,"Rochus","0","hnízda housenek",NA,NA
2013,"CZ0723024","Rochus","Eriogaster catax","Motýli","Maøatice - Rochus","Maøatice - Rochus","RP SCHKO Bílé Karpaty","Krajský úøad Zlínského kraje",8893484,32495280,2013-05-01,"Kopeèek František","POP_POCETSUMLOKAL","hnízda housenek","min","minmax","ano","lok","10","7",0,"bourovec trnkový","01.05.2013","04.05.2013",5370395,NA,"CZ0723024: Rochus",100,0,5370395,100,"6970b",1,5,"Rochus","0","hnízda housenek",NA,"alespoò 10 hnízda housenek"
2013,"CZ0723024","Rochus","Eriogaster catax","Motýli","Maøatice - Rochus","Maøatice - Rochus","RP SCHKO Bílé Karpaty","Krajský úøad Zlínského kraje",8893484,32495280,2013-05-01,"Kopeèek František","POP_PRESENCE",NA,"val","val","ano","lok","ano","ano",1,"bourovec trnkový","01.05.2013","04.05.2013",5370395,NA,"CZ0723024: Rochus",100,0,5370395,100,"6970b",1,5,"Rochus","0","hnízda housenek",NA,"ano"
2013,"CZ0723024","Rochus","Eriogaster catax","Motýli","Maøatice - Rochus","Maøatice - Rochus","RP SCHKO Bílé Karpaty","Krajský úøad Zlínského kraje",8893484,32495280,2013-05-01,"Kopeèek František","STA_LIKVIDACE",NA,"val","val","ne","lok","nezaznamenána",NA,NA,"bourovec trnkový","01.05.2013","04.05.2013",5370395,NA,"CZ0723024: Rochus",100,0,5370395,100,"6970b",1,5,"Rochus","0","hnízda housenek",NA,"nezaznamenána"
2014,"CZ0723430","Údolí Bánovského potoka","Eriogaster catax","Motýli","EVL Údolí Bánovského potoka","EVL Údolí Bánovského potoka","RP SCHKO Bílé Karpaty","Krajský úøad Zlínského kraje",9057203,32965132,2014-04-09,"Pazderová Miroslava","CELKOVE_SUM",NA,NA,NA,NA,NA,NA,"1",0,"bourovec trnkový","09.04.2014","09.04.2014",5418783,NA,"CZ0723430: Údolí Bánovského potoka",100,0,5418783,100,"6972c",9,4,"Údolí Bánovského potoka","0","hnízda housenek",NA,NA
2014,"CZ0723430","Údolí Bánovského potoka","Eriogaster catax","Motýli","EVL Údolí Bánovského potoka","EVL Údolí Bánovského potoka","RP SCHKO Bílé Karpaty","Krajský úøad Zlínského kraje",9057203,32965132,2014-04-09,"Pazderová Miroslava","CELKOVE_SUM",NA,NA,NA,NA,NA,NA,"1",1,"bourovec trnkový","09.04.2014","09.04.2014",5418783,NA,"CZ0723430: Údolí Bánovského potoka",100,0,5418783,100,"6972c",9,4,"Údolí Bánovského potoka","0","hnízda housenek",NA,NA
2014,"CZ0723430","Údolí Bánovského potoka","Eriogaster catax","Motýli","EVL Údolí Bánovského potoka","EVL Údolí Bánovského potoka","RP SCHKO Bílé Karpaty","Krajský úøad Zlínského kraje",9057203,32965132,2014-04-09,"Pazderová Miroslava","CELKOVE_SUM",NA,NA,NA,NA,NA,NA,"1",NA,"bourovec trnkový","09.04.2014","09.04.2014",5418783,NA,"CZ0723430: Údolí Bánovského potoka",100,0,5418783,100,"6972c",9,4,"Údolí Bánovského potoka","0","hnízda housenek",NA,NA
2014,"CZ0723430","Údolí Bánovského potoka","Eriogaster catax","Motýli","EVL Údolí Bánovského potoka","EVL Údolí Bánovského potoka","RP SCHKO Bílé Karpaty","Krajský úøad Zlínského kraje",9057203,32965132,2014-04-09,"Pazderová Miroslava","POP_POCETSUMLOKAL","hnízda housenek","min","minmax","ano","lok","10","2",0,"bourovec trnkový","09.04.2014","09.04.2014",5418783,NA,"CZ0723430: Údolí Bánovského potoka",100,0,5418783,100,"6972c",9,4,"Údolí Bánovského potoka","0","hnízda housenek",NA,"alespoò 10 hnízda housenek"
2014,"CZ0723430","Údolí Bánovského potoka","Eriogaster catax","Motýli","EVL Údolí Bánovského potoka","EVL Údolí Bánovského potoka","RP SCHKO Bílé Karpaty","Krajský úøad Zlínského kraje",9057203,32965132,2014-04-09,"Pazderová Miroslava","POP_PRESENCE",NA,"val","val","ano","lok","ano","ano",1,"bourovec trnkový","09.04.2014","09.04.2014",5418783,NA,"CZ0723430: Údolí Bánovského potoka",100,0,5418783,100,"6972c",9,4,"Údolí Bánovského potoka","0","hnízda housenek",NA,"ano"
2014,"CZ0723430","Údolí Bánovského potoka","Eriogaster catax","Motýli","EVL Údolí Bánovského potoka","EVL Údolí Bánovského potoka","RP SCHKO Bílé Karpaty","Krajský úøad Zlínského kraje",9057203,32965132,2014-04-09,"Pazderová Miroslava","STA_LIKVIDACE",NA,"val","val","ne","lok","nezaznamenána",NA,NA,"bourovec trnkový","09.04.2014","09.04.2014",5418783,NA,"CZ0723430: Údolí Bánovského potoka",100,0,5418783,100,"6972c",9,4,"Údolí Bánovského potoka","0","hnízda housenek",NA,"nezaznamenána"
2014,"CZ0723425","Stránì u Popovic","Eriogaster catax","Motýli","EVL Stránì u Popovic","EVL Stránì u Popovic","RP SCHKO Bílé Karpaty","Krajský úøad Zlínského kraje",9057205,32965134,2014-04-09,"Pazderová Miroslava","CELKOVE_SUM",NA,NA,NA,NA,NA,NA,"2",1,"bourovec trnkový","09.04.2014","09.04.2014",5418787,NA,"CZ0723425: Stránì u Popovic",41,0,5418787,100,"6971c",9,4,"Stránì u Popovic","0","hnízda housenek",NA,NA
2014,"CZ0723425","Stránì u Popovic","Eriogaster catax","Motýli","EVL Stránì u Popovic","EVL Stránì u Popovic","RP SCHKO Bílé Karpaty","Krajský úøad Zlínského kraje",9057205,32965134,2014-04-09,"Pazderová Miroslava","CELKOVE_SUM",NA,NA,NA,NA,NA,NA,"2",NA,"bourovec trnkový","09.04.2014","09.04.2014",5418787,NA,"CZ0723425: Stránì u Popovic",41,0,5418787,100,"6971c",9,4,"Stránì u Popovic","0","hnízda housenek",NA,NA
2014,"CZ0723425","Stránì u Popovic","Eriogaster catax","Motýli","EVL Stránì u Popovic","EVL Stránì u Popovic","RP SCHKO Bílé Karpaty","Krajský úøad Zlínského kraje",9057205,32965134,2014-04-09,"Pazderová Miroslava","POP_POCETSUMLOKAL","hnízda housenek","min","minmax","ano","lok","10","10",1,"bourovec trnkový","09.04.2014","09.04.2014",5418787,NA,"CZ0723425: Stránì u Popovic",41,0,5418787,100,"6971c",9,4,"Stránì u Popovic","0","hnízda housenek",NA,"alespoò 10 hnízda housenek"
2014,"CZ0723425","Stránì u Popovic","Eriogaster catax","Motýli","EVL Stránì u Popovic","EVL Stránì u Popovic","RP SCHKO Bílé Karpaty","Krajský úøad Zlínského kraje",9057205,32965134,2014-04-09,"Pazderová Miroslava","POP_PRESENCE",NA,"val","val","ano","lok","ano","ano",1,"bourovec trnkový","09.04.2014","09.04.2014",5418787,NA,"CZ0723425: Stránì u Popovic",41,0,5418787,100,"6971c",9,4,"Stránì u Popovic","0","hnízda housenek",NA,"ano"
2014,"CZ0723425","Stránì u Popovic","Eriogaster catax","Motýli","EVL Stránì u Popovic","EVL Stránì u Popovic","RP SCHKO Bílé Karpaty","Krajský úøad Zlínského kraje",9057205,32965134,2014-04-09,"Pazderová Miroslava","STA_LIKVIDACE",NA,"val","val","ne","lok","nezaznamenána",NA,NA,"bourovec trnkový","09.04.2014","09.04.2014",5418787,NA,"CZ0723425: Stránì u Popovic",41,0,5418787,100,"6971c",9,4,"Stránì u Popovic","0","hnízda housenek",NA,"nezaznamenána"
2014,"CZ0723425","Stránì u Popovic","Eriogaster catax","Motýli","EVL Stránì u Popovic","EVL Stránì u Popovic","RP SCHKO Bílé Karpaty","Krajský úøad Zlínského kraje",9057206,32965135,2014-04-09,"Pazderová Miroslava","CELKOVE_SUM",NA,NA,NA,NA,NA,NA,"2",1,"bourovec trnkový","09.04.2014","09.04.2014",5418789,NA,"CZ0723425: Stránì u Popovic",100,0,5418789,100,"6971c",9,4,"Stránì u Popovic","0","hnízda housenek",NA,NA
2014,"CZ0723425","Stránì u Popovic","Eriogaster catax","Motýli","EVL Stránì u Popovic","EVL Stránì u Popovic","RP SCHKO Bílé Karpaty","Krajský úøad Zlínského kraje",9057206,32965135,2014-04-09,"Pazderová Miroslava","CELKOVE_SUM",NA,NA,NA,NA,NA,NA,"2",NA,"bourovec trnkový","09.04.2014","09.04.2014",5418789,NA,"CZ0723425: Stránì u Popovic",100,0,5418789,100,"6971c",9,4,"Stránì u Popovic","0","hnízda housenek",NA,NA
2014,"CZ0723425","Stránì u Popovic","Eriogaster catax","Motýli","EVL Stránì u Popovic","EVL Stránì u Popovic","RP SCHKO Bílé Karpaty","Krajský úøad Zlínského kraje",9057206,32965135,2014-04-09,"Pazderová Miroslava","POP_POCETSUMLOKAL","hnízda housenek","min","minmax","ano","lok","10","10",1,"bourovec trnkový","09.04.2014","09.04.2014",5418789,NA,"CZ0723425: Stránì u Popovic",100,0,5418789,100,"6971c",9,4,"Stránì u Popovic","0","hnízda housenek",NA,"alespoò 10 hnízda housenek"
2014,"CZ0723425","Stránì u Popovic","Eriogaster catax","Motýli","EVL Stránì u Popovic","EVL Stránì u Popovic","RP SCHKO Bílé Karpaty","Krajský úøad Zlínského kraje",9057206,32965135,2014-04-09,"Pazderová Miroslava","POP_PRESENCE",NA,"val","val","ano","lok","ano","ano",1,"bourovec trnkový","09.04.2014","09.04.2014",5418789,NA,"CZ0723425: Stránì u Popovic",100,0,5418789,100,"6971c",9,4,"Stránì u Popovic","0","hnízda housenek",NA,"ano"
2014,"CZ0723425","Stránì u Popovic","Eriogaster catax","Motýli","EVL Stránì u Popovic","EVL Stránì u Popovic","RP SCHKO Bílé Karpaty","Krajský úøad Zlínského kraje",9057206,32965135,2014-04-09,"Pazderová Miroslava","STA_LIKVIDACE",NA,"val","val","ne","lok","nezaznamenána",NA,NA,"bourovec trnkový","09.04.2014","09.04.2014",5418789,NA,"CZ0723425: Stránì u Popovic",100,0,5418789,100,"6971c",9,4,"Stránì u Popovic","0","hnízda housenek",NA,"nezaznamenána"
2014,"CZ0723425","Stránì u Popovic","Eriogaster catax","Motýli","EVL Stránì u Popovic","EVL Stránì u Popovic","RP SCHKO Bílé Karpaty","Krajský úøad Zlínského kraje",9057209,32965138,2014-04-09,"Pazderová Miroslava","CELKOVE_SUM",NA,NA,NA,NA,NA,NA,"2",1,"bourovec trnkový","09.04.2014","09.04.2014",5418791,NA,"CZ0723425: Stránì u Popovic",100,0,5418791,100,"6971c",9,4,"Stránì u Popovic","0","hnízda housenek",NA,NA
2014,"CZ0723425","Stránì u Popovic","Eriogaster catax","Motýli","EVL Stránì u Popovic","EVL Stránì u Popovic","RP SCHKO Bílé Karpaty","Krajský úøad Zlínského kraje",9057209,32965138,2014-04-09,"Pazderová Miroslava","CELKOVE_SUM",NA,NA,NA,NA,NA,NA,"2",NA,"bourovec trnkový","09.04.2014","09.04.2014",5418791,NA,"CZ0723425: Stránì u Popovic",100,0,5418791,100,"6971c",9,4,"Stránì u Popovic","0","hnízda housenek",NA,NA
2014,"CZ0723425","Stránì u Popovic","Eriogaster catax","Motýli","EVL Stránì u Popovic","EVL Stránì u Popovic","RP SCHKO Bílé Karpaty","Krajský úøad Zlínského kraje",9057209,32965138,2014-04-09,"Pazderová Miroslava","POP_POCETSUMLOKAL","hnízda housenek","min","minmax","ano","lok","10","10",1,"bourovec trnkový","09.04.2014","09.04.2014",5418791,NA,"CZ0723425: Stránì u Popovic",100,0,5418791,100,"6971c",9,4,"Stránì u Popovic","0","hnízda housenek",NA,"alespoò 10 hnízda housenek"
2014,"CZ0723425","Stránì u Popovic","Eriogaster catax","Motýli","EVL Stránì u Popovic","EVL Stránì u Popovic","RP SCHKO Bílé Karpaty","Krajský úøad Zlínského kraje",9057209,32965138,2014-04-09,"Pazderová Miroslava","POP_PRESENCE",NA,"val","val","ano","lok","ano","ano",1,"bourovec trnkový","09.04.2014","09.04.2014",5418791,NA,"CZ0723425: Stránì u Popovic",100,0,5418791,100,"6971c",9,4,"Stránì u Popovic","0","hnízda housenek",NA,"ano"
2014,"CZ0723425","Stránì u Popovic","Eriogaster catax","Motýli","EVL Stránì u Popovic","EVL Stránì u Popovic","RP SCHKO Bílé Karpaty","Krajský úøad Zlínského kraje",9057209,32965138,2014-04-09,"Pazderová Miroslava","STA_LIKVIDACE",NA,"val","val","ne","lok","nezaznamenána",NA,NA,"bourovec trnkový","09.04.2014","09.04.2014",5418791,NA,"CZ0723425: Stránì u Popovic",100,0,5418791,100,"6971c",9,4,"Stránì u Popovic","0","hnízda housenek",NA,"nezaznamenána"
2014,"CZ0724090","Bílé Karpaty","Eriogaster catax","Motýli","Nová Lhota u Veselí nad Moravou","Nová Lhota u Veselí nad Moravou","RP SCHKO Bílé Karpaty","AOPK ÈR - RP SCHKO Bílé Karpaty",9130334,33731945,2014-04-12,"Zapletal Michal","CELKOVE_SUM",NA,NA,NA,NA,NA,NA,"1",0,"bourovec trnkový","12.04.2014","12.04.2014",5483984,NA,"CZ0724090: Bílé Karpaty",100,0,5483984,100,"7171a",12,4,"Bílé Karpaty","0","hnízda housenek",NA,NA
2014,"CZ0724090","Bílé Karpaty","Eriogaster catax","Motýli","Nová Lhota u Veselí nad Moravou","Nová Lhota u Veselí nad Moravou","RP SCHKO Bílé Karpaty","AOPK ÈR - RP SCHKO Bílé Karpaty",9130334,33731945,2014-04-12,"Zapletal Michal","CELKOVE_SUM",NA,NA,NA,NA,NA,NA,"1",1,"bourovec trnkový","12.04.2014","12.04.2014",5483984,NA,"CZ0724090: Bílé Karpaty",100,0,5483984,100,"7171a",12,4,"Bílé Karpaty","0","hnízda housenek",NA,NA
2014,"CZ0724090","Bílé Karpaty","Eriogaster catax","Motýli","Nová Lhota u Veselí nad Moravou","Nová Lhota u Veselí nad Moravou","RP SCHKO Bílé Karpaty","AOPK ÈR - RP SCHKO Bílé Karpaty",9130334,33731945,2014-04-12,"Zapletal Michal","CELKOVE_SUM",NA,NA,NA,NA,NA,NA,"1",NA,"bourovec trnkový","12.04.2014","12.04.2014",5483984,NA,"CZ0724090: Bílé Karpaty",100,0,5483984,100,"7171a",12,4,"Bílé Karpaty","0","hnízda housenek",NA,NA
2014,"CZ0724090","Bílé Karpaty","Eriogaster catax","Motýli","Nová Lhota u Veselí nad Moravou","Nová Lhota u Veselí nad Moravou","RP SCHKO Bílé Karpaty","AOPK ÈR - RP SCHKO Bílé Karpaty",9130334,33731945,2014-04-12,"Zapletal Michal","POP_POCETSUMLOKAL","hnízda housenek","min","minmax","ano","lok","10","0",0,"bourovec trnkový","12.04.2014","12.04.2014",5483984,NA,"CZ0724090: Bílé Karpaty",100,0,5483984,100,"7171a",12,4,"Bílé Karpaty","0","hnízda housenek",NA,"alespoò 10 hnízda housenek"
2014,"CZ0724090","Bílé Karpaty","Eriogaster catax","Motýli","Nová Lhota u Veselí nad Moravou","Nová Lhota u Veselí nad Moravou","RP SCHKO Bílé Karpaty","AOPK ÈR - RP SCHKO Bílé Karpaty",9130334,33731945,2014-04-12,"Zapletal Michal","POP_PRESENCE",NA,"val","val","ano","lok","ano","ano",1,"bourovec trnkový","12.04.2014","12.04.2014",5483984,NA,"CZ0724090: Bílé Karpaty",100,0,5483984,100,"7171a",12,4,"Bílé Karpaty","0","hnízda housenek",NA,"ano"
2014,"CZ0724090","Bílé Karpaty","Eriogaster catax","Motýli","Nová Lhota u Veselí nad Moravou","Nová Lhota u Veselí nad Moravou","RP SCHKO Bílé Karpaty","AOPK ÈR - RP SCHKO Bílé Karpaty",9130334,33731945,2014-04-12,"Zapletal Michal","STA_LIKVIDACE",NA,"val","val","ne","lok","nezaznamenána",NA,NA,"bourovec trnkový","12.04.2014","12.04.2014",5483984,NA,"CZ0724090: Bílé Karpaty",100,0,5483984,100,"7171a",12,4,"Bílé Karpaty","0","hnízda housenek",NA,"nezaznamenána"
2015,"CZ0622218","Dunajovické kopce","Eriogaster catax","Motýli","Dolní Dunajovice","Dolní Dunajovice","RP Jižní Morava","AOPK ÈR - RP Jižní Morava",9533779,36059934,2015-04-25,"Fišer Marek","CELKOVE_SUM",NA,NA,NA,NA,NA,NA,"1",0,"bourovec trnkový","25.04.2015","25.04.2015",5825563,NA,"CZ0622218: Dunajovické kopce",100,0,5825563,100,"7165c",25,4,"Dunajovické kopce","0","housenky",NA,NA
2015,"CZ0622218","Dunajovické kopce","Eriogaster catax","Motýli","Dolní Dunajovice","Dolní Dunajovice","RP Jižní Morava","AOPK ÈR - RP Jižní Morava",9533779,36059934,2015-04-25,"Fišer Marek","CELKOVE_SUM",NA,NA,NA,NA,NA,NA,"1",1,"bourovec trnkový","25.04.2015","25.04.2015",5825563,NA,"CZ0622218: Dunajovické kopce",100,0,5825563,100,"7165c",25,4,"Dunajovické kopce","0","housenky",NA,NA
2015,"CZ0622218","Dunajovické kopce","Eriogaster catax","Motýli","Dolní Dunajovice","Dolní Dunajovice","RP Jižní Morava","AOPK ÈR - RP Jižní Morava",9533779,36059934,2015-04-25,"Fišer Marek","CELKOVE_SUM",NA,NA,NA,NA,NA,NA,"1",NA,"bourovec trnkový","25.04.2015","25.04.2015",5825563,NA,"CZ0622218: Dunajovické kopce",100,0,5825563,100,"7165c",25,4,"Dunajovické kopce","0","housenky",NA,NA
2015,"CZ0622218","Dunajovické kopce","Eriogaster catax","Motýli","Dolní Dunajovice","Dolní Dunajovice","RP Jižní Morava","AOPK ÈR - RP Jižní Morava",9533779,36059934,2015-04-25,"Fišer Marek","POP_POCETSUMLOKAL","hnízda housenek","min","minmax","ano","lok","10","0",0,"bourovec trnkový","25.04.2015","25.04.2015",5825563,NA,"CZ0622218: Dunajovické kopce",100,0,5825563,100,"7165c",25,4,"Dunajovické kopce","0","housenky",NA,"alespoò 10 hnízda housenek"
2015,"CZ0622218","Dunajovické kopce","Eriogaster catax","Motýli","Dolní Dunajovice","Dolní Dunajovice","RP Jižní Morava","AOPK ÈR - RP Jižní Morava",9533779,36059934,2015-04-25,"Fišer Marek","POP_PRESENCE",NA,"val","val","ano","lok","ano","ano",1,"bourovec trnkový","25.04.2015","25.04.2015",5825563,NA,"CZ0622218: Dunajovické kopce",100,0,5825563,100,"7165c",25,4,"Dunajovické kopce","0","housenky",NA,"ano"
2015,"CZ0622218","Dunajovické kopce","Eriogaster catax","Motýli","Dolní Dunajovice","Dolní Dunajovice","RP Jižní Morava","AOPK ÈR - RP Jižní Morava",9533779,36059934,2015-04-25,"Fišer Marek","STA_LIKVIDACE",NA,"val","val","ne","lok","nezaznamenána",NA,NA,"bourovec trnkový","25.04.2015","25.04.2015",5825563,NA,"CZ0622218: Dunajovické kopce",100,0,5825563,100,"7165c",25,4,"Dunajovické kopce","0","housenky",NA,"nezaznamenána"
2015,"CZ0723024","Rochus","Eriogaster catax","Motýli","Jarošov u Uherského Hradištì","Jarošov u Uherského Hradištì","RP SCHKO Bílé Karpaty","Krajský úøad Zlínského kraje",9533899,36060339,2015-04-27,"Zapletal Michal","CELKOVE_SUM",NA,NA,NA,NA,NA,NA,"1",0,"bourovec trnkový","27.04.2015","27.04.2015",5825676,NA,"CZ0723024: Rochus",100,0,5825676,100,"6970b",27,4,"Rochus","0","housenky",NA,NA
2015,"CZ0723024","Rochus","Eriogaster catax","Motýli","Jarošov u Uherského Hradištì","Jarošov u Uherského Hradištì","RP SCHKO Bílé Karpaty","Krajský úøad Zlínského kraje",9533899,36060339,2015-04-27,"Zapletal Michal","CELKOVE_SUM",NA,NA,NA,NA,NA,NA,"1",1,"bourovec trnkový","27.04.2015","27.04.2015",5825676,NA,"CZ0723024: Rochus",100,0,5825676,100,"6970b",27,4,"Rochus","0","housenky",NA,NA
2015,"CZ0723024","Rochus","Eriogaster catax","Motýli","Jarošov u Uherského Hradištì","Jarošov u Uherského Hradištì","RP SCHKO Bílé Karpaty","Krajský úøad Zlínského kraje",9533899,36060339,2015-04-27,"Zapletal Michal","CELKOVE_SUM",NA,NA,NA,NA,NA,NA,"1",NA,"bourovec trnkový","27.04.2015","27.04.2015",5825676,NA,"CZ0723024: Rochus",100,0,5825676,100,"6970b",27,4,"Rochus","0","housenky",NA,NA
2015,"CZ0723024","Rochus","Eriogaster catax","Motýli","Jarošov u Uherského Hradištì","Jarošov u Uherského Hradištì","RP SCHKO Bílé Karpaty","Krajský úøad Zlínského kraje",9533899,36060339,2015-04-27,"Zapletal Michal","POP_POCETSUMLOKAL","hnízda housenek","min","minmax","ano","lok","10","0",0,"bourovec trnkový","27.04.2015","27.04.2015",5825676,NA,"CZ0723024: Rochus",100,0,5825676,100,"6970b",27,4,"Rochus","0","housenky",NA,"alespoò 10 hnízda housenek"
2015,"CZ0723024","Rochus","Eriogaster catax","Motýli","Jarošov u Uherského Hradištì","Jarošov u Uherského Hradištì","RP SCHKO Bílé Karpaty","Krajský úøad Zlínského kraje",9533899,36060339,2015-04-27,"Zapletal Michal","POP_PRESENCE",NA,"val","val","ano","lok","ano","ano",1,"bourovec trnkový","27.04.2015","27.04.2015",5825676,NA,"CZ0723024: Rochus",100,0,5825676,100,"6970b",27,4,"Rochus","0","housenky",NA,"ano"
2015,"CZ0723024","Rochus","Eriogaster catax","Motýli","Jarošov u Uherského Hradištì","Jarošov u Uherského Hradištì","RP SCHKO Bílé Karpaty","Krajský úøad Zlínského kraje",9533899,36060339,2015-04-27,"Zapletal Michal","STA_LIKVIDACE",NA,"val","val","ne","lok","nezaznamenána",NA,NA,"bourovec trnkový","27.04.2015","27.04.2015",5825676,NA,"CZ0723024: Rochus",100,0,5825676,100,"6970b",27,4,"Rochus","0","housenky",NA,"nezaznamenána"
2015,"CZ0623046","Trávní dvùr","Eriogaster catax","Motýli","Hrabìtice","Hrabìtice","RP Jižní Morava","Krajský úøad Jihomoravského kraje",9534473,36061802,2015-05-19,"Zapletal Michal","CELKOVE_SUM",NA,NA,NA,NA,NA,NA,"1",0,"bourovec trnkový","19.05.2015","19.05.2015",5826248,NA,"CZ0623046: Trávní dvùr",100,0,5826248,100,"7264b",19,5,"Trávní dvùr","0","housenky",NA,NA
2015,"CZ0623046","Trávní dvùr","Eriogaster catax","Motýli","Hrabìtice","Hrabìtice","RP Jižní Morava","Krajský úøad Jihomoravského kraje",9534473,36061802,2015-05-19,"Zapletal Michal","CELKOVE_SUM",NA,NA,NA,NA,NA,NA,"1",1,"bourovec trnkový","19.05.2015","19.05.2015",5826248,NA,"CZ0623046: Trávní dvùr",100,0,5826248,100,"7264b",19,5,"Trávní dvùr","0","housenky",NA,NA
2015,"CZ0623046","Trávní dvùr","Eriogaster catax","Motýli","Hrabìtice","Hrabìtice","RP Jižní Morava","Krajský úøad Jihomoravského kraje",9534473,36061802,2015-05-19,"Zapletal Michal","CELKOVE_SUM",NA,NA,NA,NA,NA,NA,"1",NA,"bourovec trnkový","19.05.2015","19.05.2015",5826248,NA,"CZ0623046: Trávní dvùr",100,0,5826248,100,"7264b",19,5,"Trávní dvùr","0","housenky",NA,NA
2015,"CZ0623046","Trávní dvùr","Eriogaster catax","Motýli","Hrabìtice","Hrabìtice","RP Jižní Morava","Krajský úøad Jihomoravského kraje",9534473,36061802,2015-05-19,"Zapletal Michal","POP_POCETSUMLOKAL","hnízda housenek","min","minmax","ano","lok","10","0",0,"bourovec trnkový","19.05.2015","19.05.2015",5826248,NA,"CZ0623046: Trávní dvùr",100,0,5826248,100,"7264b",19,5,"Trávní dvùr","0","housenky",NA,"alespoò 10 hnízda housenek"
2015,"CZ0623046","Trávní dvùr","Eriogaster catax","Motýli","Hrabìtice","Hrabìtice","RP Jižní Morava","Krajský úøad Jihomoravského kraje",9534473,36061802,2015-05-19,"Zapletal Michal","POP_PRESENCE",NA,"val","val","ano","lok","ano","ano",1,"bourovec trnkový","19.05.2015","19.05.2015",5826248,NA,"CZ0623046: Trávní dvùr",100,0,5826248,100,"7264b",19,5,"Trávní dvùr","0","housenky",NA,"ano"
2015,"CZ0623046","Trávní dvùr","Eriogaster catax","Motýli","Hrabìtice","Hrabìtice","RP Jižní Morava","Krajský úøad Jihomoravského kraje",9534473,36061802,2015-05-19,"Zapletal Michal","STA_LIKVIDACE",NA,"val","val","ne","lok","nezaznamenána",NA,NA,"bourovec trnkový","19.05.2015","19.05.2015",5826248,NA,"CZ0623046: Trávní dvùr",100,0,5826248,100,"7264b",19,5,"Trávní dvùr","0","housenky",NA,"nezaznamenána"
2015,"CZ0724087","Újezdecký les","Eriogaster catax","Motýli","Újezdec u Luhaèovic","Újezdec u Luhaèovic","RP SCHKO Bílé Karpaty","Krajský úøad Zlínského kraje",9535971,36068182,2015-04-19,"Kopeèek František","CELKOVE_SUM",NA,NA,NA,NA,NA,NA,"1",0,"bourovec trnkový","19.04.2015","19.04.2015",5827520,NA,"CZ0724087: Újezdecký les",100,0,5827520,100,"6972a",19,4,"Újezdecký les","0","hnízda housenek",NA,NA
2015,"CZ0724087","Újezdecký les","Eriogaster catax","Motýli","Újezdec u Luhaèovic","Újezdec u Luhaèovic","RP SCHKO Bílé Karpaty","Krajský úøad Zlínského kraje",9535971,36068182,2015-04-19,"Kopeèek František","CELKOVE_SUM",NA,NA,NA,NA,NA,NA,"1",1,"bourovec trnkový","19.04.2015","19.04.2015",5827520,NA,"CZ0724087: Újezdecký les",100,0,5827520,100,"6972a",19,4,"Újezdecký les","0","hnízda housenek",NA,NA
2015,"CZ0724087","Újezdecký les","Eriogaster catax","Motýli","Újezdec u Luhaèovic","Újezdec u Luhaèovic","RP SCHKO Bílé Karpaty","Krajský úøad Zlínského kraje",9535971,36068182,2015-04-19,"Kopeèek František","CELKOVE_SUM",NA,NA,NA,NA,NA,NA,"1",NA,"bourovec trnkový","19.04.2015","19.04.2015",5827520,NA,"CZ0724087: Újezdecký les",100,0,5827520,100,"6972a",19,4,"Újezdecký les","0","hnízda housenek",NA,NA
2015,"CZ0724087","Újezdecký les","Eriogaster catax","Motýli","Újezdec u Luhaèovic","Újezdec u Luhaèovic","RP SCHKO Bílé Karpaty","Krajský úøad Zlínského kraje",9535971,36068182,2015-04-19,"Kopeèek František","POP_POCETSUMLOKAL","hnízda housenek","min","minmax","ano","lok","10","3",0,"bourovec trnkový","19.04.2015","19.04.2015",5827520,NA,"CZ0724087: Újezdecký les",100,0,5827520,100,"6972a",19,4,"Újezdecký les","0","hnízda housenek",NA,"alespoò 10 hnízda housenek"
2015,"CZ0724087","Újezdecký les","Eriogaster catax","Motýli","Újezdec u Luhaèovic","Újezdec u Luhaèovic","RP SCHKO Bílé Karpaty","Krajský úøad Zlínského kraje",9535971,36068182,2015-04-19,"Kopeèek František","POP_PRESENCE",NA,"val","val","ano","lok","ano","ano",1,"bourovec trnkový","19.04.2015","19.04.2015",5827520,NA,"CZ0724087: Újezdecký les",100,0,5827520,100,"6972a",19,4,"Újezdecký les","0","hnízda housenek",NA,"ano"
2015,"CZ0724087","Újezdecký les","Eriogaster catax","Motýli","Újezdec u Luhaèovic","Újezdec u Luhaèovic","RP SCHKO Bílé Karpaty","Krajský úøad Zlínského kraje",9535971,36068182,2015-04-19,"Kopeèek František","STA_LIKVIDACE",NA,"val","val","ne","lok","nezaznamenána",NA,NA,"bourovec trnkový","19.04.2015","19.04.2015",5827520,NA,"CZ0724087: Újezdecký les",100,0,5827520,100,"6972a",19,4,"Újezdecký les","0","hnízda housenek",NA,"nezaznamenána"
2013,"CZ0624072","Èertoryje","Eriogaster catax","Motýli","7170-14","7170-14","RP SCHKO Bílé Karpaty","AOPK ÈR - RP SCHKO Bílé Karpaty",9653514,36859820,2013-05-10,"Holomek Josef","CELKOVE_SUM",NA,NA,NA,NA,NA,NA,"1",0,"bourovec trnkový","10.05.2013","10.05.2013",5918668,NA,"CZ0624072: Èertoryje",91,0,5918668,100,"7170a",10,5,"Èertoryje","0","hnízda housenek",NA,NA
2013,"CZ0624072","Èertoryje","Eriogaster catax","Motýli","7170-14","7170-14","RP SCHKO Bílé Karpaty","AOPK ÈR - RP SCHKO Bílé Karpaty",9653514,36859820,2013-05-10,"Holomek Josef","CELKOVE_SUM",NA,NA,NA,NA,NA,NA,"1",1,"bourovec trnkový","10.05.2013","10.05.2013",5918668,NA,"CZ0624072: Èertoryje",91,0,5918668,100,"7170a",10,5,"Èertoryje","0","hnízda housenek",NA,NA
2013,"CZ0624072","Èertoryje","Eriogaster catax","Motýli","7170-14","7170-14","RP SCHKO Bílé Karpaty","AOPK ÈR - RP SCHKO Bílé Karpaty",9653514,36859820,2013-05-10,"Holomek Josef","CELKOVE_SUM",NA,NA,NA,NA,NA,NA,"1",NA,"bourovec trnkový","10.05.2013","10.05.2013",5918668,NA,"CZ0624072: Èertoryje",91,0,5918668,100,"7170a",10,5,"Èertoryje","0","hnízda housenek",NA,NA
2013,"CZ0624072","Èertoryje","Eriogaster catax","Motýli","7170-14","7170-14","RP SCHKO Bílé Karpaty","AOPK ÈR - RP SCHKO Bílé Karpaty",9653514,36859820,2013-05-10,"Holomek Josef","POP_POCETSUMLOKAL","hnízda housenek","min","minmax","ano","lok","10","0",0,"bourovec trnkový","10.05.2013","10.05.2013",5918668,NA,"CZ0624072: Èertoryje",91,0,5918668,100,"7170a",10,5,"Èertoryje","0","hnízda housenek",NA,"alespoò 10 hnízda housenek"
2013,"CZ0624072","Èertoryje","Eriogaster catax","Motýli","7170-14","7170-14","RP SCHKO Bílé Karpaty","AOPK ÈR - RP SCHKO Bílé Karpaty",9653514,36859820,2013-05-10,"Holomek Josef","POP_PRESENCE",NA,"val","val","ano","lok","ano","ano",1,"bourovec trnkový","10.05.2013","10.05.2013",5918668,NA,"CZ0624072: Èertoryje",91,0,5918668,100,"7170a",10,5,"Èertoryje","0","hnízda housenek",NA,"ano"
2013,"CZ0624072","Èertoryje","Eriogaster catax","Motýli","7170-14","7170-14","RP SCHKO Bílé Karpaty","AOPK ÈR - RP SCHKO Bílé Karpaty",9653514,36859820,2013-05-10,"Holomek Josef","STA_LIKVIDACE",NA,"val","val","ne","lok","nezaznamenána",NA,NA,"bourovec trnkový","10.05.2013","10.05.2013",5918668,NA,"CZ0624072: Èertoryje",91,0,5918668,100,"7170a",10,5,"Èertoryje","0","hnízda housenek",NA,"nezaznamenána"
2013,"CZ0724090","Bílé Karpaty","Eriogaster catax","Motýli","7171-13","7171-13","RP SCHKO Bílé Karpaty","AOPK ÈR - RP SCHKO Bílé Karpaty",9653691,36862860,2013-05-05,"Tomeèek Vojtìch","CELKOVE_SUM",NA,NA,NA,NA,NA,NA,"1",0,"bourovec trnkový","05.05.2013","05.05.2013",5918678,NA,"CZ0724090: Bílé Karpaty",20,0,5918678,100,"7171a",5,5,"Bílé Karpaty","0","hnízda housenek",NA,NA
2013,"CZ0724090","Bílé Karpaty","Eriogaster catax","Motýli","7171-13","7171-13","RP SCHKO Bílé Karpaty","AOPK ÈR - RP SCHKO Bílé Karpaty",9653691,36862860,2013-05-05,"Tomeèek Vojtìch","CELKOVE_SUM",NA,NA,NA,NA,NA,NA,"1",1,"bourovec trnkový","05.05.2013","05.05.2013",5918678,NA,"CZ0724090: Bílé Karpaty",20,0,5918678,100,"7171a",5,5,"Bílé Karpaty","0","hnízda housenek",NA,NA
2013,"CZ0724090","Bílé Karpaty","Eriogaster catax","Motýli","7171-13","7171-13","RP SCHKO Bílé Karpaty","AOPK ÈR - RP SCHKO Bílé Karpaty",9653691,36862860,2013-05-05,"Tomeèek Vojtìch","CELKOVE_SUM",NA,NA,NA,NA,NA,NA,"1",NA,"bourovec trnkový","05.05.2013","05.05.2013",5918678,NA,"CZ0724090: Bílé Karpaty",20,0,5918678,100,"7171a",5,5,"Bílé Karpaty","0","hnízda housenek",NA,NA
2013,"CZ0724090","Bílé Karpaty","Eriogaster catax","Motýli","7171-13","7171-13","RP SCHKO Bílé Karpaty","AOPK ÈR - RP SCHKO Bílé Karpaty",9653691,36862860,2013-05-05,"Tomeèek Vojtìch","POP_POCETSUMLOKAL","hnízda housenek","min","minmax","ano","lok","10","0",0,"bourovec trnkový","05.05.2013","05.05.2013",5918678,NA,"CZ0724090: Bílé Karpaty",20,0,5918678,100,"7171a",5,5,"Bílé Karpaty","0","hnízda housenek",NA,"alespoò 10 hnízda housenek"
2013,"CZ0724090","Bílé Karpaty","Eriogaster catax","Motýli","7171-13","7171-13","RP SCHKO Bílé Karpaty","AOPK ÈR - RP SCHKO Bílé Karpaty",9653691,36862860,2013-05-05,"Tomeèek Vojtìch","POP_PRESENCE",NA,"val","val","ano","lok","ano","ano",1,"bourovec trnkový","05.05.2013","05.05.2013",5918678,NA,"CZ0724090: Bílé Karpaty",20,0,5918678,100,"7171a",5,5,"Bílé Karpaty","0","hnízda housenek",NA,"ano"
2013,"CZ0724090","Bílé Karpaty","Eriogaster catax","Motýli","7171-13","7171-13","RP SCHKO Bílé Karpaty","AOPK ÈR - RP SCHKO Bílé Karpaty",9653691,36862860,2013-05-05,"Tomeèek Vojtìch","STA_LIKVIDACE",NA,"val","val","ne","lok","nezaznamenána",NA,NA,"bourovec trnkový","05.05.2013","05.05.2013",5918678,NA,"CZ0724090: Bílé Karpaty",20,0,5918678,100,"7171a",5,5,"Bílé Karpaty","0","hnízda housenek",NA,"nezaznamenána"
2015,"CZ0724090","Bílé Karpaty","Eriogaster catax","Motýli","7171-13","7171-13","RP SCHKO Bílé Karpaty","AOPK ÈR - RP SCHKO Bílé Karpaty",9653707,36863238,2015-05-02,"Tomeèek Vojtìch","CELKOVE_SUM",NA,NA,NA,NA,NA,NA,"1",0,"bourovec trnkový","02.05.2015","02.05.2015",5918678,NA,"CZ0724090: Bílé Karpaty",20,0,5918678,100,"7171a",2,5,"Bílé Karpaty","0","hnízda housenek",NA,NA
2015,"CZ0724090","Bílé Karpaty","Eriogaster catax","Motýli","7171-13","7171-13","RP SCHKO Bílé Karpaty","AOPK ÈR - RP SCHKO Bílé Karpaty",9653707,36863238,2015-05-02,"Tomeèek Vojtìch","CELKOVE_SUM",NA,NA,NA,NA,NA,NA,"1",1,"bourovec trnkový","02.05.2015","02.05.2015",5918678,NA,"CZ0724090: Bílé Karpaty",20,0,5918678,100,"7171a",2,5,"Bílé Karpaty","0","hnízda housenek",NA,NA
2015,"CZ0724090","Bílé Karpaty","Eriogaster catax","Motýli","7171-13","7171-13","RP SCHKO Bílé Karpaty","AOPK ÈR - RP SCHKO Bílé Karpaty",9653707,36863238,2015-05-02,"Tomeèek Vojtìch","CELKOVE_SUM",NA,NA,NA,NA,NA,NA,"1",NA,"bourovec trnkový","02.05.2015","02.05.2015",5918678,NA,"CZ0724090: Bílé Karpaty",20,0,5918678,100,"7171a",2,5,"Bílé Karpaty","0","hnízda housenek",NA,NA
2015,"CZ0724090","Bílé Karpaty","Eriogaster catax","Motýli","7171-13","7171-13","RP SCHKO Bílé Karpaty","AOPK ÈR - RP SCHKO Bílé Karpaty",9653707,36863238,2015-05-02,"Tomeèek Vojtìch","POP_POCETSUMLOKAL","hnízda housenek","min","minmax","ano","lok","10","0",0,"bourovec trnkový","02.05.2015","02.05.2015",5918678,NA,"CZ0724090: Bílé Karpaty",20,0,5918678,100,"7171a",2,5,"Bílé Karpaty","0","hnízda housenek",NA,"alespoò 10 hnízda housenek"
2015,"CZ0724090","Bílé Karpaty","Eriogaster catax","Motýli","7171-13","7171-13","RP SCHKO Bílé Karpaty","AOPK ÈR - RP SCHKO Bílé Karpaty",9653707,36863238,2015-05-02,"Tomeèek Vojtìch","POP_PRESENCE",NA,"val","val","ano","lok","ano","ano",1,"bourovec trnkový","02.05.2015","02.05.2015",5918678,NA,"CZ0724090: Bílé Karpaty",20,0,5918678,100,"7171a",2,5,"Bílé Karpaty","0","hnízda housenek",NA,"ano"
2015,"CZ0724090","Bílé Karpaty","Eriogaster catax","Motýli","7171-13","7171-13","RP SCHKO Bílé Karpaty","AOPK ÈR - RP SCHKO Bílé Karpaty",9653707,36863238,2015-05-02,"Tomeèek Vojtìch","STA_LIKVIDACE",NA,"val","val","ne","lok","nezaznamenána",NA,NA,"bourovec trnkový","02.05.2015","02.05.2015",5918678,NA,"CZ0724090: Bílé Karpaty",20,0,5918678,100,"7171a",2,5,"Bílé Karpaty","0","hnízda housenek",NA,"nezaznamenána"
2013,"CZ0724090","Bílé Karpaty","Eriogaster catax","Motýli","7171-14","7171-14","RP SCHKO Bílé Karpaty","AOPK ÈR - RP SCHKO Bílé Karpaty",9653818,36865324,2013-05-04,"Tomeèek Vojtìch","CELKOVE_SUM",NA,NA,NA,NA,NA,NA,"1",0,"bourovec trnkový","04.05.2013","04.05.2013",5918682,NA,"CZ0724090: Bílé Karpaty",99,0,5918682,100,"7171a",4,5,"Bílé Karpaty","0","hnízda housenek",NA,NA
2013,"CZ0724090","Bílé Karpaty","Eriogaster catax","Motýli","7171-14","7171-14","RP SCHKO Bílé Karpaty","AOPK ÈR - RP SCHKO Bílé Karpaty",9653818,36865324,2013-05-04,"Tomeèek Vojtìch","CELKOVE_SUM",NA,NA,NA,NA,NA,NA,"1",1,"bourovec trnkový","04.05.2013","04.05.2013",5918682,NA,"CZ0724090: Bílé Karpaty",99,0,5918682,100,"7171a",4,5,"Bílé Karpaty","0","hnízda housenek",NA,NA
2013,"CZ0724090","Bílé Karpaty","Eriogaster catax","Motýli","7171-14","7171-14","RP SCHKO Bílé Karpaty","AOPK ÈR - RP SCHKO Bílé Karpaty",9653818,36865324,2013-05-04,"Tomeèek Vojtìch","CELKOVE_SUM",NA,NA,NA,NA,NA,NA,"1",NA,"bourovec trnkový","04.05.2013","04.05.2013",5918682,NA,"CZ0724090: Bílé Karpaty",99,0,5918682,100,"7171a",4,5,"Bílé Karpaty","0","hnízda housenek",NA,NA
2013,"CZ0724090","Bílé Karpaty","Eriogaster catax","Motýli","7171-14","7171-14","RP SCHKO Bílé Karpaty","AOPK ÈR - RP SCHKO Bílé Karpaty",9653818,36865324,2013-05-04,"Tomeèek Vojtìch","POP_POCETSUMLOKAL","hnízda housenek","min","minmax","ano","lok","10","0",0,"bourovec trnkový","04.05.2013","04.05.2013",5918682,NA,"CZ0724090: Bílé Karpaty",99,0,5918682,100,"7171a",4,5,"Bílé Karpaty","0","hnízda housenek",NA,"alespoò 10 hnízda housenek"
2013,"CZ0724090","Bílé Karpaty","Eriogaster catax","Motýli","7171-14","7171-14","RP SCHKO Bílé Karpaty","AOPK ÈR - RP SCHKO Bílé Karpaty",9653818,36865324,2013-05-04,"Tomeèek Vojtìch","POP_PRESENCE",NA,"val","val","ano","lok","ano","ano",1,"bourovec trnkový","04.05.2013","04.05.2013",5918682,NA,"CZ0724090: Bílé Karpaty",99,0,5918682,100,"7171a",4,5,"Bílé Karpaty","0","hnízda housenek",NA,"ano"
2013,"CZ0724090","Bílé Karpaty","Eriogaster catax","Motýli","7171-14","7171-14","RP SCHKO Bílé Karpaty","AOPK ÈR - RP SCHKO Bílé Karpaty",9653818,36865324,2013-05-04,"Tomeèek Vojtìch","STA_LIKVIDACE",NA,"val","val","ne","lok","nezaznamenána",NA,NA,"bourovec trnkový","04.05.2013","04.05.2013",5918682,NA,"CZ0724090: Bílé Karpaty",99,0,5918682,100,"7171a",4,5,"Bílé Karpaty","0","hnízda housenek",NA,"nezaznamenána"
2013,"CZ0724090","Bílé Karpaty","Eriogaster catax","Motýli","7171-14","7171-14","RP SCHKO Bílé Karpaty","AOPK ÈR - RP SCHKO Bílé Karpaty",9653819,36865329,2013-05-05,"Tomeèek Vojtìch","CELKOVE_SUM",NA,NA,NA,NA,NA,NA,"1",0,"bourovec trnkový","05.05.2013","05.05.2013",5918682,NA,"CZ0724090: Bílé Karpaty",99,0,5918682,100,"7171a",5,5,"Bílé Karpaty","0","hnízda housenek",NA,NA
2013,"CZ0724090","Bílé Karpaty","Eriogaster catax","Motýli","7171-14","7171-14","RP SCHKO Bílé Karpaty","AOPK ÈR - RP SCHKO Bílé Karpaty",9653819,36865329,2013-05-05,"Tomeèek Vojtìch","CELKOVE_SUM",NA,NA,NA,NA,NA,NA,"1",1,"bourovec trnkový","05.05.2013","05.05.2013",5918682,NA,"CZ0724090: Bílé Karpaty",99,0,5918682,100,"7171a",5,5,"Bílé Karpaty","0","hnízda housenek",NA,NA
2013,"CZ0724090","Bílé Karpaty","Eriogaster catax","Motýli","7171-14","7171-14","RP SCHKO Bílé Karpaty","AOPK ÈR - RP SCHKO Bílé Karpaty",9653819,36865329,2013-05-05,"Tomeèek Vojtìch","CELKOVE_SUM",NA,NA,NA,NA,NA,NA,"1",NA,"bourovec trnkový","05.05.2013","05.05.2013",5918682,NA,"CZ0724090: Bílé Karpaty",99,0,5918682,100,"7171a",5,5,"Bílé Karpaty","0","hnízda housenek",NA,NA
2013,"CZ0724090","Bílé Karpaty","Eriogaster catax","Motýli","7171-14","7171-14","RP SCHKO Bílé Karpaty","AOPK ÈR - RP SCHKO Bílé Karpaty",9653819,36865329,2013-05-05,"Tomeèek Vojtìch","POP_POCETSUMLOKAL","hnízda housenek","min","minmax","ano","lok","10","0",0,"bourovec trnkový","05.05.2013","05.05.2013",5918682,NA,"CZ0724090: Bílé Karpaty",99,0,5918682,100,"7171a",5,5,"Bílé Karpaty","0","hnízda housenek",NA,"alespoò 10 hnízda housenek"
2013,"CZ0724090","Bílé Karpaty","Eriogaster catax","Motýli","7171-14","7171-14","RP SCHKO Bílé Karpaty","AOPK ÈR - RP SCHKO Bílé Karpaty",9653819,36865329,2013-05-05,"Tomeèek Vojtìch","POP_PRESENCE",NA,"val","val","ano","lok","ano","ano",1,"bourovec trnkový","05.05.2013","05.05.2013",5918682,NA,"CZ0724090: Bílé Karpaty",99,0,5918682,100,"7171a",5,5,"Bílé Karpaty","0","hnízda housenek",NA,"ano"
2013,"CZ0724090","Bílé Karpaty","Eriogaster catax","Motýli","7171-14","7171-14","RP SCHKO Bílé Karpaty","AOPK ÈR - RP SCHKO Bílé Karpaty",9653819,36865329,2013-05-05,"Tomeèek Vojtìch","STA_LIKVIDACE",NA,"val","val","ne","lok","nezaznamenána",NA,NA,"bourovec trnkový","05.05.2013","05.05.2013",5918682,NA,"CZ0724090: Bílé Karpaty",99,0,5918682,100,"7171a",5,5,"Bílé Karpaty","0","hnízda housenek",NA,"nezaznamenána"
2015,"CZ0724090","Bílé Karpaty","Eriogaster catax","Motýli","7171-14","7171-14","RP SCHKO Bílé Karpaty","AOPK ÈR - RP SCHKO Bílé Karpaty",9653839,36865696,2015-04-19,"Tomeèek Vojtìch","CELKOVE_SUM",NA,NA,NA,NA,NA,NA,"1",0,"bourovec trnkový","19.04.2015","19.04.2015",5918682,NA,"CZ0724090: Bílé Karpaty",99,0,5918682,100,"7171a",19,4,"Bílé Karpaty","0","hnízda housenek",NA,NA
2015,"CZ0724090","Bílé Karpaty","Eriogaster catax","Motýli","7171-14","7171-14","RP SCHKO Bílé Karpaty","AOPK ÈR - RP SCHKO Bílé Karpaty",9653839,36865696,2015-04-19,"Tomeèek Vojtìch","CELKOVE_SUM",NA,NA,NA,NA,NA,NA,"1",1,"bourovec trnkový","19.04.2015","19.04.2015",5918682,NA,"CZ0724090: Bílé Karpaty",99,0,5918682,100,"7171a",19,4,"Bílé Karpaty","0","hnízda housenek",NA,NA
2015,"CZ0724090","Bílé Karpaty","Eriogaster catax","Motýli","7171-14","7171-14","RP SCHKO Bílé Karpaty","AOPK ÈR - RP SCHKO Bílé Karpaty",9653839,36865696,2015-04-19,"Tomeèek Vojtìch","CELKOVE_SUM",NA,NA,NA,NA,NA,NA,"1",NA,"bourovec trnkový","19.04.2015","19.04.2015",5918682,NA,"CZ0724090: Bílé Karpaty",99,0,5918682,100,"7171a",19,4,"Bílé Karpaty","0","hnízda housenek",NA,NA
2015,"CZ0724090","Bílé Karpaty","Eriogaster catax","Motýli","7171-14","7171-14","RP SCHKO Bílé Karpaty","AOPK ÈR - RP SCHKO Bílé Karpaty",9653839,36865696,2015-04-19,"Tomeèek Vojtìch","POP_POCETSUMLOKAL","hnízda housenek","min","minmax","ano","lok","10","0",0,"bourovec trnkový","19.04.2015","19.04.2015",5918682,NA,"CZ0724090: Bílé Karpaty",99,0,5918682,100,"7171a",19,4,"Bílé Karpaty","0","hnízda housenek",NA,"alespoò 10 hnízda housenek"
2015,"CZ0724090","Bílé Karpaty","Eriogaster catax","Motýli","7171-14","7171-14","RP SCHKO Bílé Karpaty","AOPK ÈR - RP SCHKO Bílé Karpaty",9653839,36865696,2015-04-19,"Tomeèek Vojtìch","POP_PRESENCE",NA,"val","val","ano","lok","ano","ano",1,"bourovec trnkový","19.04.2015","19.04.2015",5918682,NA,"CZ0724090: Bílé Karpaty",99,0,5918682,100,"7171a",19,4,"Bílé Karpaty","0","hnízda housenek",NA,"ano"
2015,"CZ0724090","Bílé Karpaty","Eriogaster catax","Motýli","7171-14","7171-14","RP SCHKO Bílé Karpaty","AOPK ÈR - RP SCHKO Bílé Karpaty",9653839,36865696,2015-04-19,"Tomeèek Vojtìch","STA_LIKVIDACE",NA,"val","val","ne","lok","nezaznamenána",NA,NA,"bourovec trnkový","19.04.2015","19.04.2015",5918682,NA,"CZ0724090: Bílé Karpaty",99,0,5918682,100,"7171a",19,4,"Bílé Karpaty","0","hnízda housenek",NA,"nezaznamenána"
2015,"CZ0724090","Bílé Karpaty","Eriogaster catax","Motýli","7171-14","7171-14","RP SCHKO Bílé Karpaty","AOPK ÈR - RP SCHKO Bílé Karpaty",9653841,36865701,2015-05-02,"Tomeèek Vojtìch","CELKOVE_SUM",NA,NA,NA,NA,NA,NA,"1",0,"bourovec trnkový","02.05.2015","02.05.2015",5918682,NA,"CZ0724090: Bílé Karpaty",99,0,5918682,100,"7171a",2,5,"Bílé Karpaty","0","hnízda housenek",NA,NA
2015,"CZ0724090","Bílé Karpaty","Eriogaster catax","Motýli","7171-14","7171-14","RP SCHKO Bílé Karpaty","AOPK ÈR - RP SCHKO Bílé Karpaty",9653841,36865701,2015-05-02,"Tomeèek Vojtìch","CELKOVE_SUM",NA,NA,NA,NA,NA,NA,"1",1,"bourovec trnkový","02.05.2015","02.05.2015",5918682,NA,"CZ0724090: Bílé Karpaty",99,0,5918682,100,"7171a",2,5,"Bílé Karpaty","0","hnízda housenek",NA,NA
2015,"CZ0724090","Bílé Karpaty","Eriogaster catax","Motýli","7171-14","7171-14","RP SCHKO Bílé Karpaty","AOPK ÈR - RP SCHKO Bílé Karpaty",9653841,36865701,2015-05-02,"Tomeèek Vojtìch","CELKOVE_SUM",NA,NA,NA,NA,NA,NA,"1",NA,"bourovec trnkový","02.05.2015","02.05.2015",5918682,NA,"CZ0724090: Bílé Karpaty",99,0,5918682,100,"7171a",2,5,"Bílé Karpaty","0","hnízda housenek",NA,NA
2015,"CZ0724090","Bílé Karpaty","Eriogaster catax","Motýli","7171-14","7171-14","RP SCHKO Bílé Karpaty","AOPK ÈR - RP SCHKO Bílé Karpaty",9653841,36865701,2015-05-02,"Tomeèek Vojtìch","POP_POCETSUMLOKAL","hnízda housenek","min","minmax","ano","lok","10","0",0,"bourovec trnkový","02.05.2015","02.05.2015",5918682,NA,"CZ0724090: Bílé Karpaty",99,0,5918682,100,"7171a",2,5,"Bílé Karpaty","0","hnízda housenek",NA,"alespoò 10 hnízda housenek"
2015,"CZ0724090","Bílé Karpaty","Eriogaster catax","Motýli","7171-14","7171-14","RP SCHKO Bílé Karpaty","AOPK ÈR - RP SCHKO Bílé Karpaty",9653841,36865701,2015-05-02,"Tomeèek Vojtìch","POP_PRESENCE",NA,"val","val","ano","lok","ano","ano",1,"bourovec trnkový","02.05.2015","02.05.2015",5918682,NA,"CZ0724090: Bílé Karpaty",99,0,5918682,100,"7171a",2,5,"Bílé Karpaty","0","hnízda housenek",NA,"ano"
2015,"CZ0724090","Bílé Karpaty","Eriogaster catax","Motýli","7171-14","7171-14","RP SCHKO Bílé Karpaty","AOPK ÈR - RP SCHKO Bílé Karpaty",9653841,36865701,2015-05-02,"Tomeèek Vojtìch","STA_LIKVIDACE",NA,"val","val","ne","lok","nezaznamenána",NA,NA,"bourovec trnkový","02.05.2015","02.05.2015",5918682,NA,"CZ0724090: Bílé Karpaty",99,0,5918682,100,"7171a",2,5,"Bílé Karpaty","0","hnízda housenek",NA,"nezaznamenána"
2013,"CZ0724090","Bílé Karpaty","Eriogaster catax","Motýli","7071-34","7071-34","RP SCHKO Bílé Karpaty","AOPK ÈR - RP SCHKO Bílé Karpaty",9653907,36867017,2013-05-02,"Uøièáø Jan","CELKOVE_SUM",NA,NA,NA,NA,NA,NA,"1",0,"bourovec trnkový","02.05.2013","02.05.2013",5918688,NA,"CZ0724090: Bílé Karpaty",50,0,5918688,100,"7071c",2,5,"Bílé Karpaty","0","hnízda housenek",NA,NA
2013,"CZ0724090","Bílé Karpaty","Eriogaster catax","Motýli","7071-34","7071-34","RP SCHKO Bílé Karpaty","AOPK ÈR - RP SCHKO Bílé Karpaty",9653907,36867017,2013-05-02,"Uøièáø Jan","CELKOVE_SUM",NA,NA,NA,NA,NA,NA,"1",1,"bourovec trnkový","02.05.2013","02.05.2013",5918688,NA,"CZ0724090: Bílé Karpaty",50,0,5918688,100,"7071c",2,5,"Bílé Karpaty","0","hnízda housenek",NA,NA
2013,"CZ0724090","Bílé Karpaty","Eriogaster catax","Motýli","7071-34","7071-34","RP SCHKO Bílé Karpaty","AOPK ÈR - RP SCHKO Bílé Karpaty",9653907,36867017,2013-05-02,"Uøièáø Jan","CELKOVE_SUM",NA,NA,NA,NA,NA,NA,"1",NA,"bourovec trnkový","02.05.2013","02.05.2013",5918688,NA,"CZ0724090: Bílé Karpaty",50,0,5918688,100,"7071c",2,5,"Bílé Karpaty","0","hnízda housenek",NA,NA
2013,"CZ0724090","Bílé Karpaty","Eriogaster catax","Motýli","7071-34","7071-34","RP SCHKO Bílé Karpaty","AOPK ÈR - RP SCHKO Bílé Karpaty",9653907,36867017,2013-05-02,"Uøièáø Jan","POP_POCETSUMLOKAL","hnízda housenek","min","minmax","ano","lok","10","0",0,"bourovec trnkový","02.05.2013","02.05.2013",5918688,NA,"CZ0724090: Bílé Karpaty",50,0,5918688,100,"7071c",2,5,"Bílé Karpaty","0","hnízda housenek",NA,"alespoò 10 hnízda housenek"
2013,"CZ0724090","Bílé Karpaty","Eriogaster catax","Motýli","7071-34","7071-34","RP SCHKO Bílé Karpaty","AOPK ÈR - RP SCHKO Bílé Karpaty",9653907,36867017,2013-05-02,"Uøièáø Jan","POP_PRESENCE",NA,"val","val","ano","lok","ano","ano",1,"bourovec trnkový","02.05.2013","02.05.2013",5918688,NA,"CZ0724090: Bílé Karpaty",50,0,5918688,100,"7071c",2,5,"Bílé Karpaty","0","hnízda housenek",NA,"ano"
2013,"CZ0724090","Bílé Karpaty","Eriogaster catax","Motýli","7071-34","7071-34","RP SCHKO Bílé Karpaty","AOPK ÈR - RP SCHKO Bílé Karpaty",9653907,36867017,2013-05-02,"Uøièáø Jan","STA_LIKVIDACE",NA,"val","val","ne","lok","nezaznamenána",NA,NA,"bourovec trnkový","02.05.2013","02.05.2013",5918688,NA,"CZ0724090: Bílé Karpaty",50,0,5918688,100,"7071c",2,5,"Bílé Karpaty","0","hnízda housenek",NA,"nezaznamenána"
2015,"CZ0724090","Bílé Karpaty","Eriogaster catax","Motýli","7071-34","7071-34","RP SCHKO Bílé Karpaty","AOPK ÈR - RP SCHKO Bílé Karpaty",9653913,36867140,2015-04-16,"Uøièáø Jan","CELKOVE_SUM",NA,NA,NA,NA,NA,NA,"1",0,"bourovec trnkový","16.04.2015","16.04.2015",5918688,NA,"CZ0724090: Bílé Karpaty",50,0,5918688,100,"7071c",16,4,"Bílé Karpaty","0","hnízda housenek",NA,NA
2015,"CZ0724090","Bílé Karpaty","Eriogaster catax","Motýli","7071-34","7071-34","RP SCHKO Bílé Karpaty","AOPK ÈR - RP SCHKO Bílé Karpaty",9653913,36867140,2015-04-16,"Uøièáø Jan","CELKOVE_SUM",NA,NA,NA,NA,NA,NA,"1",1,"bourovec trnkový","16.04.2015","16.04.2015",5918688,NA,"CZ0724090: Bílé Karpaty",50,0,5918688,100,"7071c",16,4,"Bílé Karpaty","0","hnízda housenek",NA,NA
2015,"CZ0724090","Bílé Karpaty","Eriogaster catax","Motýli","7071-34","7071-34","RP SCHKO Bílé Karpaty","AOPK ÈR - RP SCHKO Bílé Karpaty",9653913,36867140,2015-04-16,"Uøièáø Jan","CELKOVE_SUM",NA,NA,NA,NA,NA,NA,"1",NA,"bourovec trnkový","16.04.2015","16.04.2015",5918688,NA,"CZ0724090: Bílé Karpaty",50,0,5918688,100,"7071c",16,4,"Bílé Karpaty","0","hnízda housenek",NA,NA
2015,"CZ0724090","Bílé Karpaty","Eriogaster catax","Motýli","7071-34","7071-34","RP SCHKO Bílé Karpaty","AOPK ÈR - RP SCHKO Bílé Karpaty",9653913,36867140,2015-04-16,"Uøièáø Jan","POP_POCETSUMLOKAL","hnízda housenek","min","minmax","ano","lok","10","0",0,"bourovec trnkový","16.04.2015","16.04.2015",5918688,NA,"CZ0724090: Bílé Karpaty",50,0,5918688,100,"7071c",16,4,"Bílé Karpaty","0","hnízda housenek",NA,"alespoò 10 hnízda housenek"
2015,"CZ0724090","Bílé Karpaty","Eriogaster catax","Motýli","7071-34","7071-34","RP SCHKO Bílé Karpaty","AOPK ÈR - RP SCHKO Bílé Karpaty",9653913,36867140,2015-04-16,"Uøièáø Jan","POP_PRESENCE",NA,"val","val","ano","lok","ano","ano",1,"bourovec trnkový","16.04.2015","16.04.2015",5918688,NA,"CZ0724090: Bílé Karpaty",50,0,5918688,100,"7071c",16,4,"Bílé Karpaty","0","hnízda housenek",NA,"ano"
2015,"CZ0724090","Bílé Karpaty","Eriogaster catax","Motýli","7071-34","7071-34","RP SCHKO Bílé Karpaty","AOPK ÈR - RP SCHKO Bílé Karpaty",9653913,36867140,2015-04-16,"Uøièáø Jan","STA_LIKVIDACE",NA,"val","val","ne","lok","nezaznamenána",NA,NA,"bourovec trnkový","16.04.2015","16.04.2015",5918688,NA,"CZ0724090: Bílé Karpaty",50,0,5918688,100,"7071c",16,4,"Bílé Karpaty","0","hnízda housenek",NA,"nezaznamenána"
2013,"CZ0724090","Bílé Karpaty","Eriogaster catax","Motýli","7171-23","7171-23","RP SCHKO Bílé Karpaty","AOPK ÈR - RP SCHKO Bílé Karpaty",9653971,36868097,2013-05-04,"Tomeèek Vojtìch","CELKOVE_SUM",NA,NA,NA,NA,NA,NA,"1",0,"bourovec trnkový","04.05.2013","04.05.2013",5918691,NA,"CZ0724090: Bílé Karpaty",72,0,5918691,100,"7171b",4,5,"Bílé Karpaty","0","hnízda housenek",NA,NA
2013,"CZ0724090","Bílé Karpaty","Eriogaster catax","Motýli","7171-23","7171-23","RP SCHKO Bílé Karpaty","AOPK ÈR - RP SCHKO Bílé Karpaty",9653971,36868097,2013-05-04,"Tomeèek Vojtìch","CELKOVE_SUM",NA,NA,NA,NA,NA,NA,"1",1,"bourovec trnkový","04.05.2013","04.05.2013",5918691,NA,"CZ0724090: Bílé Karpaty",72,0,5918691,100,"7171b",4,5,"Bílé Karpaty","0","hnízda housenek",NA,NA
2013,"CZ0724090","Bílé Karpaty","Eriogaster catax","Motýli","7171-23","7171-23","RP SCHKO Bílé Karpaty","AOPK ÈR - RP SCHKO Bílé Karpaty",9653971,36868097,2013-05-04,"Tomeèek Vojtìch","CELKOVE_SUM",NA,NA,NA,NA,NA,NA,"1",NA,"bourovec trnkový","04.05.2013","04.05.2013",5918691,NA,"CZ0724090: Bílé Karpaty",72,0,5918691,100,"7171b",4,5,"Bílé Karpaty","0","hnízda housenek",NA,NA
2013,"CZ0724090","Bílé Karpaty","Eriogaster catax","Motýli","7171-23","7171-23","RP SCHKO Bílé Karpaty","AOPK ÈR - RP SCHKO Bílé Karpaty",9653971,36868097,2013-05-04,"Tomeèek Vojtìch","POP_POCETSUMLOKAL","hnízda housenek","min","minmax","ano","lok","10","0",0,"bourovec trnkový","04.05.2013","04.05.2013",5918691,NA,"CZ0724090: Bílé Karpaty",72,0,5918691,100,"7171b",4,5,"Bílé Karpaty","0","hnízda housenek",NA,"alespoò 10 hnízda housenek"
2013,"CZ0724090","Bílé Karpaty","Eriogaster catax","Motýli","7171-23","7171-23","RP SCHKO Bílé Karpaty","AOPK ÈR - RP SCHKO Bílé Karpaty",9653971,36868097,2013-05-04,"Tomeèek Vojtìch","POP_PRESENCE",NA,"val","val","ano","lok","ano","ano",1,"bourovec trnkový","04.05.2013","04.05.2013",5918691,NA,"CZ0724090: Bílé Karpaty",72,0,5918691,100,"7171b",4,5,"Bílé Karpaty","0","hnízda housenek",NA,"ano"
2013,"CZ0724090","Bílé Karpaty","Eriogaster catax","Motýli","7171-23","7171-23","RP SCHKO Bílé Karpaty","AOPK ÈR - RP SCHKO Bílé Karpaty",9653971,36868097,2013-05-04,"Tomeèek Vojtìch","STA_LIKVIDACE",NA,"val","val","ne","lok","nezaznamenána",NA,NA,"bourovec trnkový","04.05.2013","04.05.2013",5918691,NA,"CZ0724090: Bílé Karpaty",72,0,5918691,100,"7171b",4,5,"Bílé Karpaty","0","hnízda housenek",NA,"nezaznamenána"
2013,"CZ0724090","Bílé Karpaty","Eriogaster catax","Motýli","7071-43","7071-43","RP SCHKO Bílé Karpaty","AOPK ÈR - RP SCHKO Bílé Karpaty",9654018,36869101,2013-05-01,"Uøièáø Jan","CELKOVE_SUM",NA,NA,NA,NA,NA,NA,"1",0,"bourovec trnkový","01.05.2013","01.05.2013",5918693,NA,"CZ0724090: Bílé Karpaty",94,0,5918693,100,"7071d",1,5,"Bílé Karpaty","0","hnízda housenek",NA,NA
2013,"CZ0724090","Bílé Karpaty","Eriogaster catax","Motýli","7071-43","7071-43","RP SCHKO Bílé Karpaty","AOPK ÈR - RP SCHKO Bílé Karpaty",9654018,36869101,2013-05-01,"Uøièáø Jan","CELKOVE_SUM",NA,NA,NA,NA,NA,NA,"1",1,"bourovec trnkový","01.05.2013","01.05.2013",5918693,NA,"CZ0724090: Bílé Karpaty",94,0,5918693,100,"7071d",1,5,"Bílé Karpaty","0","hnízda housenek",NA,NA
2013,"CZ0724090","Bílé Karpaty","Eriogaster catax","Motýli","7071-43","7071-43","RP SCHKO Bílé Karpaty","AOPK ÈR - RP SCHKO Bílé Karpaty",9654018,36869101,2013-05-01,"Uøièáø Jan","CELKOVE_SUM",NA,NA,NA,NA,NA,NA,"1",NA,"bourovec trnkový","01.05.2013","01.05.2013",5918693,NA,"CZ0724090: Bílé Karpaty",94,0,5918693,100,"7071d",1,5,"Bílé Karpaty","0","hnízda housenek",NA,NA
2013,"CZ0724090","Bílé Karpaty","Eriogaster catax","Motýli","7071-43","7071-43","RP SCHKO Bílé Karpaty","AOPK ÈR - RP SCHKO Bílé Karpaty",9654018,36869101,2013-05-01,"Uøièáø Jan","POP_POCETSUMLOKAL","hnízda housenek","min","minmax","ano","lok","10","0",0,"bourovec trnkový","01.05.2013","01.05.2013",5918693,NA,"CZ0724090: Bílé Karpaty",94,0,5918693,100,"7071d",1,5,"Bílé Karpaty","0","hnízda housenek",NA,"alespoò 10 hnízda housenek"
2013,"CZ0724090","Bílé Karpaty","Eriogaster catax","Motýli","7071-43","7071-43","RP SCHKO Bílé Karpaty","AOPK ÈR - RP SCHKO Bílé Karpaty",9654018,36869101,2013-05-01,"Uøièáø Jan","POP_PRESENCE",NA,"val","val","ano","lok","ano","ano",1,"bourovec trnkový","01.05.2013","01.05.2013",5918693,NA,"CZ0724090: Bílé Karpaty",94,0,5918693,100,"7071d",1,5,"Bílé Karpaty","0","hnízda housenek",NA,"ano"
2013,"CZ0724090","Bílé Karpaty","Eriogaster catax","Motýli","7071-43","7071-43","RP SCHKO Bílé Karpaty","AOPK ÈR - RP SCHKO Bílé Karpaty",9654018,36869101,2013-05-01,"Uøièáø Jan","STA_LIKVIDACE",NA,"val","val","ne","lok","nezaznamenána",NA,NA,"bourovec trnkový","01.05.2013","01.05.2013",5918693,NA,"CZ0724090: Bílé Karpaty",94,0,5918693,100,"7071d",1,5,"Bílé Karpaty","0","hnízda housenek",NA,"nezaznamenána"
2015,"CZ0724090","Bílé Karpaty","Eriogaster catax","Motýli","7171-24","7171-24","RP SCHKO Bílé Karpaty","AOPK ÈR - RP SCHKO Bílé Karpaty",9654062,36869851,2015-04-15,"Holomek Josef","CELKOVE_SUM",NA,NA,NA,NA,NA,NA,"1",0,"bourovec trnkový","15.04.2015","15.04.2015",5918695,NA,"CZ0724090: Bílé Karpaty",82,0,5918695,100,"7171b",15,4,"Bílé Karpaty","0","hnízda housenek",NA,NA
2015,"CZ0724090","Bílé Karpaty","Eriogaster catax","Motýli","7171-24","7171-24","RP SCHKO Bílé Karpaty","AOPK ÈR - RP SCHKO Bílé Karpaty",9654062,36869851,2015-04-15,"Holomek Josef","CELKOVE_SUM",NA,NA,NA,NA,NA,NA,"1",1,"bourovec trnkový","15.04.2015","15.04.2015",5918695,NA,"CZ0724090: Bílé Karpaty",82,0,5918695,100,"7171b",15,4,"Bílé Karpaty","0","hnízda housenek",NA,NA
2015,"CZ0724090","Bílé Karpaty","Eriogaster catax","Motýli","7171-24","7171-24","RP SCHKO Bílé Karpaty","AOPK ÈR - RP SCHKO Bílé Karpaty",9654062,36869851,2015-04-15,"Holomek Josef","CELKOVE_SUM",NA,NA,NA,NA,NA,NA,"1",NA,"bourovec trnkový","15.04.2015","15.04.2015",5918695,NA,"CZ0724090: Bílé Karpaty",82,0,5918695,100,"7171b",15,4,"Bílé Karpaty","0","hnízda housenek",NA,NA
2015,"CZ0724090","Bílé Karpaty","Eriogaster catax","Motýli","7171-24","7171-24","RP SCHKO Bílé Karpaty","AOPK ÈR - RP SCHKO Bílé Karpaty",9654062,36869851,2015-04-15,"Holomek Josef","POP_POCETSUMLOKAL","hnízda housenek","min","minmax","ano","lok","10","0",0,"bourovec trnkový","15.04.2015","15.04.2015",5918695,NA,"CZ0724090: Bílé Karpaty",82,0,5918695,100,"7171b",15,4,"Bílé Karpaty","0","hnízda housenek",NA,"alespoò 10 hnízda housenek"
2015,"CZ0724090","Bílé Karpaty","Eriogaster catax","Motýli","7171-24","7171-24","RP SCHKO Bílé Karpaty","AOPK ÈR - RP SCHKO Bílé Karpaty",9654062,36869851,2015-04-15,"Holomek Josef","POP_PRESENCE",NA,"val","val","ano","lok","ano","ano",1,"bourovec trnkový","15.04.2015","15.04.2015",5918695,NA,"CZ0724090: Bílé Karpaty",82,0,5918695,100,"7171b",15,4,"Bílé Karpaty","0","hnízda housenek",NA,"ano"
2015,"CZ0724090","Bílé Karpaty","Eriogaster catax","Motýli","7171-24","7171-24","RP SCHKO Bílé Karpaty","AOPK ÈR - RP SCHKO Bílé Karpaty",9654062,36869851,2015-04-15,"Holomek Josef","STA_LIKVIDACE",NA,"val","val","ne","lok","nezaznamenána",NA,NA,"bourovec trnkový","15.04.2015","15.04.2015",5918695,NA,"CZ0724090: Bílé Karpaty",82,0,5918695,100,"7171b",15,4,"Bílé Karpaty","0","hnízda housenek",NA,"nezaznamenána"
2015,"CZ0724090","Bílé Karpaty","Eriogaster catax","Motýli","7071-42","7071-42","RP SCHKO Bílé Karpaty","AOPK ÈR - RP SCHKO Bílé Karpaty",9654118,36870722,2015-04-23,"Potocký Pavel","CELKOVE_SUM",NA,NA,NA,NA,NA,NA,"1",0,"bourovec trnkový","23.04.2015","23.04.2015",5918698,NA,"CZ0724090: Bílé Karpaty",38,0,5918698,100,"7071d",23,4,"Bílé Karpaty","0","hnízda housenek",NA,NA
2015,"CZ0724090","Bílé Karpaty","Eriogaster catax","Motýli","7071-42","7071-42","RP SCHKO Bílé Karpaty","AOPK ÈR - RP SCHKO Bílé Karpaty",9654118,36870722,2015-04-23,"Potocký Pavel","CELKOVE_SUM",NA,NA,NA,NA,NA,NA,"1",1,"bourovec trnkový","23.04.2015","23.04.2015",5918698,NA,"CZ0724090: Bílé Karpaty",38,0,5918698,100,"7071d",23,4,"Bílé Karpaty","0","hnízda housenek",NA,NA
2015,"CZ0724090","Bílé Karpaty","Eriogaster catax","Motýli","7071-42","7071-42","RP SCHKO Bílé Karpaty","AOPK ÈR - RP SCHKO Bílé Karpaty",9654118,36870722,2015-04-23,"Potocký Pavel","CELKOVE_SUM",NA,NA,NA,NA,NA,NA,"1",NA,"bourovec trnkový","23.04.2015","23.04.2015",5918698,NA,"CZ0724090: Bílé Karpaty",38,0,5918698,100,"7071d",23,4,"Bílé Karpaty","0","hnízda housenek",NA,NA
2015,"CZ0724090","Bílé Karpaty","Eriogaster catax","Motýli","7071-42","7071-42","RP SCHKO Bílé Karpaty","AOPK ÈR - RP SCHKO Bílé Karpaty",9654118,36870722,2015-04-23,"Potocký Pavel","POP_POCETSUMLOKAL","hnízda housenek","min","minmax","ano","lok","10","0",0,"bourovec trnkový","23.04.2015","23.04.2015",5918698,NA,"CZ0724090: Bílé Karpaty",38,0,5918698,100,"7071d",23,4,"Bílé Karpaty","0","hnízda housenek",NA,"alespoò 10 hnízda housenek"
2015,"CZ0724090","Bílé Karpaty","Eriogaster catax","Motýli","7071-42","7071-42","RP SCHKO Bílé Karpaty","AOPK ÈR - RP SCHKO Bílé Karpaty",9654118,36870722,2015-04-23,"Potocký Pavel","POP_PRESENCE",NA,"val","val","ano","lok","ano","ano",1,"bourovec trnkový","23.04.2015","23.04.2015",5918698,NA,"CZ0724090: Bílé Karpaty",38,0,5918698,100,"7071d",23,4,"Bílé Karpaty","0","hnízda housenek",NA,"ano"
2015,"CZ0724090","Bílé Karpaty","Eriogaster catax","Motýli","7071-42","7071-42","RP SCHKO Bílé Karpaty","AOPK ÈR - RP SCHKO Bílé Karpaty",9654118,36870722,2015-04-23,"Potocký Pavel","STA_LIKVIDACE",NA,"val","val","ne","lok","nezaznamenána",NA,NA,"bourovec trnkový","23.04.2015","23.04.2015",5918698,NA,"CZ0724090: Bílé Karpaty",38,0,5918698,100,"7071d",23,4,"Bílé Karpaty","0","hnízda housenek",NA,"nezaznamenána"
2016,"CZ0624100","Milovický les","Eriogaster catax","Motýli","Mikulov - cvièištì B","Mikulov - cvièištì B","RP Jižní Morava","AOPK ÈR - RP Jižní Morava",9662633,37025035,2016-04-16,"Dedek Pavel","CELKOVE_SUM",NA,NA,NA,NA,NA,NA,"1",0,"bourovec trnkový","16.04.2016","16.04.2016",5927109,NA,"CZ0624100: Milovický les",100,0,5927109,100,"7166c",16,4,"Milovický les","0","hnízda housenek",NA,NA
2016,"CZ0624100","Milovický les","Eriogaster catax","Motýli","Mikulov - cvièištì B","Mikulov - cvièištì B","RP Jižní Morava","AOPK ÈR - RP Jižní Morava",9662633,37025035,2016-04-16,"Dedek Pavel","CELKOVE_SUM",NA,NA,NA,NA,NA,NA,"1",1,"bourovec trnkový","16.04.2016","16.04.2016",5927109,NA,"CZ0624100: Milovický les",100,0,5927109,100,"7166c",16,4,"Milovický les","0","hnízda housenek",NA,NA
2016,"CZ0624100","Milovický les","Eriogaster catax","Motýli","Mikulov - cvièištì B","Mikulov - cvièištì B","RP Jižní Morava","AOPK ÈR - RP Jižní Morava",9662633,37025035,2016-04-16,"Dedek Pavel","CELKOVE_SUM",NA,NA,NA,NA,NA,NA,"1",NA,"bourovec trnkový","16.04.2016","16.04.2016",5927109,NA,"CZ0624100: Milovický les",100,0,5927109,100,"7166c",16,4,"Milovický les","0","hnízda housenek",NA,NA
2016,"CZ0624100","Milovický les","Eriogaster catax","Motýli","Mikulov - cvièištì B","Mikulov - cvièištì B","RP Jižní Morava","AOPK ÈR - RP Jižní Morava",9662633,37025035,2016-04-16,"Dedek Pavel","POP_POCETSUMLOKAL","hnízda housenek","min","minmax","ano","lok","10","2",0,"bourovec trnkový","16.04.2016","16.04.2016",5927109,NA,"CZ0624100: Milovický les",100,0,5927109,100,"7166c",16,4,"Milovický les","0","hnízda housenek",NA,"alespoò 10 hnízda housenek"
2016,"CZ0624100","Milovický les","Eriogaster catax","Motýli","Mikulov - cvièištì B","Mikulov - cvièištì B","RP Jižní Morava","AOPK ÈR - RP Jižní Morava",9662633,37025035,2016-04-16,"Dedek Pavel","POP_PRESENCE",NA,"val","val","ano","lok","ano","ano",1,"bourovec trnkový","16.04.2016","16.04.2016",5927109,NA,"CZ0624100: Milovický les",100,0,5927109,100,"7166c",16,4,"Milovický les","0","hnízda housenek",NA,"ano"
2016,"CZ0624100","Milovický les","Eriogaster catax","Motýli","Mikulov - cvièištì B","Mikulov - cvièištì B","RP Jižní Morava","AOPK ÈR - RP Jižní Morava",9662633,37025035,2016-04-16,"Dedek Pavel","STA_LIKVIDACE",NA,"val","val","ne","lok","nezaznamenána",NA,NA,"bourovec trnkový","16.04.2016","16.04.2016",5927109,NA,"CZ0624100: Milovický les",100,0,5927109,100,"7166c",16,4,"Milovický les","0","hnízda housenek",NA,"nezaznamenána"
2016,"CZ0624100","Milovický les","Eriogaster catax","Motýli","Mikulov - cvièištì B","Mikulov - cvièištì B","RP Jižní Morava","AOPK ÈR - RP Jižní Morava",9662635,37025039,2016-04-16,"Dedek Pavel","CELKOVE_SUM",NA,NA,NA,NA,NA,NA,"1",0,"bourovec trnkový","16.04.2016","16.04.2016",5927111,NA,"CZ0624100: Milovický les",100,0,5927111,100,"7166c",16,4,"Milovický les","0","hnízda housenek",NA,NA
2016,"CZ0624100","Milovický les","Eriogaster catax","Motýli","Mikulov - cvièištì B","Mikulov - cvièištì B","RP Jižní Morava","AOPK ÈR - RP Jižní Morava",9662635,37025039,2016-04-16,"Dedek Pavel","CELKOVE_SUM",NA,NA,NA,NA,NA,NA,"1",1,"bourovec trnkový","16.04.2016","16.04.2016",5927111,NA,"CZ0624100: Milovický les",100,0,5927111,100,"7166c",16,4,"Milovický les","0","hnízda housenek",NA,NA
2016,"CZ0624100","Milovický les","Eriogaster catax","Motýli","Mikulov - cvièištì B","Mikulov - cvièištì B","RP Jižní Morava","AOPK ÈR - RP Jižní Morava",9662635,37025039,2016-04-16,"Dedek Pavel","CELKOVE_SUM",NA,NA,NA,NA,NA,NA,"1",NA,"bourovec trnkový","16.04.2016","16.04.2016",5927111,NA,"CZ0624100: Milovický les",100,0,5927111,100,"7166c",16,4,"Milovický les","0","hnízda housenek",NA,NA
2016,"CZ0624100","Milovický les","Eriogaster catax","Motýli","Mikulov - cvièištì B","Mikulov - cvièištì B","RP Jižní Morava","AOPK ÈR - RP Jižní Morava",9662635,37025039,2016-04-16,"Dedek Pavel","POP_POCETSUMLOKAL","hnízda housenek","min","minmax","ano","lok","10","2",0,"bourovec trnkový","16.04.2016","16.04.2016",5927111,NA,"CZ0624100: Milovický les",100,0,5927111,100,"7166c",16,4,"Milovický les","0","hnízda housenek",NA,"alespoò 10 hnízda housenek"
2016,"CZ0624100","Milovický les","Eriogaster catax","Motýli","Mikulov - cvièištì B","Mikulov - cvièištì B","RP Jižní Morava","AOPK ÈR - RP Jižní Morava",9662635,37025039,2016-04-16,"Dedek Pavel","POP_PRESENCE",NA,"val","val","ano","lok","ano","ano",1,"bourovec trnkový","16.04.2016","16.04.2016",5927111,NA,"CZ0624100: Milovický les",100,0,5927111,100,"7166c",16,4,"Milovický les","0","hnízda housenek",NA,"ano"
2016,"CZ0624100","Milovický les","Eriogaster catax","Motýli","Mikulov - cvièištì B","Mikulov - cvièištì B","RP Jižní Morava","AOPK ÈR - RP Jižní Morava",9662635,37025039,2016-04-16,"Dedek Pavel","STA_LIKVIDACE",NA,"val","val","ne","lok","nezaznamenána",NA,NA,"bourovec trnkový","16.04.2016","16.04.2016",5927111,NA,"CZ0624100: Milovický les",100,0,5927111,100,"7166c",16,4,"Milovický les","0","hnízda housenek",NA,"nezaznamenána"
2016,"CZ0624119","Soutok - Podluží","Eriogaster catax","Motýli","Lanžhot - Soutok","Lanžhot - Soutok","RP Jižní Morava","AOPK ÈR - RP Jižní Morava, Krajský úøad Jihomoravského kraje",9664103,37029714,2016-04-25,"Horal David","CELKOVE_SUM",NA,NA,NA,NA,NA,NA,"1",0,"bourovec trnkový","25.04.2016","25.04.2016",5928996,NA,"CZ0624119: Soutok - Podluží",100,0,5928996,100,"7267d",25,4,"Soutok - Podluží","0","hnízda housenek",NA,NA
2016,"CZ0624119","Soutok - Podluží","Eriogaster catax","Motýli","Lanžhot - Soutok","Lanžhot - Soutok","RP Jižní Morava","AOPK ÈR - RP Jižní Morava, Krajský úøad Jihomoravského kraje",9664103,37029714,2016-04-25,"Horal David","CELKOVE_SUM",NA,NA,NA,NA,NA,NA,"1",1,"bourovec trnkový","25.04.2016","25.04.2016",5928996,NA,"CZ0624119: Soutok - Podluží",100,0,5928996,100,"7267d",25,4,"Soutok - Podluží","0","hnízda housenek",NA,NA
2016,"CZ0624119","Soutok - Podluží","Eriogaster catax","Motýli","Lanžhot - Soutok","Lanžhot - Soutok","RP Jižní Morava","AOPK ÈR - RP Jižní Morava, Krajský úøad Jihomoravského kraje",9664103,37029714,2016-04-25,"Horal David","CELKOVE_SUM",NA,NA,NA,NA,NA,NA,"1",NA,"bourovec trnkový","25.04.2016","25.04.2016",5928996,NA,"CZ0624119: Soutok - Podluží",100,0,5928996,100,"7267d",25,4,"Soutok - Podluží","0","hnízda housenek",NA,NA
2016,"CZ0624119","Soutok - Podluží","Eriogaster catax","Motýli","Lanžhot - Soutok","Lanžhot - Soutok","RP Jižní Morava","AOPK ÈR - RP Jižní Morava, Krajský úøad Jihomoravského kraje",9664103,37029714,2016-04-25,"Horal David","POP_POCETSUMLOKAL","hnízda housenek","min","minmax","ano","lok","10","1",0,"bourovec trnkový","25.04.2016","25.04.2016",5928996,NA,"CZ0624119: Soutok - Podluží",100,0,5928996,100,"7267d",25,4,"Soutok - Podluží","0","hnízda housenek",NA,"alespoò 10 hnízda housenek"
2016,"CZ0624119","Soutok - Podluží","Eriogaster catax","Motýli","Lanžhot - Soutok","Lanžhot - Soutok","RP Jižní Morava","AOPK ÈR - RP Jižní Morava, Krajský úøad Jihomoravského kraje",9664103,37029714,2016-04-25,"Horal David","POP_PRESENCE",NA,"val","val","ano","lok","ano","ano",1,"bourovec trnkový","25.04.2016","25.04.2016",5928996,NA,"CZ0624119: Soutok - Podluží",100,0,5928996,100,"7267d",25,4,"Soutok - Podluží","0","hnízda housenek",NA,"ano"
2016,"CZ0624119","Soutok - Podluží","Eriogaster catax","Motýli","Lanžhot - Soutok","Lanžhot - Soutok","RP Jižní Morava","AOPK ÈR - RP Jižní Morava, Krajský úøad Jihomoravského kraje",9664103,37029714,2016-04-25,"Horal David","STA_LIKVIDACE",NA,"val","val","ne","lok","nezaznamenána",NA,NA,"bourovec trnkový","25.04.2016","25.04.2016",5928996,NA,"CZ0624119: Soutok - Podluží",100,0,5928996,100,"7267d",25,4,"Soutok - Podluží","0","hnízda housenek",NA,"nezaznamenána"
2013,"CZ0724087","Újezdecký les","Eriogaster catax","Motýli","9110_567","Újezdecký les","RP SCHKO Bílé Karpaty","Krajský úøad Zlínského kraje",9677109,37088136,2013-01-01,"Pavelèík Petr","CELKOVE_SUM",NA,NA,NA,NA,NA,NA,"1",0,"bourovec trnkový","01.01.2013","31.12.2013",5173119,"9110_567","CZ0724087: Újezdecký les",100,0,5173119,100,"6972c",1,1,"Újezdecký les","0",NA,NA,NA
2013,"CZ0724087","Újezdecký les","Eriogaster catax","Motýli","9110_567","Újezdecký les","RP SCHKO Bílé Karpaty","Krajský úøad Zlínského kraje",9677109,37088136,2013-01-01,"Pavelèík Petr","CELKOVE_SUM",NA,NA,NA,NA,NA,NA,"1",1,"bourovec trnkový","01.01.2013","31.12.2013",5173119,"9110_567","CZ0724087: Újezdecký les",100,0,5173119,100,"6972c",1,1,"Újezdecký les","0",NA,NA,NA
2013,"CZ0724087","Újezdecký les","Eriogaster catax","Motýli","9110_567","Újezdecký les","RP SCHKO Bílé Karpaty","Krajský úøad Zlínského kraje",9677109,37088136,2013-01-01,"Pavelèík Petr","CELKOVE_SUM",NA,NA,NA,NA,NA,NA,"1",NA,"bourovec trnkový","01.01.2013","31.12.2013",5173119,"9110_567","CZ0724087: Újezdecký les",100,0,5173119,100,"6972c",1,1,"Újezdecký les","0",NA,NA,NA
2013,"CZ0724087","Újezdecký les","Eriogaster catax","Motýli","9110_567","Újezdecký les","RP SCHKO Bílé Karpaty","Krajský úøad Zlínského kraje",9677109,37088136,2013-01-01,"Pavelèík Petr","POP_POCETSUMLOKAL","hnízda housenek","min","minmax","ano","lok","10","0",0,"bourovec trnkový","01.01.2013","31.12.2013",5173119,"9110_567","CZ0724087: Újezdecký les",100,0,5173119,100,"6972c",1,1,"Újezdecký les","0",NA,NA,"alespoò 10 hnízda housenek"
2013,"CZ0724087","Újezdecký les","Eriogaster catax","Motýli","9110_567","Újezdecký les","RP SCHKO Bílé Karpaty","Krajský úøad Zlínského kraje",9677109,37088136,2013-01-01,"Pavelèík Petr","POP_PRESENCE",NA,"val","val","ano","lok","ano","ano",1,"bourovec trnkový","01.01.2013","31.12.2013",5173119,"9110_567","CZ0724087: Újezdecký les",100,0,5173119,100,"6972c",1,1,"Újezdecký les","0",NA,NA,"ano"
2013,"CZ0724087","Újezdecký les","Eriogaster catax","Motýli","9110_567","Újezdecký les","RP SCHKO Bílé Karpaty","Krajský úøad Zlínského kraje",9677109,37088136,2013-01-01,"Pavelèík Petr","STA_LIKVIDACE",NA,"val","val","ne","lok","nezaznamenána",NA,NA,"bourovec trnkový","01.01.2013","31.12.2013",5173119,"9110_567","CZ0724087: Újezdecký les",100,0,5173119,100,"6972c",1,1,"Újezdecký les","0",NA,NA,"nezaznamenána"
2017,"CZ0624100","Milovický les","Eriogaster catax","Motýli","PP  Na cvièišti","PP  Na cvièišti","RP Jižní Morava","AOPK ÈR - RP Jižní Morava",9820750,39281000,2017-04-02,"Dedek Pavel","CELKOVE_SUM",NA,NA,NA,NA,NA,NA,"1",0,"bourovec trnkový","02.04.2017","02.04.2017",6075288,NA,"CZ0624100: Milovický les",100,0,6075288,100,"7166c",2,4,"Milovický les","0","hnízda housenek",NA,NA
2017,"CZ0624100","Milovický les","Eriogaster catax","Motýli","PP  Na cvièišti","PP  Na cvièišti","RP Jižní Morava","AOPK ÈR - RP Jižní Morava",9820750,39281000,2017-04-02,"Dedek Pavel","CELKOVE_SUM",NA,NA,NA,NA,NA,NA,"1",1,"bourovec trnkový","02.04.2017","02.04.2017",6075288,NA,"CZ0624100: Milovický les",100,0,6075288,100,"7166c",2,4,"Milovický les","0","hnízda housenek",NA,NA
2017,"CZ0624100","Milovický les","Eriogaster catax","Motýli","PP  Na cvièišti","PP  Na cvièišti","RP Jižní Morava","AOPK ÈR - RP Jižní Morava",9820750,39281000,2017-04-02,"Dedek Pavel","CELKOVE_SUM",NA,NA,NA,NA,NA,NA,"1",NA,"bourovec trnkový","02.04.2017","02.04.2017",6075288,NA,"CZ0624100: Milovický les",100,0,6075288,100,"7166c",2,4,"Milovický les","0","hnízda housenek",NA,NA
2017,"CZ0624100","Milovický les","Eriogaster catax","Motýli","PP  Na cvièišti","PP  Na cvièišti","RP Jižní Morava","AOPK ÈR - RP Jižní Morava",9820750,39281000,2017-04-02,"Dedek Pavel","POP_POCETSUMLOKAL","hnízda housenek","min","minmax","ano","lok","10","1",0,"bourovec trnkový","02.04.2017","02.04.2017",6075288,NA,"CZ0624100: Milovický les",100,0,6075288,100,"7166c",2,4,"Milovický les","0","hnízda housenek",NA,"alespoò 10 hnízda housenek"
2017,"CZ0624100","Milovický les","Eriogaster catax","Motýli","PP  Na cvièišti","PP  Na cvièišti","RP Jižní Morava","AOPK ÈR - RP Jižní Morava",9820750,39281000,2017-04-02,"Dedek Pavel","POP_PRESENCE",NA,"val","val","ano","lok","ano","ano",1,"bourovec trnkový","02.04.2017","02.04.2017",6075288,NA,"CZ0624100: Milovický les",100,0,6075288,100,"7166c",2,4,"Milovický les","0","hnízda housenek",NA,"ano"
2017,"CZ0624100","Milovický les","Eriogaster catax","Motýli","PP  Na cvièišti","PP  Na cvièišti","RP Jižní Morava","AOPK ÈR - RP Jižní Morava",9820750,39281000,2017-04-02,"Dedek Pavel","STA_LIKVIDACE",NA,"val","val","ne","lok","nezaznamenána",NA,NA,"bourovec trnkový","02.04.2017","02.04.2017",6075288,NA,"CZ0624100: Milovický les",100,0,6075288,100,"7166c",2,4,"Milovický les","0","hnízda housenek",NA,"nezaznamenána"
2017,"CZ0624100","Milovický les","Eriogaster catax","Motýli","PP Na cvièišti","PP Na cvièišti","RP Jižní Morava","AOPK ÈR - RP Jižní Morava",9827666,39302391,2017-05-01,"Dedek Pavel","CELKOVE_SUM",NA,NA,NA,NA,NA,NA,"1",0,"bourovec trnkový","01.05.2017","01.05.2017",6083838,NA,"CZ0624100: Milovický les",100,0,6083838,100,"7166c",1,5,"Milovický les","0","housenky",NA,NA
2017,"CZ0624100","Milovický les","Eriogaster catax","Motýli","PP Na cvièišti","PP Na cvièišti","RP Jižní Morava","AOPK ÈR - RP Jižní Morava",9827666,39302391,2017-05-01,"Dedek Pavel","CELKOVE_SUM",NA,NA,NA,NA,NA,NA,"1",1,"bourovec trnkový","01.05.2017","01.05.2017",6083838,NA,"CZ0624100: Milovický les",100,0,6083838,100,"7166c",1,5,"Milovický les","0","housenky",NA,NA
2017,"CZ0624100","Milovický les","Eriogaster catax","Motýli","PP Na cvièišti","PP Na cvièišti","RP Jižní Morava","AOPK ÈR - RP Jižní Morava",9827666,39302391,2017-05-01,"Dedek Pavel","CELKOVE_SUM",NA,NA,NA,NA,NA,NA,"1",NA,"bourovec trnkový","01.05.2017","01.05.2017",6083838,NA,"CZ0624100: Milovický les",100,0,6083838,100,"7166c",1,5,"Milovický les","0","housenky",NA,NA
2017,"CZ0624100","Milovický les","Eriogaster catax","Motýli","PP Na cvièišti","PP Na cvièišti","RP Jižní Morava","AOPK ÈR - RP Jižní Morava",9827666,39302391,2017-05-01,"Dedek Pavel","POP_POCETSUMLOKAL","hnízda housenek","min","minmax","ano","lok","10","0",0,"bourovec trnkový","01.05.2017","01.05.2017",6083838,NA,"CZ0624100: Milovický les",100,0,6083838,100,"7166c",1,5,"Milovický les","0","housenky",NA,"alespoò 10 hnízda housenek"
2017,"CZ0624100","Milovický les","Eriogaster catax","Motýli","PP Na cvièišti","PP Na cvièišti","RP Jižní Morava","AOPK ÈR - RP Jižní Morava",9827666,39302391,2017-05-01,"Dedek Pavel","POP_PRESENCE",NA,"val","val","ano","lok","ano","ano",1,"bourovec trnkový","01.05.2017","01.05.2017",6083838,NA,"CZ0624100: Milovický les",100,0,6083838,100,"7166c",1,5,"Milovický les","0","housenky",NA,"ano"
2017,"CZ0624100","Milovický les","Eriogaster catax","Motýli","PP Na cvièišti","PP Na cvièišti","RP Jižní Morava","AOPK ÈR - RP Jižní Morava",9827666,39302391,2017-05-01,"Dedek Pavel","STA_LIKVIDACE",NA,"val","val","ne","lok","nezaznamenána",NA,NA,"bourovec trnkový","01.05.2017","01.05.2017",6083838,NA,"CZ0624100: Milovický les",100,0,6083838,100,"7166c",1,5,"Milovický les","0","housenky",NA,"nezaznamenána"
2017,"CZ0624100","Milovický les","Eriogaster catax","Motýli","Mikulov na Moravì - PP Na cvièišti","Mikulov na Moravì - PP Na cvièišti","RP Jižní Morava","AOPK ÈR - RP Jižní Morava",9831736,39323040,2017-05-08,"Eliáš Kamil","CELKOVE_SUM",NA,NA,NA,NA,NA,NA,"1",0,"bourovec trnkový","08.05.2017","08.05.2017",6087187,NA,"CZ0624100: Milovický les",100,0,6087187,100,"7166c",8,5,"Milovický les","0","hnízda housenek",NA,NA
2017,"CZ0624100","Milovický les","Eriogaster catax","Motýli","Mikulov na Moravì - PP Na cvièišti","Mikulov na Moravì - PP Na cvièišti","RP Jižní Morava","AOPK ÈR - RP Jižní Morava",9831736,39323040,2017-05-08,"Eliáš Kamil","CELKOVE_SUM",NA,NA,NA,NA,NA,NA,"1",1,"bourovec trnkový","08.05.2017","08.05.2017",6087187,NA,"CZ0624100: Milovický les",100,0,6087187,100,"7166c",8,5,"Milovický les","0","hnízda housenek",NA,NA
2017,"CZ0624100","Milovický les","Eriogaster catax","Motýli","Mikulov na Moravì - PP Na cvièišti","Mikulov na Moravì - PP Na cvièišti","RP Jižní Morava","AOPK ÈR - RP Jižní Morava",9831736,39323040,2017-05-08,"Eliáš Kamil","CELKOVE_SUM",NA,NA,NA,NA,NA,NA,"1",NA,"bourovec trnkový","08.05.2017","08.05.2017",6087187,NA,"CZ0624100: Milovický les",100,0,6087187,100,"7166c",8,5,"Milovický les","0","hnízda housenek",NA,NA
2017,"CZ0624100","Milovický les","Eriogaster catax","Motýli","Mikulov na Moravì - PP Na cvièišti","Mikulov na Moravì - PP Na cvièišti","RP Jižní Morava","AOPK ÈR - RP Jižní Morava",9831736,39323040,2017-05-08,"Eliáš Kamil","POP_POCETSUMLOKAL","hnízda housenek","min","minmax","ano","lok","10","7",0,"bourovec trnkový","08.05.2017","08.05.2017",6087187,NA,"CZ0624100: Milovický les",100,0,6087187,100,"7166c",8,5,"Milovický les","0","hnízda housenek",NA,"alespoò 10 hnízda housenek"
2017,"CZ0624100","Milovický les","Eriogaster catax","Motýli","Mikulov na Moravì - PP Na cvièišti","Mikulov na Moravì - PP Na cvièišti","RP Jižní Morava","AOPK ÈR - RP Jižní Morava",9831736,39323040,2017-05-08,"Eliáš Kamil","POP_PRESENCE",NA,"val","val","ano","lok","ano","ano",1,"bourovec trnkový","08.05.2017","08.05.2017",6087187,NA,"CZ0624100: Milovický les",100,0,6087187,100,"7166c",8,5,"Milovický les","0","hnízda housenek",NA,"ano"
2017,"CZ0624100","Milovický les","Eriogaster catax","Motýli","Mikulov na Moravì - PP Na cvièišti","Mikulov na Moravì - PP Na cvièišti","RP Jižní Morava","AOPK ÈR - RP Jižní Morava",9831736,39323040,2017-05-08,"Eliáš Kamil","STA_LIKVIDACE",NA,"val","val","ne","lok","nezaznamenána",NA,NA,"bourovec trnkový","08.05.2017","08.05.2017",6087187,NA,"CZ0624100: Milovický les",100,0,6087187,100,"7166c",8,5,"Milovický les","0","hnízda housenek",NA,"nezaznamenána"
2017,"CZ0723430","Údolí Bánovského potoka","Eriogaster catax","Motýli","KÚ: Šumice u Uherského Brodu","KÚ: Šumice u Uherského Brodu","RP SCHKO Bílé Karpaty","Krajský úøad Zlínského kraje",10123370,43512912,2017-04-23,"Kopeèek František","CELKOVE_SUM",NA,NA,NA,NA,NA,NA,"1",0,"bourovec trnkový","23.04.2017","23.04.2017",6339456,NA,"CZ0723430: Údolí Bánovského potoka",100,0,6339456,100,"6972c",23,4,"Údolí Bánovského potoka","0","hnízda housenek",NA,NA
2017,"CZ0723430","Údolí Bánovského potoka","Eriogaster catax","Motýli","KÚ: Šumice u Uherského Brodu","KÚ: Šumice u Uherského Brodu","RP SCHKO Bílé Karpaty","Krajský úøad Zlínského kraje",10123370,43512912,2017-04-23,"Kopeèek František","CELKOVE_SUM",NA,NA,NA,NA,NA,NA,"1",1,"bourovec trnkový","23.04.2017","23.04.2017",6339456,NA,"CZ0723430: Údolí Bánovského potoka",100,0,6339456,100,"6972c",23,4,"Údolí Bánovského potoka","0","hnízda housenek",NA,NA
2017,"CZ0723430","Údolí Bánovského potoka","Eriogaster catax","Motýli","KÚ: Šumice u Uherského Brodu","KÚ: Šumice u Uherského Brodu","RP SCHKO Bílé Karpaty","Krajský úøad Zlínského kraje",10123370,43512912,2017-04-23,"Kopeèek František","CELKOVE_SUM",NA,NA,NA,NA,NA,NA,"1",NA,"bourovec trnkový","23.04.2017","23.04.2017",6339456,NA,"CZ0723430: Údolí Bánovského potoka",100,0,6339456,100,"6972c",23,4,"Údolí Bánovského potoka","0","hnízda housenek",NA,NA
2017,"CZ0723430","Údolí Bánovského potoka","Eriogaster catax","Motýli","KÚ: Šumice u Uherského Brodu","KÚ: Šumice u Uherského Brodu","RP SCHKO Bílé Karpaty","Krajský úøad Zlínského kraje",10123370,43512912,2017-04-23,"Kopeèek František","POP_POCETSUMLOKAL","hnízda housenek","min","minmax","ano","lok","10","1",0,"bourovec trnkový","23.04.2017","23.04.2017",6339456,NA,"CZ0723430: Údolí Bánovského potoka",100,0,6339456,100,"6972c",23,4,"Údolí Bánovského potoka","0","hnízda housenek",NA,"alespoò 10 hnízda housenek"
2017,"CZ0723430","Údolí Bánovského potoka","Eriogaster catax","Motýli","KÚ: Šumice u Uherského Brodu","KÚ: Šumice u Uherského Brodu","RP SCHKO Bílé Karpaty","Krajský úøad Zlínského kraje",10123370,43512912,2017-04-23,"Kopeèek František","POP_PRESENCE",NA,"val","val","ano","lok","ano","ano",1,"bourovec trnkový","23.04.2017","23.04.2017",6339456,NA,"CZ0723430: Údolí Bánovského potoka",100,0,6339456,100,"6972c",23,4,"Údolí Bánovského potoka","0","hnízda housenek",NA,"ano"
2017,"CZ0723430","Údolí Bánovského potoka","Eriogaster catax","Motýli","KÚ: Šumice u Uherského Brodu","KÚ: Šumice u Uherského Brodu","RP SCHKO Bílé Karpaty","Krajský úøad Zlínského kraje",10123370,43512912,2017-04-23,"Kopeèek František","STA_LIKVIDACE",NA,"val","val","ne","lok","nezaznamenána",NA,NA,"bourovec trnkový","23.04.2017","23.04.2017",6339456,NA,"CZ0723430: Údolí Bánovského potoka",100,0,6339456,100,"6972c",23,4,"Údolí Bánovského potoka","0","hnízda housenek",NA,"nezaznamenána"
2017,"CZ0724087","Újezdecký les","Eriogaster catax","Motýli","KÚ: Újezdec u Luhaèovic","KÚ: Újezdec u Luhaèovic","RP SCHKO Bílé Karpaty","Krajský úøad Zlínského kraje",10123371,43512913,2017-04-16,"Kopeèek František","CELKOVE_SUM",NA,NA,NA,NA,NA,NA,"1",0,"bourovec trnkový","16.04.2017","20.04.2017",6339457,NA,"CZ0724087: Újezdecký les",100,0,6339457,100,"6972a",16,4,"Újezdecký les","0","hnízda housenek",NA,NA
2017,"CZ0724087","Újezdecký les","Eriogaster catax","Motýli","KÚ: Újezdec u Luhaèovic","KÚ: Újezdec u Luhaèovic","RP SCHKO Bílé Karpaty","Krajský úøad Zlínského kraje",10123371,43512913,2017-04-16,"Kopeèek František","CELKOVE_SUM",NA,NA,NA,NA,NA,NA,"1",1,"bourovec trnkový","16.04.2017","20.04.2017",6339457,NA,"CZ0724087: Újezdecký les",100,0,6339457,100,"6972a",16,4,"Újezdecký les","0","hnízda housenek",NA,NA
2017,"CZ0724087","Újezdecký les","Eriogaster catax","Motýli","KÚ: Újezdec u Luhaèovic","KÚ: Újezdec u Luhaèovic","RP SCHKO Bílé Karpaty","Krajský úøad Zlínského kraje",10123371,43512913,2017-04-16,"Kopeèek František","CELKOVE_SUM",NA,NA,NA,NA,NA,NA,"1",NA,"bourovec trnkový","16.04.2017","20.04.2017",6339457,NA,"CZ0724087: Újezdecký les",100,0,6339457,100,"6972a",16,4,"Újezdecký les","0","hnízda housenek",NA,NA
2017,"CZ0724087","Újezdecký les","Eriogaster catax","Motýli","KÚ: Újezdec u Luhaèovic","KÚ: Újezdec u Luhaèovic","RP SCHKO Bílé Karpaty","Krajský úøad Zlínského kraje",10123371,43512913,2017-04-16,"Kopeèek František","POP_POCETSUMLOKAL","hnízda housenek","min","minmax","ano","lok","10","4",0,"bourovec trnkový","16.04.2017","20.04.2017",6339457,NA,"CZ0724087: Újezdecký les",100,0,6339457,100,"6972a",16,4,"Újezdecký les","0","hnízda housenek",NA,"alespoò 10 hnízda housenek"
2017,"CZ0724087","Újezdecký les","Eriogaster catax","Motýli","KÚ: Újezdec u Luhaèovic","KÚ: Újezdec u Luhaèovic","RP SCHKO Bílé Karpaty","Krajský úøad Zlínského kraje",10123371,43512913,2017-04-16,"Kopeèek František","POP_PRESENCE",NA,"val","val","ano","lok","ano","ano",1,"bourovec trnkový","16.04.2017","20.04.2017",6339457,NA,"CZ0724087: Újezdecký les",100,0,6339457,100,"6972a",16,4,"Újezdecký les","0","hnízda housenek",NA,"ano"
2017,"CZ0724087","Újezdecký les","Eriogaster catax","Motýli","KÚ: Újezdec u Luhaèovic","KÚ: Újezdec u Luhaèovic","RP SCHKO Bílé Karpaty","Krajský úøad Zlínského kraje",10123371,43512913,2017-04-16,"Kopeèek František","STA_LIKVIDACE",NA,"val","val","ne","lok","nezaznamenána",NA,NA,"bourovec trnkový","16.04.2017","20.04.2017",6339457,NA,"CZ0724087: Újezdecký les",100,0,6339457,100,"6972a",16,4,"Újezdecký les","0","hnízda housenek",NA,"nezaznamenána"
2017,"CZ0724087","Újezdecký les","Eriogaster catax","Motýli","KÚ: Újezdec u Luhaèovic","KÚ: Újezdec u Luhaèovic","RP SCHKO Bílé Karpaty","Krajský úøad Zlínského kraje",10123372,43512914,2017-04-16,"Kopeèek František","CELKOVE_SUM",NA,NA,NA,NA,NA,NA,"1",0,"bourovec trnkový","16.04.2017","20.04.2017",6339458,NA,"CZ0724087: Újezdecký les",100,0,6339458,100,"6972c",16,4,"Újezdecký les","0","hnízda housenek",NA,NA
2017,"CZ0724087","Újezdecký les","Eriogaster catax","Motýli","KÚ: Újezdec u Luhaèovic","KÚ: Újezdec u Luhaèovic","RP SCHKO Bílé Karpaty","Krajský úøad Zlínského kraje",10123372,43512914,2017-04-16,"Kopeèek František","CELKOVE_SUM",NA,NA,NA,NA,NA,NA,"1",1,"bourovec trnkový","16.04.2017","20.04.2017",6339458,NA,"CZ0724087: Újezdecký les",100,0,6339458,100,"6972c",16,4,"Újezdecký les","0","hnízda housenek",NA,NA
2017,"CZ0724087","Újezdecký les","Eriogaster catax","Motýli","KÚ: Újezdec u Luhaèovic","KÚ: Újezdec u Luhaèovic","RP SCHKO Bílé Karpaty","Krajský úøad Zlínského kraje",10123372,43512914,2017-04-16,"Kopeèek František","CELKOVE_SUM",NA,NA,NA,NA,NA,NA,"1",NA,"bourovec trnkový","16.04.2017","20.04.2017",6339458,NA,"CZ0724087: Újezdecký les",100,0,6339458,100,"6972c",16,4,"Újezdecký les","0","hnízda housenek",NA,NA
2017,"CZ0724087","Újezdecký les","Eriogaster catax","Motýli","KÚ: Újezdec u Luhaèovic","KÚ: Újezdec u Luhaèovic","RP SCHKO Bílé Karpaty","Krajský úøad Zlínského kraje",10123372,43512914,2017-04-16,"Kopeèek František","POP_POCETSUMLOKAL","hnízda housenek","min","minmax","ano","lok","10","4",0,"bourovec trnkový","16.04.2017","20.04.2017",6339458,NA,"CZ0724087: Újezdecký les",100,0,6339458,100,"6972c",16,4,"Újezdecký les","0","hnízda housenek",NA,"alespoò 10 hnízda housenek"
2017,"CZ0724087","Újezdecký les","Eriogaster catax","Motýli","KÚ: Újezdec u Luhaèovic","KÚ: Újezdec u Luhaèovic","RP SCHKO Bílé Karpaty","Krajský úøad Zlínského kraje",10123372,43512914,2017-04-16,"Kopeèek František","POP_PRESENCE",NA,"val","val","ano","lok","ano","ano",1,"bourovec trnkový","16.04.2017","20.04.2017",6339458,NA,"CZ0724087: Újezdecký les",100,0,6339458,100,"6972c",16,4,"Újezdecký les","0","hnízda housenek",NA,"ano"
2017,"CZ0724087","Újezdecký les","Eriogaster catax","Motýli","KÚ: Újezdec u Luhaèovic","KÚ: Újezdec u Luhaèovic","RP SCHKO Bílé Karpaty","Krajský úøad Zlínského kraje",10123372,43512914,2017-04-16,"Kopeèek František","STA_LIKVIDACE",NA,"val","val","ne","lok","nezaznamenána",NA,NA,"bourovec trnkový","16.04.2017","20.04.2017",6339458,NA,"CZ0724087: Újezdecký les",100,0,6339458,100,"6972c",16,4,"Újezdecký les","0","hnízda housenek",NA,"nezaznamenána"
2017,"CZ0724087","Újezdecký les","Eriogaster catax","Motýli","KÚ: Újezdec u Luhaèovic","KÚ: Újezdec u Luhaèovic","RP SCHKO Bílé Karpaty","Krajský úøad Zlínského kraje",10123373,43512915,2017-04-16,"Kopeèek František","CELKOVE_SUM",NA,NA,NA,NA,NA,NA,"1",0,"bourovec trnkový","16.04.2017","20.04.2017",6339459,NA,"CZ0724087: Újezdecký les",100,0,6339459,100,"6972c",16,4,"Újezdecký les","0","hnízda housenek",NA,NA
2017,"CZ0724087","Újezdecký les","Eriogaster catax","Motýli","KÚ: Újezdec u Luhaèovic","KÚ: Újezdec u Luhaèovic","RP SCHKO Bílé Karpaty","Krajský úøad Zlínského kraje",10123373,43512915,2017-04-16,"Kopeèek František","CELKOVE_SUM",NA,NA,NA,NA,NA,NA,"1",1,"bourovec trnkový","16.04.2017","20.04.2017",6339459,NA,"CZ0724087: Újezdecký les",100,0,6339459,100,"6972c",16,4,"Újezdecký les","0","hnízda housenek",NA,NA
2017,"CZ0724087","Újezdecký les","Eriogaster catax","Motýli","KÚ: Újezdec u Luhaèovic","KÚ: Újezdec u Luhaèovic","RP SCHKO Bílé Karpaty","Krajský úøad Zlínského kraje",10123373,43512915,2017-04-16,"Kopeèek František","CELKOVE_SUM",NA,NA,NA,NA,NA,NA,"1",NA,"bourovec trnkový","16.04.2017","20.04.2017",6339459,NA,"CZ0724087: Újezdecký les",100,0,6339459,100,"6972c",16,4,"Újezdecký les","0","hnízda housenek",NA,NA
2017,"CZ0724087","Újezdecký les","Eriogaster catax","Motýli","KÚ: Újezdec u Luhaèovic","KÚ: Újezdec u Luhaèovic","RP SCHKO Bílé Karpaty","Krajský úøad Zlínského kraje",10123373,43512915,2017-04-16,"Kopeèek František","POP_POCETSUMLOKAL","hnízda housenek","min","minmax","ano","lok","10","4",0,"bourovec trnkový","16.04.2017","20.04.2017",6339459,NA,"CZ0724087: Újezdecký les",100,0,6339459,100,"6972c",16,4,"Újezdecký les","0","hnízda housenek",NA,"alespoò 10 hnízda housenek"
2017,"CZ0724087","Újezdecký les","Eriogaster catax","Motýli","KÚ: Újezdec u Luhaèovic","KÚ: Újezdec u Luhaèovic","RP SCHKO Bílé Karpaty","Krajský úøad Zlínského kraje",10123373,43512915,2017-04-16,"Kopeèek František","POP_PRESENCE",NA,"val","val","ano","lok","ano","ano",1,"bourovec trnkový","16.04.2017","20.04.2017",6339459,NA,"CZ0724087: Újezdecký les",100,0,6339459,100,"6972c",16,4,"Újezdecký les","0","hnízda housenek",NA,"ano"
2017,"CZ0724087","Újezdecký les","Eriogaster catax","Motýli","KÚ: Újezdec u Luhaèovic","KÚ: Újezdec u Luhaèovic","RP SCHKO Bílé Karpaty","Krajský úøad Zlínského kraje",10123373,43512915,2017-04-16,"Kopeèek František","STA_LIKVIDACE",NA,"val","val","ne","lok","nezaznamenána",NA,NA,"bourovec trnkový","16.04.2017","20.04.2017",6339459,NA,"CZ0724087: Újezdecký les",100,0,6339459,100,"6972c",16,4,"Újezdecký les","0","hnízda housenek",NA,"nezaznamenána"
2017,"CZ0724087","Újezdecký les","Eriogaster catax","Motýli","KÚ: Újezdec u Luhaèovic","KÚ: Újezdec u Luhaèovic","RP SCHKO Bílé Karpaty","Krajský úøad Zlínského kraje",10123374,43512916,2017-04-16,"Kopeèek František","CELKOVE_SUM",NA,NA,NA,NA,NA,NA,"1",0,"bourovec trnkový","16.04.2017","20.04.2017",6339460,NA,"CZ0724087: Újezdecký les",100,0,6339460,100,"6972c",16,4,"Újezdecký les","0","hnízda housenek",NA,NA
2017,"CZ0724087","Újezdecký les","Eriogaster catax","Motýli","KÚ: Újezdec u Luhaèovic","KÚ: Újezdec u Luhaèovic","RP SCHKO Bílé Karpaty","Krajský úøad Zlínského kraje",10123374,43512916,2017-04-16,"Kopeèek František","CELKOVE_SUM",NA,NA,NA,NA,NA,NA,"1",1,"bourovec trnkový","16.04.2017","20.04.2017",6339460,NA,"CZ0724087: Újezdecký les",100,0,6339460,100,"6972c",16,4,"Újezdecký les","0","hnízda housenek",NA,NA
2017,"CZ0724087","Újezdecký les","Eriogaster catax","Motýli","KÚ: Újezdec u Luhaèovic","KÚ: Újezdec u Luhaèovic","RP SCHKO Bílé Karpaty","Krajský úøad Zlínského kraje",10123374,43512916,2017-04-16,"Kopeèek František","CELKOVE_SUM",NA,NA,NA,NA,NA,NA,"1",NA,"bourovec trnkový","16.04.2017","20.04.2017",6339460,NA,"CZ0724087: Újezdecký les",100,0,6339460,100,"6972c",16,4,"Újezdecký les","0","hnízda housenek",NA,NA
2017,"CZ0724087","Újezdecký les","Eriogaster catax","Motýli","KÚ: Újezdec u Luhaèovic","KÚ: Újezdec u Luhaèovic","RP SCHKO Bílé Karpaty","Krajský úøad Zlínského kraje",10123374,43512916,2017-04-16,"Kopeèek František","POP_POCETSUMLOKAL","hnízda housenek","min","minmax","ano","lok","10","4",0,"bourovec trnkový","16.04.2017","20.04.2017",6339460,NA,"CZ0724087: Újezdecký les",100,0,6339460,100,"6972c",16,4,"Újezdecký les","0","hnízda housenek",NA,"alespoò 10 hnízda housenek"
2017,"CZ0724087","Újezdecký les","Eriogaster catax","Motýli","KÚ: Újezdec u Luhaèovic","KÚ: Újezdec u Luhaèovic","RP SCHKO Bílé Karpaty","Krajský úøad Zlínského kraje",10123374,43512916,2017-04-16,"Kopeèek František","POP_PRESENCE",NA,"val","val","ano","lok","ano","ano",1,"bourovec trnkový","16.04.2017","20.04.2017",6339460,NA,"CZ0724087: Újezdecký les",100,0,6339460,100,"6972c",16,4,"Újezdecký les","0","hnízda housenek",NA,"ano"
2017,"CZ0724087","Újezdecký les","Eriogaster catax","Motýli","KÚ: Újezdec u Luhaèovic","KÚ: Újezdec u Luhaèovic","RP SCHKO Bílé Karpaty","Krajský úøad Zlínského kraje",10123374,43512916,2017-04-16,"Kopeèek František","STA_LIKVIDACE",NA,"val","val","ne","lok","nezaznamenána",NA,NA,"bourovec trnkový","16.04.2017","20.04.2017",6339460,NA,"CZ0724087: Újezdecký les",100,0,6339460,100,"6972c",16,4,"Újezdecký les","0","hnízda housenek",NA,"nezaznamenána"
2017,"CZ0724090","Bílé Karpaty","Eriogaster catax","Motýli","KÚ: Nová Lhota u Veselí nad Moravou","KÚ: Nová Lhota u Veselí nad Moravou","RP SCHKO Bílé Karpaty","AOPK ÈR - RP SCHKO Bílé Karpaty",10123375,43512917,2017-05-14,"Kopeèek František","CELKOVE_SUM",NA,NA,NA,NA,NA,NA,"1",0,"bourovec trnkový","14.05.2017","14.05.2017",6339461,NA,"CZ0724090: Bílé Karpaty",100,0,6339461,100,"7171b",14,5,"Bílé Karpaty","0","hnízda housenek",NA,NA
2017,"CZ0724090","Bílé Karpaty","Eriogaster catax","Motýli","KÚ: Nová Lhota u Veselí nad Moravou","KÚ: Nová Lhota u Veselí nad Moravou","RP SCHKO Bílé Karpaty","AOPK ÈR - RP SCHKO Bílé Karpaty",10123375,43512917,2017-05-14,"Kopeèek František","CELKOVE_SUM",NA,NA,NA,NA,NA,NA,"1",1,"bourovec trnkový","14.05.2017","14.05.2017",6339461,NA,"CZ0724090: Bílé Karpaty",100,0,6339461,100,"7171b",14,5,"Bílé Karpaty","0","hnízda housenek",NA,NA
2017,"CZ0724090","Bílé Karpaty","Eriogaster catax","Motýli","KÚ: Nová Lhota u Veselí nad Moravou","KÚ: Nová Lhota u Veselí nad Moravou","RP SCHKO Bílé Karpaty","AOPK ÈR - RP SCHKO Bílé Karpaty",10123375,43512917,2017-05-14,"Kopeèek František","CELKOVE_SUM",NA,NA,NA,NA,NA,NA,"1",NA,"bourovec trnkový","14.05.2017","14.05.2017",6339461,NA,"CZ0724090: Bílé Karpaty",100,0,6339461,100,"7171b",14,5,"Bílé Karpaty","0","hnízda housenek",NA,NA
2017,"CZ0724090","Bílé Karpaty","Eriogaster catax","Motýli","KÚ: Nová Lhota u Veselí nad Moravou","KÚ: Nová Lhota u Veselí nad Moravou","RP SCHKO Bílé Karpaty","AOPK ÈR - RP SCHKO Bílé Karpaty",10123375,43512917,2017-05-14,"Kopeèek František","POP_POCETSUMLOKAL","hnízda housenek","min","minmax","ano","lok","10","1",0,"bourovec trnkový","14.05.2017","14.05.2017",6339461,NA,"CZ0724090: Bílé Karpaty",100,0,6339461,100,"7171b",14,5,"Bílé Karpaty","0","hnízda housenek",NA,"alespoò 10 hnízda housenek"
2017,"CZ0724090","Bílé Karpaty","Eriogaster catax","Motýli","KÚ: Nová Lhota u Veselí nad Moravou","KÚ: Nová Lhota u Veselí nad Moravou","RP SCHKO Bílé Karpaty","AOPK ÈR - RP SCHKO Bílé Karpaty",10123375,43512917,2017-05-14,"Kopeèek František","POP_PRESENCE",NA,"val","val","ano","lok","ano","ano",1,"bourovec trnkový","14.05.2017","14.05.2017",6339461,NA,"CZ0724090: Bílé Karpaty",100,0,6339461,100,"7171b",14,5,"Bílé Karpaty","0","hnízda housenek",NA,"ano"
2017,"CZ0724090","Bílé Karpaty","Eriogaster catax","Motýli","KÚ: Nová Lhota u Veselí nad Moravou","KÚ: Nová Lhota u Veselí nad Moravou","RP SCHKO Bílé Karpaty","AOPK ÈR - RP SCHKO Bílé Karpaty",10123375,43512917,2017-05-14,"Kopeèek František","STA_LIKVIDACE",NA,"val","val","ne","lok","nezaznamenána",NA,NA,"bourovec trnkový","14.05.2017","14.05.2017",6339461,NA,"CZ0724090: Bílé Karpaty",100,0,6339461,100,"7171b",14,5,"Bílé Karpaty","0","hnízda housenek",NA,"nezaznamenána"
2018,"CZ0723024","Rochus","Eriogaster catax","Motýli","Uherské Hradištì - PP Rochus","Uherské Hradištì - PP Rochus","RP SCHKO Bílé Karpaty","Krajský úøad Zlínského kraje",10263248,44349892,2018-04-22,"Zapletal Michal","CELKOVE_SUM",NA,NA,NA,NA,NA,NA,"1",0,"bourovec trnkový","22.04.2018","22.04.2018",6520134,NA,"CZ0723024: Rochus",100,0,6520134,100,"6970b",22,4,"Rochus","0","hnízda housenek",NA,NA
2018,"CZ0723024","Rochus","Eriogaster catax","Motýli","Uherské Hradištì - PP Rochus","Uherské Hradištì - PP Rochus","RP SCHKO Bílé Karpaty","Krajský úøad Zlínského kraje",10263248,44349892,2018-04-22,"Zapletal Michal","CELKOVE_SUM",NA,NA,NA,NA,NA,NA,"1",1,"bourovec trnkový","22.04.2018","22.04.2018",6520134,NA,"CZ0723024: Rochus",100,0,6520134,100,"6970b",22,4,"Rochus","0","hnízda housenek",NA,NA
2018,"CZ0723024","Rochus","Eriogaster catax","Motýli","Uherské Hradištì - PP Rochus","Uherské Hradištì - PP Rochus","RP SCHKO Bílé Karpaty","Krajský úøad Zlínského kraje",10263248,44349892,2018-04-22,"Zapletal Michal","CELKOVE_SUM",NA,NA,NA,NA,NA,NA,"1",NA,"bourovec trnkový","22.04.2018","22.04.2018",6520134,NA,"CZ0723024: Rochus",100,0,6520134,100,"6970b",22,4,"Rochus","0","hnízda housenek",NA,NA
2018,"CZ0723024","Rochus","Eriogaster catax","Motýli","Uherské Hradištì - PP Rochus","Uherské Hradištì - PP Rochus","RP SCHKO Bílé Karpaty","Krajský úøad Zlínského kraje",10263248,44349892,2018-04-22,"Zapletal Michal","POP_POCETSUMLOKAL","hnízda housenek","min","minmax","ano","lok","10","7",0,"bourovec trnkový","22.04.2018","22.04.2018",6520134,NA,"CZ0723024: Rochus",100,0,6520134,100,"6970b",22,4,"Rochus","0","hnízda housenek",NA,"alespoò 10 hnízda housenek"
2018,"CZ0723024","Rochus","Eriogaster catax","Motýli","Uherské Hradištì - PP Rochus","Uherské Hradištì - PP Rochus","RP SCHKO Bílé Karpaty","Krajský úøad Zlínského kraje",10263248,44349892,2018-04-22,"Zapletal Michal","POP_PRESENCE",NA,"val","val","ano","lok","ano","ano",1,"bourovec trnkový","22.04.2018","22.04.2018",6520134,NA,"CZ0723024: Rochus",100,0,6520134,100,"6970b",22,4,"Rochus","0","hnízda housenek",NA,"ano"
2018,"CZ0723024","Rochus","Eriogaster catax","Motýli","Uherské Hradištì - PP Rochus","Uherské Hradištì - PP Rochus","RP SCHKO Bílé Karpaty","Krajský úøad Zlínského kraje",10263248,44349892,2018-04-22,"Zapletal Michal","STA_LIKVIDACE",NA,"val","val","ne","lok","nezaznamenána",NA,NA,"bourovec trnkový","22.04.2018","22.04.2018",6520134,NA,"CZ0723024: Rochus",100,0,6520134,100,"6970b",22,4,"Rochus","0","hnízda housenek",NA,"nezaznamenána"
2016,"CZ0624100","Milovický les","Eriogaster catax","Motýli","Mikulov","Mikulov","RP Jižní Morava","AOPK ÈR - RP Jižní Morava",10370756,45495369,2016-04-30,"Segl Jiøí","CELKOVE_SUM",NA,NA,NA,NA,NA,NA,"1",0,"bourovec trnkový","30.04.2016","30.04.2016",6647017,NA,"CZ0624100: Milovický les",100,0,6647017,100,"7166c",30,4,"Milovický les","0","housenky",NA,NA
2016,"CZ0624100","Milovický les","Eriogaster catax","Motýli","Mikulov","Mikulov","RP Jižní Morava","AOPK ÈR - RP Jižní Morava",10370756,45495369,2016-04-30,"Segl Jiøí","CELKOVE_SUM",NA,NA,NA,NA,NA,NA,"1",1,"bourovec trnkový","30.04.2016","30.04.2016",6647017,NA,"CZ0624100: Milovický les",100,0,6647017,100,"7166c",30,4,"Milovický les","0","housenky",NA,NA
2016,"CZ0624100","Milovický les","Eriogaster catax","Motýli","Mikulov","Mikulov","RP Jižní Morava","AOPK ÈR - RP Jižní Morava",10370756,45495369,2016-04-30,"Segl Jiøí","CELKOVE_SUM",NA,NA,NA,NA,NA,NA,"1",NA,"bourovec trnkový","30.04.2016","30.04.2016",6647017,NA,"CZ0624100: Milovický les",100,0,6647017,100,"7166c",30,4,"Milovický les","0","housenky",NA,NA
2016,"CZ0624100","Milovický les","Eriogaster catax","Motýli","Mikulov","Mikulov","RP Jižní Morava","AOPK ÈR - RP Jižní Morava",10370756,45495369,2016-04-30,"Segl Jiøí","POP_POCETSUMLOKAL","hnízda housenek","min","minmax","ano","lok","10","0",0,"bourovec trnkový","30.04.2016","30.04.2016",6647017,NA,"CZ0624100: Milovický les",100,0,6647017,100,"7166c",30,4,"Milovický les","0","housenky",NA,"alespoò 10 hnízda housenek"
2016,"CZ0624100","Milovický les","Eriogaster catax","Motýli","Mikulov","Mikulov","RP Jižní Morava","AOPK ÈR - RP Jižní Morava",10370756,45495369,2016-04-30,"Segl Jiøí","POP_PRESENCE",NA,"val","val","ano","lok","ano","ano",1,"bourovec trnkový","30.04.2016","30.04.2016",6647017,NA,"CZ0624100: Milovický les",100,0,6647017,100,"7166c",30,4,"Milovický les","0","housenky",NA,"ano"
2016,"CZ0624100","Milovický les","Eriogaster catax","Motýli","Mikulov","Mikulov","RP Jižní Morava","AOPK ÈR - RP Jižní Morava",10370756,45495369,2016-04-30,"Segl Jiøí","STA_LIKVIDACE",NA,"val","val","ne","lok","nezaznamenána",NA,NA,"bourovec trnkový","30.04.2016","30.04.2016",6647017,NA,"CZ0624100: Milovický les",100,0,6647017,100,"7166c",30,4,"Milovický les","0","housenky",NA,"nezaznamenána"
2018,"CZ0620048","Skalky u Sedlece","Eriogaster catax","Motýli","PP Skalky u Sedlece","PP Skalky u Sedlece","RP Jižní Morava","Krajský úøad Jihomoravského kraje",10389944,45572599,2018-05-01,"Jiøí Beneš, Jan Hrnèíø","CELKOVE_SUM",NA,NA,NA,NA,NA,NA,"1",0,"bourovec trnkový","01.05.2018","01.05.2018",6661677,NA,"CZ0620048: Skalky u Sedlece",100,0,6661677,100,"7266a",1,5,"Skalky u Sedlece","0","hnízda housenek",NA,NA
2018,"CZ0620048","Skalky u Sedlece","Eriogaster catax","Motýli","PP Skalky u Sedlece","PP Skalky u Sedlece","RP Jižní Morava","Krajský úøad Jihomoravského kraje",10389944,45572599,2018-05-01,"Jiøí Beneš, Jan Hrnèíø","CELKOVE_SUM",NA,NA,NA,NA,NA,NA,"1",1,"bourovec trnkový","01.05.2018","01.05.2018",6661677,NA,"CZ0620048: Skalky u Sedlece",100,0,6661677,100,"7266a",1,5,"Skalky u Sedlece","0","hnízda housenek",NA,NA
2018,"CZ0620048","Skalky u Sedlece","Eriogaster catax","Motýli","PP Skalky u Sedlece","PP Skalky u Sedlece","RP Jižní Morava","Krajský úøad Jihomoravského kraje",10389944,45572599,2018-05-01,"Jiøí Beneš, Jan Hrnèíø","CELKOVE_SUM",NA,NA,NA,NA,NA,NA,"1",NA,"bourovec trnkový","01.05.2018","01.05.2018",6661677,NA,"CZ0620048: Skalky u Sedlece",100,0,6661677,100,"7266a",1,5,"Skalky u Sedlece","0","hnízda housenek",NA,NA
2018,"CZ0620048","Skalky u Sedlece","Eriogaster catax","Motýli","PP Skalky u Sedlece","PP Skalky u Sedlece","RP Jižní Morava","Krajský úøad Jihomoravského kraje",10389944,45572599,2018-05-01,"Jiøí Beneš, Jan Hrnèíø","POP_POCETSUMLOKAL","hnízda housenek","min","minmax","ano","lok","10","1",0,"bourovec trnkový","01.05.2018","01.05.2018",6661677,NA,"CZ0620048: Skalky u Sedlece",100,0,6661677,100,"7266a",1,5,"Skalky u Sedlece","0","hnízda housenek",NA,"alespoò 10 hnízda housenek"
2018,"CZ0620048","Skalky u Sedlece","Eriogaster catax","Motýli","PP Skalky u Sedlece","PP Skalky u Sedlece","RP Jižní Morava","Krajský úøad Jihomoravského kraje",10389944,45572599,2018-05-01,"Jiøí Beneš, Jan Hrnèíø","POP_PRESENCE",NA,"val","val","ano","lok","ano","ano",1,"bourovec trnkový","01.05.2018","01.05.2018",6661677,NA,"CZ0620048: Skalky u Sedlece",100,0,6661677,100,"7266a",1,5,"Skalky u Sedlece","0","hnízda housenek",NA,"ano"
2018,"CZ0620048","Skalky u Sedlece","Eriogaster catax","Motýli","PP Skalky u Sedlece","PP Skalky u Sedlece","RP Jižní Morava","Krajský úøad Jihomoravského kraje",10389944,45572599,2018-05-01,"Jiøí Beneš, Jan Hrnèíø","STA_LIKVIDACE",NA,"val","val","ne","lok","nezaznamenána",NA,NA,"bourovec trnkový","01.05.2018","01.05.2018",6661677,NA,"CZ0620048: Skalky u Sedlece",100,0,6661677,100,"7266a",1,5,"Skalky u Sedlece","0","hnízda housenek",NA,"nezaznamenána"
2018,"CZ0624096","Podyjí","Eriogaster catax","Motýli","Èížov","Èížov","RP Jižní Morava","Správa NP Podyjí",10389947,45572608,2018-04-29,"Jiøí Beneš, Jan Hrnèíø","CELKOVE_SUM",NA,NA,NA,NA,NA,NA,"1",0,"bourovec trnkový","29.04.2018","29.04.2018",6661680,NA,"CZ0624096: Podyjí",100,0,6661680,100,"7161a",29,4,"Podyjí","0","hnízda housenek",NA,NA
2018,"CZ0624096","Podyjí","Eriogaster catax","Motýli","Èížov","Èížov","RP Jižní Morava","Správa NP Podyjí",10389947,45572608,2018-04-29,"Jiøí Beneš, Jan Hrnèíø","CELKOVE_SUM",NA,NA,NA,NA,NA,NA,"1",1,"bourovec trnkový","29.04.2018","29.04.2018",6661680,NA,"CZ0624096: Podyjí",100,0,6661680,100,"7161a",29,4,"Podyjí","0","hnízda housenek",NA,NA
2018,"CZ0624096","Podyjí","Eriogaster catax","Motýli","Èížov","Èížov","RP Jižní Morava","Správa NP Podyjí",10389947,45572608,2018-04-29,"Jiøí Beneš, Jan Hrnèíø","CELKOVE_SUM",NA,NA,NA,NA,NA,NA,"1",NA,"bourovec trnkový","29.04.2018","29.04.2018",6661680,NA,"CZ0624096: Podyjí",100,0,6661680,100,"7161a",29,4,"Podyjí","0","hnízda housenek",NA,NA
2018,"CZ0624096","Podyjí","Eriogaster catax","Motýli","Èížov","Èížov","RP Jižní Morava","Správa NP Podyjí",10389947,45572608,2018-04-29,"Jiøí Beneš, Jan Hrnèíø","POP_POCETSUMLOKAL","hnízda housenek","min","minmax","ano","lok","10","2",0,"bourovec trnkový","29.04.2018","29.04.2018",6661680,NA,"CZ0624096: Podyjí",100,0,6661680,100,"7161a",29,4,"Podyjí","0","hnízda housenek",NA,"alespoò 10 hnízda housenek"
2018,"CZ0624096","Podyjí","Eriogaster catax","Motýli","Èížov","Èížov","RP Jižní Morava","Správa NP Podyjí",10389947,45572608,2018-04-29,"Jiøí Beneš, Jan Hrnèíø","POP_PRESENCE",NA,"val","val","ano","lok","ano","ano",1,"bourovec trnkový","29.04.2018","29.04.2018",6661680,NA,"CZ0624096: Podyjí",100,0,6661680,100,"7161a",29,4,"Podyjí","0","hnízda housenek",NA,"ano"
2018,"CZ0624096","Podyjí","Eriogaster catax","Motýli","Èížov","Èížov","RP Jižní Morava","Správa NP Podyjí",10389947,45572608,2018-04-29,"Jiøí Beneš, Jan Hrnèíø","STA_LIKVIDACE",NA,"val","val","ne","lok","nezaznamenána",NA,NA,"bourovec trnkový","29.04.2018","29.04.2018",6661680,NA,"CZ0624096: Podyjí",100,0,6661680,100,"7161a",29,4,"Podyjí","0","hnízda housenek",NA,"nezaznamenána"
2018,"CZ0624096","Podyjí","Eriogaster catax","Motýli","Èížov","Èížov","RP Jižní Morava","Správa NP Podyjí",10389948,45572609,2018-04-29,"Jiøí Beneš, Jan Hrnèíø","CELKOVE_SUM",NA,NA,NA,NA,NA,NA,"1",0,"bourovec trnkový","29.04.2018","29.04.2018",6661681,NA,"CZ0624096: Podyjí",100,0,6661681,100,"7161a",29,4,"Podyjí","0","hnízda housenek",NA,NA
2018,"CZ0624096","Podyjí","Eriogaster catax","Motýli","Èížov","Èížov","RP Jižní Morava","Správa NP Podyjí",10389948,45572609,2018-04-29,"Jiøí Beneš, Jan Hrnèíø","CELKOVE_SUM",NA,NA,NA,NA,NA,NA,"1",1,"bourovec trnkový","29.04.2018","29.04.2018",6661681,NA,"CZ0624096: Podyjí",100,0,6661681,100,"7161a",29,4,"Podyjí","0","hnízda housenek",NA,NA
2018,"CZ0624096","Podyjí","Eriogaster catax","Motýli","Èížov","Èížov","RP Jižní Morava","Správa NP Podyjí",10389948,45572609,2018-04-29,"Jiøí Beneš, Jan Hrnèíø","CELKOVE_SUM",NA,NA,NA,NA,NA,NA,"1",NA,"bourovec trnkový","29.04.2018","29.04.2018",6661681,NA,"CZ0624096: Podyjí",100,0,6661681,100,"7161a",29,4,"Podyjí","0","hnízda housenek",NA,NA
2018,"CZ0624096","Podyjí","Eriogaster catax","Motýli","Èížov","Èížov","RP Jižní Morava","Správa NP Podyjí",10389948,45572609,2018-04-29,"Jiøí Beneš, Jan Hrnèíø","POP_POCETSUMLOKAL","hnízda housenek","min","minmax","ano","lok","10","2",0,"bourovec trnkový","29.04.2018","29.04.2018",6661681,NA,"CZ0624096: Podyjí",100,0,6661681,100,"7161a",29,4,"Podyjí","0","hnízda housenek",NA,"alespoò 10 hnízda housenek"
2018,"CZ0624096","Podyjí","Eriogaster catax","Motýli","Èížov","Èížov","RP Jižní Morava","Správa NP Podyjí",10389948,45572609,2018-04-29,"Jiøí Beneš, Jan Hrnèíø","POP_PRESENCE",NA,"val","val","ano","lok","ano","ano",1,"bourovec trnkový","29.04.2018","29.04.2018",6661681,NA,"CZ0624096: Podyjí",100,0,6661681,100,"7161a",29,4,"Podyjí","0","hnízda housenek",NA,"ano"
2018,"CZ0624096","Podyjí","Eriogaster catax","Motýli","Èížov","Èížov","RP Jižní Morava","Správa NP Podyjí",10389948,45572609,2018-04-29,"Jiøí Beneš, Jan Hrnèíø","STA_LIKVIDACE",NA,"val","val","ne","lok","nezaznamenána",NA,NA,"bourovec trnkový","29.04.2018","29.04.2018",6661681,NA,"CZ0624096: Podyjí",100,0,6661681,100,"7161a",29,4,"Podyjí","0","hnízda housenek",NA,"nezaznamenána"
2018,"CZ0624118","Skalky u Havraníkù","Eriogaster catax","Motýli","Havraníky-PP Skalky u Havraníkù","Havraníky-PP Skalky u Havraníkù","RP Jižní Morava","Krajský úøad Jihomoravského kraje",10389949,45572610,2018-04-29,"Jiøí Beneš, Jan Hrnèíø","CELKOVE_SUM",NA,NA,NA,NA,NA,NA,"1",0,"bourovec trnkový","29.04.2018","29.04.2018",6661682,NA,"CZ0624118: Skalky u Havraníkù",100,0,6661682,100,"7162c",29,4,"Skalky u Havraníkù","0","hnízda housenek",NA,NA
2018,"CZ0624118","Skalky u Havraníkù","Eriogaster catax","Motýli","Havraníky-PP Skalky u Havraníkù","Havraníky-PP Skalky u Havraníkù","RP Jižní Morava","Krajský úøad Jihomoravského kraje",10389949,45572610,2018-04-29,"Jiøí Beneš, Jan Hrnèíø","CELKOVE_SUM",NA,NA,NA,NA,NA,NA,"1",1,"bourovec trnkový","29.04.2018","29.04.2018",6661682,NA,"CZ0624118: Skalky u Havraníkù",100,0,6661682,100,"7162c",29,4,"Skalky u Havraníkù","0","hnízda housenek",NA,NA
2018,"CZ0624118","Skalky u Havraníkù","Eriogaster catax","Motýli","Havraníky-PP Skalky u Havraníkù","Havraníky-PP Skalky u Havraníkù","RP Jižní Morava","Krajský úøad Jihomoravského kraje",10389949,45572610,2018-04-29,"Jiøí Beneš, Jan Hrnèíø","CELKOVE_SUM",NA,NA,NA,NA,NA,NA,"1",NA,"bourovec trnkový","29.04.2018","29.04.2018",6661682,NA,"CZ0624118: Skalky u Havraníkù",100,0,6661682,100,"7162c",29,4,"Skalky u Havraníkù","0","hnízda housenek",NA,NA
2018,"CZ0624118","Skalky u Havraníkù","Eriogaster catax","Motýli","Havraníky-PP Skalky u Havraníkù","Havraníky-PP Skalky u Havraníkù","RP Jižní Morava","Krajský úøad Jihomoravského kraje",10389949,45572610,2018-04-29,"Jiøí Beneš, Jan Hrnèíø","POP_POCETSUMLOKAL","hnízda housenek","min","minmax","ano","lok","10","1",0,"bourovec trnkový","29.04.2018","29.04.2018",6661682,NA,"CZ0624118: Skalky u Havraníkù",100,0,6661682,100,"7162c",29,4,"Skalky u Havraníkù","0","hnízda housenek",NA,"alespoò 10 hnízda housenek"
2018,"CZ0624118","Skalky u Havraníkù","Eriogaster catax","Motýli","Havraníky-PP Skalky u Havraníkù","Havraníky-PP Skalky u Havraníkù","RP Jižní Morava","Krajský úøad Jihomoravského kraje",10389949,45572610,2018-04-29,"Jiøí Beneš, Jan Hrnèíø","POP_PRESENCE",NA,"val","val","ano","lok","ano","ano",1,"bourovec trnkový","29.04.2018","29.04.2018",6661682,NA,"CZ0624118: Skalky u Havraníkù",100,0,6661682,100,"7162c",29,4,"Skalky u Havraníkù","0","hnízda housenek",NA,"ano"
2018,"CZ0624118","Skalky u Havraníkù","Eriogaster catax","Motýli","Havraníky-PP Skalky u Havraníkù","Havraníky-PP Skalky u Havraníkù","RP Jižní Morava","Krajský úøad Jihomoravského kraje",10389949,45572610,2018-04-29,"Jiøí Beneš, Jan Hrnèíø","STA_LIKVIDACE",NA,"val","val","ne","lok","nezaznamenána",NA,NA,"bourovec trnkový","29.04.2018","29.04.2018",6661682,NA,"CZ0624118: Skalky u Havraníkù",100,0,6661682,100,"7162c",29,4,"Skalky u Havraníkù","0","hnízda housenek",NA,"nezaznamenána"
2018,"CZ0623349","Velický hliník","Eriogaster catax","Motýli","71, Velká nad Velièkou - Velká nad Velièkou","71, Velká nad Velièkou - Velká nad Velièkou","RP SCHKO Bílé Karpaty","Krajský úøad Jihomoravského kraje",10448065,45733515,2018-04-29,"Zapletal Michal","CELKOVE_SUM",NA,NA,NA,NA,NA,NA,"1",0,"bourovec trnkový","29.04.2018","29.04.2018",6693576,NA,"CZ0623349: Velický hliník",100,0,6693576,100,"7171a",29,4,"Velický hliník","0","hnízda housenek",NA,NA
2018,"CZ0623349","Velický hliník","Eriogaster catax","Motýli","71, Velká nad Velièkou - Velká nad Velièkou","71, Velká nad Velièkou - Velká nad Velièkou","RP SCHKO Bílé Karpaty","Krajský úøad Jihomoravského kraje",10448065,45733515,2018-04-29,"Zapletal Michal","CELKOVE_SUM",NA,NA,NA,NA,NA,NA,"1",1,"bourovec trnkový","29.04.2018","29.04.2018",6693576,NA,"CZ0623349: Velický hliník",100,0,6693576,100,"7171a",29,4,"Velický hliník","0","hnízda housenek",NA,NA
2018,"CZ0623349","Velický hliník","Eriogaster catax","Motýli","71, Velká nad Velièkou - Velká nad Velièkou","71, Velká nad Velièkou - Velká nad Velièkou","RP SCHKO Bílé Karpaty","Krajský úøad Jihomoravského kraje",10448065,45733515,2018-04-29,"Zapletal Michal","CELKOVE_SUM",NA,NA,NA,NA,NA,NA,"1",NA,"bourovec trnkový","29.04.2018","29.04.2018",6693576,NA,"CZ0623349: Velický hliník",100,0,6693576,100,"7171a",29,4,"Velický hliník","0","hnízda housenek",NA,NA
2018,"CZ0623349","Velický hliník","Eriogaster catax","Motýli","71, Velká nad Velièkou - Velká nad Velièkou","71, Velká nad Velièkou - Velká nad Velièkou","RP SCHKO Bílé Karpaty","Krajský úøad Jihomoravského kraje",10448065,45733515,2018-04-29,"Zapletal Michal","POP_POCETSUMLOKAL","hnízda housenek","min","minmax","ano","lok","10","1",0,"bourovec trnkový","29.04.2018","29.04.2018",6693576,NA,"CZ0623349: Velický hliník",100,0,6693576,100,"7171a",29,4,"Velický hliník","0","hnízda housenek",NA,"alespoò 10 hnízda housenek"
2018,"CZ0623349","Velický hliník","Eriogaster catax","Motýli","71, Velká nad Velièkou - Velká nad Velièkou","71, Velká nad Velièkou - Velká nad Velièkou","RP SCHKO Bílé Karpaty","Krajský úøad Jihomoravského kraje",10448065,45733515,2018-04-29,"Zapletal Michal","POP_PRESENCE",NA,"val","val","ano","lok","ano","ano",1,"bourovec trnkový","29.04.2018","29.04.2018",6693576,NA,"CZ0623349: Velický hliník",100,0,6693576,100,"7171a",29,4,"Velický hliník","0","hnízda housenek",NA,"ano"
2018,"CZ0623349","Velický hliník","Eriogaster catax","Motýli","71, Velká nad Velièkou - Velká nad Velièkou","71, Velká nad Velièkou - Velká nad Velièkou","RP SCHKO Bílé Karpaty","Krajský úøad Jihomoravského kraje",10448065,45733515,2018-04-29,"Zapletal Michal","STA_LIKVIDACE",NA,"val","val","ne","lok","nezaznamenána",NA,NA,"bourovec trnkový","29.04.2018","29.04.2018",6693576,NA,"CZ0623349: Velický hliník",100,0,6693576,100,"7171a",29,4,"Velický hliník","0","hnízda housenek",NA,"nezaznamenána"
2018,"CZ0624100","Milovický les","Eriogaster catax","Motýli","PP Na cvièišti, Mikulov","PP Na cvièišti, Mikulov","RP Jižní Morava","AOPK ÈR - RP Jižní Morava",10448104,45733519,2018-05-05,"Jiøí Segl, Jiøí Beneš, Pavel Dedek","CELKOVE_SUM",NA,NA,NA,NA,NA,NA,"1",0,"bourovec trnkový","05.05.2018","05.05.2018",6693615,NA,"CZ0624100: Milovický les",100,0,6693615,100,"7166c",5,5,"Milovický les","0","hnízda housenek",NA,NA
2018,"CZ0624100","Milovický les","Eriogaster catax","Motýli","PP Na cvièišti, Mikulov","PP Na cvièišti, Mikulov","RP Jižní Morava","AOPK ÈR - RP Jižní Morava",10448104,45733519,2018-05-05,"Jiøí Segl, Jiøí Beneš, Pavel Dedek","CELKOVE_SUM",NA,NA,NA,NA,NA,NA,"1",1,"bourovec trnkový","05.05.2018","05.05.2018",6693615,NA,"CZ0624100: Milovický les",100,0,6693615,100,"7166c",5,5,"Milovický les","0","hnízda housenek",NA,NA
2018,"CZ0624100","Milovický les","Eriogaster catax","Motýli","PP Na cvièišti, Mikulov","PP Na cvièišti, Mikulov","RP Jižní Morava","AOPK ÈR - RP Jižní Morava",10448104,45733519,2018-05-05,"Jiøí Segl, Jiøí Beneš, Pavel Dedek","CELKOVE_SUM",NA,NA,NA,NA,NA,NA,"1",NA,"bourovec trnkový","05.05.2018","05.05.2018",6693615,NA,"CZ0624100: Milovický les",100,0,6693615,100,"7166c",5,5,"Milovický les","0","hnízda housenek",NA,NA
2018,"CZ0624100","Milovický les","Eriogaster catax","Motýli","PP Na cvièišti, Mikulov","PP Na cvièišti, Mikulov","RP Jižní Morava","AOPK ÈR - RP Jižní Morava",10448104,45733519,2018-05-05,"Jiøí Segl, Jiøí Beneš, Pavel Dedek","POP_POCETSUMLOKAL","hnízda housenek","min","minmax","ano","lok","10","3",0,"bourovec trnkový","05.05.2018","05.05.2018",6693615,NA,"CZ0624100: Milovický les",100,0,6693615,100,"7166c",5,5,"Milovický les","0","hnízda housenek",NA,"alespoò 10 hnízda housenek"
2018,"CZ0624100","Milovický les","Eriogaster catax","Motýli","PP Na cvièišti, Mikulov","PP Na cvièišti, Mikulov","RP Jižní Morava","AOPK ÈR - RP Jižní Morava",10448104,45733519,2018-05-05,"Jiøí Segl, Jiøí Beneš, Pavel Dedek","POP_PRESENCE",NA,"val","val","ano","lok","ano","ano",1,"bourovec trnkový","05.05.2018","05.05.2018",6693615,NA,"CZ0624100: Milovický les",100,0,6693615,100,"7166c",5,5,"Milovický les","0","hnízda housenek",NA,"ano"
2018,"CZ0624100","Milovický les","Eriogaster catax","Motýli","PP Na cvièišti, Mikulov","PP Na cvièišti, Mikulov","RP Jižní Morava","AOPK ÈR - RP Jižní Morava",10448104,45733519,2018-05-05,"Jiøí Segl, Jiøí Beneš, Pavel Dedek","STA_LIKVIDACE",NA,"val","val","ne","lok","nezaznamenána",NA,NA,"bourovec trnkový","05.05.2018","05.05.2018",6693615,NA,"CZ0624100: Milovický les",100,0,6693615,100,"7166c",5,5,"Milovický les","0","hnízda housenek",NA,"nezaznamenána"
2018,"CZ0624072","Èertoryje","Eriogaster catax","Motýli","Knìždub  - Kuní hora","Knìždub  - Kuní hora","RP SCHKO Bílé Karpaty","AOPK ÈR - RP SCHKO Bílé Karpaty",10448235,45734489,2018-04-25,"František Kopeèek, Jiøí Beneš","CELKOVE_SUM",NA,NA,NA,NA,NA,NA,"1",0,"bourovec trnkový","25.04.2018","25.04.2018",6693747,NA,"CZ0624072: Èertoryje",100,0,6693747,100,"7170a",25,4,"Èertoryje","0","hnízda housenek",NA,NA
2018,"CZ0624072","Èertoryje","Eriogaster catax","Motýli","Knìždub  - Kuní hora","Knìždub  - Kuní hora","RP SCHKO Bílé Karpaty","AOPK ÈR - RP SCHKO Bílé Karpaty",10448235,45734489,2018-04-25,"František Kopeèek, Jiøí Beneš","CELKOVE_SUM",NA,NA,NA,NA,NA,NA,"1",1,"bourovec trnkový","25.04.2018","25.04.2018",6693747,NA,"CZ0624072: Èertoryje",100,0,6693747,100,"7170a",25,4,"Èertoryje","0","hnízda housenek",NA,NA
2018,"CZ0624072","Èertoryje","Eriogaster catax","Motýli","Knìždub  - Kuní hora","Knìždub  - Kuní hora","RP SCHKO Bílé Karpaty","AOPK ÈR - RP SCHKO Bílé Karpaty",10448235,45734489,2018-04-25,"František Kopeèek, Jiøí Beneš","CELKOVE_SUM",NA,NA,NA,NA,NA,NA,"1",NA,"bourovec trnkový","25.04.2018","25.04.2018",6693747,NA,"CZ0624072: Èertoryje",100,0,6693747,100,"7170a",25,4,"Èertoryje","0","hnízda housenek",NA,NA
2018,"CZ0624072","Èertoryje","Eriogaster catax","Motýli","Knìždub  - Kuní hora","Knìždub  - Kuní hora","RP SCHKO Bílé Karpaty","AOPK ÈR - RP SCHKO Bílé Karpaty",10448235,45734489,2018-04-25,"František Kopeèek, Jiøí Beneš","POP_POCETSUMLOKAL","hnízda housenek","min","minmax","ano","lok","10","1",0,"bourovec trnkový","25.04.2018","25.04.2018",6693747,NA,"CZ0624072: Èertoryje",100,0,6693747,100,"7170a",25,4,"Èertoryje","0","hnízda housenek",NA,"alespoò 10 hnízda housenek"
2018,"CZ0624072","Èertoryje","Eriogaster catax","Motýli","Knìždub  - Kuní hora","Knìždub  - Kuní hora","RP SCHKO Bílé Karpaty","AOPK ÈR - RP SCHKO Bílé Karpaty",10448235,45734489,2018-04-25,"František Kopeèek, Jiøí Beneš","POP_PRESENCE",NA,"val","val","ano","lok","ano","ano",1,"bourovec trnkový","25.04.2018","25.04.2018",6693747,NA,"CZ0624072: Èertoryje",100,0,6693747,100,"7170a",25,4,"Èertoryje","0","hnízda housenek",NA,"ano"
2018,"CZ0624072","Èertoryje","Eriogaster catax","Motýli","Knìždub  - Kuní hora","Knìždub  - Kuní hora","RP SCHKO Bílé Karpaty","AOPK ÈR - RP SCHKO Bílé Karpaty",10448235,45734489,2018-04-25,"František Kopeèek, Jiøí Beneš","STA_LIKVIDACE",NA,"val","val","ne","lok","nezaznamenána",NA,NA,"bourovec trnkový","25.04.2018","25.04.2018",6693747,NA,"CZ0624072: Èertoryje",100,0,6693747,100,"7170a",25,4,"Èertoryje","0","hnízda housenek",NA,"nezaznamenána"
2018,"CZ0624072","Èertoryje","Eriogaster catax","Motýli","Knìždub - Kuní hora","Knìždub - Kuní hora","RP SCHKO Bílé Karpaty","AOPK ÈR - RP SCHKO Bílé Karpaty",10448236,45734490,2018-04-25,"František Kopeèek, Jiøí Beneš","CELKOVE_SUM",NA,NA,NA,NA,NA,NA,"1",0,"bourovec trnkový","25.04.2018","25.04.2018",6693748,NA,"CZ0624072: Èertoryje",100,0,6693748,100,"7170a",25,4,"Èertoryje","0","hnízda housenek",NA,NA
2018,"CZ0624072","Èertoryje","Eriogaster catax","Motýli","Knìždub - Kuní hora","Knìždub - Kuní hora","RP SCHKO Bílé Karpaty","AOPK ÈR - RP SCHKO Bílé Karpaty",10448236,45734490,2018-04-25,"František Kopeèek, Jiøí Beneš","CELKOVE_SUM",NA,NA,NA,NA,NA,NA,"1",1,"bourovec trnkový","25.04.2018","25.04.2018",6693748,NA,"CZ0624072: Èertoryje",100,0,6693748,100,"7170a",25,4,"Èertoryje","0","hnízda housenek",NA,NA
2018,"CZ0624072","Èertoryje","Eriogaster catax","Motýli","Knìždub - Kuní hora","Knìždub - Kuní hora","RP SCHKO Bílé Karpaty","AOPK ÈR - RP SCHKO Bílé Karpaty",10448236,45734490,2018-04-25,"František Kopeèek, Jiøí Beneš","CELKOVE_SUM",NA,NA,NA,NA,NA,NA,"1",NA,"bourovec trnkový","25.04.2018","25.04.2018",6693748,NA,"CZ0624072: Èertoryje",100,0,6693748,100,"7170a",25,4,"Èertoryje","0","hnízda housenek",NA,NA
2018,"CZ0624072","Èertoryje","Eriogaster catax","Motýli","Knìždub - Kuní hora","Knìždub - Kuní hora","RP SCHKO Bílé Karpaty","AOPK ÈR - RP SCHKO Bílé Karpaty",10448236,45734490,2018-04-25,"František Kopeèek, Jiøí Beneš","POP_POCETSUMLOKAL","hnízda housenek","min","minmax","ano","lok","10","2",0,"bourovec trnkový","25.04.2018","25.04.2018",6693748,NA,"CZ0624072: Èertoryje",100,0,6693748,100,"7170a",25,4,"Èertoryje","0","hnízda housenek",NA,"alespoò 10 hnízda housenek"
2018,"CZ0624072","Èertoryje","Eriogaster catax","Motýli","Knìždub - Kuní hora","Knìždub - Kuní hora","RP SCHKO Bílé Karpaty","AOPK ÈR - RP SCHKO Bílé Karpaty",10448236,45734490,2018-04-25,"František Kopeèek, Jiøí Beneš","POP_PRESENCE",NA,"val","val","ano","lok","ano","ano",1,"bourovec trnkový","25.04.2018","25.04.2018",6693748,NA,"CZ0624072: Èertoryje",100,0,6693748,100,"7170a",25,4,"Èertoryje","0","hnízda housenek",NA,"ano"
2018,"CZ0624072","Èertoryje","Eriogaster catax","Motýli","Knìždub - Kuní hora","Knìždub - Kuní hora","RP SCHKO Bílé Karpaty","AOPK ÈR - RP SCHKO Bílé Karpaty",10448236,45734490,2018-04-25,"František Kopeèek, Jiøí Beneš","STA_LIKVIDACE",NA,"val","val","ne","lok","nezaznamenána",NA,NA,"bourovec trnkový","25.04.2018","25.04.2018",6693748,NA,"CZ0624072: Èertoryje",100,0,6693748,100,"7170a",25,4,"Èertoryje","0","hnízda housenek",NA,"nezaznamenána"
2018,"CZ0724090","Bílé Karpaty","Eriogaster catax","Motýli","Horní Nìmèí","Horní Nìmèí","RP SCHKO Bílé Karpaty","AOPK ÈR - RP SCHKO Bílé Karpaty",10448237,45734497,2018-04-27,"František Kopeèek, Jiøí Beneš","CELKOVE_SUM",NA,NA,NA,NA,NA,NA,"2",1,"bourovec trnkový","27.04.2018","27.04.2018",6693749,NA,"CZ0724090: Bílé Karpaty",100,0,6693749,100,"7071d",27,4,"Bílé Karpaty","0","hnízda housenek",NA,NA
2018,"CZ0724090","Bílé Karpaty","Eriogaster catax","Motýli","Horní Nìmèí","Horní Nìmèí","RP SCHKO Bílé Karpaty","AOPK ÈR - RP SCHKO Bílé Karpaty",10448237,45734497,2018-04-27,"František Kopeèek, Jiøí Beneš","CELKOVE_SUM",NA,NA,NA,NA,NA,NA,"2",NA,"bourovec trnkový","27.04.2018","27.04.2018",6693749,NA,"CZ0724090: Bílé Karpaty",100,0,6693749,100,"7071d",27,4,"Bílé Karpaty","0","hnízda housenek",NA,NA
2018,"CZ0724090","Bílé Karpaty","Eriogaster catax","Motýli","Horní Nìmèí","Horní Nìmèí","RP SCHKO Bílé Karpaty","AOPK ÈR - RP SCHKO Bílé Karpaty",10448237,45734497,2018-04-27,"František Kopeèek, Jiøí Beneš","POP_POCETSUMLOKAL","hnízda housenek","min","minmax","ano","lok","10","20",1,"bourovec trnkový","27.04.2018","27.04.2018",6693749,NA,"CZ0724090: Bílé Karpaty",100,0,6693749,100,"7071d",27,4,"Bílé Karpaty","0","hnízda housenek",NA,"alespoò 10 hnízda housenek"
2018,"CZ0724090","Bílé Karpaty","Eriogaster catax","Motýli","Horní Nìmèí","Horní Nìmèí","RP SCHKO Bílé Karpaty","AOPK ÈR - RP SCHKO Bílé Karpaty",10448237,45734497,2018-04-27,"František Kopeèek, Jiøí Beneš","POP_PRESENCE",NA,"val","val","ano","lok","ano","ano",1,"bourovec trnkový","27.04.2018","27.04.2018",6693749,NA,"CZ0724090: Bílé Karpaty",100,0,6693749,100,"7071d",27,4,"Bílé Karpaty","0","hnízda housenek",NA,"ano"
2018,"CZ0724090","Bílé Karpaty","Eriogaster catax","Motýli","Horní Nìmèí","Horní Nìmèí","RP SCHKO Bílé Karpaty","AOPK ÈR - RP SCHKO Bílé Karpaty",10448237,45734497,2018-04-27,"František Kopeèek, Jiøí Beneš","STA_LIKVIDACE",NA,"val","val","ne","lok","nezaznamenána",NA,NA,"bourovec trnkový","27.04.2018","27.04.2018",6693749,NA,"CZ0724090: Bílé Karpaty",100,0,6693749,100,"7071d",27,4,"Bílé Karpaty","0","hnízda housenek",NA,"nezaznamenána"
2018,"CZ0624072","Èertoryje","Eriogaster catax","Motýli","Knìždub - Kuní hora","Knìždub - Kuní hora","RP SCHKO Bílé Karpaty","AOPK ÈR - RP SCHKO Bílé Karpaty",10448242,45734506,2018-04-25,"František Kopeèek, Jiøí Beneš","CELKOVE_SUM",NA,NA,NA,NA,NA,NA,"1",0,"bourovec trnkový","25.04.2018","25.04.2018",6693754,NA,"CZ0624072: Èertoryje",100,0,6693754,100,"7170a",25,4,"Èertoryje","0","hnízda housenek",NA,NA
2018,"CZ0624072","Èertoryje","Eriogaster catax","Motýli","Knìždub - Kuní hora","Knìždub - Kuní hora","RP SCHKO Bílé Karpaty","AOPK ÈR - RP SCHKO Bílé Karpaty",10448242,45734506,2018-04-25,"František Kopeèek, Jiøí Beneš","CELKOVE_SUM",NA,NA,NA,NA,NA,NA,"1",1,"bourovec trnkový","25.04.2018","25.04.2018",6693754,NA,"CZ0624072: Èertoryje",100,0,6693754,100,"7170a",25,4,"Èertoryje","0","hnízda housenek",NA,NA
2018,"CZ0624072","Èertoryje","Eriogaster catax","Motýli","Knìždub - Kuní hora","Knìždub - Kuní hora","RP SCHKO Bílé Karpaty","AOPK ÈR - RP SCHKO Bílé Karpaty",10448242,45734506,2018-04-25,"František Kopeèek, Jiøí Beneš","CELKOVE_SUM",NA,NA,NA,NA,NA,NA,"1",NA,"bourovec trnkový","25.04.2018","25.04.2018",6693754,NA,"CZ0624072: Èertoryje",100,0,6693754,100,"7170a",25,4,"Èertoryje","0","hnízda housenek",NA,NA
2018,"CZ0624072","Èertoryje","Eriogaster catax","Motýli","Knìždub - Kuní hora","Knìždub - Kuní hora","RP SCHKO Bílé Karpaty","AOPK ÈR - RP SCHKO Bílé Karpaty",10448242,45734506,2018-04-25,"František Kopeèek, Jiøí Beneš","POP_POCETSUMLOKAL","hnízda housenek","min","minmax","ano","lok","10","2",0,"bourovec trnkový","25.04.2018","25.04.2018",6693754,NA,"CZ0624072: Èertoryje",100,0,6693754,100,"7170a",25,4,"Èertoryje","0","hnízda housenek",NA,"alespoò 10 hnízda housenek"
2018,"CZ0624072","Èertoryje","Eriogaster catax","Motýli","Knìždub - Kuní hora","Knìždub - Kuní hora","RP SCHKO Bílé Karpaty","AOPK ÈR - RP SCHKO Bílé Karpaty",10448242,45734506,2018-04-25,"František Kopeèek, Jiøí Beneš","POP_PRESENCE",NA,"val","val","ano","lok","ano","ano",1,"bourovec trnkový","25.04.2018","25.04.2018",6693754,NA,"CZ0624072: Èertoryje",100,0,6693754,100,"7170a",25,4,"Èertoryje","0","hnízda housenek",NA,"ano"
2018,"CZ0624072","Èertoryje","Eriogaster catax","Motýli","Knìždub - Kuní hora","Knìždub - Kuní hora","RP SCHKO Bílé Karpaty","AOPK ÈR - RP SCHKO Bílé Karpaty",10448242,45734506,2018-04-25,"František Kopeèek, Jiøí Beneš","STA_LIKVIDACE",NA,"val","val","ne","lok","nezaznamenána",NA,NA,"bourovec trnkový","25.04.2018","25.04.2018",6693754,NA,"CZ0624072: Èertoryje",100,0,6693754,100,"7170a",25,4,"Èertoryje","0","hnízda housenek",NA,"nezaznamenána"
2018,"CZ0724087","Újezdecký les","Eriogaster catax","Motýli","Újezdec - PP Újezdecký les","Újezdec - PP Újezdecký les","RP SCHKO Bílé Karpaty","Krajský úøad Zlínského kraje",10448807,45736411,2018-05-01,"Kopeèek František","CELKOVE_SUM",NA,NA,NA,NA,NA,NA,"2",1,"bourovec trnkový","01.05.2018","01.05.2018",6694410,NA,"CZ0724087: Újezdecký les",100,0,6694410,100,"6972c",1,5,"Újezdecký les","0","hnízda housenek",NA,NA
2018,"CZ0724087","Újezdecký les","Eriogaster catax","Motýli","Újezdec - PP Újezdecký les","Újezdec - PP Újezdecký les","RP SCHKO Bílé Karpaty","Krajský úøad Zlínského kraje",10448807,45736411,2018-05-01,"Kopeèek František","CELKOVE_SUM",NA,NA,NA,NA,NA,NA,"2",NA,"bourovec trnkový","01.05.2018","01.05.2018",6694410,NA,"CZ0724087: Újezdecký les",100,0,6694410,100,"6972c",1,5,"Újezdecký les","0","hnízda housenek",NA,NA
2018,"CZ0724087","Újezdecký les","Eriogaster catax","Motýli","Újezdec - PP Újezdecký les","Újezdec - PP Újezdecký les","RP SCHKO Bílé Karpaty","Krajský úøad Zlínského kraje",10448807,45736411,2018-05-01,"Kopeèek František","POP_POCETSUMLOKAL","hnízda housenek","min","minmax","ano","lok","10","17",1,"bourovec trnkový","01.05.2018","01.05.2018",6694410,NA,"CZ0724087: Újezdecký les",100,0,6694410,100,"6972c",1,5,"Újezdecký les","0","hnízda housenek",NA,"alespoò 10 hnízda housenek"
2018,"CZ0724087","Újezdecký les","Eriogaster catax","Motýli","Újezdec - PP Újezdecký les","Újezdec - PP Újezdecký les","RP SCHKO Bílé Karpaty","Krajský úøad Zlínského kraje",10448807,45736411,2018-05-01,"Kopeèek František","POP_PRESENCE",NA,"val","val","ano","lok","ano","ano",1,"bourovec trnkový","01.05.2018","01.05.2018",6694410,NA,"CZ0724087: Újezdecký les",100,0,6694410,100,"6972c",1,5,"Újezdecký les","0","hnízda housenek",NA,"ano"
2018,"CZ0724087","Újezdecký les","Eriogaster catax","Motýli","Újezdec - PP Újezdecký les","Újezdec - PP Újezdecký les","RP SCHKO Bílé Karpaty","Krajský úøad Zlínského kraje",10448807,45736411,2018-05-01,"Kopeèek František","STA_LIKVIDACE",NA,"val","val","ne","lok","nezaznamenána",NA,NA,"bourovec trnkový","01.05.2018","01.05.2018",6694410,NA,"CZ0724087: Újezdecký les",100,0,6694410,100,"6972c",1,5,"Újezdecký les","0","hnízda housenek",NA,"nezaznamenána"
2018,"CZ0723024","Rochus","Eriogaster catax","Motýli","Uherské Hradištì","Uherské Hradištì","RP SCHKO Bílé Karpaty","Krajský úøad Zlínského kraje",10584980,46494227,2018-04-22,"Zapletal Michal","CELKOVE_SUM",NA,NA,NA,NA,NA,NA,"1",0,"bourovec trnkový","22.04.2018","22.04.2018",6863703,NA,"CZ0723024: Rochus",100,0,6863703,100,"6970b",22,4,"Rochus","0",NA,NA,NA
2018,"CZ0723024","Rochus","Eriogaster catax","Motýli","Uherské Hradištì","Uherské Hradištì","RP SCHKO Bílé Karpaty","Krajský úøad Zlínského kraje",10584980,46494227,2018-04-22,"Zapletal Michal","CELKOVE_SUM",NA,NA,NA,NA,NA,NA,"1",1,"bourovec trnkový","22.04.2018","22.04.2018",6863703,NA,"CZ0723024: Rochus",100,0,6863703,100,"6970b",22,4,"Rochus","0",NA,NA,NA
2018,"CZ0723024","Rochus","Eriogaster catax","Motýli","Uherské Hradištì","Uherské Hradištì","RP SCHKO Bílé Karpaty","Krajský úøad Zlínského kraje",10584980,46494227,2018-04-22,"Zapletal Michal","CELKOVE_SUM",NA,NA,NA,NA,NA,NA,"1",NA,"bourovec trnkový","22.04.2018","22.04.2018",6863703,NA,"CZ0723024: Rochus",100,0,6863703,100,"6970b",22,4,"Rochus","0",NA,NA,NA
2018,"CZ0723024","Rochus","Eriogaster catax","Motýli","Uherské Hradištì","Uherské Hradištì","RP SCHKO Bílé Karpaty","Krajský úøad Zlínského kraje",10584980,46494227,2018-04-22,"Zapletal Michal","POP_POCETSUMLOKAL","hnízda housenek","min","minmax","ano","lok","10","0",0,"bourovec trnkový","22.04.2018","22.04.2018",6863703,NA,"CZ0723024: Rochus",100,0,6863703,100,"6970b",22,4,"Rochus","0",NA,NA,"alespoò 10 hnízda housenek"
2018,"CZ0723024","Rochus","Eriogaster catax","Motýli","Uherské Hradištì","Uherské Hradištì","RP SCHKO Bílé Karpaty","Krajský úøad Zlínského kraje",10584980,46494227,2018-04-22,"Zapletal Michal","POP_PRESENCE",NA,"val","val","ano","lok","ano","ano",1,"bourovec trnkový","22.04.2018","22.04.2018",6863703,NA,"CZ0723024: Rochus",100,0,6863703,100,"6970b",22,4,"Rochus","0",NA,NA,"ano"
2018,"CZ0723024","Rochus","Eriogaster catax","Motýli","Uherské Hradištì","Uherské Hradištì","RP SCHKO Bílé Karpaty","Krajský úøad Zlínského kraje",10584980,46494227,2018-04-22,"Zapletal Michal","STA_LIKVIDACE",NA,"val","val","ne","lok","nezaznamenána",NA,NA,"bourovec trnkový","22.04.2018","22.04.2018",6863703,NA,"CZ0723024: Rochus",100,0,6863703,100,"6970b",22,4,"Rochus","0",NA,NA,"nezaznamenána"
2015,"CZ0723024","Rochus","Eriogaster catax","Motýli","Uherské Hradištì","Uherské Hradištì","RP SCHKO Bílé Karpaty","Krajský úøad Zlínského kraje",10585175,46494436,2015-04-27,"Zapletal Michal","CELKOVE_SUM",NA,NA,NA,NA,NA,NA,"1",0,"bourovec trnkový","27.04.2015","27.04.2015",6863890,NA,"CZ0723024: Rochus",100,0,6863890,100,"6970b",27,4,"Rochus","0","housenky",NA,NA
2015,"CZ0723024","Rochus","Eriogaster catax","Motýli","Uherské Hradištì","Uherské Hradištì","RP SCHKO Bílé Karpaty","Krajský úøad Zlínského kraje",10585175,46494436,2015-04-27,"Zapletal Michal","CELKOVE_SUM",NA,NA,NA,NA,NA,NA,"1",1,"bourovec trnkový","27.04.2015","27.04.2015",6863890,NA,"CZ0723024: Rochus",100,0,6863890,100,"6970b",27,4,"Rochus","0","housenky",NA,NA
2015,"CZ0723024","Rochus","Eriogaster catax","Motýli","Uherské Hradištì","Uherské Hradištì","RP SCHKO Bílé Karpaty","Krajský úøad Zlínského kraje",10585175,46494436,2015-04-27,"Zapletal Michal","CELKOVE_SUM",NA,NA,NA,NA,NA,NA,"1",NA,"bourovec trnkový","27.04.2015","27.04.2015",6863890,NA,"CZ0723024: Rochus",100,0,6863890,100,"6970b",27,4,"Rochus","0","housenky",NA,NA
2015,"CZ0723024","Rochus","Eriogaster catax","Motýli","Uherské Hradištì","Uherské Hradištì","RP SCHKO Bílé Karpaty","Krajský úøad Zlínského kraje",10585175,46494436,2015-04-27,"Zapletal Michal","POP_POCETSUMLOKAL","hnízda housenek","min","minmax","ano","lok","10","0",0,"bourovec trnkový","27.04.2015","27.04.2015",6863890,NA,"CZ0723024: Rochus",100,0,6863890,100,"6970b",27,4,"Rochus","0","housenky",NA,"alespoò 10 hnízda housenek"
2015,"CZ0723024","Rochus","Eriogaster catax","Motýli","Uherské Hradištì","Uherské Hradištì","RP SCHKO Bílé Karpaty","Krajský úøad Zlínského kraje",10585175,46494436,2015-04-27,"Zapletal Michal","POP_PRESENCE",NA,"val","val","ano","lok","ano","ano",1,"bourovec trnkový","27.04.2015","27.04.2015",6863890,NA,"CZ0723024: Rochus",100,0,6863890,100,"6970b",27,4,"Rochus","0","housenky",NA,"ano"
2015,"CZ0723024","Rochus","Eriogaster catax","Motýli","Uherské Hradištì","Uherské Hradištì","RP SCHKO Bílé Karpaty","Krajský úøad Zlínského kraje",10585175,46494436,2015-04-27,"Zapletal Michal","STA_LIKVIDACE",NA,"val","val","ne","lok","nezaznamenána",NA,NA,"bourovec trnkový","27.04.2015","27.04.2015",6863890,NA,"CZ0723024: Rochus",100,0,6863890,100,"6970b",27,4,"Rochus","0","housenky",NA,"nezaznamenána"
2013,"CZ0624119","Soutok - Podluží","Eriogaster catax","Motýli","Lanžhot - Lány","Lanžhot - Lány","RP Jižní Morava","AOPK ÈR - RP Jižní Morava, Krajský úøad Jihomoravského kraje",10585435,46494728,2013-05-10,"Horal David","CELKOVE_SUM",NA,NA,NA,NA,NA,NA,"1",0,"bourovec trnkový","10.05.2013","10.05.2013",6864110,NA,"CZ0624119: Soutok - Podluží",100,0,6864110,100,"7267d",10,5,"Soutok - Podluží","0","housenky",NA,NA
2013,"CZ0624119","Soutok - Podluží","Eriogaster catax","Motýli","Lanžhot - Lány","Lanžhot - Lány","RP Jižní Morava","AOPK ÈR - RP Jižní Morava, Krajský úøad Jihomoravského kraje",10585435,46494728,2013-05-10,"Horal David","CELKOVE_SUM",NA,NA,NA,NA,NA,NA,"1",1,"bourovec trnkový","10.05.2013","10.05.2013",6864110,NA,"CZ0624119: Soutok - Podluží",100,0,6864110,100,"7267d",10,5,"Soutok - Podluží","0","housenky",NA,NA
2013,"CZ0624119","Soutok - Podluží","Eriogaster catax","Motýli","Lanžhot - Lány","Lanžhot - Lány","RP Jižní Morava","AOPK ÈR - RP Jižní Morava, Krajský úøad Jihomoravského kraje",10585435,46494728,2013-05-10,"Horal David","CELKOVE_SUM",NA,NA,NA,NA,NA,NA,"1",NA,"bourovec trnkový","10.05.2013","10.05.2013",6864110,NA,"CZ0624119: Soutok - Podluží",100,0,6864110,100,"7267d",10,5,"Soutok - Podluží","0","housenky",NA,NA
2013,"CZ0624119","Soutok - Podluží","Eriogaster catax","Motýli","Lanžhot - Lány","Lanžhot - Lány","RP Jižní Morava","AOPK ÈR - RP Jižní Morava, Krajský úøad Jihomoravského kraje",10585435,46494728,2013-05-10,"Horal David","POP_POCETSUMLOKAL","hnízda housenek","min","minmax","ano","lok","10","0",0,"bourovec trnkový","10.05.2013","10.05.2013",6864110,NA,"CZ0624119: Soutok - Podluží",100,0,6864110,100,"7267d",10,5,"Soutok - Podluží","0","housenky",NA,"alespoò 10 hnízda housenek"
2013,"CZ0624119","Soutok - Podluží","Eriogaster catax","Motýli","Lanžhot - Lány","Lanžhot - Lány","RP Jižní Morava","AOPK ÈR - RP Jižní Morava, Krajský úøad Jihomoravského kraje",10585435,46494728,2013-05-10,"Horal David","POP_PRESENCE",NA,"val","val","ano","lok","ano","ano",1,"bourovec trnkový","10.05.2013","10.05.2013",6864110,NA,"CZ0624119: Soutok - Podluží",100,0,6864110,100,"7267d",10,5,"Soutok - Podluží","0","housenky",NA,"ano"
2013,"CZ0624119","Soutok - Podluží","Eriogaster catax","Motýli","Lanžhot - Lány","Lanžhot - Lány","RP Jižní Morava","AOPK ÈR - RP Jižní Morava, Krajský úøad Jihomoravského kraje",10585435,46494728,2013-05-10,"Horal David","STA_LIKVIDACE",NA,"val","val","ne","lok","nezaznamenána",NA,NA,"bourovec trnkový","10.05.2013","10.05.2013",6864110,NA,"CZ0624119: Soutok - Podluží",100,0,6864110,100,"7267d",10,5,"Soutok - Podluží","0","housenky",NA,"nezaznamenána"
2013,"CZ0624119","Soutok - Podluží","Eriogaster catax","Motýli","Lanžhot - Lány","Lanžhot - Lány","RP Jižní Morava","AOPK ÈR - RP Jižní Morava, Krajský úøad Jihomoravského kraje",10585436,46494729,2013-05-13,"Horal David","CELKOVE_SUM",NA,NA,NA,NA,NA,NA,"1",0,"bourovec trnkový","13.05.2013","13.05.2013",6864110,NA,"CZ0624119: Soutok - Podluží",100,0,6864110,100,"7267d",13,5,"Soutok - Podluží","0",NA,NA,NA
2013,"CZ0624119","Soutok - Podluží","Eriogaster catax","Motýli","Lanžhot - Lány","Lanžhot - Lány","RP Jižní Morava","AOPK ÈR - RP Jižní Morava, Krajský úøad Jihomoravského kraje",10585436,46494729,2013-05-13,"Horal David","CELKOVE_SUM",NA,NA,NA,NA,NA,NA,"1",1,"bourovec trnkový","13.05.2013","13.05.2013",6864110,NA,"CZ0624119: Soutok - Podluží",100,0,6864110,100,"7267d",13,5,"Soutok - Podluží","0",NA,NA,NA
2013,"CZ0624119","Soutok - Podluží","Eriogaster catax","Motýli","Lanžhot - Lány","Lanžhot - Lány","RP Jižní Morava","AOPK ÈR - RP Jižní Morava, Krajský úøad Jihomoravského kraje",10585436,46494729,2013-05-13,"Horal David","CELKOVE_SUM",NA,NA,NA,NA,NA,NA,"1",NA,"bourovec trnkový","13.05.2013","13.05.2013",6864110,NA,"CZ0624119: Soutok - Podluží",100,0,6864110,100,"7267d",13,5,"Soutok - Podluží","0",NA,NA,NA
2013,"CZ0624119","Soutok - Podluží","Eriogaster catax","Motýli","Lanžhot - Lány","Lanžhot - Lány","RP Jižní Morava","AOPK ÈR - RP Jižní Morava, Krajský úøad Jihomoravského kraje",10585436,46494729,2013-05-13,"Horal David","POP_POCETSUMLOKAL","hnízda housenek","min","minmax","ano","lok","10","0",0,"bourovec trnkový","13.05.2013","13.05.2013",6864110,NA,"CZ0624119: Soutok - Podluží",100,0,6864110,100,"7267d",13,5,"Soutok - Podluží","0",NA,NA,"alespoò 10 hnízda housenek"
2013,"CZ0624119","Soutok - Podluží","Eriogaster catax","Motýli","Lanžhot - Lány","Lanžhot - Lány","RP Jižní Morava","AOPK ÈR - RP Jižní Morava, Krajský úøad Jihomoravského kraje",10585436,46494729,2013-05-13,"Horal David","POP_PRESENCE",NA,"val","val","ano","lok","ano","ano",1,"bourovec trnkový","13.05.2013","13.05.2013",6864110,NA,"CZ0624119: Soutok - Podluží",100,0,6864110,100,"7267d",13,5,"Soutok - Podluží","0",NA,NA,"ano"
2013,"CZ0624119","Soutok - Podluží","Eriogaster catax","Motýli","Lanžhot - Lány","Lanžhot - Lány","RP Jižní Morava","AOPK ÈR - RP Jižní Morava, Krajský úøad Jihomoravského kraje",10585436,46494729,2013-05-13,"Horal David","STA_LIKVIDACE",NA,"val","val","ne","lok","nezaznamenána",NA,NA,"bourovec trnkový","13.05.2013","13.05.2013",6864110,NA,"CZ0624119: Soutok - Podluží",100,0,6864110,100,"7267d",13,5,"Soutok - Podluží","0",NA,NA,"nezaznamenána"
2015,"CZ0723024","Rochus","Eriogaster catax","Motýli","Uherské Hradištì","Uherské Hradištì","RP SCHKO Bílé Karpaty","Krajský úøad Zlínského kraje",10585833,46495183,2015-04-27,"Zapletal Michal","CELKOVE_SUM",NA,NA,NA,NA,NA,NA,"1",0,"bourovec trnkový","27.04.2015","27.04.2015",6864459,NA,"CZ0723024: Rochus",100,0,6864459,100,"6970b",27,4,"Rochus","0",NA,NA,NA
2015,"CZ0723024","Rochus","Eriogaster catax","Motýli","Uherské Hradištì","Uherské Hradištì","RP SCHKO Bílé Karpaty","Krajský úøad Zlínského kraje",10585833,46495183,2015-04-27,"Zapletal Michal","CELKOVE_SUM",NA,NA,NA,NA,NA,NA,"1",1,"bourovec trnkový","27.04.2015","27.04.2015",6864459,NA,"CZ0723024: Rochus",100,0,6864459,100,"6970b",27,4,"Rochus","0",NA,NA,NA
2015,"CZ0723024","Rochus","Eriogaster catax","Motýli","Uherské Hradištì","Uherské Hradištì","RP SCHKO Bílé Karpaty","Krajský úøad Zlínského kraje",10585833,46495183,2015-04-27,"Zapletal Michal","CELKOVE_SUM",NA,NA,NA,NA,NA,NA,"1",NA,"bourovec trnkový","27.04.2015","27.04.2015",6864459,NA,"CZ0723024: Rochus",100,0,6864459,100,"6970b",27,4,"Rochus","0",NA,NA,NA
2015,"CZ0723024","Rochus","Eriogaster catax","Motýli","Uherské Hradištì","Uherské Hradištì","RP SCHKO Bílé Karpaty","Krajský úøad Zlínského kraje",10585833,46495183,2015-04-27,"Zapletal Michal","POP_POCETSUMLOKAL","hnízda housenek","min","minmax","ano","lok","10","0",0,"bourovec trnkový","27.04.2015","27.04.2015",6864459,NA,"CZ0723024: Rochus",100,0,6864459,100,"6970b",27,4,"Rochus","0",NA,NA,"alespoò 10 hnízda housenek"
2015,"CZ0723024","Rochus","Eriogaster catax","Motýli","Uherské Hradištì","Uherské Hradištì","RP SCHKO Bílé Karpaty","Krajský úøad Zlínského kraje",10585833,46495183,2015-04-27,"Zapletal Michal","POP_PRESENCE",NA,"val","val","ano","lok","ano","ano",1,"bourovec trnkový","27.04.2015","27.04.2015",6864459,NA,"CZ0723024: Rochus",100,0,6864459,100,"6970b",27,4,"Rochus","0",NA,NA,"ano"
2015,"CZ0723024","Rochus","Eriogaster catax","Motýli","Uherské Hradištì","Uherské Hradištì","RP SCHKO Bílé Karpaty","Krajský úøad Zlínského kraje",10585833,46495183,2015-04-27,"Zapletal Michal","STA_LIKVIDACE",NA,"val","val","ne","lok","nezaznamenána",NA,NA,"bourovec trnkový","27.04.2015","27.04.2015",6864459,NA,"CZ0723024: Rochus",100,0,6864459,100,"6970b",27,4,"Rochus","0",NA,NA,"nezaznamenána"
2019,"CZ0624118","Skalky u Havraníkù","Eriogaster catax","Motýli","Havraníky - PP Skalky u Havraníkù","Havraníky - PP Skalky u Havraníkù","RP Jižní Morava","Krajský úøad Jihomoravského kraje",10605746,46560717,2019-04-05,"Vrba Miroslav","CELKOVE_SUM",NA,NA,NA,NA,NA,NA,"1",0,"bourovec trnkový","05.04.2019","05.04.2019",6889377,NA,"CZ0624118: Skalky u Havraníkù",100,0,6889377,100,"7162c",5,4,"Skalky u Havraníkù","0","hnízda housenek",NA,NA
2019,"CZ0624118","Skalky u Havraníkù","Eriogaster catax","Motýli","Havraníky - PP Skalky u Havraníkù","Havraníky - PP Skalky u Havraníkù","RP Jižní Morava","Krajský úøad Jihomoravského kraje",10605746,46560717,2019-04-05,"Vrba Miroslav","CELKOVE_SUM",NA,NA,NA,NA,NA,NA,"1",1,"bourovec trnkový","05.04.2019","05.04.2019",6889377,NA,"CZ0624118: Skalky u Havraníkù",100,0,6889377,100,"7162c",5,4,"Skalky u Havraníkù","0","hnízda housenek",NA,NA
2019,"CZ0624118","Skalky u Havraníkù","Eriogaster catax","Motýli","Havraníky - PP Skalky u Havraníkù","Havraníky - PP Skalky u Havraníkù","RP Jižní Morava","Krajský úøad Jihomoravského kraje",10605746,46560717,2019-04-05,"Vrba Miroslav","CELKOVE_SUM",NA,NA,NA,NA,NA,NA,"1",NA,"bourovec trnkový","05.04.2019","05.04.2019",6889377,NA,"CZ0624118: Skalky u Havraníkù",100,0,6889377,100,"7162c",5,4,"Skalky u Havraníkù","0","hnízda housenek",NA,NA
2019,"CZ0624118","Skalky u Havraníkù","Eriogaster catax","Motýli","Havraníky - PP Skalky u Havraníkù","Havraníky - PP Skalky u Havraníkù","RP Jižní Morava","Krajský úøad Jihomoravského kraje",10605746,46560717,2019-04-05,"Vrba Miroslav","POP_POCETSUMLOKAL","hnízda housenek","min","minmax","ano","lok","10","1",0,"bourovec trnkový","05.04.2019","05.04.2019",6889377,NA,"CZ0624118: Skalky u Havraníkù",100,0,6889377,100,"7162c",5,4,"Skalky u Havraníkù","0","hnízda housenek",NA,"alespoò 10 hnízda housenek"
2019,"CZ0624118","Skalky u Havraníkù","Eriogaster catax","Motýli","Havraníky - PP Skalky u Havraníkù","Havraníky - PP Skalky u Havraníkù","RP Jižní Morava","Krajský úøad Jihomoravského kraje",10605746,46560717,2019-04-05,"Vrba Miroslav","POP_PRESENCE",NA,"val","val","ano","lok","ano","ano",1,"bourovec trnkový","05.04.2019","05.04.2019",6889377,NA,"CZ0624118: Skalky u Havraníkù",100,0,6889377,100,"7162c",5,4,"Skalky u Havraníkù","0","hnízda housenek",NA,"ano"
2019,"CZ0624118","Skalky u Havraníkù","Eriogaster catax","Motýli","Havraníky - PP Skalky u Havraníkù","Havraníky - PP Skalky u Havraníkù","RP Jižní Morava","Krajský úøad Jihomoravského kraje",10605746,46560717,2019-04-05,"Vrba Miroslav","STA_LIKVIDACE",NA,"val","val","ne","lok","nezaznamenána",NA,NA,"bourovec trnkový","05.04.2019","05.04.2019",6889377,NA,"CZ0624118: Skalky u Havraníkù",100,0,6889377,100,"7162c",5,4,"Skalky u Havraníkù","0","hnízda housenek",NA,"nezaznamenána"
2019,"CZ0624100","Milovický les","Eriogaster catax","Motýli","PP Na cvièišti","PP Na cvièišti","RP Jižní Morava","AOPK ÈR - RP Jižní Morava",10607916,46571511,2019-04-10,"Dedek Pavel","CELKOVE_SUM",NA,NA,NA,NA,NA,NA,"1",0,"bourovec trnkový","10.04.2019","10.04.2019",6892454,NA,"CZ0624100: Milovický les",100,0,6892454,100,"7166c",10,4,"Milovický les","0","hnízda housenek",NA,NA
2019,"CZ0624100","Milovický les","Eriogaster catax","Motýli","PP Na cvièišti","PP Na cvièišti","RP Jižní Morava","AOPK ÈR - RP Jižní Morava",10607916,46571511,2019-04-10,"Dedek Pavel","CELKOVE_SUM",NA,NA,NA,NA,NA,NA,"1",1,"bourovec trnkový","10.04.2019","10.04.2019",6892454,NA,"CZ0624100: Milovický les",100,0,6892454,100,"7166c",10,4,"Milovický les","0","hnízda housenek",NA,NA
2019,"CZ0624100","Milovický les","Eriogaster catax","Motýli","PP Na cvièišti","PP Na cvièišti","RP Jižní Morava","AOPK ÈR - RP Jižní Morava",10607916,46571511,2019-04-10,"Dedek Pavel","CELKOVE_SUM",NA,NA,NA,NA,NA,NA,"1",NA,"bourovec trnkový","10.04.2019","10.04.2019",6892454,NA,"CZ0624100: Milovický les",100,0,6892454,100,"7166c",10,4,"Milovický les","0","hnízda housenek",NA,NA
2019,"CZ0624100","Milovický les","Eriogaster catax","Motýli","PP Na cvièišti","PP Na cvièišti","RP Jižní Morava","AOPK ÈR - RP Jižní Morava",10607916,46571511,2019-04-10,"Dedek Pavel","POP_POCETSUMLOKAL","hnízda housenek","min","minmax","ano","lok","10","2",0,"bourovec trnkový","10.04.2019","10.04.2019",6892454,NA,"CZ0624100: Milovický les",100,0,6892454,100,"7166c",10,4,"Milovický les","0","hnízda housenek",NA,"alespoò 10 hnízda housenek"
2019,"CZ0624100","Milovický les","Eriogaster catax","Motýli","PP Na cvièišti","PP Na cvièišti","RP Jižní Morava","AOPK ÈR - RP Jižní Morava",10607916,46571511,2019-04-10,"Dedek Pavel","POP_PRESENCE",NA,"val","val","ano","lok","ano","ano",1,"bourovec trnkový","10.04.2019","10.04.2019",6892454,NA,"CZ0624100: Milovický les",100,0,6892454,100,"7166c",10,4,"Milovický les","0","hnízda housenek",NA,"ano"
2019,"CZ0624100","Milovický les","Eriogaster catax","Motýli","PP Na cvièišti","PP Na cvièišti","RP Jižní Morava","AOPK ÈR - RP Jižní Morava",10607916,46571511,2019-04-10,"Dedek Pavel","STA_LIKVIDACE",NA,"val","val","ne","lok","nezaznamenána",NA,NA,"bourovec trnkový","10.04.2019","10.04.2019",6892454,NA,"CZ0624100: Milovický les",100,0,6892454,100,"7166c",10,4,"Milovický les","0","hnízda housenek",NA,"nezaznamenána"
2019,"CZ0723425","Stránì u Popovic","Eriogaster catax","Motýli","Popovice","Popovice","RP SCHKO Bílé Karpaty","Krajský úøad Zlínského kraje",10610535,46576998,2019-04-18,"Kopeèek František","CELKOVE_SUM",NA,NA,NA,NA,NA,NA,"1",0,"bourovec trnkový","18.04.2019","18.04.2019",6897346,NA,"CZ0723425: Stránì u Popovic",100,0,6897346,100,"6971c",18,4,"Stránì u Popovic","0",NA,NA,NA
2019,"CZ0723425","Stránì u Popovic","Eriogaster catax","Motýli","Popovice","Popovice","RP SCHKO Bílé Karpaty","Krajský úøad Zlínského kraje",10610535,46576998,2019-04-18,"Kopeèek František","CELKOVE_SUM",NA,NA,NA,NA,NA,NA,"1",1,"bourovec trnkový","18.04.2019","18.04.2019",6897346,NA,"CZ0723425: Stránì u Popovic",100,0,6897346,100,"6971c",18,4,"Stránì u Popovic","0",NA,NA,NA
2019,"CZ0723425","Stránì u Popovic","Eriogaster catax","Motýli","Popovice","Popovice","RP SCHKO Bílé Karpaty","Krajský úøad Zlínského kraje",10610535,46576998,2019-04-18,"Kopeèek František","CELKOVE_SUM",NA,NA,NA,NA,NA,NA,"1",NA,"bourovec trnkový","18.04.2019","18.04.2019",6897346,NA,"CZ0723425: Stránì u Popovic",100,0,6897346,100,"6971c",18,4,"Stránì u Popovic","0",NA,NA,NA
2019,"CZ0723425","Stránì u Popovic","Eriogaster catax","Motýli","Popovice","Popovice","RP SCHKO Bílé Karpaty","Krajský úøad Zlínského kraje",10610535,46576998,2019-04-18,"Kopeèek František","POP_POCETSUMLOKAL","hnízda housenek","min","minmax","ano","lok","10","0",0,"bourovec trnkový","18.04.2019","18.04.2019",6897346,NA,"CZ0723425: Stránì u Popovic",100,0,6897346,100,"6971c",18,4,"Stránì u Popovic","0",NA,NA,"alespoò 10 hnízda housenek"
2019,"CZ0723425","Stránì u Popovic","Eriogaster catax","Motýli","Popovice","Popovice","RP SCHKO Bílé Karpaty","Krajský úøad Zlínského kraje",10610535,46576998,2019-04-18,"Kopeèek František","POP_PRESENCE",NA,"val","val","ano","lok","ano","ano",1,"bourovec trnkový","18.04.2019","18.04.2019",6897346,NA,"CZ0723425: Stránì u Popovic",100,0,6897346,100,"6971c",18,4,"Stránì u Popovic","0",NA,NA,"ano"
2019,"CZ0723425","Stránì u Popovic","Eriogaster catax","Motýli","Popovice","Popovice","RP SCHKO Bílé Karpaty","Krajský úøad Zlínského kraje",10610535,46576998,2019-04-18,"Kopeèek František","STA_LIKVIDACE",NA,"val","val","ne","lok","nezaznamenána",NA,NA,"bourovec trnkový","18.04.2019","18.04.2019",6897346,NA,"CZ0723425: Stránì u Popovic",100,0,6897346,100,"6971c",18,4,"Stránì u Popovic","0",NA,NA,"nezaznamenána"
2019,"CZ0624100","Milovický les","Eriogaster catax","Motýli","PP Na cvièišti, Mikulov","PP Na cvièišti, Mikulov","RP Jižní Morava","AOPK ÈR - RP Jižní Morava",10612996,46583826,2019-04-19,"Jiøí Segl, Pavel Dedek","CELKOVE_SUM",NA,NA,NA,NA,NA,NA,"2",1,"bourovec trnkový","19.04.2019","19.04.2019",6900753,NA,"CZ0624100: Milovický les",100,0,6900753,100,"7166c",19,4,"Milovický les","0","hnízda housenek",NA,NA
2019,"CZ0624100","Milovický les","Eriogaster catax","Motýli","PP Na cvièišti, Mikulov","PP Na cvièišti, Mikulov","RP Jižní Morava","AOPK ÈR - RP Jižní Morava",10612996,46583826,2019-04-19,"Jiøí Segl, Pavel Dedek","CELKOVE_SUM",NA,NA,NA,NA,NA,NA,"2",NA,"bourovec trnkový","19.04.2019","19.04.2019",6900753,NA,"CZ0624100: Milovický les",100,0,6900753,100,"7166c",19,4,"Milovický les","0","hnízda housenek",NA,NA
2019,"CZ0624100","Milovický les","Eriogaster catax","Motýli","PP Na cvièišti, Mikulov","PP Na cvièišti, Mikulov","RP Jižní Morava","AOPK ÈR - RP Jižní Morava",10612996,46583826,2019-04-19,"Jiøí Segl, Pavel Dedek","POP_POCETSUMLOKAL","hnízda housenek","min","minmax","ano","lok","10","40",1,"bourovec trnkový","19.04.2019","19.04.2019",6900753,NA,"CZ0624100: Milovický les",100,0,6900753,100,"7166c",19,4,"Milovický les","0","hnízda housenek",NA,"alespoò 10 hnízda housenek"
2019,"CZ0624100","Milovický les","Eriogaster catax","Motýli","PP Na cvièišti, Mikulov","PP Na cvièišti, Mikulov","RP Jižní Morava","AOPK ÈR - RP Jižní Morava",10612996,46583826,2019-04-19,"Jiøí Segl, Pavel Dedek","POP_PRESENCE",NA,"val","val","ano","lok","ano","ano",1,"bourovec trnkový","19.04.2019","19.04.2019",6900753,NA,"CZ0624100: Milovický les",100,0,6900753,100,"7166c",19,4,"Milovický les","0","hnízda housenek",NA,"ano"
2019,"CZ0624100","Milovický les","Eriogaster catax","Motýli","PP Na cvièišti, Mikulov","PP Na cvièišti, Mikulov","RP Jižní Morava","AOPK ÈR - RP Jižní Morava",10612996,46583826,2019-04-19,"Jiøí Segl, Pavel Dedek","STA_LIKVIDACE",NA,"val","val","ne","lok","nezaznamenána",NA,NA,"bourovec trnkový","19.04.2019","19.04.2019",6900753,NA,"CZ0624100: Milovický les",100,0,6900753,100,"7166c",19,4,"Milovický les","0","hnízda housenek",NA,"nezaznamenána"
2019,"CZ0620009","Lednické rybníky","Eriogaster catax","Motýli","Hlohovec, Nesyt - pod pozorovatelnou u Výtopy","Hlohovec, Nesyt - pod pozorovatelnou u Výtopy","RP Jižní Morava","AOPK ÈR - RP Jižní Morava",10612933,46583896,2019-04-14,"Horal David","CELKOVE_SUM",NA,NA,NA,NA,NA,NA,"1",0,"bourovec trnkový","14.04.2019","14.04.2019",6900690,NA,"CZ0620009: Lednické rybníky",100,0,6900690,100,"7266a",14,4,"Lednické rybníky","0","hnízda housenek",NA,NA
2019,"CZ0620009","Lednické rybníky","Eriogaster catax","Motýli","Hlohovec, Nesyt - pod pozorovatelnou u Výtopy","Hlohovec, Nesyt - pod pozorovatelnou u Výtopy","RP Jižní Morava","AOPK ÈR - RP Jižní Morava",10612933,46583896,2019-04-14,"Horal David","CELKOVE_SUM",NA,NA,NA,NA,NA,NA,"1",1,"bourovec trnkový","14.04.2019","14.04.2019",6900690,NA,"CZ0620009: Lednické rybníky",100,0,6900690,100,"7266a",14,4,"Lednické rybníky","0","hnízda housenek",NA,NA
2019,"CZ0620009","Lednické rybníky","Eriogaster catax","Motýli","Hlohovec, Nesyt - pod pozorovatelnou u Výtopy","Hlohovec, Nesyt - pod pozorovatelnou u Výtopy","RP Jižní Morava","AOPK ÈR - RP Jižní Morava",10612933,46583896,2019-04-14,"Horal David","CELKOVE_SUM",NA,NA,NA,NA,NA,NA,"1",NA,"bourovec trnkový","14.04.2019","14.04.2019",6900690,NA,"CZ0620009: Lednické rybníky",100,0,6900690,100,"7266a",14,4,"Lednické rybníky","0","hnízda housenek",NA,NA
2019,"CZ0620009","Lednické rybníky","Eriogaster catax","Motýli","Hlohovec, Nesyt - pod pozorovatelnou u Výtopy","Hlohovec, Nesyt - pod pozorovatelnou u Výtopy","RP Jižní Morava","AOPK ÈR - RP Jižní Morava",10612933,46583896,2019-04-14,"Horal David","POP_POCETSUMLOKAL","hnízda housenek","min","minmax","ano","lok","10","1",0,"bourovec trnkový","14.04.2019","14.04.2019",6900690,NA,"CZ0620009: Lednické rybníky",100,0,6900690,100,"7266a",14,4,"Lednické rybníky","0","hnízda housenek",NA,"alespoò 10 hnízda housenek"
2019,"CZ0620009","Lednické rybníky","Eriogaster catax","Motýli","Hlohovec, Nesyt - pod pozorovatelnou u Výtopy","Hlohovec, Nesyt - pod pozorovatelnou u Výtopy","RP Jižní Morava","AOPK ÈR - RP Jižní Morava",10612933,46583896,2019-04-14,"Horal David","POP_PRESENCE",NA,"val","val","ano","lok","ano","ano",1,"bourovec trnkový","14.04.2019","14.04.2019",6900690,NA,"CZ0620009: Lednické rybníky",100,0,6900690,100,"7266a",14,4,"Lednické rybníky","0","hnízda housenek",NA,"ano"
2019,"CZ0620009","Lednické rybníky","Eriogaster catax","Motýli","Hlohovec, Nesyt - pod pozorovatelnou u Výtopy","Hlohovec, Nesyt - pod pozorovatelnou u Výtopy","RP Jižní Morava","AOPK ÈR - RP Jižní Morava",10612933,46583896,2019-04-14,"Horal David","STA_LIKVIDACE",NA,"val","val","ne","lok","nezaznamenána",NA,NA,"bourovec trnkový","14.04.2019","14.04.2019",6900690,NA,"CZ0620009: Lednické rybníky",100,0,6900690,100,"7266a",14,4,"Lednické rybníky","0","hnízda housenek",NA,"nezaznamenána"
2019,"CZ0620009","Lednické rybníky","Eriogaster catax","Motýli","Hlohovec, NPR Lednické rybníky, Nesyt, hráz","Hlohovec, NPR Lednické rybníky, Nesyt, hráz","RP Jižní Morava","AOPK ÈR - RP Jižní Morava",10613311,46584440,2019-04-17,"Sajfrt Vlastimil","CELKOVE_SUM",NA,NA,NA,NA,NA,NA,"1",0,"bourovec trnkový","17.04.2019","17.04.2019",6901068,NA,"CZ0620009: Lednické rybníky",100,0,6901068,100,"7266a",17,4,"Lednické rybníky","0","hnízda housenek",NA,NA
2019,"CZ0620009","Lednické rybníky","Eriogaster catax","Motýli","Hlohovec, NPR Lednické rybníky, Nesyt, hráz","Hlohovec, NPR Lednické rybníky, Nesyt, hráz","RP Jižní Morava","AOPK ÈR - RP Jižní Morava",10613311,46584440,2019-04-17,"Sajfrt Vlastimil","CELKOVE_SUM",NA,NA,NA,NA,NA,NA,"1",1,"bourovec trnkový","17.04.2019","17.04.2019",6901068,NA,"CZ0620009: Lednické rybníky",100,0,6901068,100,"7266a",17,4,"Lednické rybníky","0","hnízda housenek",NA,NA
2019,"CZ0620009","Lednické rybníky","Eriogaster catax","Motýli","Hlohovec, NPR Lednické rybníky, Nesyt, hráz","Hlohovec, NPR Lednické rybníky, Nesyt, hráz","RP Jižní Morava","AOPK ÈR - RP Jižní Morava",10613311,46584440,2019-04-17,"Sajfrt Vlastimil","CELKOVE_SUM",NA,NA,NA,NA,NA,NA,"1",NA,"bourovec trnkový","17.04.2019","17.04.2019",6901068,NA,"CZ0620009: Lednické rybníky",100,0,6901068,100,"7266a",17,4,"Lednické rybníky","0","hnízda housenek",NA,NA
2019,"CZ0620009","Lednické rybníky","Eriogaster catax","Motýli","Hlohovec, NPR Lednické rybníky, Nesyt, hráz","Hlohovec, NPR Lednické rybníky, Nesyt, hráz","RP Jižní Morava","AOPK ÈR - RP Jižní Morava",10613311,46584440,2019-04-17,"Sajfrt Vlastimil","POP_POCETSUMLOKAL","hnízda housenek","min","minmax","ano","lok","10","1",0,"bourovec trnkový","17.04.2019","17.04.2019",6901068,NA,"CZ0620009: Lednické rybníky",100,0,6901068,100,"7266a",17,4,"Lednické rybníky","0","hnízda housenek",NA,"alespoò 10 hnízda housenek"
2019,"CZ0620009","Lednické rybníky","Eriogaster catax","Motýli","Hlohovec, NPR Lednické rybníky, Nesyt, hráz","Hlohovec, NPR Lednické rybníky, Nesyt, hráz","RP Jižní Morava","AOPK ÈR - RP Jižní Morava",10613311,46584440,2019-04-17,"Sajfrt Vlastimil","POP_PRESENCE",NA,"val","val","ano","lok","ano","ano",1,"bourovec trnkový","17.04.2019","17.04.2019",6901068,NA,"CZ0620009: Lednické rybníky",100,0,6901068,100,"7266a",17,4,"Lednické rybníky","0","hnízda housenek",NA,"ano"
2019,"CZ0620009","Lednické rybníky","Eriogaster catax","Motýli","Hlohovec, NPR Lednické rybníky, Nesyt, hráz","Hlohovec, NPR Lednické rybníky, Nesyt, hráz","RP Jižní Morava","AOPK ÈR - RP Jižní Morava",10613311,46584440,2019-04-17,"Sajfrt Vlastimil","STA_LIKVIDACE",NA,"val","val","ne","lok","nezaznamenána",NA,NA,"bourovec trnkový","17.04.2019","17.04.2019",6901068,NA,"CZ0620009: Lednické rybníky",100,0,6901068,100,"7266a",17,4,"Lednické rybníky","0","hnízda housenek",NA,"nezaznamenána"
2019,"CZ0724090","Bílé Karpaty","Eriogaster catax","Motýli","Horní Nìmèí","Horní Nìmèí","RP SCHKO Bílé Karpaty","AOPK ÈR - RP SCHKO Bílé Karpaty",10613657,46585269,2019-04-15,"Kopeèek František","CELKOVE_SUM",NA,NA,NA,NA,NA,NA,"2",1,"bourovec trnkový","15.04.2019","15.04.2019",6901905,NA,"CZ0724090: Bílé Karpaty",100,0,6901905,100,"7071d",15,4,"Bílé Karpaty","0","hnízda housenek",NA,NA
2019,"CZ0724090","Bílé Karpaty","Eriogaster catax","Motýli","Horní Nìmèí","Horní Nìmèí","RP SCHKO Bílé Karpaty","AOPK ÈR - RP SCHKO Bílé Karpaty",10613657,46585269,2019-04-15,"Kopeèek František","CELKOVE_SUM",NA,NA,NA,NA,NA,NA,"2",NA,"bourovec trnkový","15.04.2019","15.04.2019",6901905,NA,"CZ0724090: Bílé Karpaty",100,0,6901905,100,"7071d",15,4,"Bílé Karpaty","0","hnízda housenek",NA,NA
2019,"CZ0724090","Bílé Karpaty","Eriogaster catax","Motýli","Horní Nìmèí","Horní Nìmèí","RP SCHKO Bílé Karpaty","AOPK ÈR - RP SCHKO Bílé Karpaty",10613657,46585269,2019-04-15,"Kopeèek František","POP_POCETSUMLOKAL","hnízda housenek","min","minmax","ano","lok","10","25",1,"bourovec trnkový","15.04.2019","15.04.2019",6901905,NA,"CZ0724090: Bílé Karpaty",100,0,6901905,100,"7071d",15,4,"Bílé Karpaty","0","hnízda housenek",NA,"alespoò 10 hnízda housenek"
2019,"CZ0724090","Bílé Karpaty","Eriogaster catax","Motýli","Horní Nìmèí","Horní Nìmèí","RP SCHKO Bílé Karpaty","AOPK ÈR - RP SCHKO Bílé Karpaty",10613657,46585269,2019-04-15,"Kopeèek František","POP_PRESENCE",NA,"val","val","ano","lok","ano","ano",1,"bourovec trnkový","15.04.2019","15.04.2019",6901905,NA,"CZ0724090: Bílé Karpaty",100,0,6901905,100,"7071d",15,4,"Bílé Karpaty","0","hnízda housenek",NA,"ano"
2019,"CZ0724090","Bílé Karpaty","Eriogaster catax","Motýli","Horní Nìmèí","Horní Nìmèí","RP SCHKO Bílé Karpaty","AOPK ÈR - RP SCHKO Bílé Karpaty",10613657,46585269,2019-04-15,"Kopeèek František","STA_LIKVIDACE",NA,"val","val","ne","lok","nezaznamenána",NA,NA,"bourovec trnkový","15.04.2019","15.04.2019",6901905,NA,"CZ0724090: Bílé Karpaty",100,0,6901905,100,"7071d",15,4,"Bílé Karpaty","0","hnízda housenek",NA,"nezaznamenána"
2019,"CZ0724087","Újezdecký les","Eriogaster catax","Motýli","Uherský Brod, Újezdec","Uherský Brod, Újezdec","RP SCHKO Bílé Karpaty","Krajský úøad Zlínského kraje",10613658,46585270,2019-04-16,"Kopeèek František","CELKOVE_SUM",NA,NA,NA,NA,NA,NA,"2",1,"bourovec trnkový","16.04.2019","16.04.2019",6901906,NA,"CZ0724087: Újezdecký les",100,0,6901906,100,"6972c",16,4,"Újezdecký les","0","hnízda housenek",NA,NA
2019,"CZ0724087","Újezdecký les","Eriogaster catax","Motýli","Uherský Brod, Újezdec","Uherský Brod, Újezdec","RP SCHKO Bílé Karpaty","Krajský úøad Zlínského kraje",10613658,46585270,2019-04-16,"Kopeèek František","CELKOVE_SUM",NA,NA,NA,NA,NA,NA,"2",NA,"bourovec trnkový","16.04.2019","16.04.2019",6901906,NA,"CZ0724087: Újezdecký les",100,0,6901906,100,"6972c",16,4,"Újezdecký les","0","hnízda housenek",NA,NA
2019,"CZ0724087","Újezdecký les","Eriogaster catax","Motýli","Uherský Brod, Újezdec","Uherský Brod, Újezdec","RP SCHKO Bílé Karpaty","Krajský úøad Zlínského kraje",10613658,46585270,2019-04-16,"Kopeèek František","POP_POCETSUMLOKAL","hnízda housenek","min","minmax","ano","lok","10","11",1,"bourovec trnkový","16.04.2019","16.04.2019",6901906,NA,"CZ0724087: Újezdecký les",100,0,6901906,100,"6972c",16,4,"Újezdecký les","0","hnízda housenek",NA,"alespoò 10 hnízda housenek"
2019,"CZ0724087","Újezdecký les","Eriogaster catax","Motýli","Uherský Brod, Újezdec","Uherský Brod, Újezdec","RP SCHKO Bílé Karpaty","Krajský úøad Zlínského kraje",10613658,46585270,2019-04-16,"Kopeèek František","POP_PRESENCE",NA,"val","val","ano","lok","ano","ano",1,"bourovec trnkový","16.04.2019","16.04.2019",6901906,NA,"CZ0724087: Újezdecký les",100,0,6901906,100,"6972c",16,4,"Újezdecký les","0","hnízda housenek",NA,"ano"
2019,"CZ0724087","Újezdecký les","Eriogaster catax","Motýli","Uherský Brod, Újezdec","Uherský Brod, Újezdec","RP SCHKO Bílé Karpaty","Krajský úøad Zlínského kraje",10613658,46585270,2019-04-16,"Kopeèek František","STA_LIKVIDACE",NA,"val","val","ne","lok","nezaznamenána",NA,NA,"bourovec trnkový","16.04.2019","16.04.2019",6901906,NA,"CZ0724087: Újezdecký les",100,0,6901906,100,"6972c",16,4,"Újezdecký les","0","hnízda housenek",NA,"nezaznamenána"
2019,"CZ0723024","Rochus","Eriogaster catax","Motýli","Stezka pokladnic Slovácka, Uherské Hradištì - Maøatice","Stezka pokladnic Slovácka, Uherské Hradištì - Maøatice","RP SCHKO Bílé Karpaty","Krajský úøad Zlínského kraje",10616017,46594147,2019-04-09,"Zapletal Michal","CELKOVE_SUM",NA,NA,NA,NA,NA,NA,"1",0,"bourovec trnkový","09.04.2019","09.04.2019",6913986,NA,"CZ0723024: Rochus",100,0,6913986,100,"6970b",9,4,"Rochus","0","hnízda housenek",NA,NA
2019,"CZ0723024","Rochus","Eriogaster catax","Motýli","Stezka pokladnic Slovácka, Uherské Hradištì - Maøatice","Stezka pokladnic Slovácka, Uherské Hradištì - Maøatice","RP SCHKO Bílé Karpaty","Krajský úøad Zlínského kraje",10616017,46594147,2019-04-09,"Zapletal Michal","CELKOVE_SUM",NA,NA,NA,NA,NA,NA,"1",1,"bourovec trnkový","09.04.2019","09.04.2019",6913986,NA,"CZ0723024: Rochus",100,0,6913986,100,"6970b",9,4,"Rochus","0","hnízda housenek",NA,NA
2019,"CZ0723024","Rochus","Eriogaster catax","Motýli","Stezka pokladnic Slovácka, Uherské Hradištì - Maøatice","Stezka pokladnic Slovácka, Uherské Hradištì - Maøatice","RP SCHKO Bílé Karpaty","Krajský úøad Zlínského kraje",10616017,46594147,2019-04-09,"Zapletal Michal","CELKOVE_SUM",NA,NA,NA,NA,NA,NA,"1",NA,"bourovec trnkový","09.04.2019","09.04.2019",6913986,NA,"CZ0723024: Rochus",100,0,6913986,100,"6970b",9,4,"Rochus","0","hnízda housenek",NA,NA
2019,"CZ0723024","Rochus","Eriogaster catax","Motýli","Stezka pokladnic Slovácka, Uherské Hradištì - Maøatice","Stezka pokladnic Slovácka, Uherské Hradištì - Maøatice","RP SCHKO Bílé Karpaty","Krajský úøad Zlínského kraje",10616017,46594147,2019-04-09,"Zapletal Michal","POP_POCETSUMLOKAL","hnízda housenek","min","minmax","ano","lok","10","7",0,"bourovec trnkový","09.04.2019","09.04.2019",6913986,NA,"CZ0723024: Rochus",100,0,6913986,100,"6970b",9,4,"Rochus","0","hnízda housenek",NA,"alespoò 10 hnízda housenek"
2019,"CZ0723024","Rochus","Eriogaster catax","Motýli","Stezka pokladnic Slovácka, Uherské Hradištì - Maøatice","Stezka pokladnic Slovácka, Uherské Hradištì - Maøatice","RP SCHKO Bílé Karpaty","Krajský úøad Zlínského kraje",10616017,46594147,2019-04-09,"Zapletal Michal","POP_PRESENCE",NA,"val","val","ano","lok","ano","ano",1,"bourovec trnkový","09.04.2019","09.04.2019",6913986,NA,"CZ0723024: Rochus",100,0,6913986,100,"6970b",9,4,"Rochus","0","hnízda housenek",NA,"ano"
2019,"CZ0723024","Rochus","Eriogaster catax","Motýli","Stezka pokladnic Slovácka, Uherské Hradištì - Maøatice","Stezka pokladnic Slovácka, Uherské Hradištì - Maøatice","RP SCHKO Bílé Karpaty","Krajský úøad Zlínského kraje",10616017,46594147,2019-04-09,"Zapletal Michal","STA_LIKVIDACE",NA,"val","val","ne","lok","nezaznamenána",NA,NA,"bourovec trnkový","09.04.2019","09.04.2019",6913986,NA,"CZ0723024: Rochus",100,0,6913986,100,"6970b",9,4,"Rochus","0","hnízda housenek",NA,"nezaznamenána"
2019,"CZ0624096","Podyjí","Eriogaster catax","Motýli","NP Podyjí, Èížov, Na Keplech","NP Podyjí, Èížov, Na Keplech","RP Jižní Morava","Správa NP Podyjí",10748400,47703496,2019-10-01,"Dítì Petr","CELKOVE_SUM",NA,NA,NA,NA,NA,NA,"1",0,"bourovec trnkový","01.10.2019","01.10.2019",7064578,NA,"CZ0624096: Podyjí",100,0,7064578,100,"7161a",1,10,"Podyjí","0","samice",NA,NA
2019,"CZ0624096","Podyjí","Eriogaster catax","Motýli","NP Podyjí, Èížov, Na Keplech","NP Podyjí, Èížov, Na Keplech","RP Jižní Morava","Správa NP Podyjí",10748400,47703496,2019-10-01,"Dítì Petr","CELKOVE_SUM",NA,NA,NA,NA,NA,NA,"1",1,"bourovec trnkový","01.10.2019","01.10.2019",7064578,NA,"CZ0624096: Podyjí",100,0,7064578,100,"7161a",1,10,"Podyjí","0","samice",NA,NA
2019,"CZ0624096","Podyjí","Eriogaster catax","Motýli","NP Podyjí, Èížov, Na Keplech","NP Podyjí, Èížov, Na Keplech","RP Jižní Morava","Správa NP Podyjí",10748400,47703496,2019-10-01,"Dítì Petr","CELKOVE_SUM",NA,NA,NA,NA,NA,NA,"1",NA,"bourovec trnkový","01.10.2019","01.10.2019",7064578,NA,"CZ0624096: Podyjí",100,0,7064578,100,"7161a",1,10,"Podyjí","0","samice",NA,NA
2019,"CZ0624096","Podyjí","Eriogaster catax","Motýli","NP Podyjí, Èížov, Na Keplech","NP Podyjí, Èížov, Na Keplech","RP Jižní Morava","Správa NP Podyjí",10748400,47703496,2019-10-01,"Dítì Petr","POP_POCETSUMLOKAL","hnízda housenek","min","minmax","ano","lok","10","0",0,"bourovec trnkový","01.10.2019","01.10.2019",7064578,NA,"CZ0624096: Podyjí",100,0,7064578,100,"7161a",1,10,"Podyjí","0","samice",NA,"alespoò 10 hnízda housenek"
2019,"CZ0624096","Podyjí","Eriogaster catax","Motýli","NP Podyjí, Èížov, Na Keplech","NP Podyjí, Èížov, Na Keplech","RP Jižní Morava","Správa NP Podyjí",10748400,47703496,2019-10-01,"Dítì Petr","POP_PRESENCE",NA,"val","val","ano","lok","ano","ano",1,"bourovec trnkový","01.10.2019","01.10.2019",7064578,NA,"CZ0624096: Podyjí",100,0,7064578,100,"7161a",1,10,"Podyjí","0","samice",NA,"ano"
2019,"CZ0624096","Podyjí","Eriogaster catax","Motýli","NP Podyjí, Èížov, Na Keplech","NP Podyjí, Èížov, Na Keplech","RP Jižní Morava","Správa NP Podyjí",10748400,47703496,2019-10-01,"Dítì Petr","STA_LIKVIDACE",NA,"val","val","ne","lok","nezaznamenána",NA,NA,"bourovec trnkový","01.10.2019","01.10.2019",7064578,NA,"CZ0624096: Podyjí",100,0,7064578,100,"7161a",1,10,"Podyjí","0","samice",NA,"nezaznamenána"
2019,"CZ0624100","Milovický les","Eriogaster catax","Motýli","PP Na Cvièišti","PP Na Cvièišti","RP Jižní Morava","AOPK ÈR - RP Jižní Morava",10870095,48049664,2019-04-19,"Segl Jiøí","CELKOVE_SUM",NA,NA,NA,NA,NA,NA,"2",1,"bourovec trnkový","19.04.2019","19.04.2019",7186161,NA,"CZ0624100: Milovický les",100,0,7186161,100,"7166c",19,4,"Milovický les","0","hnízda housenek",NA,NA
2019,"CZ0624100","Milovický les","Eriogaster catax","Motýli","PP Na Cvièišti","PP Na Cvièišti","RP Jižní Morava","AOPK ÈR - RP Jižní Morava",10870095,48049664,2019-04-19,"Segl Jiøí","CELKOVE_SUM",NA,NA,NA,NA,NA,NA,"2",NA,"bourovec trnkový","19.04.2019","19.04.2019",7186161,NA,"CZ0624100: Milovický les",100,0,7186161,100,"7166c",19,4,"Milovický les","0","hnízda housenek",NA,NA
2019,"CZ0624100","Milovický les","Eriogaster catax","Motýli","PP Na Cvièišti","PP Na Cvièišti","RP Jižní Morava","AOPK ÈR - RP Jižní Morava",10870095,48049664,2019-04-19,"Segl Jiøí","POP_POCETSUMLOKAL","hnízda housenek","min","minmax","ano","lok","10","21",1,"bourovec trnkový","19.04.2019","19.04.2019",7186161,NA,"CZ0624100: Milovický les",100,0,7186161,100,"7166c",19,4,"Milovický les","0","hnízda housenek",NA,"alespoò 10 hnízda housenek"
2019,"CZ0624100","Milovický les","Eriogaster catax","Motýli","PP Na Cvièišti","PP Na Cvièišti","RP Jižní Morava","AOPK ÈR - RP Jižní Morava",10870095,48049664,2019-04-19,"Segl Jiøí","POP_PRESENCE",NA,"val","val","ano","lok","ano","ano",1,"bourovec trnkový","19.04.2019","19.04.2019",7186161,NA,"CZ0624100: Milovický les",100,0,7186161,100,"7166c",19,4,"Milovický les","0","hnízda housenek",NA,"ano"
2019,"CZ0624100","Milovický les","Eriogaster catax","Motýli","PP Na Cvièišti","PP Na Cvièišti","RP Jižní Morava","AOPK ÈR - RP Jižní Morava",10870095,48049664,2019-04-19,"Segl Jiøí","STA_LIKVIDACE",NA,"val","val","ne","lok","nezaznamenána",NA,NA,"bourovec trnkový","19.04.2019","19.04.2019",7186161,NA,"CZ0624100: Milovický les",100,0,7186161,100,"7166c",19,4,"Milovický les","0","hnízda housenek",NA,"nezaznamenána"
2019,"CZ0624100","Milovický les","Eriogaster catax","Motýli","PP Na Cvièišti","PP Na Cvièišti","RP Jižní Morava","AOPK ÈR - RP Jižní Morava",10870096,48049665,2019-04-19,"Segl Jiøí","CELKOVE_SUM",NA,NA,NA,NA,NA,NA,"2",1,"bourovec trnkový","19.04.2019","19.04.2019",7186162,NA,"CZ0624100: Milovický les",100,0,7186162,100,"7166c",19,4,"Milovický les","0","hnízda housenek",NA,NA
2019,"CZ0624100","Milovický les","Eriogaster catax","Motýli","PP Na Cvièišti","PP Na Cvièišti","RP Jižní Morava","AOPK ÈR - RP Jižní Morava",10870096,48049665,2019-04-19,"Segl Jiøí","CELKOVE_SUM",NA,NA,NA,NA,NA,NA,"2",NA,"bourovec trnkový","19.04.2019","19.04.2019",7186162,NA,"CZ0624100: Milovický les",100,0,7186162,100,"7166c",19,4,"Milovický les","0","hnízda housenek",NA,NA
2019,"CZ0624100","Milovický les","Eriogaster catax","Motýli","PP Na Cvièišti","PP Na Cvièišti","RP Jižní Morava","AOPK ÈR - RP Jižní Morava",10870096,48049665,2019-04-19,"Segl Jiøí","POP_POCETSUMLOKAL","hnízda housenek","min","minmax","ano","lok","10","21",1,"bourovec trnkový","19.04.2019","19.04.2019",7186162,NA,"CZ0624100: Milovický les",100,0,7186162,100,"7166c",19,4,"Milovický les","0","hnízda housenek",NA,"alespoò 10 hnízda housenek"
2019,"CZ0624100","Milovický les","Eriogaster catax","Motýli","PP Na Cvièišti","PP Na Cvièišti","RP Jižní Morava","AOPK ÈR - RP Jižní Morava",10870096,48049665,2019-04-19,"Segl Jiøí","POP_PRESENCE",NA,"val","val","ano","lok","ano","ano",1,"bourovec trnkový","19.04.2019","19.04.2019",7186162,NA,"CZ0624100: Milovický les",100,0,7186162,100,"7166c",19,4,"Milovický les","0","hnízda housenek",NA,"ano"
2019,"CZ0624100","Milovický les","Eriogaster catax","Motýli","PP Na Cvièišti","PP Na Cvièišti","RP Jižní Morava","AOPK ÈR - RP Jižní Morava",10870096,48049665,2019-04-19,"Segl Jiøí","STA_LIKVIDACE",NA,"val","val","ne","lok","nezaznamenána",NA,NA,"bourovec trnkový","19.04.2019","19.04.2019",7186162,NA,"CZ0624100: Milovický les",100,0,7186162,100,"7166c",19,4,"Milovický les","0","hnízda housenek",NA,"nezaznamenána"
2019,"CZ0624100","Milovický les","Eriogaster catax","Motýli","PP Na Cvièišti","PP Na Cvièišti","RP Jižní Morava","AOPK ÈR - RP Jižní Morava",10870097,48049666,2019-04-19,"Segl Jiøí","CELKOVE_SUM",NA,NA,NA,NA,NA,NA,"2",1,"bourovec trnkový","19.04.2019","19.04.2019",7186163,NA,"CZ0624100: Milovický les",100,0,7186163,100,"7166c",19,4,"Milovický les","0","hnízda housenek",NA,NA
2019,"CZ0624100","Milovický les","Eriogaster catax","Motýli","PP Na Cvièišti","PP Na Cvièišti","RP Jižní Morava","AOPK ÈR - RP Jižní Morava",10870097,48049666,2019-04-19,"Segl Jiøí","CELKOVE_SUM",NA,NA,NA,NA,NA,NA,"2",NA,"bourovec trnkový","19.04.2019","19.04.2019",7186163,NA,"CZ0624100: Milovický les",100,0,7186163,100,"7166c",19,4,"Milovický les","0","hnízda housenek",NA,NA
2019,"CZ0624100","Milovický les","Eriogaster catax","Motýli","PP Na Cvièišti","PP Na Cvièišti","RP Jižní Morava","AOPK ÈR - RP Jižní Morava",10870097,48049666,2019-04-19,"Segl Jiøí","POP_POCETSUMLOKAL","hnízda housenek","min","minmax","ano","lok","10","21",1,"bourovec trnkový","19.04.2019","19.04.2019",7186163,NA,"CZ0624100: Milovický les",100,0,7186163,100,"7166c",19,4,"Milovický les","0","hnízda housenek",NA,"alespoò 10 hnízda housenek"
2019,"CZ0624100","Milovický les","Eriogaster catax","Motýli","PP Na Cvièišti","PP Na Cvièišti","RP Jižní Morava","AOPK ÈR - RP Jižní Morava",10870097,48049666,2019-04-19,"Segl Jiøí","POP_PRESENCE",NA,"val","val","ano","lok","ano","ano",1,"bourovec trnkový","19.04.2019","19.04.2019",7186163,NA,"CZ0624100: Milovický les",100,0,7186163,100,"7166c",19,4,"Milovický les","0","hnízda housenek",NA,"ano"
2019,"CZ0624100","Milovický les","Eriogaster catax","Motýli","PP Na Cvièišti","PP Na Cvièišti","RP Jižní Morava","AOPK ÈR - RP Jižní Morava",10870097,48049666,2019-04-19,"Segl Jiøí","STA_LIKVIDACE",NA,"val","val","ne","lok","nezaznamenána",NA,NA,"bourovec trnkový","19.04.2019","19.04.2019",7186163,NA,"CZ0624100: Milovický les",100,0,7186163,100,"7166c",19,4,"Milovický les","0","hnízda housenek",NA,"nezaznamenána"
2019,"CZ0624100","Milovický les","Eriogaster catax","Motýli","PP Na Cvièišti","PP Na Cvièišti","RP Jižní Morava","AOPK ÈR - RP Jižní Morava",10870098,48049667,2019-04-19,"Segl Jiøí","CELKOVE_SUM",NA,NA,NA,NA,NA,NA,"2",1,"bourovec trnkový","19.04.2019","19.04.2019",7186164,NA,"CZ0624100: Milovický les",100,0,7186164,100,"7166c",19,4,"Milovický les","0","hnízda housenek",NA,NA
2019,"CZ0624100","Milovický les","Eriogaster catax","Motýli","PP Na Cvièišti","PP Na Cvièišti","RP Jižní Morava","AOPK ÈR - RP Jižní Morava",10870098,48049667,2019-04-19,"Segl Jiøí","CELKOVE_SUM",NA,NA,NA,NA,NA,NA,"2",NA,"bourovec trnkový","19.04.2019","19.04.2019",7186164,NA,"CZ0624100: Milovický les",100,0,7186164,100,"7166c",19,4,"Milovický les","0","hnízda housenek",NA,NA
2019,"CZ0624100","Milovický les","Eriogaster catax","Motýli","PP Na Cvièišti","PP Na Cvièišti","RP Jižní Morava","AOPK ÈR - RP Jižní Morava",10870098,48049667,2019-04-19,"Segl Jiøí","POP_POCETSUMLOKAL","hnízda housenek","min","minmax","ano","lok","10","21",1,"bourovec trnkový","19.04.2019","19.04.2019",7186164,NA,"CZ0624100: Milovický les",100,0,7186164,100,"7166c",19,4,"Milovický les","0","hnízda housenek",NA,"alespoò 10 hnízda housenek"
2019,"CZ0624100","Milovický les","Eriogaster catax","Motýli","PP Na Cvièišti","PP Na Cvièišti","RP Jižní Morava","AOPK ÈR - RP Jižní Morava",10870098,48049667,2019-04-19,"Segl Jiøí","POP_PRESENCE",NA,"val","val","ano","lok","ano","ano",1,"bourovec trnkový","19.04.2019","19.04.2019",7186164,NA,"CZ0624100: Milovický les",100,0,7186164,100,"7166c",19,4,"Milovický les","0","hnízda housenek",NA,"ano"
2019,"CZ0624100","Milovický les","Eriogaster catax","Motýli","PP Na Cvièišti","PP Na Cvièišti","RP Jižní Morava","AOPK ÈR - RP Jižní Morava",10870098,48049667,2019-04-19,"Segl Jiøí","STA_LIKVIDACE",NA,"val","val","ne","lok","nezaznamenána",NA,NA,"bourovec trnkový","19.04.2019","19.04.2019",7186164,NA,"CZ0624100: Milovický les",100,0,7186164,100,"7166c",19,4,"Milovický les","0","hnízda housenek",NA,"nezaznamenána"
2019,"CZ0624100","Milovický les","Eriogaster catax","Motýli","PP Na Cvièišti","PP Na Cvièišti","RP Jižní Morava","AOPK ÈR - RP Jižní Morava",10870099,48049668,2019-04-19,"Segl Jiøí","CELKOVE_SUM",NA,NA,NA,NA,NA,NA,"2",1,"bourovec trnkový","19.04.2019","19.04.2019",7186165,NA,"CZ0624100: Milovický les",100,0,7186165,100,"7166c",19,4,"Milovický les","0","hnízda housenek",NA,NA
2019,"CZ0624100","Milovický les","Eriogaster catax","Motýli","PP Na Cvièišti","PP Na Cvièišti","RP Jižní Morava","AOPK ÈR - RP Jižní Morava",10870099,48049668,2019-04-19,"Segl Jiøí","CELKOVE_SUM",NA,NA,NA,NA,NA,NA,"2",NA,"bourovec trnkový","19.04.2019","19.04.2019",7186165,NA,"CZ0624100: Milovický les",100,0,7186165,100,"7166c",19,4,"Milovický les","0","hnízda housenek",NA,NA
2019,"CZ0624100","Milovický les","Eriogaster catax","Motýli","PP Na Cvièišti","PP Na Cvièišti","RP Jižní Morava","AOPK ÈR - RP Jižní Morava",10870099,48049668,2019-04-19,"Segl Jiøí","POP_POCETSUMLOKAL","hnízda housenek","min","minmax","ano","lok","10","21",1,"bourovec trnkový","19.04.2019","19.04.2019",7186165,NA,"CZ0624100: Milovický les",100,0,7186165,100,"7166c",19,4,"Milovický les","0","hnízda housenek",NA,"alespoò 10 hnízda housenek"
2019,"CZ0624100","Milovický les","Eriogaster catax","Motýli","PP Na Cvièišti","PP Na Cvièišti","RP Jižní Morava","AOPK ÈR - RP Jižní Morava",10870099,48049668,2019-04-19,"Segl Jiøí","POP_PRESENCE",NA,"val","val","ano","lok","ano","ano",1,"bourovec trnkový","19.04.2019","19.04.2019",7186165,NA,"CZ0624100: Milovický les",100,0,7186165,100,"7166c",19,4,"Milovický les","0","hnízda housenek",NA,"ano"
2019,"CZ0624100","Milovický les","Eriogaster catax","Motýli","PP Na Cvièišti","PP Na Cvièišti","RP Jižní Morava","AOPK ÈR - RP Jižní Morava",10870099,48049668,2019-04-19,"Segl Jiøí","STA_LIKVIDACE",NA,"val","val","ne","lok","nezaznamenána",NA,NA,"bourovec trnkový","19.04.2019","19.04.2019",7186165,NA,"CZ0624100: Milovický les",100,0,7186165,100,"7166c",19,4,"Milovický les","0","hnízda housenek",NA,"nezaznamenána"
2019,"CZ0624100","Milovický les","Eriogaster catax","Motýli","PP Na Cvièišti","PP Na Cvièišti","RP Jižní Morava","AOPK ÈR - RP Jižní Morava",10870102,48049671,2019-04-19,"Segl Jiøí","CELKOVE_SUM",NA,NA,NA,NA,NA,NA,"2",1,"bourovec trnkový","19.04.2019","19.04.2019",7186168,NA,"CZ0624100: Milovický les",100,0,7186168,100,"7166c",19,4,"Milovický les","0","hnízda housenek",NA,NA
2019,"CZ0624100","Milovický les","Eriogaster catax","Motýli","PP Na Cvièišti","PP Na Cvièišti","RP Jižní Morava","AOPK ÈR - RP Jižní Morava",10870102,48049671,2019-04-19,"Segl Jiøí","CELKOVE_SUM",NA,NA,NA,NA,NA,NA,"2",NA,"bourovec trnkový","19.04.2019","19.04.2019",7186168,NA,"CZ0624100: Milovický les",100,0,7186168,100,"7166c",19,4,"Milovický les","0","hnízda housenek",NA,NA
2019,"CZ0624100","Milovický les","Eriogaster catax","Motýli","PP Na Cvièišti","PP Na Cvièišti","RP Jižní Morava","AOPK ÈR - RP Jižní Morava",10870102,48049671,2019-04-19,"Segl Jiøí","POP_POCETSUMLOKAL","hnízda housenek","min","minmax","ano","lok","10","21",1,"bourovec trnkový","19.04.2019","19.04.2019",7186168,NA,"CZ0624100: Milovický les",100,0,7186168,100,"7166c",19,4,"Milovický les","0","hnízda housenek",NA,"alespoò 10 hnízda housenek"
2019,"CZ0624100","Milovický les","Eriogaster catax","Motýli","PP Na Cvièišti","PP Na Cvièišti","RP Jižní Morava","AOPK ÈR - RP Jižní Morava",10870102,48049671,2019-04-19,"Segl Jiøí","POP_PRESENCE",NA,"val","val","ano","lok","ano","ano",1,"bourovec trnkový","19.04.2019","19.04.2019",7186168,NA,"CZ0624100: Milovický les",100,0,7186168,100,"7166c",19,4,"Milovický les","0","hnízda housenek",NA,"ano"
2019,"CZ0624100","Milovický les","Eriogaster catax","Motýli","PP Na Cvièišti","PP Na Cvièišti","RP Jižní Morava","AOPK ÈR - RP Jižní Morava",10870102,48049671,2019-04-19,"Segl Jiøí","STA_LIKVIDACE",NA,"val","val","ne","lok","nezaznamenána",NA,NA,"bourovec trnkový","19.04.2019","19.04.2019",7186168,NA,"CZ0624100: Milovický les",100,0,7186168,100,"7166c",19,4,"Milovický les","0","hnízda housenek",NA,"nezaznamenána"
2019,"CZ0624100","Milovický les","Eriogaster catax","Motýli","PP Na Cvièišti","PP Na Cvièišti","RP Jižní Morava","AOPK ÈR - RP Jižní Morava",10870103,48049672,2019-04-19,"Segl Jiøí","CELKOVE_SUM",NA,NA,NA,NA,NA,NA,"2",1,"bourovec trnkový","19.04.2019","19.04.2019",7186169,NA,"CZ0624100: Milovický les",100,0,7186169,100,"7166c",19,4,"Milovický les","0","hnízda housenek",NA,NA
2019,"CZ0624100","Milovický les","Eriogaster catax","Motýli","PP Na Cvièišti","PP Na Cvièišti","RP Jižní Morava","AOPK ÈR - RP Jižní Morava",10870103,48049672,2019-04-19,"Segl Jiøí","CELKOVE_SUM",NA,NA,NA,NA,NA,NA,"2",NA,"bourovec trnkový","19.04.2019","19.04.2019",7186169,NA,"CZ0624100: Milovický les",100,0,7186169,100,"7166c",19,4,"Milovický les","0","hnízda housenek",NA,NA
2019,"CZ0624100","Milovický les","Eriogaster catax","Motýli","PP Na Cvièišti","PP Na Cvièišti","RP Jižní Morava","AOPK ÈR - RP Jižní Morava",10870103,48049672,2019-04-19,"Segl Jiøí","POP_POCETSUMLOKAL","hnízda housenek","min","minmax","ano","lok","10","21",1,"bourovec trnkový","19.04.2019","19.04.2019",7186169,NA,"CZ0624100: Milovický les",100,0,7186169,100,"7166c",19,4,"Milovický les","0","hnízda housenek",NA,"alespoò 10 hnízda housenek"
2019,"CZ0624100","Milovický les","Eriogaster catax","Motýli","PP Na Cvièišti","PP Na Cvièišti","RP Jižní Morava","AOPK ÈR - RP Jižní Morava",10870103,48049672,2019-04-19,"Segl Jiøí","POP_PRESENCE",NA,"val","val","ano","lok","ano","ano",1,"bourovec trnkový","19.04.2019","19.04.2019",7186169,NA,"CZ0624100: Milovický les",100,0,7186169,100,"7166c",19,4,"Milovický les","0","hnízda housenek",NA,"ano"
2019,"CZ0624100","Milovický les","Eriogaster catax","Motýli","PP Na Cvièišti","PP Na Cvièišti","RP Jižní Morava","AOPK ÈR - RP Jižní Morava",10870103,48049672,2019-04-19,"Segl Jiøí","STA_LIKVIDACE",NA,"val","val","ne","lok","nezaznamenána",NA,NA,"bourovec trnkový","19.04.2019","19.04.2019",7186169,NA,"CZ0624100: Milovický les",100,0,7186169,100,"7166c",19,4,"Milovický les","0","hnízda housenek",NA,"nezaznamenána"
2019,"CZ0624100","Milovický les","Eriogaster catax","Motýli","PP Na Cvièišti","PP Na Cvièišti","RP Jižní Morava","AOPK ÈR - RP Jižní Morava",10870106,48049675,2019-04-19,"Segl Jiøí","CELKOVE_SUM",NA,NA,NA,NA,NA,NA,"2",1,"bourovec trnkový","19.04.2019","19.04.2019",7186172,NA,"CZ0624100: Milovický les",100,0,7186172,100,"7166c",19,4,"Milovický les","0","jedinci",NA,NA
2019,"CZ0624100","Milovický les","Eriogaster catax","Motýli","PP Na Cvièišti","PP Na Cvièišti","RP Jižní Morava","AOPK ÈR - RP Jižní Morava",10870106,48049675,2019-04-19,"Segl Jiøí","CELKOVE_SUM",NA,NA,NA,NA,NA,NA,"2",NA,"bourovec trnkový","19.04.2019","19.04.2019",7186172,NA,"CZ0624100: Milovický les",100,0,7186172,100,"7166c",19,4,"Milovický les","0","jedinci",NA,NA
2019,"CZ0624100","Milovický les","Eriogaster catax","Motýli","PP Na Cvièišti","PP Na Cvièišti","RP Jižní Morava","AOPK ÈR - RP Jižní Morava",10870106,48049675,2019-04-19,"Segl Jiøí","POP_POCETSUMLOKAL","hnízda housenek","min","minmax","ano","lok","10","21",1,"bourovec trnkový","19.04.2019","19.04.2019",7186172,NA,"CZ0624100: Milovický les",100,0,7186172,100,"7166c",19,4,"Milovický les","0","jedinci",NA,"alespoò 10 hnízda housenek"
2019,"CZ0624100","Milovický les","Eriogaster catax","Motýli","PP Na Cvièišti","PP Na Cvièišti","RP Jižní Morava","AOPK ÈR - RP Jižní Morava",10870106,48049675,2019-04-19,"Segl Jiøí","POP_PRESENCE",NA,"val","val","ano","lok","ano","ano",1,"bourovec trnkový","19.04.2019","19.04.2019",7186172,NA,"CZ0624100: Milovický les",100,0,7186172,100,"7166c",19,4,"Milovický les","0","jedinci",NA,"ano"
2019,"CZ0624100","Milovický les","Eriogaster catax","Motýli","PP Na Cvièišti","PP Na Cvièišti","RP Jižní Morava","AOPK ÈR - RP Jižní Morava",10870106,48049675,2019-04-19,"Segl Jiøí","STA_LIKVIDACE",NA,"val","val","ne","lok","nezaznamenána",NA,NA,"bourovec trnkový","19.04.2019","19.04.2019",7186172,NA,"CZ0624100: Milovický les",100,0,7186172,100,"7166c",19,4,"Milovický les","0","jedinci",NA,"nezaznamenána"
2019,"CZ0624100","Milovický les","Eriogaster catax","Motýli","PP Na Cvièišti","PP Na Cvièišti","RP Jižní Morava","AOPK ÈR - RP Jižní Morava",10870107,48049676,2019-04-19,"Segl Jiøí","CELKOVE_SUM",NA,NA,NA,NA,NA,NA,"2",1,"bourovec trnkový","19.04.2019","19.04.2019",7186173,NA,"CZ0624100: Milovický les",100,0,7186173,100,"7166c",19,4,"Milovický les","0","hnízda housenek",NA,NA
2019,"CZ0624100","Milovický les","Eriogaster catax","Motýli","PP Na Cvièišti","PP Na Cvièišti","RP Jižní Morava","AOPK ÈR - RP Jižní Morava",10870107,48049676,2019-04-19,"Segl Jiøí","CELKOVE_SUM",NA,NA,NA,NA,NA,NA,"2",NA,"bourovec trnkový","19.04.2019","19.04.2019",7186173,NA,"CZ0624100: Milovický les",100,0,7186173,100,"7166c",19,4,"Milovický les","0","hnízda housenek",NA,NA
2019,"CZ0624100","Milovický les","Eriogaster catax","Motýli","PP Na Cvièišti","PP Na Cvièišti","RP Jižní Morava","AOPK ÈR - RP Jižní Morava",10870107,48049676,2019-04-19,"Segl Jiøí","POP_POCETSUMLOKAL","hnízda housenek","min","minmax","ano","lok","10","21",1,"bourovec trnkový","19.04.2019","19.04.2019",7186173,NA,"CZ0624100: Milovický les",100,0,7186173,100,"7166c",19,4,"Milovický les","0","hnízda housenek",NA,"alespoò 10 hnízda housenek"
2019,"CZ0624100","Milovický les","Eriogaster catax","Motýli","PP Na Cvièišti","PP Na Cvièišti","RP Jižní Morava","AOPK ÈR - RP Jižní Morava",10870107,48049676,2019-04-19,"Segl Jiøí","POP_PRESENCE",NA,"val","val","ano","lok","ano","ano",1,"bourovec trnkový","19.04.2019","19.04.2019",7186173,NA,"CZ0624100: Milovický les",100,0,7186173,100,"7166c",19,4,"Milovický les","0","hnízda housenek",NA,"ano"
2019,"CZ0624100","Milovický les","Eriogaster catax","Motýli","PP Na Cvièišti","PP Na Cvièišti","RP Jižní Morava","AOPK ÈR - RP Jižní Morava",10870107,48049676,2019-04-19,"Segl Jiøí","STA_LIKVIDACE",NA,"val","val","ne","lok","nezaznamenána",NA,NA,"bourovec trnkový","19.04.2019","19.04.2019",7186173,NA,"CZ0624100: Milovický les",100,0,7186173,100,"7166c",19,4,"Milovický les","0","hnízda housenek",NA,"nezaznamenána"
2019,"CZ0624100","Milovický les","Eriogaster catax","Motýli","PP Na Cvièišti","PP Na Cvièišti","RP Jižní Morava","AOPK ÈR - RP Jižní Morava",10870108,48049677,2019-04-19,"Segl Jiøí","CELKOVE_SUM",NA,NA,NA,NA,NA,NA,"2",1,"bourovec trnkový","19.04.2019","19.04.2019",7186174,NA,"CZ0624100: Milovický les",100,0,7186174,100,"7166c",19,4,"Milovický les","0","hnízda housenek",NA,NA
2019,"CZ0624100","Milovický les","Eriogaster catax","Motýli","PP Na Cvièišti","PP Na Cvièišti","RP Jižní Morava","AOPK ÈR - RP Jižní Morava",10870108,48049677,2019-04-19,"Segl Jiøí","CELKOVE_SUM",NA,NA,NA,NA,NA,NA,"2",NA,"bourovec trnkový","19.04.2019","19.04.2019",7186174,NA,"CZ0624100: Milovický les",100,0,7186174,100,"7166c",19,4,"Milovický les","0","hnízda housenek",NA,NA
2019,"CZ0624100","Milovický les","Eriogaster catax","Motýli","PP Na Cvièišti","PP Na Cvièišti","RP Jižní Morava","AOPK ÈR - RP Jižní Morava",10870108,48049677,2019-04-19,"Segl Jiøí","POP_POCETSUMLOKAL","hnízda housenek","min","minmax","ano","lok","10","21",1,"bourovec trnkový","19.04.2019","19.04.2019",7186174,NA,"CZ0624100: Milovický les",100,0,7186174,100,"7166c",19,4,"Milovický les","0","hnízda housenek",NA,"alespoò 10 hnízda housenek"
2019,"CZ0624100","Milovický les","Eriogaster catax","Motýli","PP Na Cvièišti","PP Na Cvièišti","RP Jižní Morava","AOPK ÈR - RP Jižní Morava",10870108,48049677,2019-04-19,"Segl Jiøí","POP_PRESENCE",NA,"val","val","ano","lok","ano","ano",1,"bourovec trnkový","19.04.2019","19.04.2019",7186174,NA,"CZ0624100: Milovický les",100,0,7186174,100,"7166c",19,4,"Milovický les","0","hnízda housenek",NA,"ano"
2019,"CZ0624100","Milovický les","Eriogaster catax","Motýli","PP Na Cvièišti","PP Na Cvièišti","RP Jižní Morava","AOPK ÈR - RP Jižní Morava",10870108,48049677,2019-04-19,"Segl Jiøí","STA_LIKVIDACE",NA,"val","val","ne","lok","nezaznamenána",NA,NA,"bourovec trnkový","19.04.2019","19.04.2019",7186174,NA,"CZ0624100: Milovický les",100,0,7186174,100,"7166c",19,4,"Milovický les","0","hnízda housenek",NA,"nezaznamenána"
2019,"CZ0624100","Milovický les","Eriogaster catax","Motýli","PP Na Cvièišti","PP Na Cvièišti","RP Jižní Morava","AOPK ÈR - RP Jižní Morava",10870109,48049678,2019-04-19,"Segl Jiøí","CELKOVE_SUM",NA,NA,NA,NA,NA,NA,"2",1,"bourovec trnkový","19.04.2019","19.04.2019",7186175,NA,"CZ0624100: Milovický les",100,0,7186175,100,"7166c",19,4,"Milovický les","0","hnízda housenek",NA,NA
2019,"CZ0624100","Milovický les","Eriogaster catax","Motýli","PP Na Cvièišti","PP Na Cvièišti","RP Jižní Morava","AOPK ÈR - RP Jižní Morava",10870109,48049678,2019-04-19,"Segl Jiøí","CELKOVE_SUM",NA,NA,NA,NA,NA,NA,"2",NA,"bourovec trnkový","19.04.2019","19.04.2019",7186175,NA,"CZ0624100: Milovický les",100,0,7186175,100,"7166c",19,4,"Milovický les","0","hnízda housenek",NA,NA
2019,"CZ0624100","Milovický les","Eriogaster catax","Motýli","PP Na Cvièišti","PP Na Cvièišti","RP Jižní Morava","AOPK ÈR - RP Jižní Morava",10870109,48049678,2019-04-19,"Segl Jiøí","POP_POCETSUMLOKAL","hnízda housenek","min","minmax","ano","lok","10","21",1,"bourovec trnkový","19.04.2019","19.04.2019",7186175,NA,"CZ0624100: Milovický les",100,0,7186175,100,"7166c",19,4,"Milovický les","0","hnízda housenek",NA,"alespoò 10 hnízda housenek"
2019,"CZ0624100","Milovický les","Eriogaster catax","Motýli","PP Na Cvièišti","PP Na Cvièišti","RP Jižní Morava","AOPK ÈR - RP Jižní Morava",10870109,48049678,2019-04-19,"Segl Jiøí","POP_PRESENCE",NA,"val","val","ano","lok","ano","ano",1,"bourovec trnkový","19.04.2019","19.04.2019",7186175,NA,"CZ0624100: Milovický les",100,0,7186175,100,"7166c",19,4,"Milovický les","0","hnízda housenek",NA,"ano"
2019,"CZ0624100","Milovický les","Eriogaster catax","Motýli","PP Na Cvièišti","PP Na Cvièišti","RP Jižní Morava","AOPK ÈR - RP Jižní Morava",10870109,48049678,2019-04-19,"Segl Jiøí","STA_LIKVIDACE",NA,"val","val","ne","lok","nezaznamenána",NA,NA,"bourovec trnkový","19.04.2019","19.04.2019",7186175,NA,"CZ0624100: Milovický les",100,0,7186175,100,"7166c",19,4,"Milovický les","0","hnízda housenek",NA,"nezaznamenána"
2019,"CZ0624100","Milovický les","Eriogaster catax","Motýli","PP Na Cvièišti","PP Na Cvièišti","RP Jižní Morava","AOPK ÈR - RP Jižní Morava",10870110,48049679,2019-04-19,"Segl Jiøí","CELKOVE_SUM",NA,NA,NA,NA,NA,NA,"2",1,"bourovec trnkový","19.04.2019","19.04.2019",7186176,NA,"CZ0624100: Milovický les",100,0,7186176,100,"7166c",19,4,"Milovický les","0","hnízda housenek",NA,NA
2019,"CZ0624100","Milovický les","Eriogaster catax","Motýli","PP Na Cvièišti","PP Na Cvièišti","RP Jižní Morava","AOPK ÈR - RP Jižní Morava",10870110,48049679,2019-04-19,"Segl Jiøí","CELKOVE_SUM",NA,NA,NA,NA,NA,NA,"2",NA,"bourovec trnkový","19.04.2019","19.04.2019",7186176,NA,"CZ0624100: Milovický les",100,0,7186176,100,"7166c",19,4,"Milovický les","0","hnízda housenek",NA,NA
2019,"CZ0624100","Milovický les","Eriogaster catax","Motýli","PP Na Cvièišti","PP Na Cvièišti","RP Jižní Morava","AOPK ÈR - RP Jižní Morava",10870110,48049679,2019-04-19,"Segl Jiøí","POP_POCETSUMLOKAL","hnízda housenek","min","minmax","ano","lok","10","21",1,"bourovec trnkový","19.04.2019","19.04.2019",7186176,NA,"CZ0624100: Milovický les",100,0,7186176,100,"7166c",19,4,"Milovický les","0","hnízda housenek",NA,"alespoò 10 hnízda housenek"
2019,"CZ0624100","Milovický les","Eriogaster catax","Motýli","PP Na Cvièišti","PP Na Cvièišti","RP Jižní Morava","AOPK ÈR - RP Jižní Morava",10870110,48049679,2019-04-19,"Segl Jiøí","POP_PRESENCE",NA,"val","val","ano","lok","ano","ano",1,"bourovec trnkový","19.04.2019","19.04.2019",7186176,NA,"CZ0624100: Milovický les",100,0,7186176,100,"7166c",19,4,"Milovický les","0","hnízda housenek",NA,"ano"
2019,"CZ0624100","Milovický les","Eriogaster catax","Motýli","PP Na Cvièišti","PP Na Cvièišti","RP Jižní Morava","AOPK ÈR - RP Jižní Morava",10870110,48049679,2019-04-19,"Segl Jiøí","STA_LIKVIDACE",NA,"val","val","ne","lok","nezaznamenána",NA,NA,"bourovec trnkový","19.04.2019","19.04.2019",7186176,NA,"CZ0624100: Milovický les",100,0,7186176,100,"7166c",19,4,"Milovický les","0","hnízda housenek",NA,"nezaznamenána"
2019,"CZ0624100","Milovický les","Eriogaster catax","Motýli","PP Na Cvièišti","PP Na Cvièišti","RP Jižní Morava","AOPK ÈR - RP Jižní Morava",10870111,48049680,2019-04-19,"Segl Jiøí","CELKOVE_SUM",NA,NA,NA,NA,NA,NA,"2",1,"bourovec trnkový","19.04.2019","19.04.2019",7186177,NA,"CZ0624100: Milovický les",100,0,7186177,100,"7166c",19,4,"Milovický les","0","hnízda housenek",NA,NA
2019,"CZ0624100","Milovický les","Eriogaster catax","Motýli","PP Na Cvièišti","PP Na Cvièišti","RP Jižní Morava","AOPK ÈR - RP Jižní Morava",10870111,48049680,2019-04-19,"Segl Jiøí","CELKOVE_SUM",NA,NA,NA,NA,NA,NA,"2",NA,"bourovec trnkový","19.04.2019","19.04.2019",7186177,NA,"CZ0624100: Milovický les",100,0,7186177,100,"7166c",19,4,"Milovický les","0","hnízda housenek",NA,NA
2019,"CZ0624100","Milovický les","Eriogaster catax","Motýli","PP Na Cvièišti","PP Na Cvièišti","RP Jižní Morava","AOPK ÈR - RP Jižní Morava",10870111,48049680,2019-04-19,"Segl Jiøí","POP_POCETSUMLOKAL","hnízda housenek","min","minmax","ano","lok","10","21",1,"bourovec trnkový","19.04.2019","19.04.2019",7186177,NA,"CZ0624100: Milovický les",100,0,7186177,100,"7166c",19,4,"Milovický les","0","hnízda housenek",NA,"alespoò 10 hnízda housenek"
2019,"CZ0624100","Milovický les","Eriogaster catax","Motýli","PP Na Cvièišti","PP Na Cvièišti","RP Jižní Morava","AOPK ÈR - RP Jižní Morava",10870111,48049680,2019-04-19,"Segl Jiøí","POP_PRESENCE",NA,"val","val","ano","lok","ano","ano",1,"bourovec trnkový","19.04.2019","19.04.2019",7186177,NA,"CZ0624100: Milovický les",100,0,7186177,100,"7166c",19,4,"Milovický les","0","hnízda housenek",NA,"ano"
2019,"CZ0624100","Milovický les","Eriogaster catax","Motýli","PP Na Cvièišti","PP Na Cvièišti","RP Jižní Morava","AOPK ÈR - RP Jižní Morava",10870111,48049680,2019-04-19,"Segl Jiøí","STA_LIKVIDACE",NA,"val","val","ne","lok","nezaznamenána",NA,NA,"bourovec trnkový","19.04.2019","19.04.2019",7186177,NA,"CZ0624100: Milovický les",100,0,7186177,100,"7166c",19,4,"Milovický les","0","hnízda housenek",NA,"nezaznamenána"
2019,"CZ0624100","Milovický les","Eriogaster catax","Motýli","PP Na Cvièišti","PP Na Cvièišti","RP Jižní Morava","AOPK ÈR - RP Jižní Morava",10870112,48049681,2019-04-19,"Segl Jiøí","CELKOVE_SUM",NA,NA,NA,NA,NA,NA,"2",1,"bourovec trnkový","19.04.2019","19.04.2019",7186178,NA,"CZ0624100: Milovický les",100,0,7186178,100,"7166c",19,4,"Milovický les","0","hnízda housenek",NA,NA
2019,"CZ0624100","Milovický les","Eriogaster catax","Motýli","PP Na Cvièišti","PP Na Cvièišti","RP Jižní Morava","AOPK ÈR - RP Jižní Morava",10870112,48049681,2019-04-19,"Segl Jiøí","CELKOVE_SUM",NA,NA,NA,NA,NA,NA,"2",NA,"bourovec trnkový","19.04.2019","19.04.2019",7186178,NA,"CZ0624100: Milovický les",100,0,7186178,100,"7166c",19,4,"Milovický les","0","hnízda housenek",NA,NA
2019,"CZ0624100","Milovický les","Eriogaster catax","Motýli","PP Na Cvièišti","PP Na Cvièišti","RP Jižní Morava","AOPK ÈR - RP Jižní Morava",10870112,48049681,2019-04-19,"Segl Jiøí","POP_POCETSUMLOKAL","hnízda housenek","min","minmax","ano","lok","10","21",1,"bourovec trnkový","19.04.2019","19.04.2019",7186178,NA,"CZ0624100: Milovický les",100,0,7186178,100,"7166c",19,4,"Milovický les","0","hnízda housenek",NA,"alespoò 10 hnízda housenek"
2019,"CZ0624100","Milovický les","Eriogaster catax","Motýli","PP Na Cvièišti","PP Na Cvièišti","RP Jižní Morava","AOPK ÈR - RP Jižní Morava",10870112,48049681,2019-04-19,"Segl Jiøí","POP_PRESENCE",NA,"val","val","ano","lok","ano","ano",1,"bourovec trnkový","19.04.2019","19.04.2019",7186178,NA,"CZ0624100: Milovický les",100,0,7186178,100,"7166c",19,4,"Milovický les","0","hnízda housenek",NA,"ano"
2019,"CZ0624100","Milovický les","Eriogaster catax","Motýli","PP Na Cvièišti","PP Na Cvièišti","RP Jižní Morava","AOPK ÈR - RP Jižní Morava",10870112,48049681,2019-04-19,"Segl Jiøí","STA_LIKVIDACE",NA,"val","val","ne","lok","nezaznamenána",NA,NA,"bourovec trnkový","19.04.2019","19.04.2019",7186178,NA,"CZ0624100: Milovický les",100,0,7186178,100,"7166c",19,4,"Milovický les","0","hnízda housenek",NA,"nezaznamenána"
2019,"CZ0624100","Milovický les","Eriogaster catax","Motýli","PP Na Cvièišti","PP Na Cvièišti","RP Jižní Morava","AOPK ÈR - RP Jižní Morava",10870113,48049682,2019-04-19,"Segl Jiøí","CELKOVE_SUM",NA,NA,NA,NA,NA,NA,"2",1,"bourovec trnkový","19.04.2019","19.04.2019",7186179,NA,"CZ0624100: Milovický les",100,0,7186179,100,"7166c",19,4,"Milovický les","0","hnízda housenek",NA,NA
2019,"CZ0624100","Milovický les","Eriogaster catax","Motýli","PP Na Cvièišti","PP Na Cvièišti","RP Jižní Morava","AOPK ÈR - RP Jižní Morava",10870113,48049682,2019-04-19,"Segl Jiøí","CELKOVE_SUM",NA,NA,NA,NA,NA,NA,"2",NA,"bourovec trnkový","19.04.2019","19.04.2019",7186179,NA,"CZ0624100: Milovický les",100,0,7186179,100,"7166c",19,4,"Milovický les","0","hnízda housenek",NA,NA
2019,"CZ0624100","Milovický les","Eriogaster catax","Motýli","PP Na Cvièišti","PP Na Cvièišti","RP Jižní Morava","AOPK ÈR - RP Jižní Morava",10870113,48049682,2019-04-19,"Segl Jiøí","POP_POCETSUMLOKAL","hnízda housenek","min","minmax","ano","lok","10","21",1,"bourovec trnkový","19.04.2019","19.04.2019",7186179,NA,"CZ0624100: Milovický les",100,0,7186179,100,"7166c",19,4,"Milovický les","0","hnízda housenek",NA,"alespoò 10 hnízda housenek"
2019,"CZ0624100","Milovický les","Eriogaster catax","Motýli","PP Na Cvièišti","PP Na Cvièišti","RP Jižní Morava","AOPK ÈR - RP Jižní Morava",10870113,48049682,2019-04-19,"Segl Jiøí","POP_PRESENCE",NA,"val","val","ano","lok","ano","ano",1,"bourovec trnkový","19.04.2019","19.04.2019",7186179,NA,"CZ0624100: Milovický les",100,0,7186179,100,"7166c",19,4,"Milovický les","0","hnízda housenek",NA,"ano"
2019,"CZ0624100","Milovický les","Eriogaster catax","Motýli","PP Na Cvièišti","PP Na Cvièišti","RP Jižní Morava","AOPK ÈR - RP Jižní Morava",10870113,48049682,2019-04-19,"Segl Jiøí","STA_LIKVIDACE",NA,"val","val","ne","lok","nezaznamenána",NA,NA,"bourovec trnkový","19.04.2019","19.04.2019",7186179,NA,"CZ0624100: Milovický les",100,0,7186179,100,"7166c",19,4,"Milovický les","0","hnízda housenek",NA,"nezaznamenána"
2019,"CZ0624100","Milovický les","Eriogaster catax","Motýli","PP Na Cvièišti","PP Na Cvièišti","RP Jižní Morava","AOPK ÈR - RP Jižní Morava",10870114,48049683,2019-04-19,"Segl Jiøí","CELKOVE_SUM",NA,NA,NA,NA,NA,NA,"2",1,"bourovec trnkový","19.04.2019","19.04.2019",7186180,NA,"CZ0624100: Milovický les",100,0,7186180,100,"7166c",19,4,"Milovický les","0","hnízda housenek",NA,NA
2019,"CZ0624100","Milovický les","Eriogaster catax","Motýli","PP Na Cvièišti","PP Na Cvièišti","RP Jižní Morava","AOPK ÈR - RP Jižní Morava",10870114,48049683,2019-04-19,"Segl Jiøí","CELKOVE_SUM",NA,NA,NA,NA,NA,NA,"2",NA,"bourovec trnkový","19.04.2019","19.04.2019",7186180,NA,"CZ0624100: Milovický les",100,0,7186180,100,"7166c",19,4,"Milovický les","0","hnízda housenek",NA,NA
2019,"CZ0624100","Milovický les","Eriogaster catax","Motýli","PP Na Cvièišti","PP Na Cvièišti","RP Jižní Morava","AOPK ÈR - RP Jižní Morava",10870114,48049683,2019-04-19,"Segl Jiøí","POP_POCETSUMLOKAL","hnízda housenek","min","minmax","ano","lok","10","21",1,"bourovec trnkový","19.04.2019","19.04.2019",7186180,NA,"CZ0624100: Milovický les",100,0,7186180,100,"7166c",19,4,"Milovický les","0","hnízda housenek",NA,"alespoò 10 hnízda housenek"
2019,"CZ0624100","Milovický les","Eriogaster catax","Motýli","PP Na Cvièišti","PP Na Cvièišti","RP Jižní Morava","AOPK ÈR - RP Jižní Morava",10870114,48049683,2019-04-19,"Segl Jiøí","POP_PRESENCE",NA,"val","val","ano","lok","ano","ano",1,"bourovec trnkový","19.04.2019","19.04.2019",7186180,NA,"CZ0624100: Milovický les",100,0,7186180,100,"7166c",19,4,"Milovický les","0","hnízda housenek",NA,"ano"
2019,"CZ0624100","Milovický les","Eriogaster catax","Motýli","PP Na Cvièišti","PP Na Cvièišti","RP Jižní Morava","AOPK ÈR - RP Jižní Morava",10870114,48049683,2019-04-19,"Segl Jiøí","STA_LIKVIDACE",NA,"val","val","ne","lok","nezaznamenána",NA,NA,"bourovec trnkový","19.04.2019","19.04.2019",7186180,NA,"CZ0624100: Milovický les",100,0,7186180,100,"7166c",19,4,"Milovický les","0","hnízda housenek",NA,"nezaznamenána"
2019,"CZ0624100","Milovický les","Eriogaster catax","Motýli","PP Na Cvièišti","PP Na Cvièišti","RP Jižní Morava","AOPK ÈR - RP Jižní Morava",10870115,48049684,2019-04-19,"Segl Jiøí","CELKOVE_SUM",NA,NA,NA,NA,NA,NA,"2",1,"bourovec trnkový","19.04.2019","19.04.2019",7186181,NA,"CZ0624100: Milovický les",100,0,7186181,100,"7166c",19,4,"Milovický les","0","hnízda housenek",NA,NA
2019,"CZ0624100","Milovický les","Eriogaster catax","Motýli","PP Na Cvièišti","PP Na Cvièišti","RP Jižní Morava","AOPK ÈR - RP Jižní Morava",10870115,48049684,2019-04-19,"Segl Jiøí","CELKOVE_SUM",NA,NA,NA,NA,NA,NA,"2",NA,"bourovec trnkový","19.04.2019","19.04.2019",7186181,NA,"CZ0624100: Milovický les",100,0,7186181,100,"7166c",19,4,"Milovický les","0","hnízda housenek",NA,NA
2019,"CZ0624100","Milovický les","Eriogaster catax","Motýli","PP Na Cvièišti","PP Na Cvièišti","RP Jižní Morava","AOPK ÈR - RP Jižní Morava",10870115,48049684,2019-04-19,"Segl Jiøí","POP_POCETSUMLOKAL","hnízda housenek","min","minmax","ano","lok","10","21",1,"bourovec trnkový","19.04.2019","19.04.2019",7186181,NA,"CZ0624100: Milovický les",100,0,7186181,100,"7166c",19,4,"Milovický les","0","hnízda housenek",NA,"alespoò 10 hnízda housenek"
2019,"CZ0624100","Milovický les","Eriogaster catax","Motýli","PP Na Cvièišti","PP Na Cvièišti","RP Jižní Morava","AOPK ÈR - RP Jižní Morava",10870115,48049684,2019-04-19,"Segl Jiøí","POP_PRESENCE",NA,"val","val","ano","lok","ano","ano",1,"bourovec trnkový","19.04.2019","19.04.2019",7186181,NA,"CZ0624100: Milovický les",100,0,7186181,100,"7166c",19,4,"Milovický les","0","hnízda housenek",NA,"ano"
2019,"CZ0624100","Milovický les","Eriogaster catax","Motýli","PP Na Cvièišti","PP Na Cvièišti","RP Jižní Morava","AOPK ÈR - RP Jižní Morava",10870115,48049684,2019-04-19,"Segl Jiøí","STA_LIKVIDACE",NA,"val","val","ne","lok","nezaznamenána",NA,NA,"bourovec trnkový","19.04.2019","19.04.2019",7186181,NA,"CZ0624100: Milovický les",100,0,7186181,100,"7166c",19,4,"Milovický les","0","hnízda housenek",NA,"nezaznamenána"
2019,"CZ0624100","Milovický les","Eriogaster catax","Motýli","PP Na Cvièišti","PP Na Cvièišti","RP Jižní Morava","AOPK ÈR - RP Jižní Morava",10870116,48049685,2019-04-19,"Segl Jiøí","CELKOVE_SUM",NA,NA,NA,NA,NA,NA,"2",1,"bourovec trnkový","19.04.2019","19.04.2019",7186182,NA,"CZ0624100: Milovický les",100,0,7186182,100,"7166c",19,4,"Milovický les","0","hnízda housenek",NA,NA
2019,"CZ0624100","Milovický les","Eriogaster catax","Motýli","PP Na Cvièišti","PP Na Cvièišti","RP Jižní Morava","AOPK ÈR - RP Jižní Morava",10870116,48049685,2019-04-19,"Segl Jiøí","CELKOVE_SUM",NA,NA,NA,NA,NA,NA,"2",NA,"bourovec trnkový","19.04.2019","19.04.2019",7186182,NA,"CZ0624100: Milovický les",100,0,7186182,100,"7166c",19,4,"Milovický les","0","hnízda housenek",NA,NA
2019,"CZ0624100","Milovický les","Eriogaster catax","Motýli","PP Na Cvièišti","PP Na Cvièišti","RP Jižní Morava","AOPK ÈR - RP Jižní Morava",10870116,48049685,2019-04-19,"Segl Jiøí","POP_POCETSUMLOKAL","hnízda housenek","min","minmax","ano","lok","10","21",1,"bourovec trnkový","19.04.2019","19.04.2019",7186182,NA,"CZ0624100: Milovický les",100,0,7186182,100,"7166c",19,4,"Milovický les","0","hnízda housenek",NA,"alespoò 10 hnízda housenek"
2019,"CZ0624100","Milovický les","Eriogaster catax","Motýli","PP Na Cvièišti","PP Na Cvièišti","RP Jižní Morava","AOPK ÈR - RP Jižní Morava",10870116,48049685,2019-04-19,"Segl Jiøí","POP_PRESENCE",NA,"val","val","ano","lok","ano","ano",1,"bourovec trnkový","19.04.2019","19.04.2019",7186182,NA,"CZ0624100: Milovický les",100,0,7186182,100,"7166c",19,4,"Milovický les","0","hnízda housenek",NA,"ano"
2019,"CZ0624100","Milovický les","Eriogaster catax","Motýli","PP Na Cvièišti","PP Na Cvièišti","RP Jižní Morava","AOPK ÈR - RP Jižní Morava",10870116,48049685,2019-04-19,"Segl Jiøí","STA_LIKVIDACE",NA,"val","val","ne","lok","nezaznamenána",NA,NA,"bourovec trnkový","19.04.2019","19.04.2019",7186182,NA,"CZ0624100: Milovický les",100,0,7186182,100,"7166c",19,4,"Milovický les","0","hnízda housenek",NA,"nezaznamenána"
2019,"CZ0624100","Milovický les","Eriogaster catax","Motýli","PP Na Cvièišti","PP Na Cvièišti","RP Jižní Morava","AOPK ÈR - RP Jižní Morava",10870117,48049686,2019-04-19,"Segl Jiøí","CELKOVE_SUM",NA,NA,NA,NA,NA,NA,"2",1,"bourovec trnkový","19.04.2019","19.04.2019",7186183,NA,"CZ0624100: Milovický les",100,0,7186183,100,"7166c",19,4,"Milovický les","0","hnízda housenek",NA,NA
2019,"CZ0624100","Milovický les","Eriogaster catax","Motýli","PP Na Cvièišti","PP Na Cvièišti","RP Jižní Morava","AOPK ÈR - RP Jižní Morava",10870117,48049686,2019-04-19,"Segl Jiøí","CELKOVE_SUM",NA,NA,NA,NA,NA,NA,"2",NA,"bourovec trnkový","19.04.2019","19.04.2019",7186183,NA,"CZ0624100: Milovický les",100,0,7186183,100,"7166c",19,4,"Milovický les","0","hnízda housenek",NA,NA
2019,"CZ0624100","Milovický les","Eriogaster catax","Motýli","PP Na Cvièišti","PP Na Cvièišti","RP Jižní Morava","AOPK ÈR - RP Jižní Morava",10870117,48049686,2019-04-19,"Segl Jiøí","POP_POCETSUMLOKAL","hnízda housenek","min","minmax","ano","lok","10","21",1,"bourovec trnkový","19.04.2019","19.04.2019",7186183,NA,"CZ0624100: Milovický les",100,0,7186183,100,"7166c",19,4,"Milovický les","0","hnízda housenek",NA,"alespoò 10 hnízda housenek"
2019,"CZ0624100","Milovický les","Eriogaster catax","Motýli","PP Na Cvièišti","PP Na Cvièišti","RP Jižní Morava","AOPK ÈR - RP Jižní Morava",10870117,48049686,2019-04-19,"Segl Jiøí","POP_PRESENCE",NA,"val","val","ano","lok","ano","ano",1,"bourovec trnkový","19.04.2019","19.04.2019",7186183,NA,"CZ0624100: Milovický les",100,0,7186183,100,"7166c",19,4,"Milovický les","0","hnízda housenek",NA,"ano"
2019,"CZ0624100","Milovický les","Eriogaster catax","Motýli","PP Na Cvièišti","PP Na Cvièišti","RP Jižní Morava","AOPK ÈR - RP Jižní Morava",10870117,48049686,2019-04-19,"Segl Jiøí","STA_LIKVIDACE",NA,"val","val","ne","lok","nezaznamenána",NA,NA,"bourovec trnkový","19.04.2019","19.04.2019",7186183,NA,"CZ0624100: Milovický les",100,0,7186183,100,"7166c",19,4,"Milovický les","0","hnízda housenek",NA,"nezaznamenána"
2019,"CZ0624100","Milovický les","Eriogaster catax","Motýli","PP Na Cvièišti","PP Na Cvièišti","RP Jižní Morava","AOPK ÈR - RP Jižní Morava",10870118,48049687,2019-04-19,"Segl Jiøí","CELKOVE_SUM",NA,NA,NA,NA,NA,NA,"2",1,"bourovec trnkový","19.04.2019","19.04.2019",7186184,NA,"CZ0624100: Milovický les",100,0,7186184,100,"7166c",19,4,"Milovický les","0","hnízda housenek",NA,NA
2019,"CZ0624100","Milovický les","Eriogaster catax","Motýli","PP Na Cvièišti","PP Na Cvièišti","RP Jižní Morava","AOPK ÈR - RP Jižní Morava",10870118,48049687,2019-04-19,"Segl Jiøí","CELKOVE_SUM",NA,NA,NA,NA,NA,NA,"2",NA,"bourovec trnkový","19.04.2019","19.04.2019",7186184,NA,"CZ0624100: Milovický les",100,0,7186184,100,"7166c",19,4,"Milovický les","0","hnízda housenek",NA,NA
2019,"CZ0624100","Milovický les","Eriogaster catax","Motýli","PP Na Cvièišti","PP Na Cvièišti","RP Jižní Morava","AOPK ÈR - RP Jižní Morava",10870118,48049687,2019-04-19,"Segl Jiøí","POP_POCETSUMLOKAL","hnízda housenek","min","minmax","ano","lok","10","21",1,"bourovec trnkový","19.04.2019","19.04.2019",7186184,NA,"CZ0624100: Milovický les",100,0,7186184,100,"7166c",19,4,"Milovický les","0","hnízda housenek",NA,"alespoò 10 hnízda housenek"
2019,"CZ0624100","Milovický les","Eriogaster catax","Motýli","PP Na Cvièišti","PP Na Cvièišti","RP Jižní Morava","AOPK ÈR - RP Jižní Morava",10870118,48049687,2019-04-19,"Segl Jiøí","POP_PRESENCE",NA,"val","val","ano","lok","ano","ano",1,"bourovec trnkový","19.04.2019","19.04.2019",7186184,NA,"CZ0624100: Milovický les",100,0,7186184,100,"7166c",19,4,"Milovický les","0","hnízda housenek",NA,"ano"
2019,"CZ0624100","Milovický les","Eriogaster catax","Motýli","PP Na Cvièišti","PP Na Cvièišti","RP Jižní Morava","AOPK ÈR - RP Jižní Morava",10870118,48049687,2019-04-19,"Segl Jiøí","STA_LIKVIDACE",NA,"val","val","ne","lok","nezaznamenána",NA,NA,"bourovec trnkový","19.04.2019","19.04.2019",7186184,NA,"CZ0624100: Milovický les",100,0,7186184,100,"7166c",19,4,"Milovický les","0","hnízda housenek",NA,"nezaznamenána"
2019,"CZ0624100","Milovický les","Eriogaster catax","Motýli","PP Na Cvièišti","PP Na Cvièišti","RP Jižní Morava","AOPK ÈR - RP Jižní Morava",10870119,48049688,2019-04-19,"Segl Jiøí","CELKOVE_SUM",NA,NA,NA,NA,NA,NA,"2",1,"bourovec trnkový","19.04.2019","19.04.2019",7186185,NA,"CZ0624100: Milovický les",100,0,7186185,100,"7166c",19,4,"Milovický les","0","hnízda housenek",NA,NA
2019,"CZ0624100","Milovický les","Eriogaster catax","Motýli","PP Na Cvièišti","PP Na Cvièišti","RP Jižní Morava","AOPK ÈR - RP Jižní Morava",10870119,48049688,2019-04-19,"Segl Jiøí","CELKOVE_SUM",NA,NA,NA,NA,NA,NA,"2",NA,"bourovec trnkový","19.04.2019","19.04.2019",7186185,NA,"CZ0624100: Milovický les",100,0,7186185,100,"7166c",19,4,"Milovický les","0","hnízda housenek",NA,NA
2019,"CZ0624100","Milovický les","Eriogaster catax","Motýli","PP Na Cvièišti","PP Na Cvièišti","RP Jižní Morava","AOPK ÈR - RP Jižní Morava",10870119,48049688,2019-04-19,"Segl Jiøí","POP_POCETSUMLOKAL","hnízda housenek","min","minmax","ano","lok","10","21",1,"bourovec trnkový","19.04.2019","19.04.2019",7186185,NA,"CZ0624100: Milovický les",100,0,7186185,100,"7166c",19,4,"Milovický les","0","hnízda housenek",NA,"alespoò 10 hnízda housenek"
2019,"CZ0624100","Milovický les","Eriogaster catax","Motýli","PP Na Cvièišti","PP Na Cvièišti","RP Jižní Morava","AOPK ÈR - RP Jižní Morava",10870119,48049688,2019-04-19,"Segl Jiøí","POP_PRESENCE",NA,"val","val","ano","lok","ano","ano",1,"bourovec trnkový","19.04.2019","19.04.2019",7186185,NA,"CZ0624100: Milovický les",100,0,7186185,100,"7166c",19,4,"Milovický les","0","hnízda housenek",NA,"ano"
2019,"CZ0624100","Milovický les","Eriogaster catax","Motýli","PP Na Cvièišti","PP Na Cvièišti","RP Jižní Morava","AOPK ÈR - RP Jižní Morava",10870119,48049688,2019-04-19,"Segl Jiøí","STA_LIKVIDACE",NA,"val","val","ne","lok","nezaznamenána",NA,NA,"bourovec trnkový","19.04.2019","19.04.2019",7186185,NA,"CZ0624100: Milovický les",100,0,7186185,100,"7166c",19,4,"Milovický les","0","hnízda housenek",NA,"nezaznamenána"
2019,"CZ0624100","Milovický les","Eriogaster catax","Motýli","PP Na Cvièišti","PP Na Cvièišti","RP Jižní Morava","AOPK ÈR - RP Jižní Morava",10870120,48049689,2019-04-19,"Segl Jiøí","CELKOVE_SUM",NA,NA,NA,NA,NA,NA,"2",1,"bourovec trnkový","19.04.2019","19.04.2019",7186186,NA,"CZ0624100: Milovický les",100,0,7186186,100,"7166c",19,4,"Milovický les","0","hnízda housenek",NA,NA
2019,"CZ0624100","Milovický les","Eriogaster catax","Motýli","PP Na Cvièišti","PP Na Cvièišti","RP Jižní Morava","AOPK ÈR - RP Jižní Morava",10870120,48049689,2019-04-19,"Segl Jiøí","CELKOVE_SUM",NA,NA,NA,NA,NA,NA,"2",NA,"bourovec trnkový","19.04.2019","19.04.2019",7186186,NA,"CZ0624100: Milovický les",100,0,7186186,100,"7166c",19,4,"Milovický les","0","hnízda housenek",NA,NA
2019,"CZ0624100","Milovický les","Eriogaster catax","Motýli","PP Na Cvièišti","PP Na Cvièišti","RP Jižní Morava","AOPK ÈR - RP Jižní Morava",10870120,48049689,2019-04-19,"Segl Jiøí","POP_POCETSUMLOKAL","hnízda housenek","min","minmax","ano","lok","10","21",1,"bourovec trnkový","19.04.2019","19.04.2019",7186186,NA,"CZ0624100: Milovický les",100,0,7186186,100,"7166c",19,4,"Milovický les","0","hnízda housenek",NA,"alespoò 10 hnízda housenek"
2019,"CZ0624100","Milovický les","Eriogaster catax","Motýli","PP Na Cvièišti","PP Na Cvièišti","RP Jižní Morava","AOPK ÈR - RP Jižní Morava",10870120,48049689,2019-04-19,"Segl Jiøí","POP_PRESENCE",NA,"val","val","ano","lok","ano","ano",1,"bourovec trnkový","19.04.2019","19.04.2019",7186186,NA,"CZ0624100: Milovický les",100,0,7186186,100,"7166c",19,4,"Milovický les","0","hnízda housenek",NA,"ano"
2019,"CZ0624100","Milovický les","Eriogaster catax","Motýli","PP Na Cvièišti","PP Na Cvièišti","RP Jižní Morava","AOPK ÈR - RP Jižní Morava",10870120,48049689,2019-04-19,"Segl Jiøí","STA_LIKVIDACE",NA,"val","val","ne","lok","nezaznamenána",NA,NA,"bourovec trnkový","19.04.2019","19.04.2019",7186186,NA,"CZ0624100: Milovický les",100,0,7186186,100,"7166c",19,4,"Milovický les","0","hnízda housenek",NA,"nezaznamenána"
2020,"CZ0624100","Milovický les","Eriogaster catax","Motýli","Mikulov - Mikulov na Moravì","Mikulov - Mikulov na Moravì","RP Jižní Morava","AOPK ÈR - RP Jižní Morava",11078320,48801061,2020-04-18,"Segl Jiøí","CELKOVE_SUM",NA,NA,NA,NA,NA,NA,"1",0,"bourovec trnkový","18.04.2020","18.04.2020",7377649,NA,"CZ0624100: Milovický les",100,0,7377649,100,"7166c",18,4,"Milovický les","0","hnízda housenek",NA,NA
2020,"CZ0624100","Milovický les","Eriogaster catax","Motýli","Mikulov - Mikulov na Moravì","Mikulov - Mikulov na Moravì","RP Jižní Morava","AOPK ÈR - RP Jižní Morava",11078320,48801061,2020-04-18,"Segl Jiøí","CELKOVE_SUM",NA,NA,NA,NA,NA,NA,"1",1,"bourovec trnkový","18.04.2020","18.04.2020",7377649,NA,"CZ0624100: Milovický les",100,0,7377649,100,"7166c",18,4,"Milovický les","0","hnízda housenek",NA,NA
2020,"CZ0624100","Milovický les","Eriogaster catax","Motýli","Mikulov - Mikulov na Moravì","Mikulov - Mikulov na Moravì","RP Jižní Morava","AOPK ÈR - RP Jižní Morava",11078320,48801061,2020-04-18,"Segl Jiøí","CELKOVE_SUM",NA,NA,NA,NA,NA,NA,"1",NA,"bourovec trnkový","18.04.2020","18.04.2020",7377649,NA,"CZ0624100: Milovický les",100,0,7377649,100,"7166c",18,4,"Milovický les","0","hnízda housenek",NA,NA
2020,"CZ0624100","Milovický les","Eriogaster catax","Motýli","Mikulov - Mikulov na Moravì","Mikulov - Mikulov na Moravì","RP Jižní Morava","AOPK ÈR - RP Jižní Morava",11078320,48801061,2020-04-18,"Segl Jiøí","POP_POCETSUMLOKAL","hnízda housenek","min","minmax","ano","lok","10","1",0,"bourovec trnkový","18.04.2020","18.04.2020",7377649,NA,"CZ0624100: Milovický les",100,0,7377649,100,"7166c",18,4,"Milovický les","0","hnízda housenek",NA,"alespoò 10 hnízda housenek"
2020,"CZ0624100","Milovický les","Eriogaster catax","Motýli","Mikulov - Mikulov na Moravì","Mikulov - Mikulov na Moravì","RP Jižní Morava","AOPK ÈR - RP Jižní Morava",11078320,48801061,2020-04-18,"Segl Jiøí","POP_PRESENCE",NA,"val","val","ano","lok","ano","ano",1,"bourovec trnkový","18.04.2020","18.04.2020",7377649,NA,"CZ0624100: Milovický les",100,0,7377649,100,"7166c",18,4,"Milovický les","0","hnízda housenek",NA,"ano"
2020,"CZ0624100","Milovický les","Eriogaster catax","Motýli","Mikulov - Mikulov na Moravì","Mikulov - Mikulov na Moravì","RP Jižní Morava","AOPK ÈR - RP Jižní Morava",11078320,48801061,2020-04-18,"Segl Jiøí","STA_LIKVIDACE",NA,"val","val","ne","lok","nezaznamenána",NA,NA,"bourovec trnkový","18.04.2020","18.04.2020",7377649,NA,"CZ0624100: Milovický les",100,0,7377649,100,"7166c",18,4,"Milovický les","0","hnízda housenek",NA,"nezaznamenána"
2020,"CZ0624096","Podyjí","Eriogaster catax","Motýli","NP Podyjí, Èížov - Na Keplech","NP Podyjí, Èížov - Na Keplech","RP Jižní Morava","Správa NP Podyjí",11080830,48813723,2020-04-23,"Dítì Petr","CELKOVE_SUM",NA,NA,NA,NA,NA,NA,"1",0,"bourovec trnkový","23.04.2020","23.04.2020",7381540,NA,"CZ0624096: Podyjí",100,0,7381540,100,"7161a",23,4,"Podyjí","0","hnízda housenek",NA,NA
2020,"CZ0624096","Podyjí","Eriogaster catax","Motýli","NP Podyjí, Èížov - Na Keplech","NP Podyjí, Èížov - Na Keplech","RP Jižní Morava","Správa NP Podyjí",11080830,48813723,2020-04-23,"Dítì Petr","CELKOVE_SUM",NA,NA,NA,NA,NA,NA,"1",1,"bourovec trnkový","23.04.2020","23.04.2020",7381540,NA,"CZ0624096: Podyjí",100,0,7381540,100,"7161a",23,4,"Podyjí","0","hnízda housenek",NA,NA
2020,"CZ0624096","Podyjí","Eriogaster catax","Motýli","NP Podyjí, Èížov - Na Keplech","NP Podyjí, Èížov - Na Keplech","RP Jižní Morava","Správa NP Podyjí",11080830,48813723,2020-04-23,"Dítì Petr","CELKOVE_SUM",NA,NA,NA,NA,NA,NA,"1",NA,"bourovec trnkový","23.04.2020","23.04.2020",7381540,NA,"CZ0624096: Podyjí",100,0,7381540,100,"7161a",23,4,"Podyjí","0","hnízda housenek",NA,NA
2020,"CZ0624096","Podyjí","Eriogaster catax","Motýli","NP Podyjí, Èížov - Na Keplech","NP Podyjí, Èížov - Na Keplech","RP Jižní Morava","Správa NP Podyjí",11080830,48813723,2020-04-23,"Dítì Petr","POP_POCETSUMLOKAL","hnízda housenek","min","minmax","ano","lok","10","1",0,"bourovec trnkový","23.04.2020","23.04.2020",7381540,NA,"CZ0624096: Podyjí",100,0,7381540,100,"7161a",23,4,"Podyjí","0","hnízda housenek",NA,"alespoò 10 hnízda housenek"
2020,"CZ0624096","Podyjí","Eriogaster catax","Motýli","NP Podyjí, Èížov - Na Keplech","NP Podyjí, Èížov - Na Keplech","RP Jižní Morava","Správa NP Podyjí",11080830,48813723,2020-04-23,"Dítì Petr","POP_PRESENCE",NA,"val","val","ano","lok","ano","ano",1,"bourovec trnkový","23.04.2020","23.04.2020",7381540,NA,"CZ0624096: Podyjí",100,0,7381540,100,"7161a",23,4,"Podyjí","0","hnízda housenek",NA,"ano"
2020,"CZ0624096","Podyjí","Eriogaster catax","Motýli","NP Podyjí, Èížov - Na Keplech","NP Podyjí, Èížov - Na Keplech","RP Jižní Morava","Správa NP Podyjí",11080830,48813723,2020-04-23,"Dítì Petr","STA_LIKVIDACE",NA,"val","val","ne","lok","nezaznamenána",NA,NA,"bourovec trnkový","23.04.2020","23.04.2020",7381540,NA,"CZ0624096: Podyjí",100,0,7381540,100,"7161a",23,4,"Podyjí","0","hnízda housenek",NA,"nezaznamenána"
2020,"CZ0622218","Dunajovické kopce","Eriogaster catax","Motýli","NPP Dunajovické kopce","NPP Dunajovické kopce","RP Jižní Morava","AOPK ÈR - RP Jižní Morava",11082504,48818308,2020-04-15,"Hrnèíø Jan","CELKOVE_SUM",NA,NA,NA,NA,NA,NA,"1",0,"bourovec trnkový","15.04.2020","15.04.2020",7384855,NA,"CZ0622218: Dunajovické kopce",100,0,7384855,100,"7165a",15,4,"Dunajovické kopce","0","hnízda housenek",NA,NA
2020,"CZ0622218","Dunajovické kopce","Eriogaster catax","Motýli","NPP Dunajovické kopce","NPP Dunajovické kopce","RP Jižní Morava","AOPK ÈR - RP Jižní Morava",11082504,48818308,2020-04-15,"Hrnèíø Jan","CELKOVE_SUM",NA,NA,NA,NA,NA,NA,"1",1,"bourovec trnkový","15.04.2020","15.04.2020",7384855,NA,"CZ0622218: Dunajovické kopce",100,0,7384855,100,"7165a",15,4,"Dunajovické kopce","0","hnízda housenek",NA,NA
2020,"CZ0622218","Dunajovické kopce","Eriogaster catax","Motýli","NPP Dunajovické kopce","NPP Dunajovické kopce","RP Jižní Morava","AOPK ÈR - RP Jižní Morava",11082504,48818308,2020-04-15,"Hrnèíø Jan","CELKOVE_SUM",NA,NA,NA,NA,NA,NA,"1",NA,"bourovec trnkový","15.04.2020","15.04.2020",7384855,NA,"CZ0622218: Dunajovické kopce",100,0,7384855,100,"7165a",15,4,"Dunajovické kopce","0","hnízda housenek",NA,NA
2020,"CZ0622218","Dunajovické kopce","Eriogaster catax","Motýli","NPP Dunajovické kopce","NPP Dunajovické kopce","RP Jižní Morava","AOPK ÈR - RP Jižní Morava",11082504,48818308,2020-04-15,"Hrnèíø Jan","POP_POCETSUMLOKAL","hnízda housenek","min","minmax","ano","lok","10","6",0,"bourovec trnkový","15.04.2020","15.04.2020",7384855,NA,"CZ0622218: Dunajovické kopce",100,0,7384855,100,"7165a",15,4,"Dunajovické kopce","0","hnízda housenek",NA,"alespoò 10 hnízda housenek"
2020,"CZ0622218","Dunajovické kopce","Eriogaster catax","Motýli","NPP Dunajovické kopce","NPP Dunajovické kopce","RP Jižní Morava","AOPK ÈR - RP Jižní Morava",11082504,48818308,2020-04-15,"Hrnèíø Jan","POP_PRESENCE",NA,"val","val","ano","lok","ano","ano",1,"bourovec trnkový","15.04.2020","15.04.2020",7384855,NA,"CZ0622218: Dunajovické kopce",100,0,7384855,100,"7165a",15,4,"Dunajovické kopce","0","hnízda housenek",NA,"ano"
2020,"CZ0622218","Dunajovické kopce","Eriogaster catax","Motýli","NPP Dunajovické kopce","NPP Dunajovické kopce","RP Jižní Morava","AOPK ÈR - RP Jižní Morava",11082504,48818308,2020-04-15,"Hrnèíø Jan","STA_LIKVIDACE",NA,"val","val","ne","lok","nezaznamenána",NA,NA,"bourovec trnkový","15.04.2020","15.04.2020",7384855,NA,"CZ0622218: Dunajovické kopce",100,0,7384855,100,"7165a",15,4,"Dunajovické kopce","0","hnízda housenek",NA,"nezaznamenána"
2020,"CZ0620048","Skalky u Sedlece","Eriogaster catax","Motýli","Sedlec-PP Skalky u Sedlece","Sedlec-PP Skalky u Sedlece","RP Jižní Morava","Krajský úøad Jihomoravského kraje",11082581,48818323,2020-04-17,"Hrnèíø Jan","CELKOVE_SUM",NA,NA,NA,NA,NA,NA,"1",0,"bourovec trnkový","17.04.2020","17.04.2020",7384933,NA,"CZ0620048: Skalky u Sedlece",100,0,7384933,100,"7266a",17,4,"Skalky u Sedlece","0","hnízda housenek",NA,NA
2020,"CZ0620048","Skalky u Sedlece","Eriogaster catax","Motýli","Sedlec-PP Skalky u Sedlece","Sedlec-PP Skalky u Sedlece","RP Jižní Morava","Krajský úøad Jihomoravského kraje",11082581,48818323,2020-04-17,"Hrnèíø Jan","CELKOVE_SUM",NA,NA,NA,NA,NA,NA,"1",1,"bourovec trnkový","17.04.2020","17.04.2020",7384933,NA,"CZ0620048: Skalky u Sedlece",100,0,7384933,100,"7266a",17,4,"Skalky u Sedlece","0","hnízda housenek",NA,NA
2020,"CZ0620048","Skalky u Sedlece","Eriogaster catax","Motýli","Sedlec-PP Skalky u Sedlece","Sedlec-PP Skalky u Sedlece","RP Jižní Morava","Krajský úøad Jihomoravského kraje",11082581,48818323,2020-04-17,"Hrnèíø Jan","CELKOVE_SUM",NA,NA,NA,NA,NA,NA,"1",NA,"bourovec trnkový","17.04.2020","17.04.2020",7384933,NA,"CZ0620048: Skalky u Sedlece",100,0,7384933,100,"7266a",17,4,"Skalky u Sedlece","0","hnízda housenek",NA,NA
2020,"CZ0620048","Skalky u Sedlece","Eriogaster catax","Motýli","Sedlec-PP Skalky u Sedlece","Sedlec-PP Skalky u Sedlece","RP Jižní Morava","Krajský úøad Jihomoravského kraje",11082581,48818323,2020-04-17,"Hrnèíø Jan","POP_POCETSUMLOKAL","hnízda housenek","min","minmax","ano","lok","10","3",0,"bourovec trnkový","17.04.2020","17.04.2020",7384933,NA,"CZ0620048: Skalky u Sedlece",100,0,7384933,100,"7266a",17,4,"Skalky u Sedlece","0","hnízda housenek",NA,"alespoò 10 hnízda housenek"
2020,"CZ0620048","Skalky u Sedlece","Eriogaster catax","Motýli","Sedlec-PP Skalky u Sedlece","Sedlec-PP Skalky u Sedlece","RP Jižní Morava","Krajský úøad Jihomoravského kraje",11082581,48818323,2020-04-17,"Hrnèíø Jan","POP_PRESENCE",NA,"val","val","ano","lok","ano","ano",1,"bourovec trnkový","17.04.2020","17.04.2020",7384933,NA,"CZ0620048: Skalky u Sedlece",100,0,7384933,100,"7266a",17,4,"Skalky u Sedlece","0","hnízda housenek",NA,"ano"
2020,"CZ0620048","Skalky u Sedlece","Eriogaster catax","Motýli","Sedlec-PP Skalky u Sedlece","Sedlec-PP Skalky u Sedlece","RP Jižní Morava","Krajský úøad Jihomoravského kraje",11082581,48818323,2020-04-17,"Hrnèíø Jan","STA_LIKVIDACE",NA,"val","val","ne","lok","nezaznamenána",NA,NA,"bourovec trnkový","17.04.2020","17.04.2020",7384933,NA,"CZ0620048: Skalky u Sedlece",100,0,7384933,100,"7266a",17,4,"Skalky u Sedlece","0","hnízda housenek",NA,"nezaznamenána"
2020,"CZ0624119","Soutok - Podluží","Eriogaster catax","Motýli","Lanžhot-Lány","Lanžhot-Lány","RP Jižní Morava","AOPK ÈR - RP Jižní Morava, Krajský úøad Jihomoravského kraje",11082506,48818339,2020-04-21,"Hrnèíø Jan","CELKOVE_SUM",NA,NA,NA,NA,NA,NA,"1",0,"bourovec trnkový","21.04.2020","21.04.2020",7384857,NA,"CZ0624119: Soutok - Podluží",100,0,7384857,100,"7267d",21,4,"Soutok - Podluží","0","housenky",NA,NA
2020,"CZ0624119","Soutok - Podluží","Eriogaster catax","Motýli","Lanžhot-Lány","Lanžhot-Lány","RP Jižní Morava","AOPK ÈR - RP Jižní Morava, Krajský úøad Jihomoravského kraje",11082506,48818339,2020-04-21,"Hrnèíø Jan","CELKOVE_SUM",NA,NA,NA,NA,NA,NA,"1",1,"bourovec trnkový","21.04.2020","21.04.2020",7384857,NA,"CZ0624119: Soutok - Podluží",100,0,7384857,100,"7267d",21,4,"Soutok - Podluží","0","housenky",NA,NA
2020,"CZ0624119","Soutok - Podluží","Eriogaster catax","Motýli","Lanžhot-Lány","Lanžhot-Lány","RP Jižní Morava","AOPK ÈR - RP Jižní Morava, Krajský úøad Jihomoravského kraje",11082506,48818339,2020-04-21,"Hrnèíø Jan","CELKOVE_SUM",NA,NA,NA,NA,NA,NA,"1",NA,"bourovec trnkový","21.04.2020","21.04.2020",7384857,NA,"CZ0624119: Soutok - Podluží",100,0,7384857,100,"7267d",21,4,"Soutok - Podluží","0","housenky",NA,NA
2020,"CZ0624119","Soutok - Podluží","Eriogaster catax","Motýli","Lanžhot-Lány","Lanžhot-Lány","RP Jižní Morava","AOPK ÈR - RP Jižní Morava, Krajský úøad Jihomoravského kraje",11082506,48818339,2020-04-21,"Hrnèíø Jan","POP_POCETSUMLOKAL","hnízda housenek","min","minmax","ano","lok","10","0",0,"bourovec trnkový","21.04.2020","21.04.2020",7384857,NA,"CZ0624119: Soutok - Podluží",100,0,7384857,100,"7267d",21,4,"Soutok - Podluží","0","housenky",NA,"alespoò 10 hnízda housenek"
2020,"CZ0624119","Soutok - Podluží","Eriogaster catax","Motýli","Lanžhot-Lány","Lanžhot-Lány","RP Jižní Morava","AOPK ÈR - RP Jižní Morava, Krajský úøad Jihomoravského kraje",11082506,48818339,2020-04-21,"Hrnèíø Jan","POP_PRESENCE",NA,"val","val","ano","lok","ano","ano",1,"bourovec trnkový","21.04.2020","21.04.2020",7384857,NA,"CZ0624119: Soutok - Podluží",100,0,7384857,100,"7267d",21,4,"Soutok - Podluží","0","housenky",NA,"ano"
2020,"CZ0624119","Soutok - Podluží","Eriogaster catax","Motýli","Lanžhot-Lány","Lanžhot-Lány","RP Jižní Morava","AOPK ÈR - RP Jižní Morava, Krajský úøad Jihomoravského kraje",11082506,48818339,2020-04-21,"Hrnèíø Jan","STA_LIKVIDACE",NA,"val","val","ne","lok","nezaznamenána",NA,NA,"bourovec trnkový","21.04.2020","21.04.2020",7384857,NA,"CZ0624119: Soutok - Podluží",100,0,7384857,100,"7267d",21,4,"Soutok - Podluží","0","housenky",NA,"nezaznamenána"
2020,"CZ0724090","Bílé Karpaty","Eriogaster catax","Motýli","54, Horní Nìmèí","54, Horní Nìmèí","RP SCHKO Bílé Karpaty","AOPK ÈR - RP SCHKO Bílé Karpaty",11228065,49915086,2020-04-16,"Kopeèek František","CELKOVE_SUM",NA,NA,NA,NA,NA,NA,"2",1,"bourovec trnkový","16.04.2020","16.04.2020",7583509,NA,"CZ0724090: Bílé Karpaty",100,0,7583509,100,"7071d",16,4,"Bílé Karpaty","0","hnízda housenek",NA,NA
2020,"CZ0724090","Bílé Karpaty","Eriogaster catax","Motýli","54, Horní Nìmèí","54, Horní Nìmèí","RP SCHKO Bílé Karpaty","AOPK ÈR - RP SCHKO Bílé Karpaty",11228065,49915086,2020-04-16,"Kopeèek František","CELKOVE_SUM",NA,NA,NA,NA,NA,NA,"2",NA,"bourovec trnkový","16.04.2020","16.04.2020",7583509,NA,"CZ0724090: Bílé Karpaty",100,0,7583509,100,"7071d",16,4,"Bílé Karpaty","0","hnízda housenek",NA,NA
2020,"CZ0724090","Bílé Karpaty","Eriogaster catax","Motýli","54, Horní Nìmèí","54, Horní Nìmèí","RP SCHKO Bílé Karpaty","AOPK ÈR - RP SCHKO Bílé Karpaty",11228065,49915086,2020-04-16,"Kopeèek František","POP_POCETSUMLOKAL","hnízda housenek","min","minmax","ano","lok","10","80",1,"bourovec trnkový","16.04.2020","16.04.2020",7583509,NA,"CZ0724090: Bílé Karpaty",100,0,7583509,100,"7071d",16,4,"Bílé Karpaty","0","hnízda housenek",NA,"alespoò 10 hnízda housenek"
2020,"CZ0724090","Bílé Karpaty","Eriogaster catax","Motýli","54, Horní Nìmèí","54, Horní Nìmèí","RP SCHKO Bílé Karpaty","AOPK ÈR - RP SCHKO Bílé Karpaty",11228065,49915086,2020-04-16,"Kopeèek František","POP_PRESENCE",NA,"val","val","ano","lok","ano","ano",1,"bourovec trnkový","16.04.2020","16.04.2020",7583509,NA,"CZ0724090: Bílé Karpaty",100,0,7583509,100,"7071d",16,4,"Bílé Karpaty","0","hnízda housenek",NA,"ano"
2020,"CZ0724090","Bílé Karpaty","Eriogaster catax","Motýli","54, Horní Nìmèí","54, Horní Nìmèí","RP SCHKO Bílé Karpaty","AOPK ÈR - RP SCHKO Bílé Karpaty",11228065,49915086,2020-04-16,"Kopeèek František","STA_LIKVIDACE",NA,"val","val","ne","lok","nezaznamenána",NA,NA,"bourovec trnkový","16.04.2020","16.04.2020",7583509,NA,"CZ0724090: Bílé Karpaty",100,0,7583509,100,"7071d",16,4,"Bílé Karpaty","0","hnízda housenek",NA,"nezaznamenána"
2020,"CZ0624072","Èertoryje","Eriogaster catax","Motýli","Knìždub","Knìždub","RP SCHKO Bílé Karpaty","AOPK ÈR - RP SCHKO Bílé Karpaty",11228134,49915196,2020-04-12,"Kopeèek František","CELKOVE_SUM",NA,NA,NA,NA,NA,NA,"1",0,"bourovec trnkový","12.04.2020","12.04.2020",7583578,NA,"CZ0624072: Èertoryje",100,0,7583578,100,"7170a",12,4,"Èertoryje","0","hnízda housenek",NA,NA
2020,"CZ0624072","Èertoryje","Eriogaster catax","Motýli","Knìždub","Knìždub","RP SCHKO Bílé Karpaty","AOPK ÈR - RP SCHKO Bílé Karpaty",11228134,49915196,2020-04-12,"Kopeèek František","CELKOVE_SUM",NA,NA,NA,NA,NA,NA,"1",1,"bourovec trnkový","12.04.2020","12.04.2020",7583578,NA,"CZ0624072: Èertoryje",100,0,7583578,100,"7170a",12,4,"Èertoryje","0","hnízda housenek",NA,NA
2020,"CZ0624072","Èertoryje","Eriogaster catax","Motýli","Knìždub","Knìždub","RP SCHKO Bílé Karpaty","AOPK ÈR - RP SCHKO Bílé Karpaty",11228134,49915196,2020-04-12,"Kopeèek František","CELKOVE_SUM",NA,NA,NA,NA,NA,NA,"1",NA,"bourovec trnkový","12.04.2020","12.04.2020",7583578,NA,"CZ0624072: Èertoryje",100,0,7583578,100,"7170a",12,4,"Èertoryje","0","hnízda housenek",NA,NA
2020,"CZ0624072","Èertoryje","Eriogaster catax","Motýli","Knìždub","Knìždub","RP SCHKO Bílé Karpaty","AOPK ÈR - RP SCHKO Bílé Karpaty",11228134,49915196,2020-04-12,"Kopeèek František","POP_POCETSUMLOKAL","hnízda housenek","min","minmax","ano","lok","10","1",0,"bourovec trnkový","12.04.2020","12.04.2020",7583578,NA,"CZ0624072: Èertoryje",100,0,7583578,100,"7170a",12,4,"Èertoryje","0","hnízda housenek",NA,"alespoò 10 hnízda housenek"
2020,"CZ0624072","Èertoryje","Eriogaster catax","Motýli","Knìždub","Knìždub","RP SCHKO Bílé Karpaty","AOPK ÈR - RP SCHKO Bílé Karpaty",11228134,49915196,2020-04-12,"Kopeèek František","POP_PRESENCE",NA,"val","val","ano","lok","ano","ano",1,"bourovec trnkový","12.04.2020","12.04.2020",7583578,NA,"CZ0624072: Èertoryje",100,0,7583578,100,"7170a",12,4,"Èertoryje","0","hnízda housenek",NA,"ano"
2020,"CZ0624072","Èertoryje","Eriogaster catax","Motýli","Knìždub","Knìždub","RP SCHKO Bílé Karpaty","AOPK ÈR - RP SCHKO Bílé Karpaty",11228134,49915196,2020-04-12,"Kopeèek František","STA_LIKVIDACE",NA,"val","val","ne","lok","nezaznamenána",NA,NA,"bourovec trnkový","12.04.2020","12.04.2020",7583578,NA,"CZ0624072: Èertoryje",100,0,7583578,100,"7170a",12,4,"Èertoryje","0","hnízda housenek",NA,"nezaznamenána"
2020,"CZ0724087","Újezdecký les","Eriogaster catax","Motýli","Újezdec","Újezdec","RP SCHKO Bílé Karpaty","Krajský úøad Zlínského kraje",11228171,49915282,2020-04-21,"Kopeèek František","CELKOVE_SUM",NA,NA,NA,NA,NA,NA,"1",0,"bourovec trnkový","21.04.2020","21.04.2020",7583615,NA,"CZ0724087: Újezdecký les",100,0,7583615,100,"6972c",21,4,"Újezdecký les","0","hnízda housenek",NA,NA
2020,"CZ0724087","Újezdecký les","Eriogaster catax","Motýli","Újezdec","Újezdec","RP SCHKO Bílé Karpaty","Krajský úøad Zlínského kraje",11228171,49915282,2020-04-21,"Kopeèek František","CELKOVE_SUM",NA,NA,NA,NA,NA,NA,"1",1,"bourovec trnkový","21.04.2020","21.04.2020",7583615,NA,"CZ0724087: Újezdecký les",100,0,7583615,100,"6972c",21,4,"Újezdecký les","0","hnízda housenek",NA,NA
2020,"CZ0724087","Újezdecký les","Eriogaster catax","Motýli","Újezdec","Újezdec","RP SCHKO Bílé Karpaty","Krajský úøad Zlínského kraje",11228171,49915282,2020-04-21,"Kopeèek František","CELKOVE_SUM",NA,NA,NA,NA,NA,NA,"1",NA,"bourovec trnkový","21.04.2020","21.04.2020",7583615,NA,"CZ0724087: Újezdecký les",100,0,7583615,100,"6972c",21,4,"Újezdecký les","0","hnízda housenek",NA,NA
2020,"CZ0724087","Újezdecký les","Eriogaster catax","Motýli","Újezdec","Újezdec","RP SCHKO Bílé Karpaty","Krajský úøad Zlínského kraje",11228171,49915282,2020-04-21,"Kopeèek František","POP_POCETSUMLOKAL","hnízda housenek","min","minmax","ano","lok","10","5",0,"bourovec trnkový","21.04.2020","21.04.2020",7583615,NA,"CZ0724087: Újezdecký les",100,0,7583615,100,"6972c",21,4,"Újezdecký les","0","hnízda housenek",NA,"alespoò 10 hnízda housenek"
2020,"CZ0724087","Újezdecký les","Eriogaster catax","Motýli","Újezdec","Újezdec","RP SCHKO Bílé Karpaty","Krajský úøad Zlínského kraje",11228171,49915282,2020-04-21,"Kopeèek František","POP_PRESENCE",NA,"val","val","ano","lok","ano","ano",1,"bourovec trnkový","21.04.2020","21.04.2020",7583615,NA,"CZ0724087: Újezdecký les",100,0,7583615,100,"6972c",21,4,"Újezdecký les","0","hnízda housenek",NA,"ano"
2020,"CZ0724087","Újezdecký les","Eriogaster catax","Motýli","Újezdec","Újezdec","RP SCHKO Bílé Karpaty","Krajský úøad Zlínského kraje",11228171,49915282,2020-04-21,"Kopeèek František","STA_LIKVIDACE",NA,"val","val","ne","lok","nezaznamenána",NA,NA,"bourovec trnkový","21.04.2020","21.04.2020",7583615,NA,"CZ0724087: Újezdecký les",100,0,7583615,100,"6972c",21,4,"Újezdecký les","0","hnízda housenek",NA,"nezaznamenána"
2021,"CZ0724090","Bílé Karpaty","Eriogaster catax","Motýli","Nová Lhota","Nová Lhota","RP SCHKO Bílé Karpaty","AOPK ÈR - RP SCHKO Bílé Karpaty",11466157,51005129,2021-05-06,"Hrouzek Martin","CELKOVE_SUM",NA,NA,NA,NA,NA,NA,"1",0,"bourovec trnkový","06.05.2021","06.05.2021",7863390,NA,"CZ0724090: Bílé Karpaty",100,0,7863390,100,"7171b",6,5,"Bílé Karpaty","0","hnízda housenek",NA,NA
2021,"CZ0724090","Bílé Karpaty","Eriogaster catax","Motýli","Nová Lhota","Nová Lhota","RP SCHKO Bílé Karpaty","AOPK ÈR - RP SCHKO Bílé Karpaty",11466157,51005129,2021-05-06,"Hrouzek Martin","CELKOVE_SUM",NA,NA,NA,NA,NA,NA,"1",1,"bourovec trnkový","06.05.2021","06.05.2021",7863390,NA,"CZ0724090: Bílé Karpaty",100,0,7863390,100,"7171b",6,5,"Bílé Karpaty","0","hnízda housenek",NA,NA
2021,"CZ0724090","Bílé Karpaty","Eriogaster catax","Motýli","Nová Lhota","Nová Lhota","RP SCHKO Bílé Karpaty","AOPK ÈR - RP SCHKO Bílé Karpaty",11466157,51005129,2021-05-06,"Hrouzek Martin","CELKOVE_SUM",NA,NA,NA,NA,NA,NA,"1",NA,"bourovec trnkový","06.05.2021","06.05.2021",7863390,NA,"CZ0724090: Bílé Karpaty",100,0,7863390,100,"7171b",6,5,"Bílé Karpaty","0","hnízda housenek",NA,NA
2021,"CZ0724090","Bílé Karpaty","Eriogaster catax","Motýli","Nová Lhota","Nová Lhota","RP SCHKO Bílé Karpaty","AOPK ÈR - RP SCHKO Bílé Karpaty",11466157,51005129,2021-05-06,"Hrouzek Martin","POP_POCETSUMLOKAL","hnízda housenek","min","minmax","ano","lok","10","1",0,"bourovec trnkový","06.05.2021","06.05.2021",7863390,NA,"CZ0724090: Bílé Karpaty",100,0,7863390,100,"7171b",6,5,"Bílé Karpaty","0","hnízda housenek",NA,"alespoò 10 hnízda housenek"
2021,"CZ0724090","Bílé Karpaty","Eriogaster catax","Motýli","Nová Lhota","Nová Lhota","RP SCHKO Bílé Karpaty","AOPK ÈR - RP SCHKO Bílé Karpaty",11466157,51005129,2021-05-06,"Hrouzek Martin","POP_PRESENCE",NA,"val","val","ano","lok","ano","ano",1,"bourovec trnkový","06.05.2021","06.05.2021",7863390,NA,"CZ0724090: Bílé Karpaty",100,0,7863390,100,"7171b",6,5,"Bílé Karpaty","0","hnízda housenek",NA,"ano"
2021,"CZ0724090","Bílé Karpaty","Eriogaster catax","Motýli","Nová Lhota","Nová Lhota","RP SCHKO Bílé Karpaty","AOPK ÈR - RP SCHKO Bílé Karpaty",11466157,51005129,2021-05-06,"Hrouzek Martin","STA_LIKVIDACE",NA,"val","val","ne","lok","nezaznamenána",NA,NA,"bourovec trnkový","06.05.2021","06.05.2021",7863390,NA,"CZ0724090: Bílé Karpaty",100,0,7863390,100,"7171b",6,5,"Bílé Karpaty","0","hnízda housenek",NA,"nezaznamenána"
2021,"CZ0723024","Rochus","Eriogaster catax","Motýli","Uherské Hradištì, Unnamed Road","Uherské Hradištì, Unnamed Road","RP SCHKO Bílé Karpaty","Krajský úøad Zlínského kraje",11466230,51005310,2021-05-04,"Hrouzek Martin","CELKOVE_SUM",NA,NA,NA,NA,NA,NA,"1",0,"bourovec trnkový","04.05.2021","04.05.2021",7863463,NA,"CZ0723024: Rochus",100,0,7863463,100,"6970b",4,5,"Rochus","0","hnízda housenek",NA,NA
2021,"CZ0723024","Rochus","Eriogaster catax","Motýli","Uherské Hradištì, Unnamed Road","Uherské Hradištì, Unnamed Road","RP SCHKO Bílé Karpaty","Krajský úøad Zlínského kraje",11466230,51005310,2021-05-04,"Hrouzek Martin","CELKOVE_SUM",NA,NA,NA,NA,NA,NA,"1",1,"bourovec trnkový","04.05.2021","04.05.2021",7863463,NA,"CZ0723024: Rochus",100,0,7863463,100,"6970b",4,5,"Rochus","0","hnízda housenek",NA,NA
2021,"CZ0723024","Rochus","Eriogaster catax","Motýli","Uherské Hradištì, Unnamed Road","Uherské Hradištì, Unnamed Road","RP SCHKO Bílé Karpaty","Krajský úøad Zlínského kraje",11466230,51005310,2021-05-04,"Hrouzek Martin","CELKOVE_SUM",NA,NA,NA,NA,NA,NA,"1",NA,"bourovec trnkový","04.05.2021","04.05.2021",7863463,NA,"CZ0723024: Rochus",100,0,7863463,100,"6970b",4,5,"Rochus","0","hnízda housenek",NA,NA
2021,"CZ0723024","Rochus","Eriogaster catax","Motýli","Uherské Hradištì, Unnamed Road","Uherské Hradištì, Unnamed Road","RP SCHKO Bílé Karpaty","Krajský úøad Zlínského kraje",11466230,51005310,2021-05-04,"Hrouzek Martin","POP_POCETSUMLOKAL","hnízda housenek","min","minmax","ano","lok","10","1",0,"bourovec trnkový","04.05.2021","04.05.2021",7863463,NA,"CZ0723024: Rochus",100,0,7863463,100,"6970b",4,5,"Rochus","0","hnízda housenek",NA,"alespoò 10 hnízda housenek"
2021,"CZ0723024","Rochus","Eriogaster catax","Motýli","Uherské Hradištì, Unnamed Road","Uherské Hradištì, Unnamed Road","RP SCHKO Bílé Karpaty","Krajský úøad Zlínského kraje",11466230,51005310,2021-05-04,"Hrouzek Martin","POP_PRESENCE",NA,"val","val","ano","lok","ano","ano",1,"bourovec trnkový","04.05.2021","04.05.2021",7863463,NA,"CZ0723024: Rochus",100,0,7863463,100,"6970b",4,5,"Rochus","0","hnízda housenek",NA,"ano"
2021,"CZ0723024","Rochus","Eriogaster catax","Motýli","Uherské Hradištì, Unnamed Road","Uherské Hradištì, Unnamed Road","RP SCHKO Bílé Karpaty","Krajský úøad Zlínského kraje",11466230,51005310,2021-05-04,"Hrouzek Martin","STA_LIKVIDACE",NA,"val","val","ne","lok","nezaznamenána",NA,NA,"bourovec trnkový","04.05.2021","04.05.2021",7863463,NA,"CZ0723024: Rochus",100,0,7863463,100,"6970b",4,5,"Rochus","0","hnízda housenek",NA,"nezaznamenána"
2021,"CZ0724090","Bílé Karpaty","Eriogaster catax","Motýli","Horní Nìmèí, 54","Horní Nìmèí, 54","RP SCHKO Bílé Karpaty","AOPK ÈR - RP SCHKO Bílé Karpaty",11468266,51010388,2021-05-06,"Hrouzek Martin","CELKOVE_SUM",NA,NA,NA,NA,NA,NA,"1",0,"bourovec trnkový","06.05.2021","06.05.2021",7867655,NA,"CZ0724090: Bílé Karpaty",100,0,7867655,100,"7071d",6,5,"Bílé Karpaty","0","hnízda housenek",NA,NA
2021,"CZ0724090","Bílé Karpaty","Eriogaster catax","Motýli","Horní Nìmèí, 54","Horní Nìmèí, 54","RP SCHKO Bílé Karpaty","AOPK ÈR - RP SCHKO Bílé Karpaty",11468266,51010388,2021-05-06,"Hrouzek Martin","CELKOVE_SUM",NA,NA,NA,NA,NA,NA,"1",1,"bourovec trnkový","06.05.2021","06.05.2021",7867655,NA,"CZ0724090: Bílé Karpaty",100,0,7867655,100,"7071d",6,5,"Bílé Karpaty","0","hnízda housenek",NA,NA
2021,"CZ0724090","Bílé Karpaty","Eriogaster catax","Motýli","Horní Nìmèí, 54","Horní Nìmèí, 54","RP SCHKO Bílé Karpaty","AOPK ÈR - RP SCHKO Bílé Karpaty",11468266,51010388,2021-05-06,"Hrouzek Martin","CELKOVE_SUM",NA,NA,NA,NA,NA,NA,"1",NA,"bourovec trnkový","06.05.2021","06.05.2021",7867655,NA,"CZ0724090: Bílé Karpaty",100,0,7867655,100,"7071d",6,5,"Bílé Karpaty","0","hnízda housenek",NA,NA
2021,"CZ0724090","Bílé Karpaty","Eriogaster catax","Motýli","Horní Nìmèí, 54","Horní Nìmèí, 54","RP SCHKO Bílé Karpaty","AOPK ÈR - RP SCHKO Bílé Karpaty",11468266,51010388,2021-05-06,"Hrouzek Martin","POP_POCETSUMLOKAL","hnízda housenek","min","minmax","ano","lok","10","1",0,"bourovec trnkový","06.05.2021","06.05.2021",7867655,NA,"CZ0724090: Bílé Karpaty",100,0,7867655,100,"7071d",6,5,"Bílé Karpaty","0","hnízda housenek",NA,"alespoò 10 hnízda housenek"
2021,"CZ0724090","Bílé Karpaty","Eriogaster catax","Motýli","Horní Nìmèí, 54","Horní Nìmèí, 54","RP SCHKO Bílé Karpaty","AOPK ÈR - RP SCHKO Bílé Karpaty",11468266,51010388,2021-05-06,"Hrouzek Martin","POP_PRESENCE",NA,"val","val","ano","lok","ano","ano",1,"bourovec trnkový","06.05.2021","06.05.2021",7867655,NA,"CZ0724090: Bílé Karpaty",100,0,7867655,100,"7071d",6,5,"Bílé Karpaty","0","hnízda housenek",NA,"ano"
2021,"CZ0724090","Bílé Karpaty","Eriogaster catax","Motýli","Horní Nìmèí, 54","Horní Nìmèí, 54","RP SCHKO Bílé Karpaty","AOPK ÈR - RP SCHKO Bílé Karpaty",11468266,51010388,2021-05-06,"Hrouzek Martin","STA_LIKVIDACE",NA,"val","val","ne","lok","nezaznamenána",NA,NA,"bourovec trnkový","06.05.2021","06.05.2021",7867655,NA,"CZ0724090: Bílé Karpaty",100,0,7867655,100,"7071d",6,5,"Bílé Karpaty","0","hnízda housenek",NA,"nezaznamenána"
2021,"CZ0724090","Bílé Karpaty","Eriogaster catax","Motýli","Horní Nìmèí, 54","Horní Nìmèí, 54","RP SCHKO Bílé Karpaty","AOPK ÈR - RP SCHKO Bílé Karpaty",11468266,51010389,2021-05-06,"Hrouzek Martin","CELKOVE_SUM",NA,NA,NA,NA,NA,NA,"1",0,"bourovec trnkový","06.05.2021","06.05.2021",7867655,NA,"CZ0724090: Bílé Karpaty",100,0,7867655,100,"7071d",6,5,"Bílé Karpaty","0","hnízda housenek",NA,NA
2021,"CZ0724090","Bílé Karpaty","Eriogaster catax","Motýli","Horní Nìmèí, 54","Horní Nìmèí, 54","RP SCHKO Bílé Karpaty","AOPK ÈR - RP SCHKO Bílé Karpaty",11468266,51010389,2021-05-06,"Hrouzek Martin","CELKOVE_SUM",NA,NA,NA,NA,NA,NA,"1",1,"bourovec trnkový","06.05.2021","06.05.2021",7867655,NA,"CZ0724090: Bílé Karpaty",100,0,7867655,100,"7071d",6,5,"Bílé Karpaty","0","hnízda housenek",NA,NA
2021,"CZ0724090","Bílé Karpaty","Eriogaster catax","Motýli","Horní Nìmèí, 54","Horní Nìmèí, 54","RP SCHKO Bílé Karpaty","AOPK ÈR - RP SCHKO Bílé Karpaty",11468266,51010389,2021-05-06,"Hrouzek Martin","CELKOVE_SUM",NA,NA,NA,NA,NA,NA,"1",NA,"bourovec trnkový","06.05.2021","06.05.2021",7867655,NA,"CZ0724090: Bílé Karpaty",100,0,7867655,100,"7071d",6,5,"Bílé Karpaty","0","hnízda housenek",NA,NA
2021,"CZ0724090","Bílé Karpaty","Eriogaster catax","Motýli","Horní Nìmèí, 54","Horní Nìmèí, 54","RP SCHKO Bílé Karpaty","AOPK ÈR - RP SCHKO Bílé Karpaty",11468266,51010389,2021-05-06,"Hrouzek Martin","POP_POCETSUMLOKAL","hnízda housenek","min","minmax","ano","lok","10","1",0,"bourovec trnkový","06.05.2021","06.05.2021",7867655,NA,"CZ0724090: Bílé Karpaty",100,0,7867655,100,"7071d",6,5,"Bílé Karpaty","0","hnízda housenek",NA,"alespoò 10 hnízda housenek"
2021,"CZ0724090","Bílé Karpaty","Eriogaster catax","Motýli","Horní Nìmèí, 54","Horní Nìmèí, 54","RP SCHKO Bílé Karpaty","AOPK ÈR - RP SCHKO Bílé Karpaty",11468266,51010389,2021-05-06,"Hrouzek Martin","POP_PRESENCE",NA,"val","val","ano","lok","ano","ano",1,"bourovec trnkový","06.05.2021","06.05.2021",7867655,NA,"CZ0724090: Bílé Karpaty",100,0,7867655,100,"7071d",6,5,"Bílé Karpaty","0","hnízda housenek",NA,"ano"
2021,"CZ0724090","Bílé Karpaty","Eriogaster catax","Motýli","Horní Nìmèí, 54","Horní Nìmèí, 54","RP SCHKO Bílé Karpaty","AOPK ÈR - RP SCHKO Bílé Karpaty",11468266,51010389,2021-05-06,"Hrouzek Martin","STA_LIKVIDACE",NA,"val","val","ne","lok","nezaznamenána",NA,NA,"bourovec trnkový","06.05.2021","06.05.2021",7867655,NA,"CZ0724090: Bílé Karpaty",100,0,7867655,100,"7071d",6,5,"Bílé Karpaty","0","hnízda housenek",NA,"nezaznamenána"
2021,"CZ0724090","Bílé Karpaty","Eriogaster catax","Motýli","Horní Nìmèí, 54","Horní Nìmèí, 54","RP SCHKO Bílé Karpaty","AOPK ÈR - RP SCHKO Bílé Karpaty",11468266,51010390,2021-05-06,"Hrouzek Martin","CELKOVE_SUM",NA,NA,NA,NA,NA,NA,"1",0,"bourovec trnkový","06.05.2021","06.05.2021",7867655,NA,"CZ0724090: Bílé Karpaty",100,0,7867655,100,"7071d",6,5,"Bílé Karpaty","0","hnízda housenek",NA,NA
2021,"CZ0724090","Bílé Karpaty","Eriogaster catax","Motýli","Horní Nìmèí, 54","Horní Nìmèí, 54","RP SCHKO Bílé Karpaty","AOPK ÈR - RP SCHKO Bílé Karpaty",11468266,51010390,2021-05-06,"Hrouzek Martin","CELKOVE_SUM",NA,NA,NA,NA,NA,NA,"1",1,"bourovec trnkový","06.05.2021","06.05.2021",7867655,NA,"CZ0724090: Bílé Karpaty",100,0,7867655,100,"7071d",6,5,"Bílé Karpaty","0","hnízda housenek",NA,NA
2021,"CZ0724090","Bílé Karpaty","Eriogaster catax","Motýli","Horní Nìmèí, 54","Horní Nìmèí, 54","RP SCHKO Bílé Karpaty","AOPK ÈR - RP SCHKO Bílé Karpaty",11468266,51010390,2021-05-06,"Hrouzek Martin","CELKOVE_SUM",NA,NA,NA,NA,NA,NA,"1",NA,"bourovec trnkový","06.05.2021","06.05.2021",7867655,NA,"CZ0724090: Bílé Karpaty",100,0,7867655,100,"7071d",6,5,"Bílé Karpaty","0","hnízda housenek",NA,NA
2021,"CZ0724090","Bílé Karpaty","Eriogaster catax","Motýli","Horní Nìmèí, 54","Horní Nìmèí, 54","RP SCHKO Bílé Karpaty","AOPK ÈR - RP SCHKO Bílé Karpaty",11468266,51010390,2021-05-06,"Hrouzek Martin","POP_POCETSUMLOKAL","hnízda housenek","min","minmax","ano","lok","10","1",0,"bourovec trnkový","06.05.2021","06.05.2021",7867655,NA,"CZ0724090: Bílé Karpaty",100,0,7867655,100,"7071d",6,5,"Bílé Karpaty","0","hnízda housenek",NA,"alespoò 10 hnízda housenek"
2021,"CZ0724090","Bílé Karpaty","Eriogaster catax","Motýli","Horní Nìmèí, 54","Horní Nìmèí, 54","RP SCHKO Bílé Karpaty","AOPK ÈR - RP SCHKO Bílé Karpaty",11468266,51010390,2021-05-06,"Hrouzek Martin","POP_PRESENCE",NA,"val","val","ano","lok","ano","ano",1,"bourovec trnkový","06.05.2021","06.05.2021",7867655,NA,"CZ0724090: Bílé Karpaty",100,0,7867655,100,"7071d",6,5,"Bílé Karpaty","0","hnízda housenek",NA,"ano"
2021,"CZ0724090","Bílé Karpaty","Eriogaster catax","Motýli","Horní Nìmèí, 54","Horní Nìmèí, 54","RP SCHKO Bílé Karpaty","AOPK ÈR - RP SCHKO Bílé Karpaty",11468266,51010390,2021-05-06,"Hrouzek Martin","STA_LIKVIDACE",NA,"val","val","ne","lok","nezaznamenána",NA,NA,"bourovec trnkový","06.05.2021","06.05.2021",7867655,NA,"CZ0724090: Bílé Karpaty",100,0,7867655,100,"7071d",6,5,"Bílé Karpaty","0","hnízda housenek",NA,"nezaznamenána"
2021,"CZ0724090","Bílé Karpaty","Eriogaster catax","Motýli","Horní Nìmèí, 54","Horní Nìmèí, 54","RP SCHKO Bílé Karpaty","AOPK ÈR - RP SCHKO Bílé Karpaty",11468266,51010391,2021-05-06,"Hrouzek Martin","CELKOVE_SUM",NA,NA,NA,NA,NA,NA,"1",0,"bourovec trnkový","06.05.2021","06.05.2021",7867655,NA,"CZ0724090: Bílé Karpaty",100,0,7867655,100,"7071d",6,5,"Bílé Karpaty","0","hnízda housenek",NA,NA
2021,"CZ0724090","Bílé Karpaty","Eriogaster catax","Motýli","Horní Nìmèí, 54","Horní Nìmèí, 54","RP SCHKO Bílé Karpaty","AOPK ÈR - RP SCHKO Bílé Karpaty",11468266,51010391,2021-05-06,"Hrouzek Martin","CELKOVE_SUM",NA,NA,NA,NA,NA,NA,"1",1,"bourovec trnkový","06.05.2021","06.05.2021",7867655,NA,"CZ0724090: Bílé Karpaty",100,0,7867655,100,"7071d",6,5,"Bílé Karpaty","0","hnízda housenek",NA,NA
2021,"CZ0724090","Bílé Karpaty","Eriogaster catax","Motýli","Horní Nìmèí, 54","Horní Nìmèí, 54","RP SCHKO Bílé Karpaty","AOPK ÈR - RP SCHKO Bílé Karpaty",11468266,51010391,2021-05-06,"Hrouzek Martin","CELKOVE_SUM",NA,NA,NA,NA,NA,NA,"1",NA,"bourovec trnkový","06.05.2021","06.05.2021",7867655,NA,"CZ0724090: Bílé Karpaty",100,0,7867655,100,"7071d",6,5,"Bílé Karpaty","0","hnízda housenek",NA,NA
2021,"CZ0724090","Bílé Karpaty","Eriogaster catax","Motýli","Horní Nìmèí, 54","Horní Nìmèí, 54","RP SCHKO Bílé Karpaty","AOPK ÈR - RP SCHKO Bílé Karpaty",11468266,51010391,2021-05-06,"Hrouzek Martin","POP_POCETSUMLOKAL","hnízda housenek","min","minmax","ano","lok","10","1",0,"bourovec trnkový","06.05.2021","06.05.2021",7867655,NA,"CZ0724090: Bílé Karpaty",100,0,7867655,100,"7071d",6,5,"Bílé Karpaty","0","hnízda housenek",NA,"alespoò 10 hnízda housenek"
2021,"CZ0724090","Bílé Karpaty","Eriogaster catax","Motýli","Horní Nìmèí, 54","Horní Nìmèí, 54","RP SCHKO Bílé Karpaty","AOPK ÈR - RP SCHKO Bílé Karpaty",11468266,51010391,2021-05-06,"Hrouzek Martin","POP_PRESENCE",NA,"val","val","ano","lok","ano","ano",1,"bourovec trnkový","06.05.2021","06.05.2021",7867655,NA,"CZ0724090: Bílé Karpaty",100,0,7867655,100,"7071d",6,5,"Bílé Karpaty","0","hnízda housenek",NA,"ano"
2021,"CZ0724090","Bílé Karpaty","Eriogaster catax","Motýli","Horní Nìmèí, 54","Horní Nìmèí, 54","RP SCHKO Bílé Karpaty","AOPK ÈR - RP SCHKO Bílé Karpaty",11468266,51010391,2021-05-06,"Hrouzek Martin","STA_LIKVIDACE",NA,"val","val","ne","lok","nezaznamenána",NA,NA,"bourovec trnkový","06.05.2021","06.05.2021",7867655,NA,"CZ0724090: Bílé Karpaty",100,0,7867655,100,"7071d",6,5,"Bílé Karpaty","0","hnízda housenek",NA,"nezaznamenána"
2021,"CZ0724090","Bílé Karpaty","Eriogaster catax","Motýli","Horní Nìmèí, 54","Horní Nìmèí, 54","RP SCHKO Bílé Karpaty","AOPK ÈR - RP SCHKO Bílé Karpaty",11468266,51010392,2021-05-06,"Hrouzek Martin","CELKOVE_SUM",NA,NA,NA,NA,NA,NA,"1",0,"bourovec trnkový","06.05.2021","06.05.2021",7867655,NA,"CZ0724090: Bílé Karpaty",100,0,7867655,100,"7071d",6,5,"Bílé Karpaty","0","hnízda housenek",NA,NA
2021,"CZ0724090","Bílé Karpaty","Eriogaster catax","Motýli","Horní Nìmèí, 54","Horní Nìmèí, 54","RP SCHKO Bílé Karpaty","AOPK ÈR - RP SCHKO Bílé Karpaty",11468266,51010392,2021-05-06,"Hrouzek Martin","CELKOVE_SUM",NA,NA,NA,NA,NA,NA,"1",1,"bourovec trnkový","06.05.2021","06.05.2021",7867655,NA,"CZ0724090: Bílé Karpaty",100,0,7867655,100,"7071d",6,5,"Bílé Karpaty","0","hnízda housenek",NA,NA
2021,"CZ0724090","Bílé Karpaty","Eriogaster catax","Motýli","Horní Nìmèí, 54","Horní Nìmèí, 54","RP SCHKO Bílé Karpaty","AOPK ÈR - RP SCHKO Bílé Karpaty",11468266,51010392,2021-05-06,"Hrouzek Martin","CELKOVE_SUM",NA,NA,NA,NA,NA,NA,"1",NA,"bourovec trnkový","06.05.2021","06.05.2021",7867655,NA,"CZ0724090: Bílé Karpaty",100,0,7867655,100,"7071d",6,5,"Bílé Karpaty","0","hnízda housenek",NA,NA
2021,"CZ0724090","Bílé Karpaty","Eriogaster catax","Motýli","Horní Nìmèí, 54","Horní Nìmèí, 54","RP SCHKO Bílé Karpaty","AOPK ÈR - RP SCHKO Bílé Karpaty",11468266,51010392,2021-05-06,"Hrouzek Martin","POP_POCETSUMLOKAL","hnízda housenek","min","minmax","ano","lok","10","1",0,"bourovec trnkový","06.05.2021","06.05.2021",7867655,NA,"CZ0724090: Bílé Karpaty",100,0,7867655,100,"7071d",6,5,"Bílé Karpaty","0","hnízda housenek",NA,"alespoò 10 hnízda housenek"
2021,"CZ0724090","Bílé Karpaty","Eriogaster catax","Motýli","Horní Nìmèí, 54","Horní Nìmèí, 54","RP SCHKO Bílé Karpaty","AOPK ÈR - RP SCHKO Bílé Karpaty",11468266,51010392,2021-05-06,"Hrouzek Martin","POP_PRESENCE",NA,"val","val","ano","lok","ano","ano",1,"bourovec trnkový","06.05.2021","06.05.2021",7867655,NA,"CZ0724090: Bílé Karpaty",100,0,7867655,100,"7071d",6,5,"Bílé Karpaty","0","hnízda housenek",NA,"ano"
2021,"CZ0724090","Bílé Karpaty","Eriogaster catax","Motýli","Horní Nìmèí, 54","Horní Nìmèí, 54","RP SCHKO Bílé Karpaty","AOPK ÈR - RP SCHKO Bílé Karpaty",11468266,51010392,2021-05-06,"Hrouzek Martin","STA_LIKVIDACE",NA,"val","val","ne","lok","nezaznamenána",NA,NA,"bourovec trnkový","06.05.2021","06.05.2021",7867655,NA,"CZ0724090: Bílé Karpaty",100,0,7867655,100,"7071d",6,5,"Bílé Karpaty","0","hnízda housenek",NA,"nezaznamenána"
2021,"CZ0724090","Bílé Karpaty","Eriogaster catax","Motýli","Horní Nìmèí, 54","Horní Nìmèí, 54","RP SCHKO Bílé Karpaty","AOPK ÈR - RP SCHKO Bílé Karpaty",11468266,51010393,2021-05-06,"Hrouzek Martin","CELKOVE_SUM",NA,NA,NA,NA,NA,NA,"1",0,"bourovec trnkový","06.05.2021","06.05.2021",7867655,NA,"CZ0724090: Bílé Karpaty",100,0,7867655,100,"7071d",6,5,"Bílé Karpaty","0","hnízda housenek",NA,NA
2021,"CZ0724090","Bílé Karpaty","Eriogaster catax","Motýli","Horní Nìmèí, 54","Horní Nìmèí, 54","RP SCHKO Bílé Karpaty","AOPK ÈR - RP SCHKO Bílé Karpaty",11468266,51010393,2021-05-06,"Hrouzek Martin","CELKOVE_SUM",NA,NA,NA,NA,NA,NA,"1",1,"bourovec trnkový","06.05.2021","06.05.2021",7867655,NA,"CZ0724090: Bílé Karpaty",100,0,7867655,100,"7071d",6,5,"Bílé Karpaty","0","hnízda housenek",NA,NA
2021,"CZ0724090","Bílé Karpaty","Eriogaster catax","Motýli","Horní Nìmèí, 54","Horní Nìmèí, 54","RP SCHKO Bílé Karpaty","AOPK ÈR - RP SCHKO Bílé Karpaty",11468266,51010393,2021-05-06,"Hrouzek Martin","CELKOVE_SUM",NA,NA,NA,NA,NA,NA,"1",NA,"bourovec trnkový","06.05.2021","06.05.2021",7867655,NA,"CZ0724090: Bílé Karpaty",100,0,7867655,100,"7071d",6,5,"Bílé Karpaty","0","hnízda housenek",NA,NA
2021,"CZ0724090","Bílé Karpaty","Eriogaster catax","Motýli","Horní Nìmèí, 54","Horní Nìmèí, 54","RP SCHKO Bílé Karpaty","AOPK ÈR - RP SCHKO Bílé Karpaty",11468266,51010393,2021-05-06,"Hrouzek Martin","POP_POCETSUMLOKAL","hnízda housenek","min","minmax","ano","lok","10","1",0,"bourovec trnkový","06.05.2021","06.05.2021",7867655,NA,"CZ0724090: Bílé Karpaty",100,0,7867655,100,"7071d",6,5,"Bílé Karpaty","0","hnízda housenek",NA,"alespoò 10 hnízda housenek"
2021,"CZ0724090","Bílé Karpaty","Eriogaster catax","Motýli","Horní Nìmèí, 54","Horní Nìmèí, 54","RP SCHKO Bílé Karpaty","AOPK ÈR - RP SCHKO Bílé Karpaty",11468266,51010393,2021-05-06,"Hrouzek Martin","POP_PRESENCE",NA,"val","val","ano","lok","ano","ano",1,"bourovec trnkový","06.05.2021","06.05.2021",7867655,NA,"CZ0724090: Bílé Karpaty",100,0,7867655,100,"7071d",6,5,"Bílé Karpaty","0","hnízda housenek",NA,"ano"
2021,"CZ0724090","Bílé Karpaty","Eriogaster catax","Motýli","Horní Nìmèí, 54","Horní Nìmèí, 54","RP SCHKO Bílé Karpaty","AOPK ÈR - RP SCHKO Bílé Karpaty",11468266,51010393,2021-05-06,"Hrouzek Martin","STA_LIKVIDACE",NA,"val","val","ne","lok","nezaznamenána",NA,NA,"bourovec trnkový","06.05.2021","06.05.2021",7867655,NA,"CZ0724090: Bílé Karpaty",100,0,7867655,100,"7071d",6,5,"Bílé Karpaty","0","hnízda housenek",NA,"nezaznamenána"
2021,"CZ0724090","Bílé Karpaty","Eriogaster catax","Motýli","Horní Nìmèí, 54","Horní Nìmèí, 54","RP SCHKO Bílé Karpaty","AOPK ÈR - RP SCHKO Bílé Karpaty",11468266,51010394,2021-05-06,"Hrouzek Martin","CELKOVE_SUM",NA,NA,NA,NA,NA,NA,"1",0,"bourovec trnkový","06.05.2021","06.05.2021",7867655,NA,"CZ0724090: Bílé Karpaty",100,0,7867655,100,"7071d",6,5,"Bílé Karpaty","0","hnízda housenek",NA,NA
2021,"CZ0724090","Bílé Karpaty","Eriogaster catax","Motýli","Horní Nìmèí, 54","Horní Nìmèí, 54","RP SCHKO Bílé Karpaty","AOPK ÈR - RP SCHKO Bílé Karpaty",11468266,51010394,2021-05-06,"Hrouzek Martin","CELKOVE_SUM",NA,NA,NA,NA,NA,NA,"1",1,"bourovec trnkový","06.05.2021","06.05.2021",7867655,NA,"CZ0724090: Bílé Karpaty",100,0,7867655,100,"7071d",6,5,"Bílé Karpaty","0","hnízda housenek",NA,NA
2021,"CZ0724090","Bílé Karpaty","Eriogaster catax","Motýli","Horní Nìmèí, 54","Horní Nìmèí, 54","RP SCHKO Bílé Karpaty","AOPK ÈR - RP SCHKO Bílé Karpaty",11468266,51010394,2021-05-06,"Hrouzek Martin","CELKOVE_SUM",NA,NA,NA,NA,NA,NA,"1",NA,"bourovec trnkový","06.05.2021","06.05.2021",7867655,NA,"CZ0724090: Bílé Karpaty",100,0,7867655,100,"7071d",6,5,"Bílé Karpaty","0","hnízda housenek",NA,NA
2021,"CZ0724090","Bílé Karpaty","Eriogaster catax","Motýli","Horní Nìmèí, 54","Horní Nìmèí, 54","RP SCHKO Bílé Karpaty","AOPK ÈR - RP SCHKO Bílé Karpaty",11468266,51010394,2021-05-06,"Hrouzek Martin","POP_POCETSUMLOKAL","hnízda housenek","min","minmax","ano","lok","10","1",0,"bourovec trnkový","06.05.2021","06.05.2021",7867655,NA,"CZ0724090: Bílé Karpaty",100,0,7867655,100,"7071d",6,5,"Bílé Karpaty","0","hnízda housenek",NA,"alespoò 10 hnízda housenek"
2021,"CZ0724090","Bílé Karpaty","Eriogaster catax","Motýli","Horní Nìmèí, 54","Horní Nìmèí, 54","RP SCHKO Bílé Karpaty","AOPK ÈR - RP SCHKO Bílé Karpaty",11468266,51010394,2021-05-06,"Hrouzek Martin","POP_PRESENCE",NA,"val","val","ano","lok","ano","ano",1,"bourovec trnkový","06.05.2021","06.05.2021",7867655,NA,"CZ0724090: Bílé Karpaty",100,0,7867655,100,"7071d",6,5,"Bílé Karpaty","0","hnízda housenek",NA,"ano"
2021,"CZ0724090","Bílé Karpaty","Eriogaster catax","Motýli","Horní Nìmèí, 54","Horní Nìmèí, 54","RP SCHKO Bílé Karpaty","AOPK ÈR - RP SCHKO Bílé Karpaty",11468266,51010394,2021-05-06,"Hrouzek Martin","STA_LIKVIDACE",NA,"val","val","ne","lok","nezaznamenána",NA,NA,"bourovec trnkový","06.05.2021","06.05.2021",7867655,NA,"CZ0724090: Bílé Karpaty",100,0,7867655,100,"7071d",6,5,"Bílé Karpaty","0","hnízda housenek",NA,"nezaznamenána"
2021,"CZ0724090","Bílé Karpaty","Eriogaster catax","Motýli","Horní Nìmèí, 54","Horní Nìmèí, 54","RP SCHKO Bílé Karpaty","AOPK ÈR - RP SCHKO Bílé Karpaty",11468266,51010395,2021-05-06,"Hrouzek Martin","CELKOVE_SUM",NA,NA,NA,NA,NA,NA,"1",0,"bourovec trnkový","06.05.2021","06.05.2021",7867655,NA,"CZ0724090: Bílé Karpaty",100,0,7867655,100,"7071d",6,5,"Bílé Karpaty","0","hnízda housenek",NA,NA
2021,"CZ0724090","Bílé Karpaty","Eriogaster catax","Motýli","Horní Nìmèí, 54","Horní Nìmèí, 54","RP SCHKO Bílé Karpaty","AOPK ÈR - RP SCHKO Bílé Karpaty",11468266,51010395,2021-05-06,"Hrouzek Martin","CELKOVE_SUM",NA,NA,NA,NA,NA,NA,"1",1,"bourovec trnkový","06.05.2021","06.05.2021",7867655,NA,"CZ0724090: Bílé Karpaty",100,0,7867655,100,"7071d",6,5,"Bílé Karpaty","0","hnízda housenek",NA,NA
2021,"CZ0724090","Bílé Karpaty","Eriogaster catax","Motýli","Horní Nìmèí, 54","Horní Nìmèí, 54","RP SCHKO Bílé Karpaty","AOPK ÈR - RP SCHKO Bílé Karpaty",11468266,51010395,2021-05-06,"Hrouzek Martin","CELKOVE_SUM",NA,NA,NA,NA,NA,NA,"1",NA,"bourovec trnkový","06.05.2021","06.05.2021",7867655,NA,"CZ0724090: Bílé Karpaty",100,0,7867655,100,"7071d",6,5,"Bílé Karpaty","0","hnízda housenek",NA,NA
2021,"CZ0724090","Bílé Karpaty","Eriogaster catax","Motýli","Horní Nìmèí, 54","Horní Nìmèí, 54","RP SCHKO Bílé Karpaty","AOPK ÈR - RP SCHKO Bílé Karpaty",11468266,51010395,2021-05-06,"Hrouzek Martin","POP_POCETSUMLOKAL","hnízda housenek","min","minmax","ano","lok","10","1",0,"bourovec trnkový","06.05.2021","06.05.2021",7867655,NA,"CZ0724090: Bílé Karpaty",100,0,7867655,100,"7071d",6,5,"Bílé Karpaty","0","hnízda housenek",NA,"alespoò 10 hnízda housenek"
2021,"CZ0724090","Bílé Karpaty","Eriogaster catax","Motýli","Horní Nìmèí, 54","Horní Nìmèí, 54","RP SCHKO Bílé Karpaty","AOPK ÈR - RP SCHKO Bílé Karpaty",11468266,51010395,2021-05-06,"Hrouzek Martin","POP_PRESENCE",NA,"val","val","ano","lok","ano","ano",1,"bourovec trnkový","06.05.2021","06.05.2021",7867655,NA,"CZ0724090: Bílé Karpaty",100,0,7867655,100,"7071d",6,5,"Bílé Karpaty","0","hnízda housenek",NA,"ano"
2021,"CZ0724090","Bílé Karpaty","Eriogaster catax","Motýli","Horní Nìmèí, 54","Horní Nìmèí, 54","RP SCHKO Bílé Karpaty","AOPK ÈR - RP SCHKO Bílé Karpaty",11468266,51010395,2021-05-06,"Hrouzek Martin","STA_LIKVIDACE",NA,"val","val","ne","lok","nezaznamenána",NA,NA,"bourovec trnkový","06.05.2021","06.05.2021",7867655,NA,"CZ0724090: Bílé Karpaty",100,0,7867655,100,"7071d",6,5,"Bílé Karpaty","0","hnízda housenek",NA,"nezaznamenána"
2021,"CZ0724090","Bílé Karpaty","Eriogaster catax","Motýli","Horní Nìmèí, 54","Horní Nìmèí, 54","RP SCHKO Bílé Karpaty","AOPK ÈR - RP SCHKO Bílé Karpaty",11468266,51010396,2021-05-06,"Hrouzek Martin","CELKOVE_SUM",NA,NA,NA,NA,NA,NA,"1",0,"bourovec trnkový","06.05.2021","06.05.2021",7867655,NA,"CZ0724090: Bílé Karpaty",100,0,7867655,100,"7071d",6,5,"Bílé Karpaty","0","hnízda housenek",NA,NA
2021,"CZ0724090","Bílé Karpaty","Eriogaster catax","Motýli","Horní Nìmèí, 54","Horní Nìmèí, 54","RP SCHKO Bílé Karpaty","AOPK ÈR - RP SCHKO Bílé Karpaty",11468266,51010396,2021-05-06,"Hrouzek Martin","CELKOVE_SUM",NA,NA,NA,NA,NA,NA,"1",1,"bourovec trnkový","06.05.2021","06.05.2021",7867655,NA,"CZ0724090: Bílé Karpaty",100,0,7867655,100,"7071d",6,5,"Bílé Karpaty","0","hnízda housenek",NA,NA
2021,"CZ0724090","Bílé Karpaty","Eriogaster catax","Motýli","Horní Nìmèí, 54","Horní Nìmèí, 54","RP SCHKO Bílé Karpaty","AOPK ÈR - RP SCHKO Bílé Karpaty",11468266,51010396,2021-05-06,"Hrouzek Martin","CELKOVE_SUM",NA,NA,NA,NA,NA,NA,"1",NA,"bourovec trnkový","06.05.2021","06.05.2021",7867655,NA,"CZ0724090: Bílé Karpaty",100,0,7867655,100,"7071d",6,5,"Bílé Karpaty","0","hnízda housenek",NA,NA
2021,"CZ0724090","Bílé Karpaty","Eriogaster catax","Motýli","Horní Nìmèí, 54","Horní Nìmèí, 54","RP SCHKO Bílé Karpaty","AOPK ÈR - RP SCHKO Bílé Karpaty",11468266,51010396,2021-05-06,"Hrouzek Martin","POP_POCETSUMLOKAL","hnízda housenek","min","minmax","ano","lok","10","1",0,"bourovec trnkový","06.05.2021","06.05.2021",7867655,NA,"CZ0724090: Bílé Karpaty",100,0,7867655,100,"7071d",6,5,"Bílé Karpaty","0","hnízda housenek",NA,"alespoò 10 hnízda housenek"
2021,"CZ0724090","Bílé Karpaty","Eriogaster catax","Motýli","Horní Nìmèí, 54","Horní Nìmèí, 54","RP SCHKO Bílé Karpaty","AOPK ÈR - RP SCHKO Bílé Karpaty",11468266,51010396,2021-05-06,"Hrouzek Martin","POP_PRESENCE",NA,"val","val","ano","lok","ano","ano",1,"bourovec trnkový","06.05.2021","06.05.2021",7867655,NA,"CZ0724090: Bílé Karpaty",100,0,7867655,100,"7071d",6,5,"Bílé Karpaty","0","hnízda housenek",NA,"ano"
2021,"CZ0724090","Bílé Karpaty","Eriogaster catax","Motýli","Horní Nìmèí, 54","Horní Nìmèí, 54","RP SCHKO Bílé Karpaty","AOPK ÈR - RP SCHKO Bílé Karpaty",11468266,51010396,2021-05-06,"Hrouzek Martin","STA_LIKVIDACE",NA,"val","val","ne","lok","nezaznamenána",NA,NA,"bourovec trnkový","06.05.2021","06.05.2021",7867655,NA,"CZ0724090: Bílé Karpaty",100,0,7867655,100,"7071d",6,5,"Bílé Karpaty","0","hnízda housenek",NA,"nezaznamenána"
2021,"CZ0724090","Bílé Karpaty","Eriogaster catax","Motýli","Horní Nìmèí, 54","Horní Nìmèí, 54","RP SCHKO Bílé Karpaty","AOPK ÈR - RP SCHKO Bílé Karpaty",11468266,51010397,2021-05-06,"Hrouzek Martin","CELKOVE_SUM",NA,NA,NA,NA,NA,NA,"1",0,"bourovec trnkový","06.05.2021","06.05.2021",7867655,NA,"CZ0724090: Bílé Karpaty",100,0,7867655,100,"7071d",6,5,"Bílé Karpaty","0","hnízda housenek",NA,NA
2021,"CZ0724090","Bílé Karpaty","Eriogaster catax","Motýli","Horní Nìmèí, 54","Horní Nìmèí, 54","RP SCHKO Bílé Karpaty","AOPK ÈR - RP SCHKO Bílé Karpaty",11468266,51010397,2021-05-06,"Hrouzek Martin","CELKOVE_SUM",NA,NA,NA,NA,NA,NA,"1",1,"bourovec trnkový","06.05.2021","06.05.2021",7867655,NA,"CZ0724090: Bílé Karpaty",100,0,7867655,100,"7071d",6,5,"Bílé Karpaty","0","hnízda housenek",NA,NA
2021,"CZ0724090","Bílé Karpaty","Eriogaster catax","Motýli","Horní Nìmèí, 54","Horní Nìmèí, 54","RP SCHKO Bílé Karpaty","AOPK ÈR - RP SCHKO Bílé Karpaty",11468266,51010397,2021-05-06,"Hrouzek Martin","CELKOVE_SUM",NA,NA,NA,NA,NA,NA,"1",NA,"bourovec trnkový","06.05.2021","06.05.2021",7867655,NA,"CZ0724090: Bílé Karpaty",100,0,7867655,100,"7071d",6,5,"Bílé Karpaty","0","hnízda housenek",NA,NA
2021,"CZ0724090","Bílé Karpaty","Eriogaster catax","Motýli","Horní Nìmèí, 54","Horní Nìmèí, 54","RP SCHKO Bílé Karpaty","AOPK ÈR - RP SCHKO Bílé Karpaty",11468266,51010397,2021-05-06,"Hrouzek Martin","POP_POCETSUMLOKAL","hnízda housenek","min","minmax","ano","lok","10","1",0,"bourovec trnkový","06.05.2021","06.05.2021",7867655,NA,"CZ0724090: Bílé Karpaty",100,0,7867655,100,"7071d",6,5,"Bílé Karpaty","0","hnízda housenek",NA,"alespoò 10 hnízda housenek"
2021,"CZ0724090","Bílé Karpaty","Eriogaster catax","Motýli","Horní Nìmèí, 54","Horní Nìmèí, 54","RP SCHKO Bílé Karpaty","AOPK ÈR - RP SCHKO Bílé Karpaty",11468266,51010397,2021-05-06,"Hrouzek Martin","POP_PRESENCE",NA,"val","val","ano","lok","ano","ano",1,"bourovec trnkový","06.05.2021","06.05.2021",7867655,NA,"CZ0724090: Bílé Karpaty",100,0,7867655,100,"7071d",6,5,"Bílé Karpaty","0","hnízda housenek",NA,"ano"
2021,"CZ0724090","Bílé Karpaty","Eriogaster catax","Motýli","Horní Nìmèí, 54","Horní Nìmèí, 54","RP SCHKO Bílé Karpaty","AOPK ÈR - RP SCHKO Bílé Karpaty",11468266,51010397,2021-05-06,"Hrouzek Martin","STA_LIKVIDACE",NA,"val","val","ne","lok","nezaznamenána",NA,NA,"bourovec trnkový","06.05.2021","06.05.2021",7867655,NA,"CZ0724090: Bílé Karpaty",100,0,7867655,100,"7071d",6,5,"Bílé Karpaty","0","hnízda housenek",NA,"nezaznamenána"
2021,"CZ0724090","Bílé Karpaty","Eriogaster catax","Motýli","Horní Nìmèí, 54","Horní Nìmèí, 54","RP SCHKO Bílé Karpaty","AOPK ÈR - RP SCHKO Bílé Karpaty",11468266,51010398,2021-05-06,"Hrouzek Martin","CELKOVE_SUM",NA,NA,NA,NA,NA,NA,"1",0,"bourovec trnkový","06.05.2021","06.05.2021",7867655,NA,"CZ0724090: Bílé Karpaty",100,0,7867655,100,"7071d",6,5,"Bílé Karpaty","0","hnízda housenek",NA,NA
2021,"CZ0724090","Bílé Karpaty","Eriogaster catax","Motýli","Horní Nìmèí, 54","Horní Nìmèí, 54","RP SCHKO Bílé Karpaty","AOPK ÈR - RP SCHKO Bílé Karpaty",11468266,51010398,2021-05-06,"Hrouzek Martin","CELKOVE_SUM",NA,NA,NA,NA,NA,NA,"1",1,"bourovec trnkový","06.05.2021","06.05.2021",7867655,NA,"CZ0724090: Bílé Karpaty",100,0,7867655,100,"7071d",6,5,"Bílé Karpaty","0","hnízda housenek",NA,NA
2021,"CZ0724090","Bílé Karpaty","Eriogaster catax","Motýli","Horní Nìmèí, 54","Horní Nìmèí, 54","RP SCHKO Bílé Karpaty","AOPK ÈR - RP SCHKO Bílé Karpaty",11468266,51010398,2021-05-06,"Hrouzek Martin","CELKOVE_SUM",NA,NA,NA,NA,NA,NA,"1",NA,"bourovec trnkový","06.05.2021","06.05.2021",7867655,NA,"CZ0724090: Bílé Karpaty",100,0,7867655,100,"7071d",6,5,"Bílé Karpaty","0","hnízda housenek",NA,NA
2021,"CZ0724090","Bílé Karpaty","Eriogaster catax","Motýli","Horní Nìmèí, 54","Horní Nìmèí, 54","RP SCHKO Bílé Karpaty","AOPK ÈR - RP SCHKO Bílé Karpaty",11468266,51010398,2021-05-06,"Hrouzek Martin","POP_POCETSUMLOKAL","hnízda housenek","min","minmax","ano","lok","10","1",0,"bourovec trnkový","06.05.2021","06.05.2021",7867655,NA,"CZ0724090: Bílé Karpaty",100,0,7867655,100,"7071d",6,5,"Bílé Karpaty","0","hnízda housenek",NA,"alespoò 10 hnízda housenek"
2021,"CZ0724090","Bílé Karpaty","Eriogaster catax","Motýli","Horní Nìmèí, 54","Horní Nìmèí, 54","RP SCHKO Bílé Karpaty","AOPK ÈR - RP SCHKO Bílé Karpaty",11468266,51010398,2021-05-06,"Hrouzek Martin","POP_PRESENCE",NA,"val","val","ano","lok","ano","ano",1,"bourovec trnkový","06.05.2021","06.05.2021",7867655,NA,"CZ0724090: Bílé Karpaty",100,0,7867655,100,"7071d",6,5,"Bílé Karpaty","0","hnízda housenek",NA,"ano"
2021,"CZ0724090","Bílé Karpaty","Eriogaster catax","Motýli","Horní Nìmèí, 54","Horní Nìmèí, 54","RP SCHKO Bílé Karpaty","AOPK ÈR - RP SCHKO Bílé Karpaty",11468266,51010398,2021-05-06,"Hrouzek Martin","STA_LIKVIDACE",NA,"val","val","ne","lok","nezaznamenána",NA,NA,"bourovec trnkový","06.05.2021","06.05.2021",7867655,NA,"CZ0724090: Bílé Karpaty",100,0,7867655,100,"7071d",6,5,"Bílé Karpaty","0","hnízda housenek",NA,"nezaznamenána"
2021,"CZ0724090","Bílé Karpaty","Eriogaster catax","Motýli","Horní Nìmèí, 54","Horní Nìmèí, 54","RP SCHKO Bílé Karpaty","AOPK ÈR - RP SCHKO Bílé Karpaty",11468266,51010399,2021-05-06,"Hrouzek Martin","CELKOVE_SUM",NA,NA,NA,NA,NA,NA,"1",0,"bourovec trnkový","06.05.2021","06.05.2021",7867655,NA,"CZ0724090: Bílé Karpaty",100,0,7867655,100,"7071d",6,5,"Bílé Karpaty","0","hnízda housenek",NA,NA
2021,"CZ0724090","Bílé Karpaty","Eriogaster catax","Motýli","Horní Nìmèí, 54","Horní Nìmèí, 54","RP SCHKO Bílé Karpaty","AOPK ÈR - RP SCHKO Bílé Karpaty",11468266,51010399,2021-05-06,"Hrouzek Martin","CELKOVE_SUM",NA,NA,NA,NA,NA,NA,"1",1,"bourovec trnkový","06.05.2021","06.05.2021",7867655,NA,"CZ0724090: Bílé Karpaty",100,0,7867655,100,"7071d",6,5,"Bílé Karpaty","0","hnízda housenek",NA,NA
2021,"CZ0724090","Bílé Karpaty","Eriogaster catax","Motýli","Horní Nìmèí, 54","Horní Nìmèí, 54","RP SCHKO Bílé Karpaty","AOPK ÈR - RP SCHKO Bílé Karpaty",11468266,51010399,2021-05-06,"Hrouzek Martin","CELKOVE_SUM",NA,NA,NA,NA,NA,NA,"1",NA,"bourovec trnkový","06.05.2021","06.05.2021",7867655,NA,"CZ0724090: Bílé Karpaty",100,0,7867655,100,"7071d",6,5,"Bílé Karpaty","0","hnízda housenek",NA,NA
2021,"CZ0724090","Bílé Karpaty","Eriogaster catax","Motýli","Horní Nìmèí, 54","Horní Nìmèí, 54","RP SCHKO Bílé Karpaty","AOPK ÈR - RP SCHKO Bílé Karpaty",11468266,51010399,2021-05-06,"Hrouzek Martin","POP_POCETSUMLOKAL","hnízda housenek","min","minmax","ano","lok","10","1",0,"bourovec trnkový","06.05.2021","06.05.2021",7867655,NA,"CZ0724090: Bílé Karpaty",100,0,7867655,100,"7071d",6,5,"Bílé Karpaty","0","hnízda housenek",NA,"alespoò 10 hnízda housenek"
2021,"CZ0724090","Bílé Karpaty","Eriogaster catax","Motýli","Horní Nìmèí, 54","Horní Nìmèí, 54","RP SCHKO Bílé Karpaty","AOPK ÈR - RP SCHKO Bílé Karpaty",11468266,51010399,2021-05-06,"Hrouzek Martin","POP_PRESENCE",NA,"val","val","ano","lok","ano","ano",1,"bourovec trnkový","06.05.2021","06.05.2021",7867655,NA,"CZ0724090: Bílé Karpaty",100,0,7867655,100,"7071d",6,5,"Bílé Karpaty","0","hnízda housenek",NA,"ano"
2021,"CZ0724090","Bílé Karpaty","Eriogaster catax","Motýli","Horní Nìmèí, 54","Horní Nìmèí, 54","RP SCHKO Bílé Karpaty","AOPK ÈR - RP SCHKO Bílé Karpaty",11468266,51010399,2021-05-06,"Hrouzek Martin","STA_LIKVIDACE",NA,"val","val","ne","lok","nezaznamenána",NA,NA,"bourovec trnkový","06.05.2021","06.05.2021",7867655,NA,"CZ0724090: Bílé Karpaty",100,0,7867655,100,"7071d",6,5,"Bílé Karpaty","0","hnízda housenek",NA,"nezaznamenána"
2021,"CZ0724090","Bílé Karpaty","Eriogaster catax","Motýli","Horní Nìmèí, 54","Horní Nìmèí, 54","RP SCHKO Bílé Karpaty","AOPK ÈR - RP SCHKO Bílé Karpaty",11468266,51010400,2021-05-06,"Hrouzek Martin","CELKOVE_SUM",NA,NA,NA,NA,NA,NA,"1",0,"bourovec trnkový","06.05.2021","06.05.2021",7867655,NA,"CZ0724090: Bílé Karpaty",100,0,7867655,100,"7071d",6,5,"Bílé Karpaty","0","hnízda housenek",NA,NA
2021,"CZ0724090","Bílé Karpaty","Eriogaster catax","Motýli","Horní Nìmèí, 54","Horní Nìmèí, 54","RP SCHKO Bílé Karpaty","AOPK ÈR - RP SCHKO Bílé Karpaty",11468266,51010400,2021-05-06,"Hrouzek Martin","CELKOVE_SUM",NA,NA,NA,NA,NA,NA,"1",1,"bourovec trnkový","06.05.2021","06.05.2021",7867655,NA,"CZ0724090: Bílé Karpaty",100,0,7867655,100,"7071d",6,5,"Bílé Karpaty","0","hnízda housenek",NA,NA
2021,"CZ0724090","Bílé Karpaty","Eriogaster catax","Motýli","Horní Nìmèí, 54","Horní Nìmèí, 54","RP SCHKO Bílé Karpaty","AOPK ÈR - RP SCHKO Bílé Karpaty",11468266,51010400,2021-05-06,"Hrouzek Martin","CELKOVE_SUM",NA,NA,NA,NA,NA,NA,"1",NA,"bourovec trnkový","06.05.2021","06.05.2021",7867655,NA,"CZ0724090: Bílé Karpaty",100,0,7867655,100,"7071d",6,5,"Bílé Karpaty","0","hnízda housenek",NA,NA
2021,"CZ0724090","Bílé Karpaty","Eriogaster catax","Motýli","Horní Nìmèí, 54","Horní Nìmèí, 54","RP SCHKO Bílé Karpaty","AOPK ÈR - RP SCHKO Bílé Karpaty",11468266,51010400,2021-05-06,"Hrouzek Martin","POP_POCETSUMLOKAL","hnízda housenek","min","minmax","ano","lok","10","1",0,"bourovec trnkový","06.05.2021","06.05.2021",7867655,NA,"CZ0724090: Bílé Karpaty",100,0,7867655,100,"7071d",6,5,"Bílé Karpaty","0","hnízda housenek",NA,"alespoò 10 hnízda housenek"
2021,"CZ0724090","Bílé Karpaty","Eriogaster catax","Motýli","Horní Nìmèí, 54","Horní Nìmèí, 54","RP SCHKO Bílé Karpaty","AOPK ÈR - RP SCHKO Bílé Karpaty",11468266,51010400,2021-05-06,"Hrouzek Martin","POP_PRESENCE",NA,"val","val","ano","lok","ano","ano",1,"bourovec trnkový","06.05.2021","06.05.2021",7867655,NA,"CZ0724090: Bílé Karpaty",100,0,7867655,100,"7071d",6,5,"Bílé Karpaty","0","hnízda housenek",NA,"ano"
2021,"CZ0724090","Bílé Karpaty","Eriogaster catax","Motýli","Horní Nìmèí, 54","Horní Nìmèí, 54","RP SCHKO Bílé Karpaty","AOPK ÈR - RP SCHKO Bílé Karpaty",11468266,51010400,2021-05-06,"Hrouzek Martin","STA_LIKVIDACE",NA,"val","val","ne","lok","nezaznamenána",NA,NA,"bourovec trnkový","06.05.2021","06.05.2021",7867655,NA,"CZ0724090: Bílé Karpaty",100,0,7867655,100,"7071d",6,5,"Bílé Karpaty","0","hnízda housenek",NA,"nezaznamenána"
2021,"CZ0724090","Bílé Karpaty","Eriogaster catax","Motýli","Horní Nìmèí, 54","Horní Nìmèí, 54","RP SCHKO Bílé Karpaty","AOPK ÈR - RP SCHKO Bílé Karpaty",11468266,51010401,2021-05-06,"Hrouzek Martin","CELKOVE_SUM",NA,NA,NA,NA,NA,NA,"1",0,"bourovec trnkový","06.05.2021","06.05.2021",7867655,NA,"CZ0724090: Bílé Karpaty",100,0,7867655,100,"7071d",6,5,"Bílé Karpaty","0","hnízda housenek",NA,NA
2021,"CZ0724090","Bílé Karpaty","Eriogaster catax","Motýli","Horní Nìmèí, 54","Horní Nìmèí, 54","RP SCHKO Bílé Karpaty","AOPK ÈR - RP SCHKO Bílé Karpaty",11468266,51010401,2021-05-06,"Hrouzek Martin","CELKOVE_SUM",NA,NA,NA,NA,NA,NA,"1",1,"bourovec trnkový","06.05.2021","06.05.2021",7867655,NA,"CZ0724090: Bílé Karpaty",100,0,7867655,100,"7071d",6,5,"Bílé Karpaty","0","hnízda housenek",NA,NA
2021,"CZ0724090","Bílé Karpaty","Eriogaster catax","Motýli","Horní Nìmèí, 54","Horní Nìmèí, 54","RP SCHKO Bílé Karpaty","AOPK ÈR - RP SCHKO Bílé Karpaty",11468266,51010401,2021-05-06,"Hrouzek Martin","CELKOVE_SUM",NA,NA,NA,NA,NA,NA,"1",NA,"bourovec trnkový","06.05.2021","06.05.2021",7867655,NA,"CZ0724090: Bílé Karpaty",100,0,7867655,100,"7071d",6,5,"Bílé Karpaty","0","hnízda housenek",NA,NA
2021,"CZ0724090","Bílé Karpaty","Eriogaster catax","Motýli","Horní Nìmèí, 54","Horní Nìmèí, 54","RP SCHKO Bílé Karpaty","AOPK ÈR - RP SCHKO Bílé Karpaty",11468266,51010401,2021-05-06,"Hrouzek Martin","POP_POCETSUMLOKAL","hnízda housenek","min","minmax","ano","lok","10","1",0,"bourovec trnkový","06.05.2021","06.05.2021",7867655,NA,"CZ0724090: Bílé Karpaty",100,0,7867655,100,"7071d",6,5,"Bílé Karpaty","0","hnízda housenek",NA,"alespoò 10 hnízda housenek"
2021,"CZ0724090","Bílé Karpaty","Eriogaster catax","Motýli","Horní Nìmèí, 54","Horní Nìmèí, 54","RP SCHKO Bílé Karpaty","AOPK ÈR - RP SCHKO Bílé Karpaty",11468266,51010401,2021-05-06,"Hrouzek Martin","POP_PRESENCE",NA,"val","val","ano","lok","ano","ano",1,"bourovec trnkový","06.05.2021","06.05.2021",7867655,NA,"CZ0724090: Bílé Karpaty",100,0,7867655,100,"7071d",6,5,"Bílé Karpaty","0","hnízda housenek",NA,"ano"
2021,"CZ0724090","Bílé Karpaty","Eriogaster catax","Motýli","Horní Nìmèí, 54","Horní Nìmèí, 54","RP SCHKO Bílé Karpaty","AOPK ÈR - RP SCHKO Bílé Karpaty",11468266,51010401,2021-05-06,"Hrouzek Martin","STA_LIKVIDACE",NA,"val","val","ne","lok","nezaznamenána",NA,NA,"bourovec trnkový","06.05.2021","06.05.2021",7867655,NA,"CZ0724090: Bílé Karpaty",100,0,7867655,100,"7071d",6,5,"Bílé Karpaty","0","hnízda housenek",NA,"nezaznamenána"
2021,"CZ0724090","Bílé Karpaty","Eriogaster catax","Motýli","Horní Nìmèí, 54","Horní Nìmèí, 54","RP SCHKO Bílé Karpaty","AOPK ÈR - RP SCHKO Bílé Karpaty",11468266,51010402,2021-05-06,"Hrouzek Martin","CELKOVE_SUM",NA,NA,NA,NA,NA,NA,"1",0,"bourovec trnkový","06.05.2021","06.05.2021",7867655,NA,"CZ0724090: Bílé Karpaty",100,0,7867655,100,"7071d",6,5,"Bílé Karpaty","0","hnízda housenek",NA,NA
2021,"CZ0724090","Bílé Karpaty","Eriogaster catax","Motýli","Horní Nìmèí, 54","Horní Nìmèí, 54","RP SCHKO Bílé Karpaty","AOPK ÈR - RP SCHKO Bílé Karpaty",11468266,51010402,2021-05-06,"Hrouzek Martin","CELKOVE_SUM",NA,NA,NA,NA,NA,NA,"1",1,"bourovec trnkový","06.05.2021","06.05.2021",7867655,NA,"CZ0724090: Bílé Karpaty",100,0,7867655,100,"7071d",6,5,"Bílé Karpaty","0","hnízda housenek",NA,NA
2021,"CZ0724090","Bílé Karpaty","Eriogaster catax","Motýli","Horní Nìmèí, 54","Horní Nìmèí, 54","RP SCHKO Bílé Karpaty","AOPK ÈR - RP SCHKO Bílé Karpaty",11468266,51010402,2021-05-06,"Hrouzek Martin","CELKOVE_SUM",NA,NA,NA,NA,NA,NA,"1",NA,"bourovec trnkový","06.05.2021","06.05.2021",7867655,NA,"CZ0724090: Bílé Karpaty",100,0,7867655,100,"7071d",6,5,"Bílé Karpaty","0","hnízda housenek",NA,NA
2021,"CZ0724090","Bílé Karpaty","Eriogaster catax","Motýli","Horní Nìmèí, 54","Horní Nìmèí, 54","RP SCHKO Bílé Karpaty","AOPK ÈR - RP SCHKO Bílé Karpaty",11468266,51010402,2021-05-06,"Hrouzek Martin","POP_POCETSUMLOKAL","hnízda housenek","min","minmax","ano","lok","10","1",0,"bourovec trnkový","06.05.2021","06.05.2021",7867655,NA,"CZ0724090: Bílé Karpaty",100,0,7867655,100,"7071d",6,5,"Bílé Karpaty","0","hnízda housenek",NA,"alespoò 10 hnízda housenek"
2021,"CZ0724090","Bílé Karpaty","Eriogaster catax","Motýli","Horní Nìmèí, 54","Horní Nìmèí, 54","RP SCHKO Bílé Karpaty","AOPK ÈR - RP SCHKO Bílé Karpaty",11468266,51010402,2021-05-06,"Hrouzek Martin","POP_PRESENCE",NA,"val","val","ano","lok","ano","ano",1,"bourovec trnkový","06.05.2021","06.05.2021",7867655,NA,"CZ0724090: Bílé Karpaty",100,0,7867655,100,"7071d",6,5,"Bílé Karpaty","0","hnízda housenek",NA,"ano"
2021,"CZ0724090","Bílé Karpaty","Eriogaster catax","Motýli","Horní Nìmèí, 54","Horní Nìmèí, 54","RP SCHKO Bílé Karpaty","AOPK ÈR - RP SCHKO Bílé Karpaty",11468266,51010402,2021-05-06,"Hrouzek Martin","STA_LIKVIDACE",NA,"val","val","ne","lok","nezaznamenána",NA,NA,"bourovec trnkový","06.05.2021","06.05.2021",7867655,NA,"CZ0724090: Bílé Karpaty",100,0,7867655,100,"7071d",6,5,"Bílé Karpaty","0","hnízda housenek",NA,"nezaznamenána"
2021,"CZ0724090","Bílé Karpaty","Eriogaster catax","Motýli","Horní Nìmèí, 54","Horní Nìmèí, 54","RP SCHKO Bílé Karpaty","AOPK ÈR - RP SCHKO Bílé Karpaty",11468266,51010403,2021-05-06,"Hrouzek Martin","CELKOVE_SUM",NA,NA,NA,NA,NA,NA,"1",0,"bourovec trnkový","06.05.2021","06.05.2021",7867655,NA,"CZ0724090: Bílé Karpaty",100,0,7867655,100,"7071d",6,5,"Bílé Karpaty","0","hnízda housenek",NA,NA
2021,"CZ0724090","Bílé Karpaty","Eriogaster catax","Motýli","Horní Nìmèí, 54","Horní Nìmèí, 54","RP SCHKO Bílé Karpaty","AOPK ÈR - RP SCHKO Bílé Karpaty",11468266,51010403,2021-05-06,"Hrouzek Martin","CELKOVE_SUM",NA,NA,NA,NA,NA,NA,"1",1,"bourovec trnkový","06.05.2021","06.05.2021",7867655,NA,"CZ0724090: Bílé Karpaty",100,0,7867655,100,"7071d",6,5,"Bílé Karpaty","0","hnízda housenek",NA,NA
2021,"CZ0724090","Bílé Karpaty","Eriogaster catax","Motýli","Horní Nìmèí, 54","Horní Nìmèí, 54","RP SCHKO Bílé Karpaty","AOPK ÈR - RP SCHKO Bílé Karpaty",11468266,51010403,2021-05-06,"Hrouzek Martin","CELKOVE_SUM",NA,NA,NA,NA,NA,NA,"1",NA,"bourovec trnkový","06.05.2021","06.05.2021",7867655,NA,"CZ0724090: Bílé Karpaty",100,0,7867655,100,"7071d",6,5,"Bílé Karpaty","0","hnízda housenek",NA,NA
2021,"CZ0724090","Bílé Karpaty","Eriogaster catax","Motýli","Horní Nìmèí, 54","Horní Nìmèí, 54","RP SCHKO Bílé Karpaty","AOPK ÈR - RP SCHKO Bílé Karpaty",11468266,51010403,2021-05-06,"Hrouzek Martin","POP_POCETSUMLOKAL","hnízda housenek","min","minmax","ano","lok","10","1",0,"bourovec trnkový","06.05.2021","06.05.2021",7867655,NA,"CZ0724090: Bílé Karpaty",100,0,7867655,100,"7071d",6,5,"Bílé Karpaty","0","hnízda housenek",NA,"alespoò 10 hnízda housenek"
2021,"CZ0724090","Bílé Karpaty","Eriogaster catax","Motýli","Horní Nìmèí, 54","Horní Nìmèí, 54","RP SCHKO Bílé Karpaty","AOPK ÈR - RP SCHKO Bílé Karpaty",11468266,51010403,2021-05-06,"Hrouzek Martin","POP_PRESENCE",NA,"val","val","ano","lok","ano","ano",1,"bourovec trnkový","06.05.2021","06.05.2021",7867655,NA,"CZ0724090: Bílé Karpaty",100,0,7867655,100,"7071d",6,5,"Bílé Karpaty","0","hnízda housenek",NA,"ano"
2021,"CZ0724090","Bílé Karpaty","Eriogaster catax","Motýli","Horní Nìmèí, 54","Horní Nìmèí, 54","RP SCHKO Bílé Karpaty","AOPK ÈR - RP SCHKO Bílé Karpaty",11468266,51010403,2021-05-06,"Hrouzek Martin","STA_LIKVIDACE",NA,"val","val","ne","lok","nezaznamenána",NA,NA,"bourovec trnkový","06.05.2021","06.05.2021",7867655,NA,"CZ0724090: Bílé Karpaty",100,0,7867655,100,"7071d",6,5,"Bílé Karpaty","0","hnízda housenek",NA,"nezaznamenána"
2021,"CZ0724090","Bílé Karpaty","Eriogaster catax","Motýli","Horní Nìmèí, 54","Horní Nìmèí, 54","RP SCHKO Bílé Karpaty","AOPK ÈR - RP SCHKO Bílé Karpaty",11468266,51010404,2021-05-06,"Hrouzek Martin","CELKOVE_SUM",NA,NA,NA,NA,NA,NA,"1",0,"bourovec trnkový","06.05.2021","06.05.2021",7867655,NA,"CZ0724090: Bílé Karpaty",100,0,7867655,100,"7071d",6,5,"Bílé Karpaty","0","hnízda housenek",NA,NA
2021,"CZ0724090","Bílé Karpaty","Eriogaster catax","Motýli","Horní Nìmèí, 54","Horní Nìmèí, 54","RP SCHKO Bílé Karpaty","AOPK ÈR - RP SCHKO Bílé Karpaty",11468266,51010404,2021-05-06,"Hrouzek Martin","CELKOVE_SUM",NA,NA,NA,NA,NA,NA,"1",1,"bourovec trnkový","06.05.2021","06.05.2021",7867655,NA,"CZ0724090: Bílé Karpaty",100,0,7867655,100,"7071d",6,5,"Bílé Karpaty","0","hnízda housenek",NA,NA
2021,"CZ0724090","Bílé Karpaty","Eriogaster catax","Motýli","Horní Nìmèí, 54","Horní Nìmèí, 54","RP SCHKO Bílé Karpaty","AOPK ÈR - RP SCHKO Bílé Karpaty",11468266,51010404,2021-05-06,"Hrouzek Martin","CELKOVE_SUM",NA,NA,NA,NA,NA,NA,"1",NA,"bourovec trnkový","06.05.2021","06.05.2021",7867655,NA,"CZ0724090: Bílé Karpaty",100,0,7867655,100,"7071d",6,5,"Bílé Karpaty","0","hnízda housenek",NA,NA
2021,"CZ0724090","Bílé Karpaty","Eriogaster catax","Motýli","Horní Nìmèí, 54","Horní Nìmèí, 54","RP SCHKO Bílé Karpaty","AOPK ÈR - RP SCHKO Bílé Karpaty",11468266,51010404,2021-05-06,"Hrouzek Martin","POP_POCETSUMLOKAL","hnízda housenek","min","minmax","ano","lok","10","1",0,"bourovec trnkový","06.05.2021","06.05.2021",7867655,NA,"CZ0724090: Bílé Karpaty",100,0,7867655,100,"7071d",6,5,"Bílé Karpaty","0","hnízda housenek",NA,"alespoò 10 hnízda housenek"
2021,"CZ0724090","Bílé Karpaty","Eriogaster catax","Motýli","Horní Nìmèí, 54","Horní Nìmèí, 54","RP SCHKO Bílé Karpaty","AOPK ÈR - RP SCHKO Bílé Karpaty",11468266,51010404,2021-05-06,"Hrouzek Martin","POP_PRESENCE",NA,"val","val","ano","lok","ano","ano",1,"bourovec trnkový","06.05.2021","06.05.2021",7867655,NA,"CZ0724090: Bílé Karpaty",100,0,7867655,100,"7071d",6,5,"Bílé Karpaty","0","hnízda housenek",NA,"ano"
2021,"CZ0724090","Bílé Karpaty","Eriogaster catax","Motýli","Horní Nìmèí, 54","Horní Nìmèí, 54","RP SCHKO Bílé Karpaty","AOPK ÈR - RP SCHKO Bílé Karpaty",11468266,51010404,2021-05-06,"Hrouzek Martin","STA_LIKVIDACE",NA,"val","val","ne","lok","nezaznamenána",NA,NA,"bourovec trnkový","06.05.2021","06.05.2021",7867655,NA,"CZ0724090: Bílé Karpaty",100,0,7867655,100,"7071d",6,5,"Bílé Karpaty","0","hnízda housenek",NA,"nezaznamenána"
2021,"CZ0724090","Bílé Karpaty","Eriogaster catax","Motýli","Horní Nìmèí, 54","Horní Nìmèí, 54","RP SCHKO Bílé Karpaty","AOPK ÈR - RP SCHKO Bílé Karpaty",11468266,51010405,2021-05-06,"Hrouzek Martin","CELKOVE_SUM",NA,NA,NA,NA,NA,NA,"1",0,"bourovec trnkový","06.05.2021","06.05.2021",7867655,NA,"CZ0724090: Bílé Karpaty",100,0,7867655,100,"7071d",6,5,"Bílé Karpaty","0","hnízda housenek",NA,NA
2021,"CZ0724090","Bílé Karpaty","Eriogaster catax","Motýli","Horní Nìmèí, 54","Horní Nìmèí, 54","RP SCHKO Bílé Karpaty","AOPK ÈR - RP SCHKO Bílé Karpaty",11468266,51010405,2021-05-06,"Hrouzek Martin","CELKOVE_SUM",NA,NA,NA,NA,NA,NA,"1",1,"bourovec trnkový","06.05.2021","06.05.2021",7867655,NA,"CZ0724090: Bílé Karpaty",100,0,7867655,100,"7071d",6,5,"Bílé Karpaty","0","hnízda housenek",NA,NA
2021,"CZ0724090","Bílé Karpaty","Eriogaster catax","Motýli","Horní Nìmèí, 54","Horní Nìmèí, 54","RP SCHKO Bílé Karpaty","AOPK ÈR - RP SCHKO Bílé Karpaty",11468266,51010405,2021-05-06,"Hrouzek Martin","CELKOVE_SUM",NA,NA,NA,NA,NA,NA,"1",NA,"bourovec trnkový","06.05.2021","06.05.2021",7867655,NA,"CZ0724090: Bílé Karpaty",100,0,7867655,100,"7071d",6,5,"Bílé Karpaty","0","hnízda housenek",NA,NA
2021,"CZ0724090","Bílé Karpaty","Eriogaster catax","Motýli","Horní Nìmèí, 54","Horní Nìmèí, 54","RP SCHKO Bílé Karpaty","AOPK ÈR - RP SCHKO Bílé Karpaty",11468266,51010405,2021-05-06,"Hrouzek Martin","POP_POCETSUMLOKAL","hnízda housenek","min","minmax","ano","lok","10","1",0,"bourovec trnkový","06.05.2021","06.05.2021",7867655,NA,"CZ0724090: Bílé Karpaty",100,0,7867655,100,"7071d",6,5,"Bílé Karpaty","0","hnízda housenek",NA,"alespoò 10 hnízda housenek"
2021,"CZ0724090","Bílé Karpaty","Eriogaster catax","Motýli","Horní Nìmèí, 54","Horní Nìmèí, 54","RP SCHKO Bílé Karpaty","AOPK ÈR - RP SCHKO Bílé Karpaty",11468266,51010405,2021-05-06,"Hrouzek Martin","POP_PRESENCE",NA,"val","val","ano","lok","ano","ano",1,"bourovec trnkový","06.05.2021","06.05.2021",7867655,NA,"CZ0724090: Bílé Karpaty",100,0,7867655,100,"7071d",6,5,"Bílé Karpaty","0","hnízda housenek",NA,"ano"
2021,"CZ0724090","Bílé Karpaty","Eriogaster catax","Motýli","Horní Nìmèí, 54","Horní Nìmèí, 54","RP SCHKO Bílé Karpaty","AOPK ÈR - RP SCHKO Bílé Karpaty",11468266,51010405,2021-05-06,"Hrouzek Martin","STA_LIKVIDACE",NA,"val","val","ne","lok","nezaznamenána",NA,NA,"bourovec trnkový","06.05.2021","06.05.2021",7867655,NA,"CZ0724090: Bílé Karpaty",100,0,7867655,100,"7071d",6,5,"Bílé Karpaty","0","hnízda housenek",NA,"nezaznamenána"
2021,"CZ0724090","Bílé Karpaty","Eriogaster catax","Motýli","Horní Nìmèí, 54","Horní Nìmèí, 54","RP SCHKO Bílé Karpaty","AOPK ÈR - RP SCHKO Bílé Karpaty",11468266,51010406,2021-05-06,"Hrouzek Martin","CELKOVE_SUM",NA,NA,NA,NA,NA,NA,"1",0,"bourovec trnkový","06.05.2021","06.05.2021",7867655,NA,"CZ0724090: Bílé Karpaty",100,0,7867655,100,"7071d",6,5,"Bílé Karpaty","0","hnízda housenek",NA,NA
2021,"CZ0724090","Bílé Karpaty","Eriogaster catax","Motýli","Horní Nìmèí, 54","Horní Nìmèí, 54","RP SCHKO Bílé Karpaty","AOPK ÈR - RP SCHKO Bílé Karpaty",11468266,51010406,2021-05-06,"Hrouzek Martin","CELKOVE_SUM",NA,NA,NA,NA,NA,NA,"1",1,"bourovec trnkový","06.05.2021","06.05.2021",7867655,NA,"CZ0724090: Bílé Karpaty",100,0,7867655,100,"7071d",6,5,"Bílé Karpaty","0","hnízda housenek",NA,NA
2021,"CZ0724090","Bílé Karpaty","Eriogaster catax","Motýli","Horní Nìmèí, 54","Horní Nìmèí, 54","RP SCHKO Bílé Karpaty","AOPK ÈR - RP SCHKO Bílé Karpaty",11468266,51010406,2021-05-06,"Hrouzek Martin","CELKOVE_SUM",NA,NA,NA,NA,NA,NA,"1",NA,"bourovec trnkový","06.05.2021","06.05.2021",7867655,NA,"CZ0724090: Bílé Karpaty",100,0,7867655,100,"7071d",6,5,"Bílé Karpaty","0","hnízda housenek",NA,NA
2021,"CZ0724090","Bílé Karpaty","Eriogaster catax","Motýli","Horní Nìmèí, 54","Horní Nìmèí, 54","RP SCHKO Bílé Karpaty","AOPK ÈR - RP SCHKO Bílé Karpaty",11468266,51010406,2021-05-06,"Hrouzek Martin","POP_POCETSUMLOKAL","hnízda housenek","min","minmax","ano","lok","10","1",0,"bourovec trnkový","06.05.2021","06.05.2021",7867655,NA,"CZ0724090: Bílé Karpaty",100,0,7867655,100,"7071d",6,5,"Bílé Karpaty","0","hnízda housenek",NA,"alespoò 10 hnízda housenek"
2021,"CZ0724090","Bílé Karpaty","Eriogaster catax","Motýli","Horní Nìmèí, 54","Horní Nìmèí, 54","RP SCHKO Bílé Karpaty","AOPK ÈR - RP SCHKO Bílé Karpaty",11468266,51010406,2021-05-06,"Hrouzek Martin","POP_PRESENCE",NA,"val","val","ano","lok","ano","ano",1,"bourovec trnkový","06.05.2021","06.05.2021",7867655,NA,"CZ0724090: Bílé Karpaty",100,0,7867655,100,"7071d",6,5,"Bílé Karpaty","0","hnízda housenek",NA,"ano"
2021,"CZ0724090","Bílé Karpaty","Eriogaster catax","Motýli","Horní Nìmèí, 54","Horní Nìmèí, 54","RP SCHKO Bílé Karpaty","AOPK ÈR - RP SCHKO Bílé Karpaty",11468266,51010406,2021-05-06,"Hrouzek Martin","STA_LIKVIDACE",NA,"val","val","ne","lok","nezaznamenána",NA,NA,"bourovec trnkový","06.05.2021","06.05.2021",7867655,NA,"CZ0724090: Bílé Karpaty",100,0,7867655,100,"7071d",6,5,"Bílé Karpaty","0","hnízda housenek",NA,"nezaznamenána"
2021,"CZ0724090","Bílé Karpaty","Eriogaster catax","Motýli","Horní Nìmèí, 54","Horní Nìmèí, 54","RP SCHKO Bílé Karpaty","AOPK ÈR - RP SCHKO Bílé Karpaty",11468266,51010407,2021-05-06,"Hrouzek Martin","CELKOVE_SUM",NA,NA,NA,NA,NA,NA,"1",0,"bourovec trnkový","06.05.2021","06.05.2021",7867655,NA,"CZ0724090: Bílé Karpaty",100,0,7867655,100,"7071d",6,5,"Bílé Karpaty","0","hnízda housenek",NA,NA
2021,"CZ0724090","Bílé Karpaty","Eriogaster catax","Motýli","Horní Nìmèí, 54","Horní Nìmèí, 54","RP SCHKO Bílé Karpaty","AOPK ÈR - RP SCHKO Bílé Karpaty",11468266,51010407,2021-05-06,"Hrouzek Martin","CELKOVE_SUM",NA,NA,NA,NA,NA,NA,"1",1,"bourovec trnkový","06.05.2021","06.05.2021",7867655,NA,"CZ0724090: Bílé Karpaty",100,0,7867655,100,"7071d",6,5,"Bílé Karpaty","0","hnízda housenek",NA,NA
2021,"CZ0724090","Bílé Karpaty","Eriogaster catax","Motýli","Horní Nìmèí, 54","Horní Nìmèí, 54","RP SCHKO Bílé Karpaty","AOPK ÈR - RP SCHKO Bílé Karpaty",11468266,51010407,2021-05-06,"Hrouzek Martin","CELKOVE_SUM",NA,NA,NA,NA,NA,NA,"1",NA,"bourovec trnkový","06.05.2021","06.05.2021",7867655,NA,"CZ0724090: Bílé Karpaty",100,0,7867655,100,"7071d",6,5,"Bílé Karpaty","0","hnízda housenek",NA,NA
2021,"CZ0724090","Bílé Karpaty","Eriogaster catax","Motýli","Horní Nìmèí, 54","Horní Nìmèí, 54","RP SCHKO Bílé Karpaty","AOPK ÈR - RP SCHKO Bílé Karpaty",11468266,51010407,2021-05-06,"Hrouzek Martin","POP_POCETSUMLOKAL","hnízda housenek","min","minmax","ano","lok","10","1",0,"bourovec trnkový","06.05.2021","06.05.2021",7867655,NA,"CZ0724090: Bílé Karpaty",100,0,7867655,100,"7071d",6,5,"Bílé Karpaty","0","hnízda housenek",NA,"alespoò 10 hnízda housenek"
2021,"CZ0724090","Bílé Karpaty","Eriogaster catax","Motýli","Horní Nìmèí, 54","Horní Nìmèí, 54","RP SCHKO Bílé Karpaty","AOPK ÈR - RP SCHKO Bílé Karpaty",11468266,51010407,2021-05-06,"Hrouzek Martin","POP_PRESENCE",NA,"val","val","ano","lok","ano","ano",1,"bourovec trnkový","06.05.2021","06.05.2021",7867655,NA,"CZ0724090: Bílé Karpaty",100,0,7867655,100,"7071d",6,5,"Bílé Karpaty","0","hnízda housenek",NA,"ano"
2021,"CZ0724090","Bílé Karpaty","Eriogaster catax","Motýli","Horní Nìmèí, 54","Horní Nìmèí, 54","RP SCHKO Bílé Karpaty","AOPK ÈR - RP SCHKO Bílé Karpaty",11468266,51010407,2021-05-06,"Hrouzek Martin","STA_LIKVIDACE",NA,"val","val","ne","lok","nezaznamenána",NA,NA,"bourovec trnkový","06.05.2021","06.05.2021",7867655,NA,"CZ0724090: Bílé Karpaty",100,0,7867655,100,"7071d",6,5,"Bílé Karpaty","0","hnízda housenek",NA,"nezaznamenána"
2021,"CZ0724090","Bílé Karpaty","Eriogaster catax","Motýli","Horní Nìmèí, 54","Horní Nìmèí, 54","RP SCHKO Bílé Karpaty","AOPK ÈR - RP SCHKO Bílé Karpaty",11468266,51010408,2021-05-06,"Hrouzek Martin","CELKOVE_SUM",NA,NA,NA,NA,NA,NA,"1",0,"bourovec trnkový","06.05.2021","06.05.2021",7867655,NA,"CZ0724090: Bílé Karpaty",100,0,7867655,100,"7071d",6,5,"Bílé Karpaty","0","hnízda housenek",NA,NA
2021,"CZ0724090","Bílé Karpaty","Eriogaster catax","Motýli","Horní Nìmèí, 54","Horní Nìmèí, 54","RP SCHKO Bílé Karpaty","AOPK ÈR - RP SCHKO Bílé Karpaty",11468266,51010408,2021-05-06,"Hrouzek Martin","CELKOVE_SUM",NA,NA,NA,NA,NA,NA,"1",1,"bourovec trnkový","06.05.2021","06.05.2021",7867655,NA,"CZ0724090: Bílé Karpaty",100,0,7867655,100,"7071d",6,5,"Bílé Karpaty","0","hnízda housenek",NA,NA
2021,"CZ0724090","Bílé Karpaty","Eriogaster catax","Motýli","Horní Nìmèí, 54","Horní Nìmèí, 54","RP SCHKO Bílé Karpaty","AOPK ÈR - RP SCHKO Bílé Karpaty",11468266,51010408,2021-05-06,"Hrouzek Martin","CELKOVE_SUM",NA,NA,NA,NA,NA,NA,"1",NA,"bourovec trnkový","06.05.2021","06.05.2021",7867655,NA,"CZ0724090: Bílé Karpaty",100,0,7867655,100,"7071d",6,5,"Bílé Karpaty","0","hnízda housenek",NA,NA
2021,"CZ0724090","Bílé Karpaty","Eriogaster catax","Motýli","Horní Nìmèí, 54","Horní Nìmèí, 54","RP SCHKO Bílé Karpaty","AOPK ÈR - RP SCHKO Bílé Karpaty",11468266,51010408,2021-05-06,"Hrouzek Martin","POP_POCETSUMLOKAL","hnízda housenek","min","minmax","ano","lok","10","1",0,"bourovec trnkový","06.05.2021","06.05.2021",7867655,NA,"CZ0724090: Bílé Karpaty",100,0,7867655,100,"7071d",6,5,"Bílé Karpaty","0","hnízda housenek",NA,"alespoò 10 hnízda housenek"
2021,"CZ0724090","Bílé Karpaty","Eriogaster catax","Motýli","Horní Nìmèí, 54","Horní Nìmèí, 54","RP SCHKO Bílé Karpaty","AOPK ÈR - RP SCHKO Bílé Karpaty",11468266,51010408,2021-05-06,"Hrouzek Martin","POP_PRESENCE",NA,"val","val","ano","lok","ano","ano",1,"bourovec trnkový","06.05.2021","06.05.2021",7867655,NA,"CZ0724090: Bílé Karpaty",100,0,7867655,100,"7071d",6,5,"Bílé Karpaty","0","hnízda housenek",NA,"ano"
2021,"CZ0724090","Bílé Karpaty","Eriogaster catax","Motýli","Horní Nìmèí, 54","Horní Nìmèí, 54","RP SCHKO Bílé Karpaty","AOPK ÈR - RP SCHKO Bílé Karpaty",11468266,51010408,2021-05-06,"Hrouzek Martin","STA_LIKVIDACE",NA,"val","val","ne","lok","nezaznamenána",NA,NA,"bourovec trnkový","06.05.2021","06.05.2021",7867655,NA,"CZ0724090: Bílé Karpaty",100,0,7867655,100,"7071d",6,5,"Bílé Karpaty","0","hnízda housenek",NA,"nezaznamenána"
2021,"CZ0724090","Bílé Karpaty","Eriogaster catax","Motýli","Horní Nìmèí, 54","Horní Nìmèí, 54","RP SCHKO Bílé Karpaty","AOPK ÈR - RP SCHKO Bílé Karpaty",11468266,51010409,2021-05-06,"Hrouzek Martin","CELKOVE_SUM",NA,NA,NA,NA,NA,NA,"1",0,"bourovec trnkový","06.05.2021","06.05.2021",7867655,NA,"CZ0724090: Bílé Karpaty",100,0,7867655,100,"7071d",6,5,"Bílé Karpaty","0","hnízda housenek",NA,NA
2021,"CZ0724090","Bílé Karpaty","Eriogaster catax","Motýli","Horní Nìmèí, 54","Horní Nìmèí, 54","RP SCHKO Bílé Karpaty","AOPK ÈR - RP SCHKO Bílé Karpaty",11468266,51010409,2021-05-06,"Hrouzek Martin","CELKOVE_SUM",NA,NA,NA,NA,NA,NA,"1",1,"bourovec trnkový","06.05.2021","06.05.2021",7867655,NA,"CZ0724090: Bílé Karpaty",100,0,7867655,100,"7071d",6,5,"Bílé Karpaty","0","hnízda housenek",NA,NA
2021,"CZ0724090","Bílé Karpaty","Eriogaster catax","Motýli","Horní Nìmèí, 54","Horní Nìmèí, 54","RP SCHKO Bílé Karpaty","AOPK ÈR - RP SCHKO Bílé Karpaty",11468266,51010409,2021-05-06,"Hrouzek Martin","CELKOVE_SUM",NA,NA,NA,NA,NA,NA,"1",NA,"bourovec trnkový","06.05.2021","06.05.2021",7867655,NA,"CZ0724090: Bílé Karpaty",100,0,7867655,100,"7071d",6,5,"Bílé Karpaty","0","hnízda housenek",NA,NA
2021,"CZ0724090","Bílé Karpaty","Eriogaster catax","Motýli","Horní Nìmèí, 54","Horní Nìmèí, 54","RP SCHKO Bílé Karpaty","AOPK ÈR - RP SCHKO Bílé Karpaty",11468266,51010409,2021-05-06,"Hrouzek Martin","POP_POCETSUMLOKAL","hnízda housenek","min","minmax","ano","lok","10","1",0,"bourovec trnkový","06.05.2021","06.05.2021",7867655,NA,"CZ0724090: Bílé Karpaty",100,0,7867655,100,"7071d",6,5,"Bílé Karpaty","0","hnízda housenek",NA,"alespoò 10 hnízda housenek"
2021,"CZ0724090","Bílé Karpaty","Eriogaster catax","Motýli","Horní Nìmèí, 54","Horní Nìmèí, 54","RP SCHKO Bílé Karpaty","AOPK ÈR - RP SCHKO Bílé Karpaty",11468266,51010409,2021-05-06,"Hrouzek Martin","POP_PRESENCE",NA,"val","val","ano","lok","ano","ano",1,"bourovec trnkový","06.05.2021","06.05.2021",7867655,NA,"CZ0724090: Bílé Karpaty",100,0,7867655,100,"7071d",6,5,"Bílé Karpaty","0","hnízda housenek",NA,"ano"
2021,"CZ0724090","Bílé Karpaty","Eriogaster catax","Motýli","Horní Nìmèí, 54","Horní Nìmèí, 54","RP SCHKO Bílé Karpaty","AOPK ÈR - RP SCHKO Bílé Karpaty",11468266,51010409,2021-05-06,"Hrouzek Martin","STA_LIKVIDACE",NA,"val","val","ne","lok","nezaznamenána",NA,NA,"bourovec trnkový","06.05.2021","06.05.2021",7867655,NA,"CZ0724090: Bílé Karpaty",100,0,7867655,100,"7071d",6,5,"Bílé Karpaty","0","hnízda housenek",NA,"nezaznamenána"
2021,"CZ0724090","Bílé Karpaty","Eriogaster catax","Motýli","Horní Nìmèí, 54","Horní Nìmèí, 54","RP SCHKO Bílé Karpaty","AOPK ÈR - RP SCHKO Bílé Karpaty",11468266,51010410,2021-05-06,"Hrouzek Martin","CELKOVE_SUM",NA,NA,NA,NA,NA,NA,"1",0,"bourovec trnkový","06.05.2021","06.05.2021",7867655,NA,"CZ0724090: Bílé Karpaty",100,0,7867655,100,"7071d",6,5,"Bílé Karpaty","0","hnízda housenek",NA,NA
2021,"CZ0724090","Bílé Karpaty","Eriogaster catax","Motýli","Horní Nìmèí, 54","Horní Nìmèí, 54","RP SCHKO Bílé Karpaty","AOPK ÈR - RP SCHKO Bílé Karpaty",11468266,51010410,2021-05-06,"Hrouzek Martin","CELKOVE_SUM",NA,NA,NA,NA,NA,NA,"1",1,"bourovec trnkový","06.05.2021","06.05.2021",7867655,NA,"CZ0724090: Bílé Karpaty",100,0,7867655,100,"7071d",6,5,"Bílé Karpaty","0","hnízda housenek",NA,NA
2021,"CZ0724090","Bílé Karpaty","Eriogaster catax","Motýli","Horní Nìmèí, 54","Horní Nìmèí, 54","RP SCHKO Bílé Karpaty","AOPK ÈR - RP SCHKO Bílé Karpaty",11468266,51010410,2021-05-06,"Hrouzek Martin","CELKOVE_SUM",NA,NA,NA,NA,NA,NA,"1",NA,"bourovec trnkový","06.05.2021","06.05.2021",7867655,NA,"CZ0724090: Bílé Karpaty",100,0,7867655,100,"7071d",6,5,"Bílé Karpaty","0","hnízda housenek",NA,NA
2021,"CZ0724090","Bílé Karpaty","Eriogaster catax","Motýli","Horní Nìmèí, 54","Horní Nìmèí, 54","RP SCHKO Bílé Karpaty","AOPK ÈR - RP SCHKO Bílé Karpaty",11468266,51010410,2021-05-06,"Hrouzek Martin","POP_POCETSUMLOKAL","hnízda housenek","min","minmax","ano","lok","10","1",0,"bourovec trnkový","06.05.2021","06.05.2021",7867655,NA,"CZ0724090: Bílé Karpaty",100,0,7867655,100,"7071d",6,5,"Bílé Karpaty","0","hnízda housenek",NA,"alespoò 10 hnízda housenek"
2021,"CZ0724090","Bílé Karpaty","Eriogaster catax","Motýli","Horní Nìmèí, 54","Horní Nìmèí, 54","RP SCHKO Bílé Karpaty","AOPK ÈR - RP SCHKO Bílé Karpaty",11468266,51010410,2021-05-06,"Hrouzek Martin","POP_PRESENCE",NA,"val","val","ano","lok","ano","ano",1,"bourovec trnkový","06.05.2021","06.05.2021",7867655,NA,"CZ0724090: Bílé Karpaty",100,0,7867655,100,"7071d",6,5,"Bílé Karpaty","0","hnízda housenek",NA,"ano"
2021,"CZ0724090","Bílé Karpaty","Eriogaster catax","Motýli","Horní Nìmèí, 54","Horní Nìmèí, 54","RP SCHKO Bílé Karpaty","AOPK ÈR - RP SCHKO Bílé Karpaty",11468266,51010410,2021-05-06,"Hrouzek Martin","STA_LIKVIDACE",NA,"val","val","ne","lok","nezaznamenána",NA,NA,"bourovec trnkový","06.05.2021","06.05.2021",7867655,NA,"CZ0724090: Bílé Karpaty",100,0,7867655,100,"7071d",6,5,"Bílé Karpaty","0","hnízda housenek",NA,"nezaznamenána"
2021,"CZ0724090","Bílé Karpaty","Eriogaster catax","Motýli","Horní Nìmèí, 54","Horní Nìmèí, 54","RP SCHKO Bílé Karpaty","AOPK ÈR - RP SCHKO Bílé Karpaty",11468266,51010411,2021-05-06,"Hrouzek Martin","CELKOVE_SUM",NA,NA,NA,NA,NA,NA,"1",0,"bourovec trnkový","06.05.2021","06.05.2021",7867655,NA,"CZ0724090: Bílé Karpaty",100,0,7867655,100,"7071d",6,5,"Bílé Karpaty","0","hnízda housenek",NA,NA
2021,"CZ0724090","Bílé Karpaty","Eriogaster catax","Motýli","Horní Nìmèí, 54","Horní Nìmèí, 54","RP SCHKO Bílé Karpaty","AOPK ÈR - RP SCHKO Bílé Karpaty",11468266,51010411,2021-05-06,"Hrouzek Martin","CELKOVE_SUM",NA,NA,NA,NA,NA,NA,"1",1,"bourovec trnkový","06.05.2021","06.05.2021",7867655,NA,"CZ0724090: Bílé Karpaty",100,0,7867655,100,"7071d",6,5,"Bílé Karpaty","0","hnízda housenek",NA,NA
2021,"CZ0724090","Bílé Karpaty","Eriogaster catax","Motýli","Horní Nìmèí, 54","Horní Nìmèí, 54","RP SCHKO Bílé Karpaty","AOPK ÈR - RP SCHKO Bílé Karpaty",11468266,51010411,2021-05-06,"Hrouzek Martin","CELKOVE_SUM",NA,NA,NA,NA,NA,NA,"1",NA,"bourovec trnkový","06.05.2021","06.05.2021",7867655,NA,"CZ0724090: Bílé Karpaty",100,0,7867655,100,"7071d",6,5,"Bílé Karpaty","0","hnízda housenek",NA,NA
2021,"CZ0724090","Bílé Karpaty","Eriogaster catax","Motýli","Horní Nìmèí, 54","Horní Nìmèí, 54","RP SCHKO Bílé Karpaty","AOPK ÈR - RP SCHKO Bílé Karpaty",11468266,51010411,2021-05-06,"Hrouzek Martin","POP_POCETSUMLOKAL","hnízda housenek","min","minmax","ano","lok","10","1",0,"bourovec trnkový","06.05.2021","06.05.2021",7867655,NA,"CZ0724090: Bílé Karpaty",100,0,7867655,100,"7071d",6,5,"Bílé Karpaty","0","hnízda housenek",NA,"alespoò 10 hnízda housenek"
2021,"CZ0724090","Bílé Karpaty","Eriogaster catax","Motýli","Horní Nìmèí, 54","Horní Nìmèí, 54","RP SCHKO Bílé Karpaty","AOPK ÈR - RP SCHKO Bílé Karpaty",11468266,51010411,2021-05-06,"Hrouzek Martin","POP_PRESENCE",NA,"val","val","ano","lok","ano","ano",1,"bourovec trnkový","06.05.2021","06.05.2021",7867655,NA,"CZ0724090: Bílé Karpaty",100,0,7867655,100,"7071d",6,5,"Bílé Karpaty","0","hnízda housenek",NA,"ano"
2021,"CZ0724090","Bílé Karpaty","Eriogaster catax","Motýli","Horní Nìmèí, 54","Horní Nìmèí, 54","RP SCHKO Bílé Karpaty","AOPK ÈR - RP SCHKO Bílé Karpaty",11468266,51010411,2021-05-06,"Hrouzek Martin","STA_LIKVIDACE",NA,"val","val","ne","lok","nezaznamenána",NA,NA,"bourovec trnkový","06.05.2021","06.05.2021",7867655,NA,"CZ0724090: Bílé Karpaty",100,0,7867655,100,"7071d",6,5,"Bílé Karpaty","0","hnízda housenek",NA,"nezaznamenána"
2021,"CZ0724090","Bílé Karpaty","Eriogaster catax","Motýli","Horní Nìmèí, 54","Horní Nìmèí, 54","RP SCHKO Bílé Karpaty","AOPK ÈR - RP SCHKO Bílé Karpaty",11468266,51010412,2021-05-06,"Hrouzek Martin","CELKOVE_SUM",NA,NA,NA,NA,NA,NA,"1",0,"bourovec trnkový","06.05.2021","06.05.2021",7867655,NA,"CZ0724090: Bílé Karpaty",100,0,7867655,100,"7071d",6,5,"Bílé Karpaty","0","hnízda housenek",NA,NA
2021,"CZ0724090","Bílé Karpaty","Eriogaster catax","Motýli","Horní Nìmèí, 54","Horní Nìmèí, 54","RP SCHKO Bílé Karpaty","AOPK ÈR - RP SCHKO Bílé Karpaty",11468266,51010412,2021-05-06,"Hrouzek Martin","CELKOVE_SUM",NA,NA,NA,NA,NA,NA,"1",1,"bourovec trnkový","06.05.2021","06.05.2021",7867655,NA,"CZ0724090: Bílé Karpaty",100,0,7867655,100,"7071d",6,5,"Bílé Karpaty","0","hnízda housenek",NA,NA
2021,"CZ0724090","Bílé Karpaty","Eriogaster catax","Motýli","Horní Nìmèí, 54","Horní Nìmèí, 54","RP SCHKO Bílé Karpaty","AOPK ÈR - RP SCHKO Bílé Karpaty",11468266,51010412,2021-05-06,"Hrouzek Martin","CELKOVE_SUM",NA,NA,NA,NA,NA,NA,"1",NA,"bourovec trnkový","06.05.2021","06.05.2021",7867655,NA,"CZ0724090: Bílé Karpaty",100,0,7867655,100,"7071d",6,5,"Bílé Karpaty","0","hnízda housenek",NA,NA
2021,"CZ0724090","Bílé Karpaty","Eriogaster catax","Motýli","Horní Nìmèí, 54","Horní Nìmèí, 54","RP SCHKO Bílé Karpaty","AOPK ÈR - RP SCHKO Bílé Karpaty",11468266,51010412,2021-05-06,"Hrouzek Martin","POP_POCETSUMLOKAL","hnízda housenek","min","minmax","ano","lok","10","1",0,"bourovec trnkový","06.05.2021","06.05.2021",7867655,NA,"CZ0724090: Bílé Karpaty",100,0,7867655,100,"7071d",6,5,"Bílé Karpaty","0","hnízda housenek",NA,"alespoò 10 hnízda housenek"
2021,"CZ0724090","Bílé Karpaty","Eriogaster catax","Motýli","Horní Nìmèí, 54","Horní Nìmèí, 54","RP SCHKO Bílé Karpaty","AOPK ÈR - RP SCHKO Bílé Karpaty",11468266,51010412,2021-05-06,"Hrouzek Martin","POP_PRESENCE",NA,"val","val","ano","lok","ano","ano",1,"bourovec trnkový","06.05.2021","06.05.2021",7867655,NA,"CZ0724090: Bílé Karpaty",100,0,7867655,100,"7071d",6,5,"Bílé Karpaty","0","hnízda housenek",NA,"ano"
2021,"CZ0724090","Bílé Karpaty","Eriogaster catax","Motýli","Horní Nìmèí, 54","Horní Nìmèí, 54","RP SCHKO Bílé Karpaty","AOPK ÈR - RP SCHKO Bílé Karpaty",11468266,51010412,2021-05-06,"Hrouzek Martin","STA_LIKVIDACE",NA,"val","val","ne","lok","nezaznamenána",NA,NA,"bourovec trnkový","06.05.2021","06.05.2021",7867655,NA,"CZ0724090: Bílé Karpaty",100,0,7867655,100,"7071d",6,5,"Bílé Karpaty","0","hnízda housenek",NA,"nezaznamenána"
2021,"CZ0724090","Bílé Karpaty","Eriogaster catax","Motýli","Horní Nìmèí, 54","Horní Nìmèí, 54","RP SCHKO Bílé Karpaty","AOPK ÈR - RP SCHKO Bílé Karpaty",11468266,51010413,2021-05-06,"Hrouzek Martin","CELKOVE_SUM",NA,NA,NA,NA,NA,NA,"1",0,"bourovec trnkový","06.05.2021","06.05.2021",7867655,NA,"CZ0724090: Bílé Karpaty",100,0,7867655,100,"7071d",6,5,"Bílé Karpaty","0","hnízda housenek",NA,NA
2021,"CZ0724090","Bílé Karpaty","Eriogaster catax","Motýli","Horní Nìmèí, 54","Horní Nìmèí, 54","RP SCHKO Bílé Karpaty","AOPK ÈR - RP SCHKO Bílé Karpaty",11468266,51010413,2021-05-06,"Hrouzek Martin","CELKOVE_SUM",NA,NA,NA,NA,NA,NA,"1",1,"bourovec trnkový","06.05.2021","06.05.2021",7867655,NA,"CZ0724090: Bílé Karpaty",100,0,7867655,100,"7071d",6,5,"Bílé Karpaty","0","hnízda housenek",NA,NA
2021,"CZ0724090","Bílé Karpaty","Eriogaster catax","Motýli","Horní Nìmèí, 54","Horní Nìmèí, 54","RP SCHKO Bílé Karpaty","AOPK ÈR - RP SCHKO Bílé Karpaty",11468266,51010413,2021-05-06,"Hrouzek Martin","CELKOVE_SUM",NA,NA,NA,NA,NA,NA,"1",NA,"bourovec trnkový","06.05.2021","06.05.2021",7867655,NA,"CZ0724090: Bílé Karpaty",100,0,7867655,100,"7071d",6,5,"Bílé Karpaty","0","hnízda housenek",NA,NA
2021,"CZ0724090","Bílé Karpaty","Eriogaster catax","Motýli","Horní Nìmèí, 54","Horní Nìmèí, 54","RP SCHKO Bílé Karpaty","AOPK ÈR - RP SCHKO Bílé Karpaty",11468266,51010413,2021-05-06,"Hrouzek Martin","POP_POCETSUMLOKAL","hnízda housenek","min","minmax","ano","lok","10","1",0,"bourovec trnkový","06.05.2021","06.05.2021",7867655,NA,"CZ0724090: Bílé Karpaty",100,0,7867655,100,"7071d",6,5,"Bílé Karpaty","0","hnízda housenek",NA,"alespoò 10 hnízda housenek"
2021,"CZ0724090","Bílé Karpaty","Eriogaster catax","Motýli","Horní Nìmèí, 54","Horní Nìmèí, 54","RP SCHKO Bílé Karpaty","AOPK ÈR - RP SCHKO Bílé Karpaty",11468266,51010413,2021-05-06,"Hrouzek Martin","POP_PRESENCE",NA,"val","val","ano","lok","ano","ano",1,"bourovec trnkový","06.05.2021","06.05.2021",7867655,NA,"CZ0724090: Bílé Karpaty",100,0,7867655,100,"7071d",6,5,"Bílé Karpaty","0","hnízda housenek",NA,"ano"
2021,"CZ0724090","Bílé Karpaty","Eriogaster catax","Motýli","Horní Nìmèí, 54","Horní Nìmèí, 54","RP SCHKO Bílé Karpaty","AOPK ÈR - RP SCHKO Bílé Karpaty",11468266,51010413,2021-05-06,"Hrouzek Martin","STA_LIKVIDACE",NA,"val","val","ne","lok","nezaznamenána",NA,NA,"bourovec trnkový","06.05.2021","06.05.2021",7867655,NA,"CZ0724090: Bílé Karpaty",100,0,7867655,100,"7071d",6,5,"Bílé Karpaty","0","hnízda housenek",NA,"nezaznamenána"
2021,"CZ0724090","Bílé Karpaty","Eriogaster catax","Motýli","Horní Nìmèí, 54","Horní Nìmèí, 54","RP SCHKO Bílé Karpaty","AOPK ÈR - RP SCHKO Bílé Karpaty",11468266,51010414,2021-05-06,"Hrouzek Martin","CELKOVE_SUM",NA,NA,NA,NA,NA,NA,"1",0,"bourovec trnkový","06.05.2021","06.05.2021",7867655,NA,"CZ0724090: Bílé Karpaty",100,0,7867655,100,"7071d",6,5,"Bílé Karpaty","0","hnízda housenek",NA,NA
2021,"CZ0724090","Bílé Karpaty","Eriogaster catax","Motýli","Horní Nìmèí, 54","Horní Nìmèí, 54","RP SCHKO Bílé Karpaty","AOPK ÈR - RP SCHKO Bílé Karpaty",11468266,51010414,2021-05-06,"Hrouzek Martin","CELKOVE_SUM",NA,NA,NA,NA,NA,NA,"1",1,"bourovec trnkový","06.05.2021","06.05.2021",7867655,NA,"CZ0724090: Bílé Karpaty",100,0,7867655,100,"7071d",6,5,"Bílé Karpaty","0","hnízda housenek",NA,NA
2021,"CZ0724090","Bílé Karpaty","Eriogaster catax","Motýli","Horní Nìmèí, 54","Horní Nìmèí, 54","RP SCHKO Bílé Karpaty","AOPK ÈR - RP SCHKO Bílé Karpaty",11468266,51010414,2021-05-06,"Hrouzek Martin","CELKOVE_SUM",NA,NA,NA,NA,NA,NA,"1",NA,"bourovec trnkový","06.05.2021","06.05.2021",7867655,NA,"CZ0724090: Bílé Karpaty",100,0,7867655,100,"7071d",6,5,"Bílé Karpaty","0","hnízda housenek",NA,NA
2021,"CZ0724090","Bílé Karpaty","Eriogaster catax","Motýli","Horní Nìmèí, 54","Horní Nìmèí, 54","RP SCHKO Bílé Karpaty","AOPK ÈR - RP SCHKO Bílé Karpaty",11468266,51010414,2021-05-06,"Hrouzek Martin","POP_POCETSUMLOKAL","hnízda housenek","min","minmax","ano","lok","10","1",0,"bourovec trnkový","06.05.2021","06.05.2021",7867655,NA,"CZ0724090: Bílé Karpaty",100,0,7867655,100,"7071d",6,5,"Bílé Karpaty","0","hnízda housenek",NA,"alespoò 10 hnízda housenek"
2021,"CZ0724090","Bílé Karpaty","Eriogaster catax","Motýli","Horní Nìmèí, 54","Horní Nìmèí, 54","RP SCHKO Bílé Karpaty","AOPK ÈR - RP SCHKO Bílé Karpaty",11468266,51010414,2021-05-06,"Hrouzek Martin","POP_PRESENCE",NA,"val","val","ano","lok","ano","ano",1,"bourovec trnkový","06.05.2021","06.05.2021",7867655,NA,"CZ0724090: Bílé Karpaty",100,0,7867655,100,"7071d",6,5,"Bílé Karpaty","0","hnízda housenek",NA,"ano"
2021,"CZ0724090","Bílé Karpaty","Eriogaster catax","Motýli","Horní Nìmèí, 54","Horní Nìmèí, 54","RP SCHKO Bílé Karpaty","AOPK ÈR - RP SCHKO Bílé Karpaty",11468266,51010414,2021-05-06,"Hrouzek Martin","STA_LIKVIDACE",NA,"val","val","ne","lok","nezaznamenána",NA,NA,"bourovec trnkový","06.05.2021","06.05.2021",7867655,NA,"CZ0724090: Bílé Karpaty",100,0,7867655,100,"7071d",6,5,"Bílé Karpaty","0","hnízda housenek",NA,"nezaznamenána"
2021,"CZ0724090","Bílé Karpaty","Eriogaster catax","Motýli","Horní Nìmèí, 54","Horní Nìmèí, 54","RP SCHKO Bílé Karpaty","AOPK ÈR - RP SCHKO Bílé Karpaty",11468266,51010415,2021-05-06,"Hrouzek Martin","CELKOVE_SUM",NA,NA,NA,NA,NA,NA,"1",0,"bourovec trnkový","06.05.2021","06.05.2021",7867655,NA,"CZ0724090: Bílé Karpaty",100,0,7867655,100,"7071d",6,5,"Bílé Karpaty","0","hnízda housenek",NA,NA
2021,"CZ0724090","Bílé Karpaty","Eriogaster catax","Motýli","Horní Nìmèí, 54","Horní Nìmèí, 54","RP SCHKO Bílé Karpaty","AOPK ÈR - RP SCHKO Bílé Karpaty",11468266,51010415,2021-05-06,"Hrouzek Martin","CELKOVE_SUM",NA,NA,NA,NA,NA,NA,"1",1,"bourovec trnkový","06.05.2021","06.05.2021",7867655,NA,"CZ0724090: Bílé Karpaty",100,0,7867655,100,"7071d",6,5,"Bílé Karpaty","0","hnízda housenek",NA,NA
2021,"CZ0724090","Bílé Karpaty","Eriogaster catax","Motýli","Horní Nìmèí, 54","Horní Nìmèí, 54","RP SCHKO Bílé Karpaty","AOPK ÈR - RP SCHKO Bílé Karpaty",11468266,51010415,2021-05-06,"Hrouzek Martin","CELKOVE_SUM",NA,NA,NA,NA,NA,NA,"1",NA,"bourovec trnkový","06.05.2021","06.05.2021",7867655,NA,"CZ0724090: Bílé Karpaty",100,0,7867655,100,"7071d",6,5,"Bílé Karpaty","0","hnízda housenek",NA,NA
2021,"CZ0724090","Bílé Karpaty","Eriogaster catax","Motýli","Horní Nìmèí, 54","Horní Nìmèí, 54","RP SCHKO Bílé Karpaty","AOPK ÈR - RP SCHKO Bílé Karpaty",11468266,51010415,2021-05-06,"Hrouzek Martin","POP_POCETSUMLOKAL","hnízda housenek","min","minmax","ano","lok","10","1",0,"bourovec trnkový","06.05.2021","06.05.2021",7867655,NA,"CZ0724090: Bílé Karpaty",100,0,7867655,100,"7071d",6,5,"Bílé Karpaty","0","hnízda housenek",NA,"alespoò 10 hnízda housenek"
2021,"CZ0724090","Bílé Karpaty","Eriogaster catax","Motýli","Horní Nìmèí, 54","Horní Nìmèí, 54","RP SCHKO Bílé Karpaty","AOPK ÈR - RP SCHKO Bílé Karpaty",11468266,51010415,2021-05-06,"Hrouzek Martin","POP_PRESENCE",NA,"val","val","ano","lok","ano","ano",1,"bourovec trnkový","06.05.2021","06.05.2021",7867655,NA,"CZ0724090: Bílé Karpaty",100,0,7867655,100,"7071d",6,5,"Bílé Karpaty","0","hnízda housenek",NA,"ano"
2021,"CZ0724090","Bílé Karpaty","Eriogaster catax","Motýli","Horní Nìmèí, 54","Horní Nìmèí, 54","RP SCHKO Bílé Karpaty","AOPK ÈR - RP SCHKO Bílé Karpaty",11468266,51010415,2021-05-06,"Hrouzek Martin","STA_LIKVIDACE",NA,"val","val","ne","lok","nezaznamenána",NA,NA,"bourovec trnkový","06.05.2021","06.05.2021",7867655,NA,"CZ0724090: Bílé Karpaty",100,0,7867655,100,"7071d",6,5,"Bílé Karpaty","0","hnízda housenek",NA,"nezaznamenána"
2021,"CZ0724090","Bílé Karpaty","Eriogaster catax","Motýli","Horní Nìmèí, 54","Horní Nìmèí, 54","RP SCHKO Bílé Karpaty","AOPK ÈR - RP SCHKO Bílé Karpaty",11468266,51010416,2021-05-06,"Hrouzek Martin","CELKOVE_SUM",NA,NA,NA,NA,NA,NA,"1",0,"bourovec trnkový","06.05.2021","06.05.2021",7867655,NA,"CZ0724090: Bílé Karpaty",100,0,7867655,100,"7071d",6,5,"Bílé Karpaty","0","hnízda housenek",NA,NA
2021,"CZ0724090","Bílé Karpaty","Eriogaster catax","Motýli","Horní Nìmèí, 54","Horní Nìmèí, 54","RP SCHKO Bílé Karpaty","AOPK ÈR - RP SCHKO Bílé Karpaty",11468266,51010416,2021-05-06,"Hrouzek Martin","CELKOVE_SUM",NA,NA,NA,NA,NA,NA,"1",1,"bourovec trnkový","06.05.2021","06.05.2021",7867655,NA,"CZ0724090: Bílé Karpaty",100,0,7867655,100,"7071d",6,5,"Bílé Karpaty","0","hnízda housenek",NA,NA
2021,"CZ0724090","Bílé Karpaty","Eriogaster catax","Motýli","Horní Nìmèí, 54","Horní Nìmèí, 54","RP SCHKO Bílé Karpaty","AOPK ÈR - RP SCHKO Bílé Karpaty",11468266,51010416,2021-05-06,"Hrouzek Martin","CELKOVE_SUM",NA,NA,NA,NA,NA,NA,"1",NA,"bourovec trnkový","06.05.2021","06.05.2021",7867655,NA,"CZ0724090: Bílé Karpaty",100,0,7867655,100,"7071d",6,5,"Bílé Karpaty","0","hnízda housenek",NA,NA
2021,"CZ0724090","Bílé Karpaty","Eriogaster catax","Motýli","Horní Nìmèí, 54","Horní Nìmèí, 54","RP SCHKO Bílé Karpaty","AOPK ÈR - RP SCHKO Bílé Karpaty",11468266,51010416,2021-05-06,"Hrouzek Martin","POP_POCETSUMLOKAL","hnízda housenek","min","minmax","ano","lok","10","1",0,"bourovec trnkový","06.05.2021","06.05.2021",7867655,NA,"CZ0724090: Bílé Karpaty",100,0,7867655,100,"7071d",6,5,"Bílé Karpaty","0","hnízda housenek",NA,"alespoò 10 hnízda housenek"
2021,"CZ0724090","Bílé Karpaty","Eriogaster catax","Motýli","Horní Nìmèí, 54","Horní Nìmèí, 54","RP SCHKO Bílé Karpaty","AOPK ÈR - RP SCHKO Bílé Karpaty",11468266,51010416,2021-05-06,"Hrouzek Martin","POP_PRESENCE",NA,"val","val","ano","lok","ano","ano",1,"bourovec trnkový","06.05.2021","06.05.2021",7867655,NA,"CZ0724090: Bílé Karpaty",100,0,7867655,100,"7071d",6,5,"Bílé Karpaty","0","hnízda housenek",NA,"ano"
2021,"CZ0724090","Bílé Karpaty","Eriogaster catax","Motýli","Horní Nìmèí, 54","Horní Nìmèí, 54","RP SCHKO Bílé Karpaty","AOPK ÈR - RP SCHKO Bílé Karpaty",11468266,51010416,2021-05-06,"Hrouzek Martin","STA_LIKVIDACE",NA,"val","val","ne","lok","nezaznamenána",NA,NA,"bourovec trnkový","06.05.2021","06.05.2021",7867655,NA,"CZ0724090: Bílé Karpaty",100,0,7867655,100,"7071d",6,5,"Bílé Karpaty","0","hnízda housenek",NA,"nezaznamenána"
2021,"CZ0724090","Bílé Karpaty","Eriogaster catax","Motýli","Horní Nìmèí, 54","Horní Nìmèí, 54","RP SCHKO Bílé Karpaty","AOPK ÈR - RP SCHKO Bílé Karpaty",11468266,51010417,2021-05-06,"Hrouzek Martin","CELKOVE_SUM",NA,NA,NA,NA,NA,NA,"1",0,"bourovec trnkový","06.05.2021","06.05.2021",7867655,NA,"CZ0724090: Bílé Karpaty",100,0,7867655,100,"7071d",6,5,"Bílé Karpaty","0","hnízda housenek",NA,NA
2021,"CZ0724090","Bílé Karpaty","Eriogaster catax","Motýli","Horní Nìmèí, 54","Horní Nìmèí, 54","RP SCHKO Bílé Karpaty","AOPK ÈR - RP SCHKO Bílé Karpaty",11468266,51010417,2021-05-06,"Hrouzek Martin","CELKOVE_SUM",NA,NA,NA,NA,NA,NA,"1",1,"bourovec trnkový","06.05.2021","06.05.2021",7867655,NA,"CZ0724090: Bílé Karpaty",100,0,7867655,100,"7071d",6,5,"Bílé Karpaty","0","hnízda housenek",NA,NA
2021,"CZ0724090","Bílé Karpaty","Eriogaster catax","Motýli","Horní Nìmèí, 54","Horní Nìmèí, 54","RP SCHKO Bílé Karpaty","AOPK ÈR - RP SCHKO Bílé Karpaty",11468266,51010417,2021-05-06,"Hrouzek Martin","CELKOVE_SUM",NA,NA,NA,NA,NA,NA,"1",NA,"bourovec trnkový","06.05.2021","06.05.2021",7867655,NA,"CZ0724090: Bílé Karpaty",100,0,7867655,100,"7071d",6,5,"Bílé Karpaty","0","hnízda housenek",NA,NA
2021,"CZ0724090","Bílé Karpaty","Eriogaster catax","Motýli","Horní Nìmèí, 54","Horní Nìmèí, 54","RP SCHKO Bílé Karpaty","AOPK ÈR - RP SCHKO Bílé Karpaty",11468266,51010417,2021-05-06,"Hrouzek Martin","POP_POCETSUMLOKAL","hnízda housenek","min","minmax","ano","lok","10","1",0,"bourovec trnkový","06.05.2021","06.05.2021",7867655,NA,"CZ0724090: Bílé Karpaty",100,0,7867655,100,"7071d",6,5,"Bílé Karpaty","0","hnízda housenek",NA,"alespoò 10 hnízda housenek"
2021,"CZ0724090","Bílé Karpaty","Eriogaster catax","Motýli","Horní Nìmèí, 54","Horní Nìmèí, 54","RP SCHKO Bílé Karpaty","AOPK ÈR - RP SCHKO Bílé Karpaty",11468266,51010417,2021-05-06,"Hrouzek Martin","POP_PRESENCE",NA,"val","val","ano","lok","ano","ano",1,"bourovec trnkový","06.05.2021","06.05.2021",7867655,NA,"CZ0724090: Bílé Karpaty",100,0,7867655,100,"7071d",6,5,"Bílé Karpaty","0","hnízda housenek",NA,"ano"
2021,"CZ0724090","Bílé Karpaty","Eriogaster catax","Motýli","Horní Nìmèí, 54","Horní Nìmèí, 54","RP SCHKO Bílé Karpaty","AOPK ÈR - RP SCHKO Bílé Karpaty",11468266,51010417,2021-05-06,"Hrouzek Martin","STA_LIKVIDACE",NA,"val","val","ne","lok","nezaznamenána",NA,NA,"bourovec trnkový","06.05.2021","06.05.2021",7867655,NA,"CZ0724090: Bílé Karpaty",100,0,7867655,100,"7071d",6,5,"Bílé Karpaty","0","hnízda housenek",NA,"nezaznamenána"
2021,"CZ0723425","Stránì u Popovic","Eriogaster catax","Motýli","Popovice","Popovice","RP SCHKO Bílé Karpaty","Krajský úøad Zlínského kraje",11475076,51032262,2021-05-11,"Hrouzek Martin","CELKOVE_SUM",NA,NA,NA,NA,NA,NA,"1",0,"bourovec trnkový","11.05.2021","11.05.2021",7880200,NA,"CZ0723425: Stránì u Popovic",100,0,7880200,100,"6971c",11,5,"Stránì u Popovic","0","hnízda housenek",NA,NA
2021,"CZ0723425","Stránì u Popovic","Eriogaster catax","Motýli","Popovice","Popovice","RP SCHKO Bílé Karpaty","Krajský úøad Zlínského kraje",11475076,51032262,2021-05-11,"Hrouzek Martin","CELKOVE_SUM",NA,NA,NA,NA,NA,NA,"1",1,"bourovec trnkový","11.05.2021","11.05.2021",7880200,NA,"CZ0723425: Stránì u Popovic",100,0,7880200,100,"6971c",11,5,"Stránì u Popovic","0","hnízda housenek",NA,NA
2021,"CZ0723425","Stránì u Popovic","Eriogaster catax","Motýli","Popovice","Popovice","RP SCHKO Bílé Karpaty","Krajský úøad Zlínského kraje",11475076,51032262,2021-05-11,"Hrouzek Martin","CELKOVE_SUM",NA,NA,NA,NA,NA,NA,"1",NA,"bourovec trnkový","11.05.2021","11.05.2021",7880200,NA,"CZ0723425: Stránì u Popovic",100,0,7880200,100,"6971c",11,5,"Stránì u Popovic","0","hnízda housenek",NA,NA
2021,"CZ0723425","Stránì u Popovic","Eriogaster catax","Motýli","Popovice","Popovice","RP SCHKO Bílé Karpaty","Krajský úøad Zlínského kraje",11475076,51032262,2021-05-11,"Hrouzek Martin","POP_POCETSUMLOKAL","hnízda housenek","min","minmax","ano","lok","10","1",0,"bourovec trnkový","11.05.2021","11.05.2021",7880200,NA,"CZ0723425: Stránì u Popovic",100,0,7880200,100,"6971c",11,5,"Stránì u Popovic","0","hnízda housenek",NA,"alespoò 10 hnízda housenek"
2021,"CZ0723425","Stránì u Popovic","Eriogaster catax","Motýli","Popovice","Popovice","RP SCHKO Bílé Karpaty","Krajský úøad Zlínského kraje",11475076,51032262,2021-05-11,"Hrouzek Martin","POP_PRESENCE",NA,"val","val","ano","lok","ano","ano",1,"bourovec trnkový","11.05.2021","11.05.2021",7880200,NA,"CZ0723425: Stránì u Popovic",100,0,7880200,100,"6971c",11,5,"Stránì u Popovic","0","hnízda housenek",NA,"ano"
2021,"CZ0723425","Stránì u Popovic","Eriogaster catax","Motýli","Popovice","Popovice","RP SCHKO Bílé Karpaty","Krajský úøad Zlínského kraje",11475076,51032262,2021-05-11,"Hrouzek Martin","STA_LIKVIDACE",NA,"val","val","ne","lok","nezaznamenána",NA,NA,"bourovec trnkový","11.05.2021","11.05.2021",7880200,NA,"CZ0723425: Stránì u Popovic",100,0,7880200,100,"6971c",11,5,"Stránì u Popovic","0","hnízda housenek",NA,"nezaznamenána"
2021,"CZ0723024","Rochus","Eriogaster catax","Motýli","Uherské Hradištì","Uherské Hradištì","RP SCHKO Bílé Karpaty","Krajský úøad Zlínského kraje",11478156,51040100,2021-05-05,"Hrouzek Martin","CELKOVE_SUM",NA,NA,NA,NA,NA,NA,"1",0,"bourovec trnkový","05.05.2021","05.05.2021",7885794,NA,"CZ0723024: Rochus",100,0,7885794,100,"6970b",5,5,"Rochus","0","hnízda housenek",NA,NA
2021,"CZ0723024","Rochus","Eriogaster catax","Motýli","Uherské Hradištì","Uherské Hradištì","RP SCHKO Bílé Karpaty","Krajský úøad Zlínského kraje",11478156,51040100,2021-05-05,"Hrouzek Martin","CELKOVE_SUM",NA,NA,NA,NA,NA,NA,"1",1,"bourovec trnkový","05.05.2021","05.05.2021",7885794,NA,"CZ0723024: Rochus",100,0,7885794,100,"6970b",5,5,"Rochus","0","hnízda housenek",NA,NA
2021,"CZ0723024","Rochus","Eriogaster catax","Motýli","Uherské Hradištì","Uherské Hradištì","RP SCHKO Bílé Karpaty","Krajský úøad Zlínského kraje",11478156,51040100,2021-05-05,"Hrouzek Martin","CELKOVE_SUM",NA,NA,NA,NA,NA,NA,"1",NA,"bourovec trnkový","05.05.2021","05.05.2021",7885794,NA,"CZ0723024: Rochus",100,0,7885794,100,"6970b",5,5,"Rochus","0","hnízda housenek",NA,NA
2021,"CZ0723024","Rochus","Eriogaster catax","Motýli","Uherské Hradištì","Uherské Hradištì","RP SCHKO Bílé Karpaty","Krajský úøad Zlínského kraje",11478156,51040100,2021-05-05,"Hrouzek Martin","POP_POCETSUMLOKAL","hnízda housenek","min","minmax","ano","lok","10","1",0,"bourovec trnkový","05.05.2021","05.05.2021",7885794,NA,"CZ0723024: Rochus",100,0,7885794,100,"6970b",5,5,"Rochus","0","hnízda housenek",NA,"alespoò 10 hnízda housenek"
2021,"CZ0723024","Rochus","Eriogaster catax","Motýli","Uherské Hradištì","Uherské Hradištì","RP SCHKO Bílé Karpaty","Krajský úøad Zlínského kraje",11478156,51040100,2021-05-05,"Hrouzek Martin","POP_PRESENCE",NA,"val","val","ano","lok","ano","ano",1,"bourovec trnkový","05.05.2021","05.05.2021",7885794,NA,"CZ0723024: Rochus",100,0,7885794,100,"6970b",5,5,"Rochus","0","hnízda housenek",NA,"ano"
2021,"CZ0723024","Rochus","Eriogaster catax","Motýli","Uherské Hradištì","Uherské Hradištì","RP SCHKO Bílé Karpaty","Krajský úøad Zlínského kraje",11478156,51040100,2021-05-05,"Hrouzek Martin","STA_LIKVIDACE",NA,"val","val","ne","lok","nezaznamenána",NA,NA,"bourovec trnkový","05.05.2021","05.05.2021",7885794,NA,"CZ0723024: Rochus",100,0,7885794,100,"6970b",5,5,"Rochus","0","hnízda housenek",NA,"nezaznamenána"
2021,"CZ0723024","Rochus","Eriogaster catax","Motýli","Uherské Hradištì","Uherské Hradištì","RP SCHKO Bílé Karpaty","Krajský úøad Zlínského kraje",11478156,51040110,2021-05-05,"Hrouzek Martin","CELKOVE_SUM",NA,NA,NA,NA,NA,NA,"1",0,"bourovec trnkový","05.05.2021","05.05.2021",7885794,NA,"CZ0723024: Rochus",100,0,7885794,100,"6970b",5,5,"Rochus","0","hnízda housenek",NA,NA
2021,"CZ0723024","Rochus","Eriogaster catax","Motýli","Uherské Hradištì","Uherské Hradištì","RP SCHKO Bílé Karpaty","Krajský úøad Zlínského kraje",11478156,51040110,2021-05-05,"Hrouzek Martin","CELKOVE_SUM",NA,NA,NA,NA,NA,NA,"1",1,"bourovec trnkový","05.05.2021","05.05.2021",7885794,NA,"CZ0723024: Rochus",100,0,7885794,100,"6970b",5,5,"Rochus","0","hnízda housenek",NA,NA
2021,"CZ0723024","Rochus","Eriogaster catax","Motýli","Uherské Hradištì","Uherské Hradištì","RP SCHKO Bílé Karpaty","Krajský úøad Zlínského kraje",11478156,51040110,2021-05-05,"Hrouzek Martin","CELKOVE_SUM",NA,NA,NA,NA,NA,NA,"1",NA,"bourovec trnkový","05.05.2021","05.05.2021",7885794,NA,"CZ0723024: Rochus",100,0,7885794,100,"6970b",5,5,"Rochus","0","hnízda housenek",NA,NA
2021,"CZ0723024","Rochus","Eriogaster catax","Motýli","Uherské Hradištì","Uherské Hradištì","RP SCHKO Bílé Karpaty","Krajský úøad Zlínského kraje",11478156,51040110,2021-05-05,"Hrouzek Martin","POP_POCETSUMLOKAL","hnízda housenek","min","minmax","ano","lok","10","1",0,"bourovec trnkový","05.05.2021","05.05.2021",7885794,NA,"CZ0723024: Rochus",100,0,7885794,100,"6970b",5,5,"Rochus","0","hnízda housenek",NA,"alespoò 10 hnízda housenek"
2021,"CZ0723024","Rochus","Eriogaster catax","Motýli","Uherské Hradištì","Uherské Hradištì","RP SCHKO Bílé Karpaty","Krajský úøad Zlínského kraje",11478156,51040110,2021-05-05,"Hrouzek Martin","POP_PRESENCE",NA,"val","val","ano","lok","ano","ano",1,"bourovec trnkový","05.05.2021","05.05.2021",7885794,NA,"CZ0723024: Rochus",100,0,7885794,100,"6970b",5,5,"Rochus","0","hnízda housenek",NA,"ano"
2021,"CZ0723024","Rochus","Eriogaster catax","Motýli","Uherské Hradištì","Uherské Hradištì","RP SCHKO Bílé Karpaty","Krajský úøad Zlínského kraje",11478156,51040110,2021-05-05,"Hrouzek Martin","STA_LIKVIDACE",NA,"val","val","ne","lok","nezaznamenána",NA,NA,"bourovec trnkový","05.05.2021","05.05.2021",7885794,NA,"CZ0723024: Rochus",100,0,7885794,100,"6970b",5,5,"Rochus","0","hnízda housenek",NA,"nezaznamenána"
2022,"CZ0624100","Milovický les","Eriogaster catax","Motýli","Mikulov, 421","Mikulov, 421","RP Jižní Morava","AOPK ÈR - RP Jižní Morava",11778426,52613779,2022-04-14,"Dedek Pavel","CELKOVE_SUM",NA,NA,NA,NA,NA,NA,"1",0,"bourovec trnkový","14.04.2022","14.04.2022",8331031,NA,"CZ0624100: Milovický les",100,0,8331031,100,"7166c",14,4,"Milovický les","0","hnízda housenek",NA,NA
2022,"CZ0624100","Milovický les","Eriogaster catax","Motýli","Mikulov, 421","Mikulov, 421","RP Jižní Morava","AOPK ÈR - RP Jižní Morava",11778426,52613779,2022-04-14,"Dedek Pavel","CELKOVE_SUM",NA,NA,NA,NA,NA,NA,"1",1,"bourovec trnkový","14.04.2022","14.04.2022",8331031,NA,"CZ0624100: Milovický les",100,0,8331031,100,"7166c",14,4,"Milovický les","0","hnízda housenek",NA,NA
2022,"CZ0624100","Milovický les","Eriogaster catax","Motýli","Mikulov, 421","Mikulov, 421","RP Jižní Morava","AOPK ÈR - RP Jižní Morava",11778426,52613779,2022-04-14,"Dedek Pavel","CELKOVE_SUM",NA,NA,NA,NA,NA,NA,"1",NA,"bourovec trnkový","14.04.2022","14.04.2022",8331031,NA,"CZ0624100: Milovický les",100,0,8331031,100,"7166c",14,4,"Milovický les","0","hnízda housenek",NA,NA
2022,"CZ0624100","Milovický les","Eriogaster catax","Motýli","Mikulov, 421","Mikulov, 421","RP Jižní Morava","AOPK ÈR - RP Jižní Morava",11778426,52613779,2022-04-14,"Dedek Pavel","POP_POCETSUMLOKAL","hnízda housenek","min","minmax","ano","lok","10","1",0,"bourovec trnkový","14.04.2022","14.04.2022",8331031,NA,"CZ0624100: Milovický les",100,0,8331031,100,"7166c",14,4,"Milovický les","0","hnízda housenek",NA,"alespoò 10 hnízda housenek"
2022,"CZ0624100","Milovický les","Eriogaster catax","Motýli","Mikulov, 421","Mikulov, 421","RP Jižní Morava","AOPK ÈR - RP Jižní Morava",11778426,52613779,2022-04-14,"Dedek Pavel","POP_PRESENCE",NA,"val","val","ano","lok","ano","ano",1,"bourovec trnkový","14.04.2022","14.04.2022",8331031,NA,"CZ0624100: Milovický les",100,0,8331031,100,"7166c",14,4,"Milovický les","0","hnízda housenek",NA,"ano"
2022,"CZ0624100","Milovický les","Eriogaster catax","Motýli","Mikulov, 421","Mikulov, 421","RP Jižní Morava","AOPK ÈR - RP Jižní Morava",11778426,52613779,2022-04-14,"Dedek Pavel","STA_LIKVIDACE",NA,"val","val","ne","lok","nezaznamenána",NA,NA,"bourovec trnkový","14.04.2022","14.04.2022",8331031,NA,"CZ0624100: Milovický les",100,0,8331031,100,"7166c",14,4,"Milovický les","0","hnízda housenek",NA,"nezaznamenána"
2022,"CZ0624100","Milovický les","Eriogaster catax","Motýli","Mikulov","Mikulov","RP Jižní Morava","AOPK ÈR - RP Jižní Morava",11784101,52670664,2022-04-23,"Dedek Pavel","CELKOVE_SUM",NA,NA,NA,NA,NA,NA,"1",0,"bourovec trnkový","23.04.2022","23.04.2022",8344406,NA,"CZ0624100: Milovický les",100,0,8344406,100,"7166c",23,4,"Milovický les","0","hnízda housenek",NA,NA
2022,"CZ0624100","Milovický les","Eriogaster catax","Motýli","Mikulov","Mikulov","RP Jižní Morava","AOPK ÈR - RP Jižní Morava",11784101,52670664,2022-04-23,"Dedek Pavel","CELKOVE_SUM",NA,NA,NA,NA,NA,NA,"1",1,"bourovec trnkový","23.04.2022","23.04.2022",8344406,NA,"CZ0624100: Milovický les",100,0,8344406,100,"7166c",23,4,"Milovický les","0","hnízda housenek",NA,NA
2022,"CZ0624100","Milovický les","Eriogaster catax","Motýli","Mikulov","Mikulov","RP Jižní Morava","AOPK ÈR - RP Jižní Morava",11784101,52670664,2022-04-23,"Dedek Pavel","CELKOVE_SUM",NA,NA,NA,NA,NA,NA,"1",NA,"bourovec trnkový","23.04.2022","23.04.2022",8344406,NA,"CZ0624100: Milovický les",100,0,8344406,100,"7166c",23,4,"Milovický les","0","hnízda housenek",NA,NA
2022,"CZ0624100","Milovický les","Eriogaster catax","Motýli","Mikulov","Mikulov","RP Jižní Morava","AOPK ÈR - RP Jižní Morava",11784101,52670664,2022-04-23,"Dedek Pavel","POP_POCETSUMLOKAL","hnízda housenek","min","minmax","ano","lok","10","2",0,"bourovec trnkový","23.04.2022","23.04.2022",8344406,NA,"CZ0624100: Milovický les",100,0,8344406,100,"7166c",23,4,"Milovický les","0","hnízda housenek",NA,"alespoò 10 hnízda housenek"
2022,"CZ0624100","Milovický les","Eriogaster catax","Motýli","Mikulov","Mikulov","RP Jižní Morava","AOPK ÈR - RP Jižní Morava",11784101,52670664,2022-04-23,"Dedek Pavel","POP_PRESENCE",NA,"val","val","ano","lok","ano","ano",1,"bourovec trnkový","23.04.2022","23.04.2022",8344406,NA,"CZ0624100: Milovický les",100,0,8344406,100,"7166c",23,4,"Milovický les","0","hnízda housenek",NA,"ano"
2022,"CZ0624100","Milovický les","Eriogaster catax","Motýli","Mikulov","Mikulov","RP Jižní Morava","AOPK ÈR - RP Jižní Morava",11784101,52670664,2022-04-23,"Dedek Pavel","STA_LIKVIDACE",NA,"val","val","ne","lok","nezaznamenána",NA,NA,"bourovec trnkový","23.04.2022","23.04.2022",8344406,NA,"CZ0624100: Milovický les",100,0,8344406,100,"7166c",23,4,"Milovický les","0","hnízda housenek",NA,"nezaznamenána"
2018,"CZ0624100","Milovický les","Eriogaster catax","Motýli","421, Mikulov - Mikulov na Moravì","421, Mikulov - Mikulov na Moravì","RP Jižní Morava","AOPK ÈR - RP Jižní Morava",12081856,54499598,2018-05-06,"Eliáš Kamil","CELKOVE_SUM",NA,NA,NA,NA,NA,NA,"1",0,"bourovec trnkový","06.05.2018","06.05.2018",8799833,NA,"CZ0624100: Milovický les",100,0,8799833,100,"7166c",6,5,"Milovický les","0","housenky",NA,NA
2018,"CZ0624100","Milovický les","Eriogaster catax","Motýli","421, Mikulov - Mikulov na Moravì","421, Mikulov - Mikulov na Moravì","RP Jižní Morava","AOPK ÈR - RP Jižní Morava",12081856,54499598,2018-05-06,"Eliáš Kamil","CELKOVE_SUM",NA,NA,NA,NA,NA,NA,"1",1,"bourovec trnkový","06.05.2018","06.05.2018",8799833,NA,"CZ0624100: Milovický les",100,0,8799833,100,"7166c",6,5,"Milovický les","0","housenky",NA,NA
2018,"CZ0624100","Milovický les","Eriogaster catax","Motýli","421, Mikulov - Mikulov na Moravì","421, Mikulov - Mikulov na Moravì","RP Jižní Morava","AOPK ÈR - RP Jižní Morava",12081856,54499598,2018-05-06,"Eliáš Kamil","CELKOVE_SUM",NA,NA,NA,NA,NA,NA,"1",NA,"bourovec trnkový","06.05.2018","06.05.2018",8799833,NA,"CZ0624100: Milovický les",100,0,8799833,100,"7166c",6,5,"Milovický les","0","housenky",NA,NA
2018,"CZ0624100","Milovický les","Eriogaster catax","Motýli","421, Mikulov - Mikulov na Moravì","421, Mikulov - Mikulov na Moravì","RP Jižní Morava","AOPK ÈR - RP Jižní Morava",12081856,54499598,2018-05-06,"Eliáš Kamil","POP_POCETSUMLOKAL","hnízda housenek","min","minmax","ano","lok","10","0",0,"bourovec trnkový","06.05.2018","06.05.2018",8799833,NA,"CZ0624100: Milovický les",100,0,8799833,100,"7166c",6,5,"Milovický les","0","housenky",NA,"alespoò 10 hnízda housenek"
2018,"CZ0624100","Milovický les","Eriogaster catax","Motýli","421, Mikulov - Mikulov na Moravì","421, Mikulov - Mikulov na Moravì","RP Jižní Morava","AOPK ÈR - RP Jižní Morava",12081856,54499598,2018-05-06,"Eliáš Kamil","POP_PRESENCE",NA,"val","val","ano","lok","ano","ano",1,"bourovec trnkový","06.05.2018","06.05.2018",8799833,NA,"CZ0624100: Milovický les",100,0,8799833,100,"7166c",6,5,"Milovický les","0","housenky",NA,"ano"
2018,"CZ0624100","Milovický les","Eriogaster catax","Motýli","421, Mikulov - Mikulov na Moravì","421, Mikulov - Mikulov na Moravì","RP Jižní Morava","AOPK ÈR - RP Jižní Morava",12081856,54499598,2018-05-06,"Eliáš Kamil","STA_LIKVIDACE",NA,"val","val","ne","lok","nezaznamenána",NA,NA,"bourovec trnkový","06.05.2018","06.05.2018",8799833,NA,"CZ0624100: Milovický les",100,0,8799833,100,"7166c",6,5,"Milovický les","0","housenky",NA,"nezaznamenána"
2022,"CZ0624100","Milovický les","Eriogaster catax","Motýli","MOTYLI1064","Na cvièišti","RP Jižní Morava","AOPK ÈR - RP Jižní Morava",12239964,54788282,2022-04-15,"Vladimír Hula","CELKOVE_SUM",NA,NA,NA,NA,NA,NA,"3",1,"bourovec trnkový","15.04.2022","15.04.2022",8964181,"MOTYLI1064_673","CZ0624100: Milovický les",100,0,8964181,100,"7166c",15,4,"Milovický les","1","hnízda housenek",NA,NA
2022,"CZ0624100","Milovický les","Eriogaster catax","Motýli","MOTYLI1064","Na cvièišti","RP Jižní Morava","AOPK ÈR - RP Jižní Morava",12239964,54788282,2022-04-15,"Vladimír Hula","POP_POCETSUMLOKAL","hnízda housenek","min","minmax","ano","lok","10","16",1,"bourovec trnkový","15.04.2022","15.04.2022",8964181,"MOTYLI1064_673","CZ0624100: Milovický les",100,0,8964181,100,"7166c",15,4,"Milovický les","1","hnízda housenek",NA,"alespoò 10 hnízda housenek"
2022,"CZ0624100","Milovický les","Eriogaster catax","Motýli","MOTYLI1064","Na cvièišti","RP Jižní Morava","AOPK ÈR - RP Jižní Morava",12239964,54788282,2022-04-15,"Vladimír Hula","POP_PRESENCE",NA,"val","val","ano","lok","ano","ano",1,"bourovec trnkový","15.04.2022","15.04.2022",8964181,"MOTYLI1064_673","CZ0624100: Milovický les",100,0,8964181,100,"7166c",15,4,"Milovický les","1","hnízda housenek",NA,"ano"
2022,"CZ0624100","Milovický les","Eriogaster catax","Motýli","MOTYLI1064","Na cvièišti","RP Jižní Morava","AOPK ÈR - RP Jižní Morava",12239964,54788282,2022-04-15,"Vladimír Hula","STA_LIKVIDACE",NA,"val","val","ne","lok","nezaznamenána","nezaznamenána",1,"bourovec trnkový","15.04.2022","15.04.2022",8964181,"MOTYLI1064_673","CZ0624100: Milovický les",100,0,8964181,100,"7166c",15,4,"Milovický les","1","hnízda housenek",NA,"nezaznamenána"
2022,"CZ0622218","Dunajovické kopce","Eriogaster catax","Motýli","MOTYLI1068","Dunajovické kopce","RP Jižní Morava","AOPK ÈR - RP Jižní Morava",12239968,54788284,2022-05-13,"Vladimir Hula","CELKOVE_SUM",NA,NA,NA,NA,NA,NA,"2",0,"bourovec trnkový","13.05.2022","13.05.2022",8964182,"MOTYLI1068_674","CZ0622218: Dunajovické kopce",100,0,8964182,100,"7165c",13,5,"Dunajovické kopce","1","hnízda housenek",NA,NA
2022,"CZ0622218","Dunajovické kopce","Eriogaster catax","Motýli","MOTYLI1068","Dunajovické kopce","RP Jižní Morava","AOPK ÈR - RP Jižní Morava",12239968,54788284,2022-05-13,"Vladimir Hula","CELKOVE_SUM",NA,NA,NA,NA,NA,NA,"2",1,"bourovec trnkový","13.05.2022","13.05.2022",8964182,"MOTYLI1068_674","CZ0622218: Dunajovické kopce",100,0,8964182,100,"7165c",13,5,"Dunajovické kopce","1","hnízda housenek",NA,NA
2022,"CZ0622218","Dunajovické kopce","Eriogaster catax","Motýli","MOTYLI1068","Dunajovické kopce","RP Jižní Morava","AOPK ÈR - RP Jižní Morava",12239968,54788284,2022-05-13,"Vladimir Hula","POP_POCETSUMLOKAL","hnízda housenek","min","minmax","ano","lok","10","1",0,"bourovec trnkový","13.05.2022","13.05.2022",8964182,"MOTYLI1068_674","CZ0622218: Dunajovické kopce",100,0,8964182,100,"7165c",13,5,"Dunajovické kopce","1","hnízda housenek",NA,"alespoò 10 hnízda housenek"
2022,"CZ0622218","Dunajovické kopce","Eriogaster catax","Motýli","MOTYLI1068","Dunajovické kopce","RP Jižní Morava","AOPK ÈR - RP Jižní Morava",12239968,54788284,2022-05-13,"Vladimir Hula","POP_PRESENCE",NA,"val","val","ano","lok","ano","ano",1,"bourovec trnkový","13.05.2022","13.05.2022",8964182,"MOTYLI1068_674","CZ0622218: Dunajovické kopce",100,0,8964182,100,"7165c",13,5,"Dunajovické kopce","1","hnízda housenek",NA,"ano"
2022,"CZ0622218","Dunajovické kopce","Eriogaster catax","Motýli","MOTYLI1068","Dunajovické kopce","RP Jižní Morava","AOPK ÈR - RP Jižní Morava",12239968,54788284,2022-05-13,"Vladimir Hula","STA_LIKVIDACE",NA,"val","val","ne","lok","nezaznamenána","nezaznamenána",1,"bourovec trnkový","13.05.2022","13.05.2022",8964182,"MOTYLI1068_674","CZ0622218: Dunajovické kopce",100,0,8964182,100,"7165c",13,5,"Dunajovické kopce","1","hnízda housenek",NA,"nezaznamenána"
2022,"CZ0624100","Milovický les","Eriogaster catax","Motýli","MOTYLI1069","Lišèí vrch","RP Jižní Morava","AOPK ÈR - RP Jižní Morava",12239958,54788285,2022-05-13,"Vladimír Hula","CELKOVE_SUM",NA,NA,NA,NA,NA,NA,"1",0,"bourovec trnkový","13.05.2022","13.05.2022",8964175,"MOTYLI1069","CZ0624100: Milovický les",90,1,8964175,100,"7266a",13,5,"Milovický les","1",NA,NA,NA
2022,"CZ0624100","Milovický les","Eriogaster catax","Motýli","MOTYLI1069","Lišèí vrch","RP Jižní Morava","AOPK ÈR - RP Jižní Morava",12239958,54788285,2022-05-13,"Vladimír Hula","CELKOVE_SUM",NA,NA,NA,NA,NA,NA,"1",1,"bourovec trnkový","13.05.2022","13.05.2022",8964175,"MOTYLI1069","CZ0624100: Milovický les",90,1,8964175,100,"7266a",13,5,"Milovický les","1",NA,NA,NA
2022,"CZ0624100","Milovický les","Eriogaster catax","Motýli","MOTYLI1069","Lišèí vrch","RP Jižní Morava","AOPK ÈR - RP Jižní Morava",12239958,54788285,2022-05-13,"Vladimír Hula","POP_POCETSUMLOKAL","hnízda housenek","min","minmax","ano","lok","10","0",0,"bourovec trnkový","13.05.2022","13.05.2022",8964175,"MOTYLI1069","CZ0624100: Milovický les",90,1,8964175,100,"7266a",13,5,"Milovický les","1",NA,NA,"alespoò 10 hnízda housenek"
2022,"CZ0624100","Milovický les","Eriogaster catax","Motýli","MOTYLI1069","Lišèí vrch","RP Jižní Morava","AOPK ÈR - RP Jižní Morava",12239958,54788285,2022-05-13,"Vladimír Hula","POP_PRESENCE",NA,"val","val","ano","lok","ano","ne",0,"bourovec trnkový","13.05.2022","13.05.2022",8964175,"MOTYLI1069","CZ0624100: Milovický les",90,1,8964175,100,"7266a",13,5,"Milovický les","1",NA,NA,"ano"
2022,"CZ0624100","Milovický les","Eriogaster catax","Motýli","MOTYLI1069","Lišèí vrch","RP Jižní Morava","AOPK ÈR - RP Jižní Morava",12239958,54788285,2022-05-13,"Vladimír Hula","STA_LIKVIDACE",NA,"val","val","ne","lok","nezaznamenána","nezaznamenána",1,"bourovec trnkový","13.05.2022","13.05.2022",8964175,"MOTYLI1069","CZ0624100: Milovický les",90,1,8964175,100,"7266a",13,5,"Milovický les","1",NA,NA,"nezaznamenána"
2022,"CZ0620048","Skalky u Sedlece","Eriogaster catax","Motýli","MOTYLI1070","Skalky","RP Jižní Morava","Krajský úøad Jihomoravského kraje",12239957,54788286,2022-05-12,"Vladimír Hula","CELKOVE_SUM",NA,NA,NA,NA,NA,NA,"1",0,"bourovec trnkový","12.05.2022","12.05.2022",8964179,"MOTYLI1070","CZ0620048: Skalky u Sedlece",89,1,8964179,100,"7266a",12,5,"Skalky u Sedlece","1",NA,NA,NA
2022,"CZ0620048","Skalky u Sedlece","Eriogaster catax","Motýli","MOTYLI1070","Skalky","RP Jižní Morava","Krajský úøad Jihomoravského kraje",12239957,54788286,2022-05-12,"Vladimír Hula","CELKOVE_SUM",NA,NA,NA,NA,NA,NA,"1",1,"bourovec trnkový","12.05.2022","12.05.2022",8964179,"MOTYLI1070","CZ0620048: Skalky u Sedlece",89,1,8964179,100,"7266a",12,5,"Skalky u Sedlece","1",NA,NA,NA
2022,"CZ0620048","Skalky u Sedlece","Eriogaster catax","Motýli","MOTYLI1070","Skalky","RP Jižní Morava","Krajský úøad Jihomoravského kraje",12239957,54788286,2022-05-12,"Vladimír Hula","POP_POCETSUMLOKAL","hnízda housenek","min","minmax","ano","lok","10","0",0,"bourovec trnkový","12.05.2022","12.05.2022",8964179,"MOTYLI1070","CZ0620048: Skalky u Sedlece",89,1,8964179,100,"7266a",12,5,"Skalky u Sedlece","1",NA,NA,"alespoò 10 hnízda housenek"
2022,"CZ0620048","Skalky u Sedlece","Eriogaster catax","Motýli","MOTYLI1070","Skalky","RP Jižní Morava","Krajský úøad Jihomoravského kraje",12239957,54788286,2022-05-12,"Vladimír Hula","POP_PRESENCE",NA,"val","val","ano","lok","ano","ne",0,"bourovec trnkový","12.05.2022","12.05.2022",8964179,"MOTYLI1070","CZ0620048: Skalky u Sedlece",89,1,8964179,100,"7266a",12,5,"Skalky u Sedlece","1",NA,NA,"ano"
2022,"CZ0620048","Skalky u Sedlece","Eriogaster catax","Motýli","MOTYLI1070","Skalky","RP Jižní Morava","Krajský úøad Jihomoravského kraje",12239957,54788286,2022-05-12,"Vladimír Hula","STA_LIKVIDACE",NA,"val","val","ne","lok","nezaznamenána","nezaznamenána",1,"bourovec trnkový","12.05.2022","12.05.2022",8964179,"MOTYLI1070","CZ0620048: Skalky u Sedlece",89,1,8964179,100,"7266a",12,5,"Skalky u Sedlece","1",NA,NA,"nezaznamenána"
2022,"CZ0620009","Lednické rybníky","Eriogaster catax","Motýli","MOTYLI1072","Výtopa","RP Jižní Morava","AOPK ÈR - RP Jižní Morava",12239963,54788287,2022-05-13,"Vladimír Hula","CELKOVE_SUM",NA,NA,NA,NA,NA,NA,"1",0,"bourovec trnkový","13.05.2022","13.05.2022",8964176,"MOTYLI1072","CZ0620009: Lednické rybníky",28,1,8964176,100,"7266a",13,5,"Lednické rybníky","1",NA,NA,NA
2022,"CZ0620009","Lednické rybníky","Eriogaster catax","Motýli","MOTYLI1072","Výtopa","RP Jižní Morava","AOPK ÈR - RP Jižní Morava",12239963,54788287,2022-05-13,"Vladimír Hula","CELKOVE_SUM",NA,NA,NA,NA,NA,NA,"1",1,"bourovec trnkový","13.05.2022","13.05.2022",8964176,"MOTYLI1072","CZ0620009: Lednické rybníky",28,1,8964176,100,"7266a",13,5,"Lednické rybníky","1",NA,NA,NA
2022,"CZ0620009","Lednické rybníky","Eriogaster catax","Motýli","MOTYLI1072","Výtopa","RP Jižní Morava","AOPK ÈR - RP Jižní Morava",12239963,54788287,2022-05-13,"Vladimír Hula","POP_POCETSUMLOKAL","hnízda housenek","min","minmax","ano","lok","10","0",0,"bourovec trnkový","13.05.2022","13.05.2022",8964176,"MOTYLI1072","CZ0620009: Lednické rybníky",28,1,8964176,100,"7266a",13,5,"Lednické rybníky","1",NA,NA,"alespoò 10 hnízda housenek"
2022,"CZ0620009","Lednické rybníky","Eriogaster catax","Motýli","MOTYLI1072","Výtopa","RP Jižní Morava","AOPK ÈR - RP Jižní Morava",12239963,54788287,2022-05-13,"Vladimír Hula","POP_PRESENCE",NA,"val","val","ano","lok","ano","ne",0,"bourovec trnkový","13.05.2022","13.05.2022",8964176,"MOTYLI1072","CZ0620009: Lednické rybníky",28,1,8964176,100,"7266a",13,5,"Lednické rybníky","1",NA,NA,"ano"
2022,"CZ0620009","Lednické rybníky","Eriogaster catax","Motýli","MOTYLI1072","Výtopa","RP Jižní Morava","AOPK ÈR - RP Jižní Morava",12239963,54788287,2022-05-13,"Vladimír Hula","STA_LIKVIDACE",NA,"val","val","ne","lok","nezaznamenána","nezaznamenána",1,"bourovec trnkový","13.05.2022","13.05.2022",8964176,"MOTYLI1072","CZ0620009: Lednické rybníky",28,1,8964176,100,"7266a",13,5,"Lednické rybníky","1",NA,NA,"nezaznamenána"
2022,"CZ0624104","Dìvín","Eriogaster catax","Motýli","MOTYLI1066","Kaple","RP Jižní Morava","AOPK ÈR - RP Jižní Morava",12239959,54788288,2022-05-12,"Vladimir Hula","CELKOVE_SUM",NA,NA,NA,NA,NA,NA,"1",0,"bourovec trnkový","12.05.2022","12.05.2022",8964173,"MOTYLI1066","CZ0624104: Dìvín",100,1,8964173,100,"7165b",12,5,"Dìvín","1",NA,NA,NA
2022,"CZ0624104","Dìvín","Eriogaster catax","Motýli","MOTYLI1066","Kaple","RP Jižní Morava","AOPK ÈR - RP Jižní Morava",12239959,54788288,2022-05-12,"Vladimir Hula","CELKOVE_SUM",NA,NA,NA,NA,NA,NA,"1",1,"bourovec trnkový","12.05.2022","12.05.2022",8964173,"MOTYLI1066","CZ0624104: Dìvín",100,1,8964173,100,"7165b",12,5,"Dìvín","1",NA,NA,NA
2022,"CZ0624104","Dìvín","Eriogaster catax","Motýli","MOTYLI1066","Kaple","RP Jižní Morava","AOPK ÈR - RP Jižní Morava",12239959,54788288,2022-05-12,"Vladimir Hula","POP_POCETSUMLOKAL","hnízda housenek","min","minmax","ano","lok","10","0",0,"bourovec trnkový","12.05.2022","12.05.2022",8964173,"MOTYLI1066","CZ0624104: Dìvín",100,1,8964173,100,"7165b",12,5,"Dìvín","1",NA,NA,"alespoò 10 hnízda housenek"
2022,"CZ0624104","Dìvín","Eriogaster catax","Motýli","MOTYLI1066","Kaple","RP Jižní Morava","AOPK ÈR - RP Jižní Morava",12239959,54788288,2022-05-12,"Vladimir Hula","POP_PRESENCE",NA,"val","val","ano","lok","ano","ne",0,"bourovec trnkový","12.05.2022","12.05.2022",8964173,"MOTYLI1066","CZ0624104: Dìvín",100,1,8964173,100,"7165b",12,5,"Dìvín","1",NA,NA,"ano"
2022,"CZ0624104","Dìvín","Eriogaster catax","Motýli","MOTYLI1066","Kaple","RP Jižní Morava","AOPK ÈR - RP Jižní Morava",12239959,54788288,2022-05-12,"Vladimir Hula","STA_LIKVIDACE",NA,"val","val","ne","lok","nezaznamenána","nezaznamenána",1,"bourovec trnkový","12.05.2022","12.05.2022",8964173,"MOTYLI1066","CZ0624104: Dìvín",100,1,8964173,100,"7165b",12,5,"Dìvín","1",NA,NA,"nezaznamenána"
2022,"CZ0623026","Studánkový vrch","Eriogaster catax","Motýli","MOTYLI1071","Studánkový vrchh","RP Jižní Morava","Krajský úøad Jihomoravského kraje",12239960,54788289,2022-05-13,"Vladimír Hula","CELKOVE_SUM",NA,NA,NA,NA,NA,NA,"1",0,"bourovec trnkový","13.05.2022","13.05.2022",8964177,"MOTYLI1071","CZ0623026: Studánkový vrch",99,1,8964177,100,"7266a",13,5,"Studánkový vrch","1",NA,NA,NA
2022,"CZ0623026","Studánkový vrch","Eriogaster catax","Motýli","MOTYLI1071","Studánkový vrchh","RP Jižní Morava","Krajský úøad Jihomoravského kraje",12239960,54788289,2022-05-13,"Vladimír Hula","CELKOVE_SUM",NA,NA,NA,NA,NA,NA,"1",1,"bourovec trnkový","13.05.2022","13.05.2022",8964177,"MOTYLI1071","CZ0623026: Studánkový vrch",99,1,8964177,100,"7266a",13,5,"Studánkový vrch","1",NA,NA,NA
2022,"CZ0623026","Studánkový vrch","Eriogaster catax","Motýli","MOTYLI1071","Studánkový vrchh","RP Jižní Morava","Krajský úøad Jihomoravského kraje",12239960,54788289,2022-05-13,"Vladimír Hula","POP_POCETSUMLOKAL","hnízda housenek","min","minmax","ano","lok","10","0",0,"bourovec trnkový","13.05.2022","13.05.2022",8964177,"MOTYLI1071","CZ0623026: Studánkový vrch",99,1,8964177,100,"7266a",13,5,"Studánkový vrch","1",NA,NA,"alespoò 10 hnízda housenek"
2022,"CZ0623026","Studánkový vrch","Eriogaster catax","Motýli","MOTYLI1071","Studánkový vrchh","RP Jižní Morava","Krajský úøad Jihomoravského kraje",12239960,54788289,2022-05-13,"Vladimír Hula","POP_PRESENCE",NA,"val","val","ano","lok","ano","ne",0,"bourovec trnkový","13.05.2022","13.05.2022",8964177,"MOTYLI1071","CZ0623026: Studánkový vrch",99,1,8964177,100,"7266a",13,5,"Studánkový vrch","1",NA,NA,"ano"
2022,"CZ0623026","Studánkový vrch","Eriogaster catax","Motýli","MOTYLI1071","Studánkový vrchh","RP Jižní Morava","Krajský úøad Jihomoravského kraje",12239960,54788289,2022-05-13,"Vladimír Hula","STA_LIKVIDACE",NA,"val","val","ne","lok","nezaznamenána","nezaznamenána",1,"bourovec trnkový","13.05.2022","13.05.2022",8964177,"MOTYLI1071","CZ0623026: Studánkový vrch",99,1,8964177,100,"7266a",13,5,"Studánkový vrch","1",NA,NA,"nezaznamenána"
2022,"CZ0624043","Stolová hora","Eriogaster catax","Motýli","MOTYLI1067","lomy nad Pernou","RP Jižní Morava","AOPK ÈR - RP Jižní Morava",12239961,54788291,2022-05-12,"Vladimir Hula","CELKOVE_SUM",NA,NA,NA,NA,NA,NA,"1",0,"bourovec trnkový","12.05.2022","12.05.2022",8964178,"MOTYLI1067","CZ0624043: Stolová hora",54,1,8964178,100,"7165d",12,5,"Stolová hora","1",NA,NA,NA
2022,"CZ0624043","Stolová hora","Eriogaster catax","Motýli","MOTYLI1067","lomy nad Pernou","RP Jižní Morava","AOPK ÈR - RP Jižní Morava",12239961,54788291,2022-05-12,"Vladimir Hula","CELKOVE_SUM",NA,NA,NA,NA,NA,NA,"1",1,"bourovec trnkový","12.05.2022","12.05.2022",8964178,"MOTYLI1067","CZ0624043: Stolová hora",54,1,8964178,100,"7165d",12,5,"Stolová hora","1",NA,NA,NA
2022,"CZ0624043","Stolová hora","Eriogaster catax","Motýli","MOTYLI1067","lomy nad Pernou","RP Jižní Morava","AOPK ÈR - RP Jižní Morava",12239961,54788291,2022-05-12,"Vladimir Hula","POP_POCETSUMLOKAL","hnízda housenek","min","minmax","ano","lok","10","0",0,"bourovec trnkový","12.05.2022","12.05.2022",8964178,"MOTYLI1067","CZ0624043: Stolová hora",54,1,8964178,100,"7165d",12,5,"Stolová hora","1",NA,NA,"alespoò 10 hnízda housenek"
2022,"CZ0624043","Stolová hora","Eriogaster catax","Motýli","MOTYLI1067","lomy nad Pernou","RP Jižní Morava","AOPK ÈR - RP Jižní Morava",12239961,54788291,2022-05-12,"Vladimir Hula","POP_PRESENCE",NA,"val","val","ano","lok","ano","ne",0,"bourovec trnkový","12.05.2022","12.05.2022",8964178,"MOTYLI1067","CZ0624043: Stolová hora",54,1,8964178,100,"7165d",12,5,"Stolová hora","1",NA,NA,"ano"
2022,"CZ0624043","Stolová hora","Eriogaster catax","Motýli","MOTYLI1067","lomy nad Pernou","RP Jižní Morava","AOPK ÈR - RP Jižní Morava",12239961,54788291,2022-05-12,"Vladimir Hula","STA_LIKVIDACE",NA,"val","val","ne","lok","nezaznamenána","nezaznamenána",1,"bourovec trnkový","12.05.2022","12.05.2022",8964178,"MOTYLI1067","CZ0624043: Stolová hora",54,1,8964178,100,"7165d",12,5,"Stolová hora","1",NA,NA,"nezaznamenána"
2023,"CZ0723024","Rochus","Eriogaster catax","Motýli","Uherské Hradištì, Silnice bez názvu","Uherské Hradištì, Silnice bez názvu","RP SCHKO Bílé Karpaty","Krajský úøad Zlínského kraje",12491328,55937406,2023-04-23,"Hrouzek Martin","CELKOVE_SUM",NA,NA,NA,NA,NA,NA,"1",0,"bourovec trnkový","23.04.2023","23.04.2023",9230187,NA,"CZ0723024: Rochus",100,0,9230187,100,"6970b",23,4,"Rochus","0","hnízda housenek",NA,NA
2023,"CZ0723024","Rochus","Eriogaster catax","Motýli","Uherské Hradištì, Silnice bez názvu","Uherské Hradištì, Silnice bez názvu","RP SCHKO Bílé Karpaty","Krajský úøad Zlínského kraje",12491328,55937406,2023-04-23,"Hrouzek Martin","CELKOVE_SUM",NA,NA,NA,NA,NA,NA,"1",1,"bourovec trnkový","23.04.2023","23.04.2023",9230187,NA,"CZ0723024: Rochus",100,0,9230187,100,"6970b",23,4,"Rochus","0","hnízda housenek",NA,NA
2023,"CZ0723024","Rochus","Eriogaster catax","Motýli","Uherské Hradištì, Silnice bez názvu","Uherské Hradištì, Silnice bez názvu","RP SCHKO Bílé Karpaty","Krajský úøad Zlínského kraje",12491328,55937406,2023-04-23,"Hrouzek Martin","CELKOVE_SUM",NA,NA,NA,NA,NA,NA,"1",NA,"bourovec trnkový","23.04.2023","23.04.2023",9230187,NA,"CZ0723024: Rochus",100,0,9230187,100,"6970b",23,4,"Rochus","0","hnízda housenek",NA,NA
2023,"CZ0723024","Rochus","Eriogaster catax","Motýli","Uherské Hradištì, Silnice bez názvu","Uherské Hradištì, Silnice bez názvu","RP SCHKO Bílé Karpaty","Krajský úøad Zlínského kraje",12491328,55937406,2023-04-23,"Hrouzek Martin","POP_POCETSUMLOKAL","hnízda housenek","min","minmax","ano","lok","10","3",0,"bourovec trnkový","23.04.2023","23.04.2023",9230187,NA,"CZ0723024: Rochus",100,0,9230187,100,"6970b",23,4,"Rochus","0","hnízda housenek",NA,"alespoò 10 hnízda housenek"
2023,"CZ0723024","Rochus","Eriogaster catax","Motýli","Uherské Hradištì, Silnice bez názvu","Uherské Hradištì, Silnice bez názvu","RP SCHKO Bílé Karpaty","Krajský úøad Zlínského kraje",12491328,55937406,2023-04-23,"Hrouzek Martin","POP_PRESENCE",NA,"val","val","ano","lok","ano","ano",1,"bourovec trnkový","23.04.2023","23.04.2023",9230187,NA,"CZ0723024: Rochus",100,0,9230187,100,"6970b",23,4,"Rochus","0","hnízda housenek",NA,"ano"
2023,"CZ0723024","Rochus","Eriogaster catax","Motýli","Uherské Hradištì, Silnice bez názvu","Uherské Hradištì, Silnice bez názvu","RP SCHKO Bílé Karpaty","Krajský úøad Zlínského kraje",12491328,55937406,2023-04-23,"Hrouzek Martin","STA_LIKVIDACE",NA,"val","val","ne","lok","nezaznamenána",NA,NA,"bourovec trnkový","23.04.2023","23.04.2023",9230187,NA,"CZ0723024: Rochus",100,0,9230187,100,"6970b",23,4,"Rochus","0","hnízda housenek",NA,"nezaznamenána"
2023,"CZ0624100","Milovický les","Eriogaster catax","Motýli","Mikulov","Mikulov","RP Jižní Morava","AOPK ÈR - RP Jižní Morava",12496514,55959380,2023-04-26,"Dedek Pavel","CELKOVE_SUM",NA,NA,NA,NA,NA,NA,"1",0,"bourovec trnkový","26.04.2023","26.04.2023",9243886,NA,"CZ0624100: Milovický les",100,0,9243886,100,"7166c",26,4,"Milovický les","0","hnízda housenek",NA,NA
2023,"CZ0624100","Milovický les","Eriogaster catax","Motýli","Mikulov","Mikulov","RP Jižní Morava","AOPK ÈR - RP Jižní Morava",12496514,55959380,2023-04-26,"Dedek Pavel","CELKOVE_SUM",NA,NA,NA,NA,NA,NA,"1",1,"bourovec trnkový","26.04.2023","26.04.2023",9243886,NA,"CZ0624100: Milovický les",100,0,9243886,100,"7166c",26,4,"Milovický les","0","hnízda housenek",NA,NA
2023,"CZ0624100","Milovický les","Eriogaster catax","Motýli","Mikulov","Mikulov","RP Jižní Morava","AOPK ÈR - RP Jižní Morava",12496514,55959380,2023-04-26,"Dedek Pavel","CELKOVE_SUM",NA,NA,NA,NA,NA,NA,"1",NA,"bourovec trnkový","26.04.2023","26.04.2023",9243886,NA,"CZ0624100: Milovický les",100,0,9243886,100,"7166c",26,4,"Milovický les","0","hnízda housenek",NA,NA
2023,"CZ0624100","Milovický les","Eriogaster catax","Motýli","Mikulov","Mikulov","RP Jižní Morava","AOPK ÈR - RP Jižní Morava",12496514,55959380,2023-04-26,"Dedek Pavel","POP_POCETSUMLOKAL","hnízda housenek","min","minmax","ano","lok","10","6",0,"bourovec trnkový","26.04.2023","26.04.2023",9243886,NA,"CZ0624100: Milovický les",100,0,9243886,100,"7166c",26,4,"Milovický les","0","hnízda housenek",NA,"alespoò 10 hnízda housenek"
2023,"CZ0624100","Milovický les","Eriogaster catax","Motýli","Mikulov","Mikulov","RP Jižní Morava","AOPK ÈR - RP Jižní Morava",12496514,55959380,2023-04-26,"Dedek Pavel","POP_PRESENCE",NA,"val","val","ano","lok","ano","ano",1,"bourovec trnkový","26.04.2023","26.04.2023",9243886,NA,"CZ0624100: Milovický les",100,0,9243886,100,"7166c",26,4,"Milovický les","0","hnízda housenek",NA,"ano"
2023,"CZ0624100","Milovický les","Eriogaster catax","Motýli","Mikulov","Mikulov","RP Jižní Morava","AOPK ÈR - RP Jižní Morava",12496514,55959380,2023-04-26,"Dedek Pavel","STA_LIKVIDACE",NA,"val","val","ne","lok","nezaznamenána",NA,NA,"bourovec trnkový","26.04.2023","26.04.2023",9243886,NA,"CZ0624100: Milovický les",100,0,9243886,100,"7166c",26,4,"Milovický les","0","hnízda housenek",NA,"nezaznamenána"
2023,"CZ0624100","Milovický les","Eriogaster catax","Motýli","Mikulov","Mikulov","RP Jižní Morava","AOPK ÈR - RP Jižní Morava",12496515,55959381,2023-04-26,"Dedek Pavel","CELKOVE_SUM",NA,NA,NA,NA,NA,NA,"1",0,"bourovec trnkový","26.04.2023","26.04.2023",9243887,NA,"CZ0624100: Milovický les",100,0,9243887,100,"7166c",26,4,"Milovický les","0","hnízda housenek",NA,NA
2023,"CZ0624100","Milovický les","Eriogaster catax","Motýli","Mikulov","Mikulov","RP Jižní Morava","AOPK ÈR - RP Jižní Morava",12496515,55959381,2023-04-26,"Dedek Pavel","CELKOVE_SUM",NA,NA,NA,NA,NA,NA,"1",1,"bourovec trnkový","26.04.2023","26.04.2023",9243887,NA,"CZ0624100: Milovický les",100,0,9243887,100,"7166c",26,4,"Milovický les","0","hnízda housenek",NA,NA
2023,"CZ0624100","Milovický les","Eriogaster catax","Motýli","Mikulov","Mikulov","RP Jižní Morava","AOPK ÈR - RP Jižní Morava",12496515,55959381,2023-04-26,"Dedek Pavel","CELKOVE_SUM",NA,NA,NA,NA,NA,NA,"1",NA,"bourovec trnkový","26.04.2023","26.04.2023",9243887,NA,"CZ0624100: Milovický les",100,0,9243887,100,"7166c",26,4,"Milovický les","0","hnízda housenek",NA,NA
2023,"CZ0624100","Milovický les","Eriogaster catax","Motýli","Mikulov","Mikulov","RP Jižní Morava","AOPK ÈR - RP Jižní Morava",12496515,55959381,2023-04-26,"Dedek Pavel","POP_POCETSUMLOKAL","hnízda housenek","min","minmax","ano","lok","10","6",0,"bourovec trnkový","26.04.2023","26.04.2023",9243887,NA,"CZ0624100: Milovický les",100,0,9243887,100,"7166c",26,4,"Milovický les","0","hnízda housenek",NA,"alespoò 10 hnízda housenek"
2023,"CZ0624100","Milovický les","Eriogaster catax","Motýli","Mikulov","Mikulov","RP Jižní Morava","AOPK ÈR - RP Jižní Morava",12496515,55959381,2023-04-26,"Dedek Pavel","POP_PRESENCE",NA,"val","val","ano","lok","ano","ano",1,"bourovec trnkový","26.04.2023","26.04.2023",9243887,NA,"CZ0624100: Milovický les",100,0,9243887,100,"7166c",26,4,"Milovický les","0","hnízda housenek",NA,"ano"
2023,"CZ0624100","Milovický les","Eriogaster catax","Motýli","Mikulov","Mikulov","RP Jižní Morava","AOPK ÈR - RP Jižní Morava",12496515,55959381,2023-04-26,"Dedek Pavel","STA_LIKVIDACE",NA,"val","val","ne","lok","nezaznamenána",NA,NA,"bourovec trnkový","26.04.2023","26.04.2023",9243887,NA,"CZ0624100: Milovický les",100,0,9243887,100,"7166c",26,4,"Milovický les","0","hnízda housenek",NA,"nezaznamenána"
2023,"CZ0624100","Milovický les","Eriogaster catax","Motýli","Mikulov, 421","Mikulov, 421","RP Jižní Morava","AOPK ÈR - RP Jižní Morava",12496516,55959382,2023-04-26,"Dedek Pavel","CELKOVE_SUM",NA,NA,NA,NA,NA,NA,"1",0,"bourovec trnkový","26.04.2023","26.04.2023",9243888,NA,"CZ0624100: Milovický les",100,0,9243888,100,"7166c",26,4,"Milovický les","0","hnízda housenek",NA,NA
2023,"CZ0624100","Milovický les","Eriogaster catax","Motýli","Mikulov, 421","Mikulov, 421","RP Jižní Morava","AOPK ÈR - RP Jižní Morava",12496516,55959382,2023-04-26,"Dedek Pavel","CELKOVE_SUM",NA,NA,NA,NA,NA,NA,"1",1,"bourovec trnkový","26.04.2023","26.04.2023",9243888,NA,"CZ0624100: Milovický les",100,0,9243888,100,"7166c",26,4,"Milovický les","0","hnízda housenek",NA,NA
2023,"CZ0624100","Milovický les","Eriogaster catax","Motýli","Mikulov, 421","Mikulov, 421","RP Jižní Morava","AOPK ÈR - RP Jižní Morava",12496516,55959382,2023-04-26,"Dedek Pavel","CELKOVE_SUM",NA,NA,NA,NA,NA,NA,"1",NA,"bourovec trnkový","26.04.2023","26.04.2023",9243888,NA,"CZ0624100: Milovický les",100,0,9243888,100,"7166c",26,4,"Milovický les","0","hnízda housenek",NA,NA
2023,"CZ0624100","Milovický les","Eriogaster catax","Motýli","Mikulov, 421","Mikulov, 421","RP Jižní Morava","AOPK ÈR - RP Jižní Morava",12496516,55959382,2023-04-26,"Dedek Pavel","POP_POCETSUMLOKAL","hnízda housenek","min","minmax","ano","lok","10","2",0,"bourovec trnkový","26.04.2023","26.04.2023",9243888,NA,"CZ0624100: Milovický les",100,0,9243888,100,"7166c",26,4,"Milovický les","0","hnízda housenek",NA,"alespoò 10 hnízda housenek"
2023,"CZ0624100","Milovický les","Eriogaster catax","Motýli","Mikulov, 421","Mikulov, 421","RP Jižní Morava","AOPK ÈR - RP Jižní Morava",12496516,55959382,2023-04-26,"Dedek Pavel","POP_PRESENCE",NA,"val","val","ano","lok","ano","ano",1,"bourovec trnkový","26.04.2023","26.04.2023",9243888,NA,"CZ0624100: Milovický les",100,0,9243888,100,"7166c",26,4,"Milovický les","0","hnízda housenek",NA,"ano"
2023,"CZ0624100","Milovický les","Eriogaster catax","Motýli","Mikulov, 421","Mikulov, 421","RP Jižní Morava","AOPK ÈR - RP Jižní Morava",12496516,55959382,2023-04-26,"Dedek Pavel","STA_LIKVIDACE",NA,"val","val","ne","lok","nezaznamenána",NA,NA,"bourovec trnkový","26.04.2023","26.04.2023",9243888,NA,"CZ0624100: Milovický les",100,0,9243888,100,"7166c",26,4,"Milovický les","0","hnízda housenek",NA,"nezaznamenána"
2023,"CZ0624100","Milovický les","Eriogaster catax","Motýli","Mikulov, 421","Mikulov, 421","RP Jižní Morava","AOPK ÈR - RP Jižní Morava",12496517,55959383,2023-04-26,"Dedek Pavel","CELKOVE_SUM",NA,NA,NA,NA,NA,NA,"1",0,"bourovec trnkový","26.04.2023","26.04.2023",9243889,NA,"CZ0624100: Milovický les",100,0,9243889,100,"7166c",26,4,"Milovický les","0","hnízda housenek",NA,NA
2023,"CZ0624100","Milovický les","Eriogaster catax","Motýli","Mikulov, 421","Mikulov, 421","RP Jižní Morava","AOPK ÈR - RP Jižní Morava",12496517,55959383,2023-04-26,"Dedek Pavel","CELKOVE_SUM",NA,NA,NA,NA,NA,NA,"1",1,"bourovec trnkový","26.04.2023","26.04.2023",9243889,NA,"CZ0624100: Milovický les",100,0,9243889,100,"7166c",26,4,"Milovický les","0","hnízda housenek",NA,NA
2023,"CZ0624100","Milovický les","Eriogaster catax","Motýli","Mikulov, 421","Mikulov, 421","RP Jižní Morava","AOPK ÈR - RP Jižní Morava",12496517,55959383,2023-04-26,"Dedek Pavel","CELKOVE_SUM",NA,NA,NA,NA,NA,NA,"1",NA,"bourovec trnkový","26.04.2023","26.04.2023",9243889,NA,"CZ0624100: Milovický les",100,0,9243889,100,"7166c",26,4,"Milovický les","0","hnízda housenek",NA,NA
2023,"CZ0624100","Milovický les","Eriogaster catax","Motýli","Mikulov, 421","Mikulov, 421","RP Jižní Morava","AOPK ÈR - RP Jižní Morava",12496517,55959383,2023-04-26,"Dedek Pavel","POP_POCETSUMLOKAL","hnízda housenek","min","minmax","ano","lok","10","2",0,"bourovec trnkový","26.04.2023","26.04.2023",9243889,NA,"CZ0624100: Milovický les",100,0,9243889,100,"7166c",26,4,"Milovický les","0","hnízda housenek",NA,"alespoò 10 hnízda housenek"
2023,"CZ0624100","Milovický les","Eriogaster catax","Motýli","Mikulov, 421","Mikulov, 421","RP Jižní Morava","AOPK ÈR - RP Jižní Morava",12496517,55959383,2023-04-26,"Dedek Pavel","POP_PRESENCE",NA,"val","val","ano","lok","ano","ano",1,"bourovec trnkový","26.04.2023","26.04.2023",9243889,NA,"CZ0624100: Milovický les",100,0,9243889,100,"7166c",26,4,"Milovický les","0","hnízda housenek",NA,"ano"
2023,"CZ0624100","Milovický les","Eriogaster catax","Motýli","Mikulov, 421","Mikulov, 421","RP Jižní Morava","AOPK ÈR - RP Jižní Morava",12496517,55959383,2023-04-26,"Dedek Pavel","STA_LIKVIDACE",NA,"val","val","ne","lok","nezaznamenána",NA,NA,"bourovec trnkový","26.04.2023","26.04.2023",9243889,NA,"CZ0624100: Milovický les",100,0,9243889,100,"7166c",26,4,"Milovický les","0","hnízda housenek",NA,"nezaznamenána"
2023,"CZ0624100","Milovický les","Eriogaster catax","Motýli","Mikulov, Silnice bez názvu","Mikulov, Silnice bez názvu","RP Jižní Morava","AOPK ÈR - RP Jižní Morava",12496518,55959384,2023-04-26,"Dedek Pavel","CELKOVE_SUM",NA,NA,NA,NA,NA,NA,"1",0,"bourovec trnkový","26.04.2023","26.04.2023",9243890,NA,"CZ0624100: Milovický les",100,0,9243890,100,"7166c",26,4,"Milovický les","0","hnízda housenek",NA,NA
2023,"CZ0624100","Milovický les","Eriogaster catax","Motýli","Mikulov, Silnice bez názvu","Mikulov, Silnice bez názvu","RP Jižní Morava","AOPK ÈR - RP Jižní Morava",12496518,55959384,2023-04-26,"Dedek Pavel","CELKOVE_SUM",NA,NA,NA,NA,NA,NA,"1",1,"bourovec trnkový","26.04.2023","26.04.2023",9243890,NA,"CZ0624100: Milovický les",100,0,9243890,100,"7166c",26,4,"Milovický les","0","hnízda housenek",NA,NA
2023,"CZ0624100","Milovický les","Eriogaster catax","Motýli","Mikulov, Silnice bez názvu","Mikulov, Silnice bez názvu","RP Jižní Morava","AOPK ÈR - RP Jižní Morava",12496518,55959384,2023-04-26,"Dedek Pavel","CELKOVE_SUM",NA,NA,NA,NA,NA,NA,"1",NA,"bourovec trnkový","26.04.2023","26.04.2023",9243890,NA,"CZ0624100: Milovický les",100,0,9243890,100,"7166c",26,4,"Milovický les","0","hnízda housenek",NA,NA
2023,"CZ0624100","Milovický les","Eriogaster catax","Motýli","Mikulov, Silnice bez názvu","Mikulov, Silnice bez názvu","RP Jižní Morava","AOPK ÈR - RP Jižní Morava",12496518,55959384,2023-04-26,"Dedek Pavel","POP_POCETSUMLOKAL","hnízda housenek","min","minmax","ano","lok","10","2",0,"bourovec trnkový","26.04.2023","26.04.2023",9243890,NA,"CZ0624100: Milovický les",100,0,9243890,100,"7166c",26,4,"Milovický les","0","hnízda housenek",NA,"alespoò 10 hnízda housenek"
2023,"CZ0624100","Milovický les","Eriogaster catax","Motýli","Mikulov, Silnice bez názvu","Mikulov, Silnice bez názvu","RP Jižní Morava","AOPK ÈR - RP Jižní Morava",12496518,55959384,2023-04-26,"Dedek Pavel","POP_PRESENCE",NA,"val","val","ano","lok","ano","ano",1,"bourovec trnkový","26.04.2023","26.04.2023",9243890,NA,"CZ0624100: Milovický les",100,0,9243890,100,"7166c",26,4,"Milovický les","0","hnízda housenek",NA,"ano"
2023,"CZ0624100","Milovický les","Eriogaster catax","Motýli","Mikulov, Silnice bez názvu","Mikulov, Silnice bez názvu","RP Jižní Morava","AOPK ÈR - RP Jižní Morava",12496518,55959384,2023-04-26,"Dedek Pavel","STA_LIKVIDACE",NA,"val","val","ne","lok","nezaznamenána",NA,NA,"bourovec trnkový","26.04.2023","26.04.2023",9243890,NA,"CZ0624100: Milovický les",100,0,9243890,100,"7166c",26,4,"Milovický les","0","hnízda housenek",NA,"nezaznamenána"
2023,"CZ0624100","Milovický les","Eriogaster catax","Motýli","Mikulov, Silnice bez názvu","Mikulov, Silnice bez názvu","RP Jižní Morava","AOPK ÈR - RP Jižní Morava",12496519,55959385,2023-04-26,"Dedek Pavel","CELKOVE_SUM",NA,NA,NA,NA,NA,NA,"1",0,"bourovec trnkový","26.04.2023","26.04.2023",9243891,NA,"CZ0624100: Milovický les",100,0,9243891,100,"7166c",26,4,"Milovický les","0","hnízda housenek",NA,NA
2023,"CZ0624100","Milovický les","Eriogaster catax","Motýli","Mikulov, Silnice bez názvu","Mikulov, Silnice bez názvu","RP Jižní Morava","AOPK ÈR - RP Jižní Morava",12496519,55959385,2023-04-26,"Dedek Pavel","CELKOVE_SUM",NA,NA,NA,NA,NA,NA,"1",1,"bourovec trnkový","26.04.2023","26.04.2023",9243891,NA,"CZ0624100: Milovický les",100,0,9243891,100,"7166c",26,4,"Milovický les","0","hnízda housenek",NA,NA
2023,"CZ0624100","Milovický les","Eriogaster catax","Motýli","Mikulov, Silnice bez názvu","Mikulov, Silnice bez názvu","RP Jižní Morava","AOPK ÈR - RP Jižní Morava",12496519,55959385,2023-04-26,"Dedek Pavel","CELKOVE_SUM",NA,NA,NA,NA,NA,NA,"1",NA,"bourovec trnkový","26.04.2023","26.04.2023",9243891,NA,"CZ0624100: Milovický les",100,0,9243891,100,"7166c",26,4,"Milovický les","0","hnízda housenek",NA,NA
2023,"CZ0624100","Milovický les","Eriogaster catax","Motýli","Mikulov, Silnice bez názvu","Mikulov, Silnice bez názvu","RP Jižní Morava","AOPK ÈR - RP Jižní Morava",12496519,55959385,2023-04-26,"Dedek Pavel","POP_POCETSUMLOKAL","hnízda housenek","min","minmax","ano","lok","10","2",0,"bourovec trnkový","26.04.2023","26.04.2023",9243891,NA,"CZ0624100: Milovický les",100,0,9243891,100,"7166c",26,4,"Milovický les","0","hnízda housenek",NA,"alespoò 10 hnízda housenek"
2023,"CZ0624100","Milovický les","Eriogaster catax","Motýli","Mikulov, Silnice bez názvu","Mikulov, Silnice bez názvu","RP Jižní Morava","AOPK ÈR - RP Jižní Morava",12496519,55959385,2023-04-26,"Dedek Pavel","POP_PRESENCE",NA,"val","val","ano","lok","ano","ano",1,"bourovec trnkový","26.04.2023","26.04.2023",9243891,NA,"CZ0624100: Milovický les",100,0,9243891,100,"7166c",26,4,"Milovický les","0","hnízda housenek",NA,"ano"
2023,"CZ0624100","Milovický les","Eriogaster catax","Motýli","Mikulov, Silnice bez názvu","Mikulov, Silnice bez názvu","RP Jižní Morava","AOPK ÈR - RP Jižní Morava",12496519,55959385,2023-04-26,"Dedek Pavel","STA_LIKVIDACE",NA,"val","val","ne","lok","nezaznamenána",NA,NA,"bourovec trnkový","26.04.2023","26.04.2023",9243891,NA,"CZ0624100: Milovický les",100,0,9243891,100,"7166c",26,4,"Milovický les","0","hnízda housenek",NA,"nezaznamenána"
2023,"CZ0624100","Milovický les","Eriogaster catax","Motýli","Mikulov","Mikulov","RP Jižní Morava","AOPK ÈR - RP Jižní Morava",12496520,55959386,2023-04-26,"Dedek Pavel","CELKOVE_SUM",NA,NA,NA,NA,NA,NA,"1",0,"bourovec trnkový","26.04.2023","26.04.2023",9243892,NA,"CZ0624100: Milovický les",100,0,9243892,100,"7166c",26,4,"Milovický les","0","hnízda housenek",NA,NA
2023,"CZ0624100","Milovický les","Eriogaster catax","Motýli","Mikulov","Mikulov","RP Jižní Morava","AOPK ÈR - RP Jižní Morava",12496520,55959386,2023-04-26,"Dedek Pavel","CELKOVE_SUM",NA,NA,NA,NA,NA,NA,"1",1,"bourovec trnkový","26.04.2023","26.04.2023",9243892,NA,"CZ0624100: Milovický les",100,0,9243892,100,"7166c",26,4,"Milovický les","0","hnízda housenek",NA,NA
2023,"CZ0624100","Milovický les","Eriogaster catax","Motýli","Mikulov","Mikulov","RP Jižní Morava","AOPK ÈR - RP Jižní Morava",12496520,55959386,2023-04-26,"Dedek Pavel","CELKOVE_SUM",NA,NA,NA,NA,NA,NA,"1",NA,"bourovec trnkový","26.04.2023","26.04.2023",9243892,NA,"CZ0624100: Milovický les",100,0,9243892,100,"7166c",26,4,"Milovický les","0","hnízda housenek",NA,NA
2023,"CZ0624100","Milovický les","Eriogaster catax","Motýli","Mikulov","Mikulov","RP Jižní Morava","AOPK ÈR - RP Jižní Morava",12496520,55959386,2023-04-26,"Dedek Pavel","POP_POCETSUMLOKAL","hnízda housenek","min","minmax","ano","lok","10","6",0,"bourovec trnkový","26.04.2023","26.04.2023",9243892,NA,"CZ0624100: Milovický les",100,0,9243892,100,"7166c",26,4,"Milovický les","0","hnízda housenek",NA,"alespoò 10 hnízda housenek"
2023,"CZ0624100","Milovický les","Eriogaster catax","Motýli","Mikulov","Mikulov","RP Jižní Morava","AOPK ÈR - RP Jižní Morava",12496520,55959386,2023-04-26,"Dedek Pavel","POP_PRESENCE",NA,"val","val","ano","lok","ano","ano",1,"bourovec trnkový","26.04.2023","26.04.2023",9243892,NA,"CZ0624100: Milovický les",100,0,9243892,100,"7166c",26,4,"Milovický les","0","hnízda housenek",NA,"ano"
2023,"CZ0624100","Milovický les","Eriogaster catax","Motýli","Mikulov","Mikulov","RP Jižní Morava","AOPK ÈR - RP Jižní Morava",12496520,55959386,2023-04-26,"Dedek Pavel","STA_LIKVIDACE",NA,"val","val","ne","lok","nezaznamenána",NA,NA,"bourovec trnkový","26.04.2023","26.04.2023",9243892,NA,"CZ0624100: Milovický les",100,0,9243892,100,"7166c",26,4,"Milovický les","0","hnízda housenek",NA,"nezaznamenána"
2023,"CZ0624100","Milovický les","Eriogaster catax","Motýli","Mikulov","Mikulov","RP Jižní Morava","AOPK ÈR - RP Jižní Morava",12496521,55959387,2023-04-26,"Dedek Pavel","CELKOVE_SUM",NA,NA,NA,NA,NA,NA,"1",0,"bourovec trnkový","26.04.2023","26.04.2023",9243893,NA,"CZ0624100: Milovický les",100,0,9243893,100,"7166c",26,4,"Milovický les","0","hnízda housenek",NA,NA
2023,"CZ0624100","Milovický les","Eriogaster catax","Motýli","Mikulov","Mikulov","RP Jižní Morava","AOPK ÈR - RP Jižní Morava",12496521,55959387,2023-04-26,"Dedek Pavel","CELKOVE_SUM",NA,NA,NA,NA,NA,NA,"1",1,"bourovec trnkový","26.04.2023","26.04.2023",9243893,NA,"CZ0624100: Milovický les",100,0,9243893,100,"7166c",26,4,"Milovický les","0","hnízda housenek",NA,NA
2023,"CZ0624100","Milovický les","Eriogaster catax","Motýli","Mikulov","Mikulov","RP Jižní Morava","AOPK ÈR - RP Jižní Morava",12496521,55959387,2023-04-26,"Dedek Pavel","CELKOVE_SUM",NA,NA,NA,NA,NA,NA,"1",NA,"bourovec trnkový","26.04.2023","26.04.2023",9243893,NA,"CZ0624100: Milovický les",100,0,9243893,100,"7166c",26,4,"Milovický les","0","hnízda housenek",NA,NA
2023,"CZ0624100","Milovický les","Eriogaster catax","Motýli","Mikulov","Mikulov","RP Jižní Morava","AOPK ÈR - RP Jižní Morava",12496521,55959387,2023-04-26,"Dedek Pavel","POP_POCETSUMLOKAL","hnízda housenek","min","minmax","ano","lok","10","6",0,"bourovec trnkový","26.04.2023","26.04.2023",9243893,NA,"CZ0624100: Milovický les",100,0,9243893,100,"7166c",26,4,"Milovický les","0","hnízda housenek",NA,"alespoò 10 hnízda housenek"
2023,"CZ0624100","Milovický les","Eriogaster catax","Motýli","Mikulov","Mikulov","RP Jižní Morava","AOPK ÈR - RP Jižní Morava",12496521,55959387,2023-04-26,"Dedek Pavel","POP_PRESENCE",NA,"val","val","ano","lok","ano","ano",1,"bourovec trnkový","26.04.2023","26.04.2023",9243893,NA,"CZ0624100: Milovický les",100,0,9243893,100,"7166c",26,4,"Milovický les","0","hnízda housenek",NA,"ano"
2023,"CZ0624100","Milovický les","Eriogaster catax","Motýli","Mikulov","Mikulov","RP Jižní Morava","AOPK ÈR - RP Jižní Morava",12496521,55959387,2023-04-26,"Dedek Pavel","STA_LIKVIDACE",NA,"val","val","ne","lok","nezaznamenána",NA,NA,"bourovec trnkový","26.04.2023","26.04.2023",9243893,NA,"CZ0624100: Milovický les",100,0,9243893,100,"7166c",26,4,"Milovický les","0","hnízda housenek",NA,"nezaznamenána"
2023,"CZ0624100","Milovický les","Eriogaster catax","Motýli","Mikulov","Mikulov","RP Jižní Morava","AOPK ÈR - RP Jižní Morava",12496522,55959388,2023-04-26,"Dedek Pavel","CELKOVE_SUM",NA,NA,NA,NA,NA,NA,"1",0,"bourovec trnkový","26.04.2023","26.04.2023",9243894,NA,"CZ0624100: Milovický les",100,0,9243894,100,"7166c",26,4,"Milovický les","0","hnízda housenek",NA,NA
2023,"CZ0624100","Milovický les","Eriogaster catax","Motýli","Mikulov","Mikulov","RP Jižní Morava","AOPK ÈR - RP Jižní Morava",12496522,55959388,2023-04-26,"Dedek Pavel","CELKOVE_SUM",NA,NA,NA,NA,NA,NA,"1",1,"bourovec trnkový","26.04.2023","26.04.2023",9243894,NA,"CZ0624100: Milovický les",100,0,9243894,100,"7166c",26,4,"Milovický les","0","hnízda housenek",NA,NA
2023,"CZ0624100","Milovický les","Eriogaster catax","Motýli","Mikulov","Mikulov","RP Jižní Morava","AOPK ÈR - RP Jižní Morava",12496522,55959388,2023-04-26,"Dedek Pavel","CELKOVE_SUM",NA,NA,NA,NA,NA,NA,"1",NA,"bourovec trnkový","26.04.2023","26.04.2023",9243894,NA,"CZ0624100: Milovický les",100,0,9243894,100,"7166c",26,4,"Milovický les","0","hnízda housenek",NA,NA
2023,"CZ0624100","Milovický les","Eriogaster catax","Motýli","Mikulov","Mikulov","RP Jižní Morava","AOPK ÈR - RP Jižní Morava",12496522,55959388,2023-04-26,"Dedek Pavel","POP_POCETSUMLOKAL","hnízda housenek","min","minmax","ano","lok","10","6",0,"bourovec trnkový","26.04.2023","26.04.2023",9243894,NA,"CZ0624100: Milovický les",100,0,9243894,100,"7166c",26,4,"Milovický les","0","hnízda housenek",NA,"alespoò 10 hnízda housenek"
2023,"CZ0624100","Milovický les","Eriogaster catax","Motýli","Mikulov","Mikulov","RP Jižní Morava","AOPK ÈR - RP Jižní Morava",12496522,55959388,2023-04-26,"Dedek Pavel","POP_PRESENCE",NA,"val","val","ano","lok","ano","ano",1,"bourovec trnkový","26.04.2023","26.04.2023",9243894,NA,"CZ0624100: Milovický les",100,0,9243894,100,"7166c",26,4,"Milovický les","0","hnízda housenek",NA,"ano"
2023,"CZ0624100","Milovický les","Eriogaster catax","Motýli","Mikulov","Mikulov","RP Jižní Morava","AOPK ÈR - RP Jižní Morava",12496522,55959388,2023-04-26,"Dedek Pavel","STA_LIKVIDACE",NA,"val","val","ne","lok","nezaznamenána",NA,NA,"bourovec trnkový","26.04.2023","26.04.2023",9243894,NA,"CZ0624100: Milovický les",100,0,9243894,100,"7166c",26,4,"Milovický les","0","hnízda housenek",NA,"nezaznamenána"
2023,"CZ0624100","Milovický les","Eriogaster catax","Motýli","Mikulov","Mikulov","RP Jižní Morava","AOPK ÈR - RP Jižní Morava",12496523,55959454,2023-04-26,"Dedek Pavel","CELKOVE_SUM",NA,NA,NA,NA,NA,NA,"1",0,"bourovec trnkový","26.04.2023","26.04.2023",9243895,NA,"CZ0624100: Milovický les",100,0,9243895,100,"7166c",26,4,"Milovický les","0","hnízda housenek",NA,NA
2023,"CZ0624100","Milovický les","Eriogaster catax","Motýli","Mikulov","Mikulov","RP Jižní Morava","AOPK ÈR - RP Jižní Morava",12496523,55959454,2023-04-26,"Dedek Pavel","CELKOVE_SUM",NA,NA,NA,NA,NA,NA,"1",1,"bourovec trnkový","26.04.2023","26.04.2023",9243895,NA,"CZ0624100: Milovický les",100,0,9243895,100,"7166c",26,4,"Milovický les","0","hnízda housenek",NA,NA
2023,"CZ0624100","Milovický les","Eriogaster catax","Motýli","Mikulov","Mikulov","RP Jižní Morava","AOPK ÈR - RP Jižní Morava",12496523,55959454,2023-04-26,"Dedek Pavel","CELKOVE_SUM",NA,NA,NA,NA,NA,NA,"1",NA,"bourovec trnkový","26.04.2023","26.04.2023",9243895,NA,"CZ0624100: Milovický les",100,0,9243895,100,"7166c",26,4,"Milovický les","0","hnízda housenek",NA,NA
2023,"CZ0624100","Milovický les","Eriogaster catax","Motýli","Mikulov","Mikulov","RP Jižní Morava","AOPK ÈR - RP Jižní Morava",12496523,55959454,2023-04-26,"Dedek Pavel","POP_POCETSUMLOKAL","hnízda housenek","min","minmax","ano","lok","10","6",0,"bourovec trnkový","26.04.2023","26.04.2023",9243895,NA,"CZ0624100: Milovický les",100,0,9243895,100,"7166c",26,4,"Milovický les","0","hnízda housenek",NA,"alespoò 10 hnízda housenek"
2023,"CZ0624100","Milovický les","Eriogaster catax","Motýli","Mikulov","Mikulov","RP Jižní Morava","AOPK ÈR - RP Jižní Morava",12496523,55959454,2023-04-26,"Dedek Pavel","POP_PRESENCE",NA,"val","val","ano","lok","ano","ano",1,"bourovec trnkový","26.04.2023","26.04.2023",9243895,NA,"CZ0624100: Milovický les",100,0,9243895,100,"7166c",26,4,"Milovický les","0","hnízda housenek",NA,"ano"
2023,"CZ0624100","Milovický les","Eriogaster catax","Motýli","Mikulov","Mikulov","RP Jižní Morava","AOPK ÈR - RP Jižní Morava",12496523,55959454,2023-04-26,"Dedek Pavel","STA_LIKVIDACE",NA,"val","val","ne","lok","nezaznamenána",NA,NA,"bourovec trnkový","26.04.2023","26.04.2023",9243895,NA,"CZ0624100: Milovický les",100,0,9243895,100,"7166c",26,4,"Milovický les","0","hnízda housenek",NA,"nezaznamenána"
2023,"CZ0624100","Milovický les","Eriogaster catax","Motýli","Mikulov - Mikulov na Moravì","Mikulov - Mikulov na Moravì","RP Jižní Morava","AOPK ÈR - RP Jižní Morava",12500629,55968108,2023-05-07,"Segl Jiøí","CELKOVE_SUM",NA,NA,NA,NA,NA,NA,"1",0,"bourovec trnkový","07.05.2023","07.05.2023",9254189,NA,"CZ0624100: Milovický les",100,0,9254189,100,"7166c",7,5,"Milovický les","0","hnízda housenek",NA,NA
2023,"CZ0624100","Milovický les","Eriogaster catax","Motýli","Mikulov - Mikulov na Moravì","Mikulov - Mikulov na Moravì","RP Jižní Morava","AOPK ÈR - RP Jižní Morava",12500629,55968108,2023-05-07,"Segl Jiøí","CELKOVE_SUM",NA,NA,NA,NA,NA,NA,"1",1,"bourovec trnkový","07.05.2023","07.05.2023",9254189,NA,"CZ0624100: Milovický les",100,0,9254189,100,"7166c",7,5,"Milovický les","0","hnízda housenek",NA,NA
2023,"CZ0624100","Milovický les","Eriogaster catax","Motýli","Mikulov - Mikulov na Moravì","Mikulov - Mikulov na Moravì","RP Jižní Morava","AOPK ÈR - RP Jižní Morava",12500629,55968108,2023-05-07,"Segl Jiøí","CELKOVE_SUM",NA,NA,NA,NA,NA,NA,"1",NA,"bourovec trnkový","07.05.2023","07.05.2023",9254189,NA,"CZ0624100: Milovický les",100,0,9254189,100,"7166c",7,5,"Milovický les","0","hnízda housenek",NA,NA
2023,"CZ0624100","Milovický les","Eriogaster catax","Motýli","Mikulov - Mikulov na Moravì","Mikulov - Mikulov na Moravì","RP Jižní Morava","AOPK ÈR - RP Jižní Morava",12500629,55968108,2023-05-07,"Segl Jiøí","POP_POCETSUMLOKAL","hnízda housenek","min","minmax","ano","lok","10","0",0,"bourovec trnkový","07.05.2023","07.05.2023",9254189,NA,"CZ0624100: Milovický les",100,0,9254189,100,"7166c",7,5,"Milovický les","0","hnízda housenek",NA,"alespoò 10 hnízda housenek"
2023,"CZ0624100","Milovický les","Eriogaster catax","Motýli","Mikulov - Mikulov na Moravì","Mikulov - Mikulov na Moravì","RP Jižní Morava","AOPK ÈR - RP Jižní Morava",12500629,55968108,2023-05-07,"Segl Jiøí","POP_PRESENCE",NA,"val","val","ano","lok","ano","ano",1,"bourovec trnkový","07.05.2023","07.05.2023",9254189,NA,"CZ0624100: Milovický les",100,0,9254189,100,"7166c",7,5,"Milovický les","0","hnízda housenek",NA,"ano"
2023,"CZ0624100","Milovický les","Eriogaster catax","Motýli","Mikulov - Mikulov na Moravì","Mikulov - Mikulov na Moravì","RP Jižní Morava","AOPK ÈR - RP Jižní Morava",12500629,55968108,2023-05-07,"Segl Jiøí","STA_LIKVIDACE",NA,"val","val","ne","lok","nezaznamenána",NA,NA,"bourovec trnkový","07.05.2023","07.05.2023",9254189,NA,"CZ0624100: Milovický les",100,0,9254189,100,"7166c",7,5,"Milovický les","0","hnízda housenek",NA,"nezaznamenána"
2023,"CZ0624100","Milovický les","Eriogaster catax","Motýli","Mikulov - Mikulov na Moravì","Mikulov - Mikulov na Moravì","RP Jižní Morava","AOPK ÈR - RP Jižní Morava",12500476,55968264,2023-05-07,"Segl Jiøí","CELKOVE_SUM",NA,NA,NA,NA,NA,NA,"1",0,"bourovec trnkový","07.05.2023","07.05.2023",9254036,NA,"CZ0624100: Milovický les",100,0,9254036,100,"7166c",7,5,"Milovický les","0","hnízda housenek",NA,NA
2023,"CZ0624100","Milovický les","Eriogaster catax","Motýli","Mikulov - Mikulov na Moravì","Mikulov - Mikulov na Moravì","RP Jižní Morava","AOPK ÈR - RP Jižní Morava",12500476,55968264,2023-05-07,"Segl Jiøí","CELKOVE_SUM",NA,NA,NA,NA,NA,NA,"1",1,"bourovec trnkový","07.05.2023","07.05.2023",9254036,NA,"CZ0624100: Milovický les",100,0,9254036,100,"7166c",7,5,"Milovický les","0","hnízda housenek",NA,NA
2023,"CZ0624100","Milovický les","Eriogaster catax","Motýli","Mikulov - Mikulov na Moravì","Mikulov - Mikulov na Moravì","RP Jižní Morava","AOPK ÈR - RP Jižní Morava",12500476,55968264,2023-05-07,"Segl Jiøí","CELKOVE_SUM",NA,NA,NA,NA,NA,NA,"1",NA,"bourovec trnkový","07.05.2023","07.05.2023",9254036,NA,"CZ0624100: Milovický les",100,0,9254036,100,"7166c",7,5,"Milovický les","0","hnízda housenek",NA,NA
2023,"CZ0624100","Milovický les","Eriogaster catax","Motýli","Mikulov - Mikulov na Moravì","Mikulov - Mikulov na Moravì","RP Jižní Morava","AOPK ÈR - RP Jižní Morava",12500476,55968264,2023-05-07,"Segl Jiøí","POP_POCETSUMLOKAL","hnízda housenek","min","minmax","ano","lok","10","0",0,"bourovec trnkový","07.05.2023","07.05.2023",9254036,NA,"CZ0624100: Milovický les",100,0,9254036,100,"7166c",7,5,"Milovický les","0","hnízda housenek",NA,"alespoò 10 hnízda housenek"
2023,"CZ0624100","Milovický les","Eriogaster catax","Motýli","Mikulov - Mikulov na Moravì","Mikulov - Mikulov na Moravì","RP Jižní Morava","AOPK ÈR - RP Jižní Morava",12500476,55968264,2023-05-07,"Segl Jiøí","POP_PRESENCE",NA,"val","val","ano","lok","ano","ano",1,"bourovec trnkový","07.05.2023","07.05.2023",9254036,NA,"CZ0624100: Milovický les",100,0,9254036,100,"7166c",7,5,"Milovický les","0","hnízda housenek",NA,"ano"
2023,"CZ0624100","Milovický les","Eriogaster catax","Motýli","Mikulov - Mikulov na Moravì","Mikulov - Mikulov na Moravì","RP Jižní Morava","AOPK ÈR - RP Jižní Morava",12500476,55968264,2023-05-07,"Segl Jiøí","STA_LIKVIDACE",NA,"val","val","ne","lok","nezaznamenána",NA,NA,"bourovec trnkový","07.05.2023","07.05.2023",9254036,NA,"CZ0624100: Milovický les",100,0,9254036,100,"7166c",7,5,"Milovický les","0","hnízda housenek",NA,"nezaznamenána"
2023,"CZ0624100","Milovický les","Eriogaster catax","Motýli","Mikulov - Mikulov na Moravì","Mikulov - Mikulov na Moravì","RP Jižní Morava","AOPK ÈR - RP Jižní Morava",12500963,55968617,2023-05-07,"Segl Jiøí","CELKOVE_SUM",NA,NA,NA,NA,NA,NA,"1",0,"bourovec trnkový","07.05.2023","07.05.2023",9254523,NA,"CZ0624100: Milovický les",100,0,9254523,100,"7166c",7,5,"Milovický les","0","hnízda housenek",NA,NA
2023,"CZ0624100","Milovický les","Eriogaster catax","Motýli","Mikulov - Mikulov na Moravì","Mikulov - Mikulov na Moravì","RP Jižní Morava","AOPK ÈR - RP Jižní Morava",12500963,55968617,2023-05-07,"Segl Jiøí","CELKOVE_SUM",NA,NA,NA,NA,NA,NA,"1",1,"bourovec trnkový","07.05.2023","07.05.2023",9254523,NA,"CZ0624100: Milovický les",100,0,9254523,100,"7166c",7,5,"Milovický les","0","hnízda housenek",NA,NA
2023,"CZ0624100","Milovický les","Eriogaster catax","Motýli","Mikulov - Mikulov na Moravì","Mikulov - Mikulov na Moravì","RP Jižní Morava","AOPK ÈR - RP Jižní Morava",12500963,55968617,2023-05-07,"Segl Jiøí","CELKOVE_SUM",NA,NA,NA,NA,NA,NA,"1",NA,"bourovec trnkový","07.05.2023","07.05.2023",9254523,NA,"CZ0624100: Milovický les",100,0,9254523,100,"7166c",7,5,"Milovický les","0","hnízda housenek",NA,NA
2023,"CZ0624100","Milovický les","Eriogaster catax","Motýli","Mikulov - Mikulov na Moravì","Mikulov - Mikulov na Moravì","RP Jižní Morava","AOPK ÈR - RP Jižní Morava",12500963,55968617,2023-05-07,"Segl Jiøí","POP_POCETSUMLOKAL","hnízda housenek","min","minmax","ano","lok","10","0",0,"bourovec trnkový","07.05.2023","07.05.2023",9254523,NA,"CZ0624100: Milovický les",100,0,9254523,100,"7166c",7,5,"Milovický les","0","hnízda housenek",NA,"alespoò 10 hnízda housenek"
2023,"CZ0624100","Milovický les","Eriogaster catax","Motýli","Mikulov - Mikulov na Moravì","Mikulov - Mikulov na Moravì","RP Jižní Morava","AOPK ÈR - RP Jižní Morava",12500963,55968617,2023-05-07,"Segl Jiøí","POP_PRESENCE",NA,"val","val","ano","lok","ano","ano",1,"bourovec trnkový","07.05.2023","07.05.2023",9254523,NA,"CZ0624100: Milovický les",100,0,9254523,100,"7166c",7,5,"Milovický les","0","hnízda housenek",NA,"ano"
2023,"CZ0624100","Milovický les","Eriogaster catax","Motýli","Mikulov - Mikulov na Moravì","Mikulov - Mikulov na Moravì","RP Jižní Morava","AOPK ÈR - RP Jižní Morava",12500963,55968617,2023-05-07,"Segl Jiøí","STA_LIKVIDACE",NA,"val","val","ne","lok","nezaznamenána",NA,NA,"bourovec trnkový","07.05.2023","07.05.2023",9254523,NA,"CZ0624100: Milovický les",100,0,9254523,100,"7166c",7,5,"Milovický les","0","hnízda housenek",NA,"nezaznamenána"
2023,"CZ0624100","Milovický les","Eriogaster catax","Motýli","Mikulov - Mikulov na Moravì","Mikulov - Mikulov na Moravì","RP Jižní Morava","AOPK ÈR - RP Jižní Morava",12500859,55968934,2023-05-15,"Segl Jiøí","CELKOVE_SUM",NA,NA,NA,NA,NA,NA,"1",0,"bourovec trnkový","15.05.2023","15.05.2023",9254419,NA,"CZ0624100: Milovický les",100,0,9254419,100,"7166c",15,5,"Milovický les","0","hnízda housenek",NA,NA
2023,"CZ0624100","Milovický les","Eriogaster catax","Motýli","Mikulov - Mikulov na Moravì","Mikulov - Mikulov na Moravì","RP Jižní Morava","AOPK ÈR - RP Jižní Morava",12500859,55968934,2023-05-15,"Segl Jiøí","CELKOVE_SUM",NA,NA,NA,NA,NA,NA,"1",1,"bourovec trnkový","15.05.2023","15.05.2023",9254419,NA,"CZ0624100: Milovický les",100,0,9254419,100,"7166c",15,5,"Milovický les","0","hnízda housenek",NA,NA
2023,"CZ0624100","Milovický les","Eriogaster catax","Motýli","Mikulov - Mikulov na Moravì","Mikulov - Mikulov na Moravì","RP Jižní Morava","AOPK ÈR - RP Jižní Morava",12500859,55968934,2023-05-15,"Segl Jiøí","CELKOVE_SUM",NA,NA,NA,NA,NA,NA,"1",NA,"bourovec trnkový","15.05.2023","15.05.2023",9254419,NA,"CZ0624100: Milovický les",100,0,9254419,100,"7166c",15,5,"Milovický les","0","hnízda housenek",NA,NA
2023,"CZ0624100","Milovický les","Eriogaster catax","Motýli","Mikulov - Mikulov na Moravì","Mikulov - Mikulov na Moravì","RP Jižní Morava","AOPK ÈR - RP Jižní Morava",12500859,55968934,2023-05-15,"Segl Jiøí","POP_POCETSUMLOKAL","hnízda housenek","min","minmax","ano","lok","10","0",0,"bourovec trnkový","15.05.2023","15.05.2023",9254419,NA,"CZ0624100: Milovický les",100,0,9254419,100,"7166c",15,5,"Milovický les","0","hnízda housenek",NA,"alespoò 10 hnízda housenek"
2023,"CZ0624100","Milovický les","Eriogaster catax","Motýli","Mikulov - Mikulov na Moravì","Mikulov - Mikulov na Moravì","RP Jižní Morava","AOPK ÈR - RP Jižní Morava",12500859,55968934,2023-05-15,"Segl Jiøí","POP_PRESENCE",NA,"val","val","ano","lok","ano","ano",1,"bourovec trnkový","15.05.2023","15.05.2023",9254419,NA,"CZ0624100: Milovický les",100,0,9254419,100,"7166c",15,5,"Milovický les","0","hnízda housenek",NA,"ano"
2023,"CZ0624100","Milovický les","Eriogaster catax","Motýli","Mikulov - Mikulov na Moravì","Mikulov - Mikulov na Moravì","RP Jižní Morava","AOPK ÈR - RP Jižní Morava",12500859,55968934,2023-05-15,"Segl Jiøí","STA_LIKVIDACE",NA,"val","val","ne","lok","nezaznamenána",NA,NA,"bourovec trnkový","15.05.2023","15.05.2023",9254419,NA,"CZ0624100: Milovický les",100,0,9254419,100,"7166c",15,5,"Milovický les","0","hnízda housenek",NA,"nezaznamenána"
2018,"CZ0624100","Milovický les","Eriogaster catax","Motýli","MOTYLI1439","Milovický les","RP Jižní Morava","AOPK ÈR - RP Jižní Morava",12543668,56105071,2018-05-05,"Jiøí Segl","CELKOVE_SUM",NA,NA,NA,NA,NA,NA,"2",0,"bourovec trnkový","05.05.2018","05.05.2018",9362885,"MOTYLI1439","CZ0624100: Milovický les",100,0,9362885,100,"7166c",5,5,"Milovický les","1","jedinci",NA,NA
2018,"CZ0624100","Milovický les","Eriogaster catax","Motýli","MOTYLI1439","Milovický les","RP Jižní Morava","AOPK ÈR - RP Jižní Morava",12543668,56105071,2018-05-05,"Jiøí Segl","CELKOVE_SUM",NA,NA,NA,NA,NA,NA,"2",1,"bourovec trnkový","05.05.2018","05.05.2018",9362885,"MOTYLI1439","CZ0624100: Milovický les",100,0,9362885,100,"7166c",5,5,"Milovický les","1","jedinci",NA,NA
2018,"CZ0624100","Milovický les","Eriogaster catax","Motýli","MOTYLI1439","Milovický les","RP Jižní Morava","AOPK ÈR - RP Jižní Morava",12543668,56105071,2018-05-05,"Jiøí Segl","POP_POCETSUMLOKAL","hnízda housenek","min","minmax","ano","lok","10","0",0,"bourovec trnkový","05.05.2018","05.05.2018",9362885,"MOTYLI1439","CZ0624100: Milovický les",100,0,9362885,100,"7166c",5,5,"Milovický les","1","jedinci",NA,"alespoò 10 hnízda housenek"
2018,"CZ0624100","Milovický les","Eriogaster catax","Motýli","MOTYLI1439","Milovický les","RP Jižní Morava","AOPK ÈR - RP Jižní Morava",12543668,56105071,2018-05-05,"Jiøí Segl","POP_PRESENCE",NA,"val","val","ano","lok","ano","ano",1,"bourovec trnkový","05.05.2018","05.05.2018",9362885,"MOTYLI1439","CZ0624100: Milovický les",100,0,9362885,100,"7166c",5,5,"Milovický les","1","jedinci",NA,"ano"
2018,"CZ0624100","Milovický les","Eriogaster catax","Motýli","MOTYLI1439","Milovický les","RP Jižní Morava","AOPK ÈR - RP Jižní Morava",12543668,56105071,2018-05-05,"Jiøí Segl","STA_LIKVIDACE",NA,"val","val","ne","lok","nezaznamenána","nezaznamenána",1,"bourovec trnkový","05.05.2018","05.05.2018",9362885,"MOTYLI1439","CZ0624100: Milovický les",100,0,9362885,100,"7166c",5,5,"Milovický les","1","jedinci",NA,"nezaznamenána"
2018,"CZ0624100","Milovický les","Eriogaster catax","Motýli","MOTYLI1440","Milovický les","RP Jižní Morava","AOPK ÈR - RP Jižní Morava",12543657,56105073,2018-05-05,"Jiøí Segl","CELKOVE_SUM",NA,NA,NA,NA,NA,NA,"2",0,"bourovec trnkový","05.05.2018","05.05.2018",9362890,"MOTYLI1440","CZ0624100: Milovický les",100,0,9362890,100,"7166c",5,5,"Milovický les","1","jedinci",NA,NA
2018,"CZ0624100","Milovický les","Eriogaster catax","Motýli","MOTYLI1440","Milovický les","RP Jižní Morava","AOPK ÈR - RP Jižní Morava",12543657,56105073,2018-05-05,"Jiøí Segl","CELKOVE_SUM",NA,NA,NA,NA,NA,NA,"2",1,"bourovec trnkový","05.05.2018","05.05.2018",9362890,"MOTYLI1440","CZ0624100: Milovický les",100,0,9362890,100,"7166c",5,5,"Milovický les","1","jedinci",NA,NA
2018,"CZ0624100","Milovický les","Eriogaster catax","Motýli","MOTYLI1440","Milovický les","RP Jižní Morava","AOPK ÈR - RP Jižní Morava",12543657,56105073,2018-05-05,"Jiøí Segl","POP_POCETSUMLOKAL","hnízda housenek","min","minmax","ano","lok","10","0",0,"bourovec trnkový","05.05.2018","05.05.2018",9362890,"MOTYLI1440","CZ0624100: Milovický les",100,0,9362890,100,"7166c",5,5,"Milovický les","1","jedinci",NA,"alespoò 10 hnízda housenek"
2018,"CZ0624100","Milovický les","Eriogaster catax","Motýli","MOTYLI1440","Milovický les","RP Jižní Morava","AOPK ÈR - RP Jižní Morava",12543657,56105073,2018-05-05,"Jiøí Segl","POP_PRESENCE",NA,"val","val","ano","lok","ano","ano",1,"bourovec trnkový","05.05.2018","05.05.2018",9362890,"MOTYLI1440","CZ0624100: Milovický les",100,0,9362890,100,"7166c",5,5,"Milovický les","1","jedinci",NA,"ano"
2018,"CZ0624100","Milovický les","Eriogaster catax","Motýli","MOTYLI1440","Milovický les","RP Jižní Morava","AOPK ÈR - RP Jižní Morava",12543657,56105073,2018-05-05,"Jiøí Segl","STA_LIKVIDACE",NA,"val","val","ne","lok","nezaznamenána","nezaznamenána",1,"bourovec trnkový","05.05.2018","05.05.2018",9362890,"MOTYLI1440","CZ0624100: Milovický les",100,0,9362890,100,"7166c",5,5,"Milovický les","1","jedinci",NA,"nezaznamenána"
2018,"CZ0624100","Milovický les","Eriogaster catax","Motýli","MOTYLI1468","CZ0624100 - Milovický les","RP Jižní Morava","AOPK ÈR - RP Jižní Morava",12543684,56105074,2018-05-05,"Jiøí Segl","CELKOVE_SUM",NA,NA,NA,NA,NA,NA,"3",1,"bourovec trnkový","05.05.2018","05.05.2018",9362892,"MOTYLI1468_727","CZ0624100: Milovický les",100,0,9362892,100,"7166c",5,5,"Milovický les","1","hnízda housenek",NA,NA
2018,"CZ0624100","Milovický les","Eriogaster catax","Motýli","MOTYLI1468","CZ0624100 - Milovický les","RP Jižní Morava","AOPK ÈR - RP Jižní Morava",12543684,56105074,2018-05-05,"Jiøí Segl","POP_POCETSUMLOKAL","hnízda housenek","min","minmax","ano","lok","10","25",1,"bourovec trnkový","05.05.2018","05.05.2018",9362892,"MOTYLI1468_727","CZ0624100: Milovický les",100,0,9362892,100,"7166c",5,5,"Milovický les","1","hnízda housenek",NA,"alespoò 10 hnízda housenek"
2018,"CZ0624100","Milovický les","Eriogaster catax","Motýli","MOTYLI1468","CZ0624100 - Milovický les","RP Jižní Morava","AOPK ÈR - RP Jižní Morava",12543684,56105074,2018-05-05,"Jiøí Segl","POP_PRESENCE",NA,"val","val","ano","lok","ano","ano",1,"bourovec trnkový","05.05.2018","05.05.2018",9362892,"MOTYLI1468_727","CZ0624100: Milovický les",100,0,9362892,100,"7166c",5,5,"Milovický les","1","hnízda housenek",NA,"ano"
2018,"CZ0624100","Milovický les","Eriogaster catax","Motýli","MOTYLI1468","CZ0624100 - Milovický les","RP Jižní Morava","AOPK ÈR - RP Jižní Morava",12543684,56105074,2018-05-05,"Jiøí Segl","STA_LIKVIDACE",NA,"val","val","ne","lok","nezaznamenána","nezaznamenána",1,"bourovec trnkový","05.05.2018","05.05.2018",9362892,"MOTYLI1468_727","CZ0624100: Milovický les",100,0,9362892,100,"7166c",5,5,"Milovický les","1","hnízda housenek",NA,"nezaznamenána"
2017,"CZ0624100","Milovický les","Eriogaster catax","Motýli","MOTYLI1435","Milovický les","RP Jižní Morava","AOPK ÈR - RP Jižní Morava",12543667,56105075,2017-04-13,"Jiøí Segl","CELKOVE_SUM",NA,NA,NA,NA,NA,NA,"2",0,"bourovec trnkový","13.04.2017","13.04.2017",9362873,"MOTYLI1435","CZ0624100: Milovický les",100,0,9362873,100,"7166c",13,4,"Milovický les","1","jedinci",NA,NA
2017,"CZ0624100","Milovický les","Eriogaster catax","Motýli","MOTYLI1435","Milovický les","RP Jižní Morava","AOPK ÈR - RP Jižní Morava",12543667,56105075,2017-04-13,"Jiøí Segl","CELKOVE_SUM",NA,NA,NA,NA,NA,NA,"2",1,"bourovec trnkový","13.04.2017","13.04.2017",9362873,"MOTYLI1435","CZ0624100: Milovický les",100,0,9362873,100,"7166c",13,4,"Milovický les","1","jedinci",NA,NA
2017,"CZ0624100","Milovický les","Eriogaster catax","Motýli","MOTYLI1435","Milovický les","RP Jižní Morava","AOPK ÈR - RP Jižní Morava",12543667,56105075,2017-04-13,"Jiøí Segl","POP_POCETSUMLOKAL","hnízda housenek","min","minmax","ano","lok","10","0",0,"bourovec trnkový","13.04.2017","13.04.2017",9362873,"MOTYLI1435","CZ0624100: Milovický les",100,0,9362873,100,"7166c",13,4,"Milovický les","1","jedinci",NA,"alespoò 10 hnízda housenek"
2017,"CZ0624100","Milovický les","Eriogaster catax","Motýli","MOTYLI1435","Milovický les","RP Jižní Morava","AOPK ÈR - RP Jižní Morava",12543667,56105075,2017-04-13,"Jiøí Segl","POP_PRESENCE",NA,"val","val","ano","lok","ano","ano",1,"bourovec trnkový","13.04.2017","13.04.2017",9362873,"MOTYLI1435","CZ0624100: Milovický les",100,0,9362873,100,"7166c",13,4,"Milovický les","1","jedinci",NA,"ano"
2017,"CZ0624100","Milovický les","Eriogaster catax","Motýli","MOTYLI1435","Milovický les","RP Jižní Morava","AOPK ÈR - RP Jižní Morava",12543667,56105075,2017-04-13,"Jiøí Segl","STA_LIKVIDACE",NA,"val","val","ne","lok","nezaznamenána","nezaznamenána",1,"bourovec trnkový","13.04.2017","13.04.2017",9362873,"MOTYLI1435","CZ0624100: Milovický les",100,0,9362873,100,"7166c",13,4,"Milovický les","1","jedinci",NA,"nezaznamenána"
2017,"CZ0624100","Milovický les","Eriogaster catax","Motýli","MOTYLI1469","CZ0624100 - Milovický les","RP Jižní Morava","AOPK ÈR - RP Jižní Morava",12543683,56105076,2017-04-13,"Jiøí Segl","CELKOVE_SUM",NA,NA,NA,NA,NA,NA,"3",1,"bourovec trnkový","13.04.2017","13.04.2017",9362893,"MOTYLI1469_728","CZ0624100: Milovický les",100,0,9362893,100,"7166c",13,4,"Milovický les","1","hnízda housenek",NA,NA
2017,"CZ0624100","Milovický les","Eriogaster catax","Motýli","MOTYLI1469","CZ0624100 - Milovický les","RP Jižní Morava","AOPK ÈR - RP Jižní Morava",12543683,56105076,2017-04-13,"Jiøí Segl","POP_POCETSUMLOKAL","hnízda housenek","min","minmax","ano","lok","10","50",1,"bourovec trnkový","13.04.2017","13.04.2017",9362893,"MOTYLI1469_728","CZ0624100: Milovický les",100,0,9362893,100,"7166c",13,4,"Milovický les","1","hnízda housenek",NA,"alespoò 10 hnízda housenek"
2017,"CZ0624100","Milovický les","Eriogaster catax","Motýli","MOTYLI1469","CZ0624100 - Milovický les","RP Jižní Morava","AOPK ÈR - RP Jižní Morava",12543683,56105076,2017-04-13,"Jiøí Segl","POP_PRESENCE",NA,"val","val","ano","lok","ano","ano",1,"bourovec trnkový","13.04.2017","13.04.2017",9362893,"MOTYLI1469_728","CZ0624100: Milovický les",100,0,9362893,100,"7166c",13,4,"Milovický les","1","hnízda housenek",NA,"ano"
2017,"CZ0624100","Milovický les","Eriogaster catax","Motýli","MOTYLI1469","CZ0624100 - Milovický les","RP Jižní Morava","AOPK ÈR - RP Jižní Morava",12543683,56105076,2017-04-13,"Jiøí Segl","STA_LIKVIDACE",NA,"val","val","ne","lok","nezaznamenána","nezaznamenána",1,"bourovec trnkový","13.04.2017","13.04.2017",9362893,"MOTYLI1469_728","CZ0624100: Milovický les",100,0,9362893,100,"7166c",13,4,"Milovický les","1","hnízda housenek",NA,"nezaznamenána"
2017,"CZ0624100","Milovický les","Eriogaster catax","Motýli","MOTYLI1436","Milovický les","RP Jižní Morava","AOPK ÈR - RP Jižní Morava",12543654,56105077,2017-04-13,"Jiøí Segl","CELKOVE_SUM",NA,NA,NA,NA,NA,NA,"2",0,"bourovec trnkový","13.04.2017","13.04.2017",9362877,"MOTYLI1436","CZ0624100: Milovický les",100,0,9362877,100,"7166c",13,4,"Milovický les","1","jedinci",NA,NA
2017,"CZ0624100","Milovický les","Eriogaster catax","Motýli","MOTYLI1436","Milovický les","RP Jižní Morava","AOPK ÈR - RP Jižní Morava",12543654,56105077,2017-04-13,"Jiøí Segl","CELKOVE_SUM",NA,NA,NA,NA,NA,NA,"2",1,"bourovec trnkový","13.04.2017","13.04.2017",9362877,"MOTYLI1436","CZ0624100: Milovický les",100,0,9362877,100,"7166c",13,4,"Milovický les","1","jedinci",NA,NA
2017,"CZ0624100","Milovický les","Eriogaster catax","Motýli","MOTYLI1436","Milovický les","RP Jižní Morava","AOPK ÈR - RP Jižní Morava",12543654,56105077,2017-04-13,"Jiøí Segl","POP_POCETSUMLOKAL","hnízda housenek","min","minmax","ano","lok","10","0",0,"bourovec trnkový","13.04.2017","13.04.2017",9362877,"MOTYLI1436","CZ0624100: Milovický les",100,0,9362877,100,"7166c",13,4,"Milovický les","1","jedinci",NA,"alespoò 10 hnízda housenek"
2017,"CZ0624100","Milovický les","Eriogaster catax","Motýli","MOTYLI1436","Milovický les","RP Jižní Morava","AOPK ÈR - RP Jižní Morava",12543654,56105077,2017-04-13,"Jiøí Segl","POP_PRESENCE",NA,"val","val","ano","lok","ano","ano",1,"bourovec trnkový","13.04.2017","13.04.2017",9362877,"MOTYLI1436","CZ0624100: Milovický les",100,0,9362877,100,"7166c",13,4,"Milovický les","1","jedinci",NA,"ano"
2017,"CZ0624100","Milovický les","Eriogaster catax","Motýli","MOTYLI1436","Milovický les","RP Jižní Morava","AOPK ÈR - RP Jižní Morava",12543654,56105077,2017-04-13,"Jiøí Segl","STA_LIKVIDACE",NA,"val","val","ne","lok","nezaznamenána","nezaznamenána",1,"bourovec trnkový","13.04.2017","13.04.2017",9362877,"MOTYLI1436","CZ0624100: Milovický les",100,0,9362877,100,"7166c",13,4,"Milovický les","1","jedinci",NA,"nezaznamenána"
2017,"CZ0624100","Milovický les","Eriogaster catax","Motýli","MOTYLI1437","Milovický les","RP Jižní Morava","AOPK ÈR - RP Jižní Morava",12543652,56105078,2017-04-13,"Jiøí Segl","CELKOVE_SUM",NA,NA,NA,NA,NA,NA,"2",0,"bourovec trnkový","13.04.2017","13.04.2017",9362871,"MOTYLI1437","CZ0624100: Milovický les",100,0,9362871,100,"7166c",13,4,"Milovický les","1","jedinci",NA,NA
2017,"CZ0624100","Milovický les","Eriogaster catax","Motýli","MOTYLI1437","Milovický les","RP Jižní Morava","AOPK ÈR - RP Jižní Morava",12543652,56105078,2017-04-13,"Jiøí Segl","CELKOVE_SUM",NA,NA,NA,NA,NA,NA,"2",1,"bourovec trnkový","13.04.2017","13.04.2017",9362871,"MOTYLI1437","CZ0624100: Milovický les",100,0,9362871,100,"7166c",13,4,"Milovický les","1","jedinci",NA,NA
2017,"CZ0624100","Milovický les","Eriogaster catax","Motýli","MOTYLI1437","Milovický les","RP Jižní Morava","AOPK ÈR - RP Jižní Morava",12543652,56105078,2017-04-13,"Jiøí Segl","POP_POCETSUMLOKAL","hnízda housenek","min","minmax","ano","lok","10","0",0,"bourovec trnkový","13.04.2017","13.04.2017",9362871,"MOTYLI1437","CZ0624100: Milovický les",100,0,9362871,100,"7166c",13,4,"Milovický les","1","jedinci",NA,"alespoò 10 hnízda housenek"
2017,"CZ0624100","Milovický les","Eriogaster catax","Motýli","MOTYLI1437","Milovický les","RP Jižní Morava","AOPK ÈR - RP Jižní Morava",12543652,56105078,2017-04-13,"Jiøí Segl","POP_PRESENCE",NA,"val","val","ano","lok","ano","ano",1,"bourovec trnkový","13.04.2017","13.04.2017",9362871,"MOTYLI1437","CZ0624100: Milovický les",100,0,9362871,100,"7166c",13,4,"Milovický les","1","jedinci",NA,"ano"
2017,"CZ0624100","Milovický les","Eriogaster catax","Motýli","MOTYLI1437","Milovický les","RP Jižní Morava","AOPK ÈR - RP Jižní Morava",12543652,56105078,2017-04-13,"Jiøí Segl","STA_LIKVIDACE",NA,"val","val","ne","lok","nezaznamenána","nezaznamenána",1,"bourovec trnkový","13.04.2017","13.04.2017",9362871,"MOTYLI1437","CZ0624100: Milovický les",100,0,9362871,100,"7166c",13,4,"Milovický les","1","jedinci",NA,"nezaznamenána"
2016,"CZ0624100","Milovický les","Eriogaster catax","Motýli","MOTYLI1432","Milovický les","RP Jižní Morava","AOPK ÈR - RP Jižní Morava",12543653,56105080,2016-05-01,"Jiøí Segl","CELKOVE_SUM",NA,NA,NA,NA,NA,NA,"2",0,"bourovec trnkový","01.05.2016","01.05.2016",9362875,"MOTYLI1432","CZ0624100: Milovický les",92,0,9362875,100,"7166c",1,5,"Milovický les","1","jedinci",NA,NA
2016,"CZ0624100","Milovický les","Eriogaster catax","Motýli","MOTYLI1432","Milovický les","RP Jižní Morava","AOPK ÈR - RP Jižní Morava",12543653,56105080,2016-05-01,"Jiøí Segl","CELKOVE_SUM",NA,NA,NA,NA,NA,NA,"2",1,"bourovec trnkový","01.05.2016","01.05.2016",9362875,"MOTYLI1432","CZ0624100: Milovický les",92,0,9362875,100,"7166c",1,5,"Milovický les","1","jedinci",NA,NA
2016,"CZ0624100","Milovický les","Eriogaster catax","Motýli","MOTYLI1432","Milovický les","RP Jižní Morava","AOPK ÈR - RP Jižní Morava",12543653,56105080,2016-05-01,"Jiøí Segl","POP_POCETSUMLOKAL","hnízda housenek","min","minmax","ano","lok","10","0",0,"bourovec trnkový","01.05.2016","01.05.2016",9362875,"MOTYLI1432","CZ0624100: Milovický les",92,0,9362875,100,"7166c",1,5,"Milovický les","1","jedinci",NA,"alespoò 10 hnízda housenek"
2016,"CZ0624100","Milovický les","Eriogaster catax","Motýli","MOTYLI1432","Milovický les","RP Jižní Morava","AOPK ÈR - RP Jižní Morava",12543653,56105080,2016-05-01,"Jiøí Segl","POP_PRESENCE",NA,"val","val","ano","lok","ano","ano",1,"bourovec trnkový","01.05.2016","01.05.2016",9362875,"MOTYLI1432","CZ0624100: Milovický les",92,0,9362875,100,"7166c",1,5,"Milovický les","1","jedinci",NA,"ano"
2016,"CZ0624100","Milovický les","Eriogaster catax","Motýli","MOTYLI1432","Milovický les","RP Jižní Morava","AOPK ÈR - RP Jižní Morava",12543653,56105080,2016-05-01,"Jiøí Segl","STA_LIKVIDACE",NA,"val","val","ne","lok","nezaznamenána","nezaznamenána",1,"bourovec trnkový","01.05.2016","01.05.2016",9362875,"MOTYLI1432","CZ0624100: Milovický les",92,0,9362875,100,"7166c",1,5,"Milovický les","1","jedinci",NA,"nezaznamenána"
2016,"CZ0624100","Milovický les","Eriogaster catax","Motýli","MOTYLI1470","CZ0624100 - Milovický les","RP Jižní Morava","AOPK ÈR - RP Jižní Morava",12543682,56105081,2016-05-01,"Jiøí Segl","CELKOVE_SUM",NA,NA,NA,NA,NA,NA,"2",0,"bourovec trnkový","01.05.2016","01.05.2016",9362894,"MOTYLI1470_729","CZ0624100: Milovický les",100,0,9362894,100,"7166c",1,5,"Milovický les","1","hnízda housenek",NA,NA
2016,"CZ0624100","Milovický les","Eriogaster catax","Motýli","MOTYLI1470","CZ0624100 - Milovický les","RP Jižní Morava","AOPK ÈR - RP Jižní Morava",12543682,56105081,2016-05-01,"Jiøí Segl","CELKOVE_SUM",NA,NA,NA,NA,NA,NA,"2",1,"bourovec trnkový","01.05.2016","01.05.2016",9362894,"MOTYLI1470_729","CZ0624100: Milovický les",100,0,9362894,100,"7166c",1,5,"Milovický les","1","hnízda housenek",NA,NA
2016,"CZ0624100","Milovický les","Eriogaster catax","Motýli","MOTYLI1470","CZ0624100 - Milovický les","RP Jižní Morava","AOPK ÈR - RP Jižní Morava",12543682,56105081,2016-05-01,"Jiøí Segl","POP_POCETSUMLOKAL","hnízda housenek","min","minmax","ano","lok","10","5",0,"bourovec trnkový","01.05.2016","01.05.2016",9362894,"MOTYLI1470_729","CZ0624100: Milovický les",100,0,9362894,100,"7166c",1,5,"Milovický les","1","hnízda housenek",NA,"alespoò 10 hnízda housenek"
2016,"CZ0624100","Milovický les","Eriogaster catax","Motýli","MOTYLI1470","CZ0624100 - Milovický les","RP Jižní Morava","AOPK ÈR - RP Jižní Morava",12543682,56105081,2016-05-01,"Jiøí Segl","POP_PRESENCE",NA,"val","val","ano","lok","ano","ano",1,"bourovec trnkový","01.05.2016","01.05.2016",9362894,"MOTYLI1470_729","CZ0624100: Milovický les",100,0,9362894,100,"7166c",1,5,"Milovický les","1","hnízda housenek",NA,"ano"
2016,"CZ0624100","Milovický les","Eriogaster catax","Motýli","MOTYLI1470","CZ0624100 - Milovický les","RP Jižní Morava","AOPK ÈR - RP Jižní Morava",12543682,56105081,2016-05-01,"Jiøí Segl","STA_LIKVIDACE",NA,"val","val","ne","lok","nezaznamenána","nezaznamenána",1,"bourovec trnkový","01.05.2016","01.05.2016",9362894,"MOTYLI1470_729","CZ0624100: Milovický les",100,0,9362894,100,"7166c",1,5,"Milovický les","1","hnízda housenek",NA,"nezaznamenána"
2018,"CZ0624100","Milovický les","Eriogaster catax","Motýli","MOTYLI1441","Milovický les","RP Jižní Morava","AOPK ÈR - RP Jižní Morava",12543663,56105082,2018-05-05,"Jiøí Segl","CELKOVE_SUM",NA,NA,NA,NA,NA,NA,"2",0,"bourovec trnkový","05.05.2018","05.05.2018",9362881,"MOTYLI1441","CZ0624100: Milovický les",95,0,9362881,100,"7166c",5,5,"Milovický les","1","jedinci",NA,NA
2018,"CZ0624100","Milovický les","Eriogaster catax","Motýli","MOTYLI1441","Milovický les","RP Jižní Morava","AOPK ÈR - RP Jižní Morava",12543663,56105082,2018-05-05,"Jiøí Segl","CELKOVE_SUM",NA,NA,NA,NA,NA,NA,"2",1,"bourovec trnkový","05.05.2018","05.05.2018",9362881,"MOTYLI1441","CZ0624100: Milovický les",95,0,9362881,100,"7166c",5,5,"Milovický les","1","jedinci",NA,NA
2018,"CZ0624100","Milovický les","Eriogaster catax","Motýli","MOTYLI1441","Milovický les","RP Jižní Morava","AOPK ÈR - RP Jižní Morava",12543663,56105082,2018-05-05,"Jiøí Segl","POP_POCETSUMLOKAL","hnízda housenek","min","minmax","ano","lok","10","0",0,"bourovec trnkový","05.05.2018","05.05.2018",9362881,"MOTYLI1441","CZ0624100: Milovický les",95,0,9362881,100,"7166c",5,5,"Milovický les","1","jedinci",NA,"alespoò 10 hnízda housenek"
2018,"CZ0624100","Milovický les","Eriogaster catax","Motýli","MOTYLI1441","Milovický les","RP Jižní Morava","AOPK ÈR - RP Jižní Morava",12543663,56105082,2018-05-05,"Jiøí Segl","POP_PRESENCE",NA,"val","val","ano","lok","ano","ano",1,"bourovec trnkový","05.05.2018","05.05.2018",9362881,"MOTYLI1441","CZ0624100: Milovický les",95,0,9362881,100,"7166c",5,5,"Milovický les","1","jedinci",NA,"ano"
2018,"CZ0624100","Milovický les","Eriogaster catax","Motýli","MOTYLI1441","Milovický les","RP Jižní Morava","AOPK ÈR - RP Jižní Morava",12543663,56105082,2018-05-05,"Jiøí Segl","STA_LIKVIDACE",NA,"val","val","ne","lok","nezaznamenána","nezaznamenána",1,"bourovec trnkový","05.05.2018","05.05.2018",9362881,"MOTYLI1441","CZ0624100: Milovický les",95,0,9362881,100,"7166c",5,5,"Milovický les","1","jedinci",NA,"nezaznamenána"
2016,"CZ0624100","Milovický les","Eriogaster catax","Motýli","MOTYLI1433","Milovický les","RP Jižní Morava","AOPK ÈR - RP Jižní Morava",12543664,56105083,2016-05-01,"Jiøí Segl","CELKOVE_SUM",NA,NA,NA,NA,NA,NA,"2",0,"bourovec trnkový","01.05.2016","01.05.2016",9362870,"MOTYLI1433","CZ0624100: Milovický les",100,0,9362870,100,"7166c",1,5,"Milovický les","1","jedinci",NA,NA
2016,"CZ0624100","Milovický les","Eriogaster catax","Motýli","MOTYLI1433","Milovický les","RP Jižní Morava","AOPK ÈR - RP Jižní Morava",12543664,56105083,2016-05-01,"Jiøí Segl","CELKOVE_SUM",NA,NA,NA,NA,NA,NA,"2",1,"bourovec trnkový","01.05.2016","01.05.2016",9362870,"MOTYLI1433","CZ0624100: Milovický les",100,0,9362870,100,"7166c",1,5,"Milovický les","1","jedinci",NA,NA
2016,"CZ0624100","Milovický les","Eriogaster catax","Motýli","MOTYLI1433","Milovický les","RP Jižní Morava","AOPK ÈR - RP Jižní Morava",12543664,56105083,2016-05-01,"Jiøí Segl","POP_POCETSUMLOKAL","hnízda housenek","min","minmax","ano","lok","10","0",0,"bourovec trnkový","01.05.2016","01.05.2016",9362870,"MOTYLI1433","CZ0624100: Milovický les",100,0,9362870,100,"7166c",1,5,"Milovický les","1","jedinci",NA,"alespoò 10 hnízda housenek"
2016,"CZ0624100","Milovický les","Eriogaster catax","Motýli","MOTYLI1433","Milovický les","RP Jižní Morava","AOPK ÈR - RP Jižní Morava",12543664,56105083,2016-05-01,"Jiøí Segl","POP_PRESENCE",NA,"val","val","ano","lok","ano","ano",1,"bourovec trnkový","01.05.2016","01.05.2016",9362870,"MOTYLI1433","CZ0624100: Milovický les",100,0,9362870,100,"7166c",1,5,"Milovický les","1","jedinci",NA,"ano"
2016,"CZ0624100","Milovický les","Eriogaster catax","Motýli","MOTYLI1433","Milovický les","RP Jižní Morava","AOPK ÈR - RP Jižní Morava",12543664,56105083,2016-05-01,"Jiøí Segl","STA_LIKVIDACE",NA,"val","val","ne","lok","nezaznamenána","nezaznamenána",1,"bourovec trnkový","01.05.2016","01.05.2016",9362870,"MOTYLI1433","CZ0624100: Milovický les",100,0,9362870,100,"7166c",1,5,"Milovický les","1","jedinci",NA,"nezaznamenána"
2016,"CZ0624100","Milovický les","Eriogaster catax","Motýli","MOTYLI1431","Milovický les","RP Jižní Morava","AOPK ÈR - RP Jižní Morava",12543659,56105084,2016-05-01,"Jiøí Segl","CELKOVE_SUM",NA,NA,NA,NA,NA,NA,"2",0,"bourovec trnkový","01.05.2016","01.05.2016",9362880,"MOTYLI1431","CZ0624100: Milovický les",100,0,9362880,100,"7166c",1,5,"Milovický les","1","jedinci",NA,NA
2016,"CZ0624100","Milovický les","Eriogaster catax","Motýli","MOTYLI1431","Milovický les","RP Jižní Morava","AOPK ÈR - RP Jižní Morava",12543659,56105084,2016-05-01,"Jiøí Segl","CELKOVE_SUM",NA,NA,NA,NA,NA,NA,"2",1,"bourovec trnkový","01.05.2016","01.05.2016",9362880,"MOTYLI1431","CZ0624100: Milovický les",100,0,9362880,100,"7166c",1,5,"Milovický les","1","jedinci",NA,NA
2016,"CZ0624100","Milovický les","Eriogaster catax","Motýli","MOTYLI1431","Milovický les","RP Jižní Morava","AOPK ÈR - RP Jižní Morava",12543659,56105084,2016-05-01,"Jiøí Segl","POP_POCETSUMLOKAL","hnízda housenek","min","minmax","ano","lok","10","0",0,"bourovec trnkový","01.05.2016","01.05.2016",9362880,"MOTYLI1431","CZ0624100: Milovický les",100,0,9362880,100,"7166c",1,5,"Milovický les","1","jedinci",NA,"alespoò 10 hnízda housenek"
2016,"CZ0624100","Milovický les","Eriogaster catax","Motýli","MOTYLI1431","Milovický les","RP Jižní Morava","AOPK ÈR - RP Jižní Morava",12543659,56105084,2016-05-01,"Jiøí Segl","POP_PRESENCE",NA,"val","val","ano","lok","ano","ano",1,"bourovec trnkový","01.05.2016","01.05.2016",9362880,"MOTYLI1431","CZ0624100: Milovický les",100,0,9362880,100,"7166c",1,5,"Milovický les","1","jedinci",NA,"ano"
2016,"CZ0624100","Milovický les","Eriogaster catax","Motýli","MOTYLI1431","Milovický les","RP Jižní Morava","AOPK ÈR - RP Jižní Morava",12543659,56105084,2016-05-01,"Jiøí Segl","STA_LIKVIDACE",NA,"val","val","ne","lok","nezaznamenána","nezaznamenána",1,"bourovec trnkový","01.05.2016","01.05.2016",9362880,"MOTYLI1431","CZ0624100: Milovický les",100,0,9362880,100,"7166c",1,5,"Milovický les","1","jedinci",NA,"nezaznamenána"
2022,"CZ0624119","Soutok - Podluží","Eriogaster catax","Motýli","MOTYLI1073","Lány","RP Jižní Morava","AOPK ÈR - RP Jižní Morava, Krajský úøad Jihomoravského kraje",12543669,56105099,2022-11-05,"Vladimír Hula","CELKOVE_SUM",NA,NA,NA,NA,NA,NA,"1",0,"bourovec trnkový","05.11.2022","05.11.2022",9362887,"MOTYLI1073","CZ0624119: Soutok - Podluží",100,1,9362887,100,"7267d",5,11,"Soutok - Podluží","1",NA,NA,NA
2022,"CZ0624119","Soutok - Podluží","Eriogaster catax","Motýli","MOTYLI1073","Lány","RP Jižní Morava","AOPK ÈR - RP Jižní Morava, Krajský úøad Jihomoravského kraje",12543669,56105099,2022-11-05,"Vladimír Hula","CELKOVE_SUM",NA,NA,NA,NA,NA,NA,"1",1,"bourovec trnkový","05.11.2022","05.11.2022",9362887,"MOTYLI1073","CZ0624119: Soutok - Podluží",100,1,9362887,100,"7267d",5,11,"Soutok - Podluží","1",NA,NA,NA
2022,"CZ0624119","Soutok - Podluží","Eriogaster catax","Motýli","MOTYLI1073","Lány","RP Jižní Morava","AOPK ÈR - RP Jižní Morava, Krajský úøad Jihomoravského kraje",12543669,56105099,2022-11-05,"Vladimír Hula","POP_POCETSUMLOKAL","hnízda housenek","min","minmax","ano","lok","10","0",0,"bourovec trnkový","05.11.2022","05.11.2022",9362887,"MOTYLI1073","CZ0624119: Soutok - Podluží",100,1,9362887,100,"7267d",5,11,"Soutok - Podluží","1",NA,NA,"alespoò 10 hnízda housenek"
2022,"CZ0624119","Soutok - Podluží","Eriogaster catax","Motýli","MOTYLI1073","Lány","RP Jižní Morava","AOPK ÈR - RP Jižní Morava, Krajský úøad Jihomoravského kraje",12543669,56105099,2022-11-05,"Vladimír Hula","POP_PRESENCE",NA,"val","val","ano","lok","ano","ne",0,"bourovec trnkový","05.11.2022","05.11.2022",9362887,"MOTYLI1073","CZ0624119: Soutok - Podluží",100,1,9362887,100,"7267d",5,11,"Soutok - Podluží","1",NA,NA,"ano"
2022,"CZ0624119","Soutok - Podluží","Eriogaster catax","Motýli","MOTYLI1073","Lány","RP Jižní Morava","AOPK ÈR - RP Jižní Morava, Krajský úøad Jihomoravského kraje",12543669,56105099,2022-11-05,"Vladimír Hula","STA_LIKVIDACE",NA,"val","val","ne","lok","nezaznamenána","nezaznamenána",1,"bourovec trnkový","05.11.2022","05.11.2022",9362887,"MOTYLI1073","CZ0624119: Soutok - Podluží",100,1,9362887,100,"7267d",5,11,"Soutok - Podluží","1",NA,NA,"nezaznamenána"
2023,"CZ0620009","Lednické rybníky","Eriogaster catax","Motýli","40, Valtice - Valtice","40, Valtice - Valtice","RP Jižní Morava","AOPK ÈR - RP Jižní Morava",12557821,56180269,2023-05-10,"Horal David","CELKOVE_SUM",NA,NA,NA,NA,NA,NA,"1",0,"bourovec trnkový","10.05.2023","10.05.2023",9395182,NA,"CZ0620009: Lednické rybníky",100,0,9395182,100,"7266a",10,5,"Lednické rybníky","0","hnízda housenek",NA,NA
2023,"CZ0620009","Lednické rybníky","Eriogaster catax","Motýli","40, Valtice - Valtice","40, Valtice - Valtice","RP Jižní Morava","AOPK ÈR - RP Jižní Morava",12557821,56180269,2023-05-10,"Horal David","CELKOVE_SUM",NA,NA,NA,NA,NA,NA,"1",1,"bourovec trnkový","10.05.2023","10.05.2023",9395182,NA,"CZ0620009: Lednické rybníky",100,0,9395182,100,"7266a",10,5,"Lednické rybníky","0","hnízda housenek",NA,NA
2023,"CZ0620009","Lednické rybníky","Eriogaster catax","Motýli","40, Valtice - Valtice","40, Valtice - Valtice","RP Jižní Morava","AOPK ÈR - RP Jižní Morava",12557821,56180269,2023-05-10,"Horal David","CELKOVE_SUM",NA,NA,NA,NA,NA,NA,"1",NA,"bourovec trnkový","10.05.2023","10.05.2023",9395182,NA,"CZ0620009: Lednické rybníky",100,0,9395182,100,"7266a",10,5,"Lednické rybníky","0","hnízda housenek",NA,NA
2023,"CZ0620009","Lednické rybníky","Eriogaster catax","Motýli","40, Valtice - Valtice","40, Valtice - Valtice","RP Jižní Morava","AOPK ÈR - RP Jižní Morava",12557821,56180269,2023-05-10,"Horal David","POP_POCETSUMLOKAL","hnízda housenek","min","minmax","ano","lok","10","1",0,"bourovec trnkový","10.05.2023","10.05.2023",9395182,NA,"CZ0620009: Lednické rybníky",100,0,9395182,100,"7266a",10,5,"Lednické rybníky","0","hnízda housenek",NA,"alespoò 10 hnízda housenek"
2023,"CZ0620009","Lednické rybníky","Eriogaster catax","Motýli","40, Valtice - Valtice","40, Valtice - Valtice","RP Jižní Morava","AOPK ÈR - RP Jižní Morava",12557821,56180269,2023-05-10,"Horal David","POP_PRESENCE",NA,"val","val","ano","lok","ano","ano",1,"bourovec trnkový","10.05.2023","10.05.2023",9395182,NA,"CZ0620009: Lednické rybníky",100,0,9395182,100,"7266a",10,5,"Lednické rybníky","0","hnízda housenek",NA,"ano"
2023,"CZ0620009","Lednické rybníky","Eriogaster catax","Motýli","40, Valtice - Valtice","40, Valtice - Valtice","RP Jižní Morava","AOPK ÈR - RP Jižní Morava",12557821,56180269,2023-05-10,"Horal David","STA_LIKVIDACE",NA,"val","val","ne","lok","nezaznamenána",NA,NA,"bourovec trnkový","10.05.2023","10.05.2023",9395182,NA,"CZ0620009: Lednické rybníky",100,0,9395182,100,"7266a",10,5,"Lednické rybníky","0","hnízda housenek",NA,"nezaznamenána"
2023,"CZ0624100","Milovický les","Eriogaster catax","Motýli","PP Na cvièišti, Mikulov - Mikulov na Moravì","PP Na cvièišti, Mikulov - Mikulov na Moravì","RP Jižní Morava","AOPK ÈR - RP Jižní Morava",12721912,57173028,2023-10-13,"Hrùzová Lucie","CELKOVE_SUM",NA,NA,NA,NA,NA,NA,"1",0,"bourovec trnkový","13.10.2023","13.10.2023",9521470,NA,"CZ0624100: Milovický les",100,0,9521470,100,"7166c",13,10,"Milovický les","0","samci",NA,NA
2023,"CZ0624100","Milovický les","Eriogaster catax","Motýli","PP Na cvièišti, Mikulov - Mikulov na Moravì","PP Na cvièišti, Mikulov - Mikulov na Moravì","RP Jižní Morava","AOPK ÈR - RP Jižní Morava",12721912,57173028,2023-10-13,"Hrùzová Lucie","CELKOVE_SUM",NA,NA,NA,NA,NA,NA,"1",1,"bourovec trnkový","13.10.2023","13.10.2023",9521470,NA,"CZ0624100: Milovický les",100,0,9521470,100,"7166c",13,10,"Milovický les","0","samci",NA,NA
2023,"CZ0624100","Milovický les","Eriogaster catax","Motýli","PP Na cvièišti, Mikulov - Mikulov na Moravì","PP Na cvièišti, Mikulov - Mikulov na Moravì","RP Jižní Morava","AOPK ÈR - RP Jižní Morava",12721912,57173028,2023-10-13,"Hrùzová Lucie","CELKOVE_SUM",NA,NA,NA,NA,NA,NA,"1",NA,"bourovec trnkový","13.10.2023","13.10.2023",9521470,NA,"CZ0624100: Milovický les",100,0,9521470,100,"7166c",13,10,"Milovický les","0","samci",NA,NA
2023,"CZ0624100","Milovický les","Eriogaster catax","Motýli","PP Na cvièišti, Mikulov - Mikulov na Moravì","PP Na cvièišti, Mikulov - Mikulov na Moravì","RP Jižní Morava","AOPK ÈR - RP Jižní Morava",12721912,57173028,2023-10-13,"Hrùzová Lucie","POP_POCETSUMLOKAL","hnízda housenek","min","minmax","ano","lok","10","0",0,"bourovec trnkový","13.10.2023","13.10.2023",9521470,NA,"CZ0624100: Milovický les",100,0,9521470,100,"7166c",13,10,"Milovický les","0","samci",NA,"alespoò 10 hnízda housenek"
2023,"CZ0624100","Milovický les","Eriogaster catax","Motýli","PP Na cvièišti, Mikulov - Mikulov na Moravì","PP Na cvièišti, Mikulov - Mikulov na Moravì","RP Jižní Morava","AOPK ÈR - RP Jižní Morava",12721912,57173028,2023-10-13,"Hrùzová Lucie","POP_PRESENCE",NA,"val","val","ano","lok","ano","ano",1,"bourovec trnkový","13.10.2023","13.10.2023",9521470,NA,"CZ0624100: Milovický les",100,0,9521470,100,"7166c",13,10,"Milovický les","0","samci",NA,"ano"
2023,"CZ0624100","Milovický les","Eriogaster catax","Motýli","PP Na cvièišti, Mikulov - Mikulov na Moravì","PP Na cvièišti, Mikulov - Mikulov na Moravì","RP Jižní Morava","AOPK ÈR - RP Jižní Morava",12721912,57173028,2023-10-13,"Hrùzová Lucie","STA_LIKVIDACE",NA,"val","val","ne","lok","nezaznamenána",NA,NA,"bourovec trnkový","13.10.2023","13.10.2023",9521470,NA,"CZ0624100: Milovický les",100,0,9521470,100,"7166c",13,10,"Milovický les","0","samci",NA,"nezaznamenána"
2023,"CZ0620162","Jeèmeništì","Eriogaster catax","Motýli","PP Jeèmeništì, Dyjákovièky","PP Jeèmeništì, Dyjákovièky","RP Jižní Morava","Krajský úøad Jihomoravského kraje",12723079,57179276,2023-10-13,"Tunka Zdenìk","CELKOVE_SUM",NA,NA,NA,NA,NA,NA,"1",0,"bourovec trnkový","13.10.2023","13.10.2023",9524180,NA,"CZ0620162: Jeèmeništì",100,0,9524180,100,"7262d",13,10,"Jeèmeništì","0","samci",NA,NA
2023,"CZ0620162","Jeèmeništì","Eriogaster catax","Motýli","PP Jeèmeništì, Dyjákovièky","PP Jeèmeništì, Dyjákovièky","RP Jižní Morava","Krajský úøad Jihomoravského kraje",12723079,57179276,2023-10-13,"Tunka Zdenìk","CELKOVE_SUM",NA,NA,NA,NA,NA,NA,"1",1,"bourovec trnkový","13.10.2023","13.10.2023",9524180,NA,"CZ0620162: Jeèmeništì",100,0,9524180,100,"7262d",13,10,"Jeèmeništì","0","samci",NA,NA
2023,"CZ0620162","Jeèmeništì","Eriogaster catax","Motýli","PP Jeèmeništì, Dyjákovièky","PP Jeèmeništì, Dyjákovièky","RP Jižní Morava","Krajský úøad Jihomoravského kraje",12723079,57179276,2023-10-13,"Tunka Zdenìk","CELKOVE_SUM",NA,NA,NA,NA,NA,NA,"1",NA,"bourovec trnkový","13.10.2023","13.10.2023",9524180,NA,"CZ0620162: Jeèmeništì",100,0,9524180,100,"7262d",13,10,"Jeèmeništì","0","samci",NA,NA
2023,"CZ0620162","Jeèmeništì","Eriogaster catax","Motýli","PP Jeèmeništì, Dyjákovièky","PP Jeèmeništì, Dyjákovièky","RP Jižní Morava","Krajský úøad Jihomoravského kraje",12723079,57179276,2023-10-13,"Tunka Zdenìk","POP_POCETSUMLOKAL","hnízda housenek","min","minmax","ano","lok","10","0",0,"bourovec trnkový","13.10.2023","13.10.2023",9524180,NA,"CZ0620162: Jeèmeništì",100,0,9524180,100,"7262d",13,10,"Jeèmeništì","0","samci",NA,"alespoò 10 hnízda housenek"
2023,"CZ0620162","Jeèmeništì","Eriogaster catax","Motýli","PP Jeèmeništì, Dyjákovièky","PP Jeèmeništì, Dyjákovièky","RP Jižní Morava","Krajský úøad Jihomoravského kraje",12723079,57179276,2023-10-13,"Tunka Zdenìk","POP_PRESENCE",NA,"val","val","ano","lok","ano","ano",1,"bourovec trnkový","13.10.2023","13.10.2023",9524180,NA,"CZ0620162: Jeèmeništì",100,0,9524180,100,"7262d",13,10,"Jeèmeništì","0","samci",NA,"ano"
2023,"CZ0620162","Jeèmeništì","Eriogaster catax","Motýli","PP Jeèmeništì, Dyjákovièky","PP Jeèmeništì, Dyjákovièky","RP Jižní Morava","Krajský úøad Jihomoravského kraje",12723079,57179276,2023-10-13,"Tunka Zdenìk","STA_LIKVIDACE",NA,"val","val","ne","lok","nezaznamenána",NA,NA,"bourovec trnkový","13.10.2023","13.10.2023",9524180,NA,"CZ0620162: Jeèmeništì",100,0,9524180,100,"7262d",13,10,"Jeèmeništì","0","samci",NA,"nezaznamenána"
2023,"CZ0622218","Dunajovické kopce","Eriogaster catax","Motýli","Dunajovicke kopce","Dunajovicke kopce","RP Jižní Morava","AOPK ÈR - RP Jižní Morava",12747200,57364719,2023-10-04,"Hula Vladimír","CELKOVE_SUM",NA,NA,NA,NA,NA,NA,"1",0,"bourovec trnkový","04.10.2023","04.10.2023",9560347,NA,"CZ0622218: Dunajovické kopce",100,0,9560347,100,"7165c",4,10,"Dunajovické kopce","0","jedinci",NA,NA
2023,"CZ0622218","Dunajovické kopce","Eriogaster catax","Motýli","Dunajovicke kopce","Dunajovicke kopce","RP Jižní Morava","AOPK ÈR - RP Jižní Morava",12747200,57364719,2023-10-04,"Hula Vladimír","CELKOVE_SUM",NA,NA,NA,NA,NA,NA,"1",1,"bourovec trnkový","04.10.2023","04.10.2023",9560347,NA,"CZ0622218: Dunajovické kopce",100,0,9560347,100,"7165c",4,10,"Dunajovické kopce","0","jedinci",NA,NA
2023,"CZ0622218","Dunajovické kopce","Eriogaster catax","Motýli","Dunajovicke kopce","Dunajovicke kopce","RP Jižní Morava","AOPK ÈR - RP Jižní Morava",12747200,57364719,2023-10-04,"Hula Vladimír","CELKOVE_SUM",NA,NA,NA,NA,NA,NA,"1",NA,"bourovec trnkový","04.10.2023","04.10.2023",9560347,NA,"CZ0622218: Dunajovické kopce",100,0,9560347,100,"7165c",4,10,"Dunajovické kopce","0","jedinci",NA,NA
2023,"CZ0622218","Dunajovické kopce","Eriogaster catax","Motýli","Dunajovicke kopce","Dunajovicke kopce","RP Jižní Morava","AOPK ÈR - RP Jižní Morava",12747200,57364719,2023-10-04,"Hula Vladimír","POP_POCETSUMLOKAL","hnízda housenek","min","minmax","ano","lok","10","0",0,"bourovec trnkový","04.10.2023","04.10.2023",9560347,NA,"CZ0622218: Dunajovické kopce",100,0,9560347,100,"7165c",4,10,"Dunajovické kopce","0","jedinci",NA,"alespoò 10 hnízda housenek"
2023,"CZ0622218","Dunajovické kopce","Eriogaster catax","Motýli","Dunajovicke kopce","Dunajovicke kopce","RP Jižní Morava","AOPK ÈR - RP Jižní Morava",12747200,57364719,2023-10-04,"Hula Vladimír","POP_PRESENCE",NA,"val","val","ano","lok","ano","ano",1,"bourovec trnkový","04.10.2023","04.10.2023",9560347,NA,"CZ0622218: Dunajovické kopce",100,0,9560347,100,"7165c",4,10,"Dunajovické kopce","0","jedinci",NA,"ano"
2023,"CZ0622218","Dunajovické kopce","Eriogaster catax","Motýli","Dunajovicke kopce","Dunajovicke kopce","RP Jižní Morava","AOPK ÈR - RP Jižní Morava",12747200,57364719,2023-10-04,"Hula Vladimír","STA_LIKVIDACE",NA,"val","val","ne","lok","nezaznamenána",NA,NA,"bourovec trnkový","04.10.2023","04.10.2023",9560347,NA,"CZ0622218: Dunajovické kopce",100,0,9560347,100,"7165c",4,10,"Dunajovické kopce","0","jedinci",NA,"nezaznamenána"
2023,"CZ0723024","Rochus","Eriogaster catax","Motýli","Uherské Hradištì, Silnice bez názvu","Uherské Hradištì, Silnice bez názvu","RP SCHKO Bílé Karpaty","Krajský úøad Zlínského kraje",12754996,57381480,2023-05-01,"Hula Vladimír","CELKOVE_SUM",NA,NA,NA,NA,NA,NA,"1",0,"bourovec trnkový","01.05.2023","01.05.2023",9571800,NA,"CZ0723024: Rochus",100,0,9571800,100,"6970b",1,5,"Rochus","0","hnízda housenek",NA,NA
2023,"CZ0723024","Rochus","Eriogaster catax","Motýli","Uherské Hradištì, Silnice bez názvu","Uherské Hradištì, Silnice bez názvu","RP SCHKO Bílé Karpaty","Krajský úøad Zlínského kraje",12754996,57381480,2023-05-01,"Hula Vladimír","CELKOVE_SUM",NA,NA,NA,NA,NA,NA,"1",1,"bourovec trnkový","01.05.2023","01.05.2023",9571800,NA,"CZ0723024: Rochus",100,0,9571800,100,"6970b",1,5,"Rochus","0","hnízda housenek",NA,NA
2023,"CZ0723024","Rochus","Eriogaster catax","Motýli","Uherské Hradištì, Silnice bez názvu","Uherské Hradištì, Silnice bez názvu","RP SCHKO Bílé Karpaty","Krajský úøad Zlínského kraje",12754996,57381480,2023-05-01,"Hula Vladimír","CELKOVE_SUM",NA,NA,NA,NA,NA,NA,"1",NA,"bourovec trnkový","01.05.2023","01.05.2023",9571800,NA,"CZ0723024: Rochus",100,0,9571800,100,"6970b",1,5,"Rochus","0","hnízda housenek",NA,NA
2023,"CZ0723024","Rochus","Eriogaster catax","Motýli","Uherské Hradištì, Silnice bez názvu","Uherské Hradištì, Silnice bez názvu","RP SCHKO Bílé Karpaty","Krajský úøad Zlínského kraje",12754996,57381480,2023-05-01,"Hula Vladimír","POP_POCETSUMLOKAL","hnízda housenek","min","minmax","ano","lok","10","3",0,"bourovec trnkový","01.05.2023","01.05.2023",9571800,NA,"CZ0723024: Rochus",100,0,9571800,100,"6970b",1,5,"Rochus","0","hnízda housenek",NA,"alespoò 10 hnízda housenek"
2023,"CZ0723024","Rochus","Eriogaster catax","Motýli","Uherské Hradištì, Silnice bez názvu","Uherské Hradištì, Silnice bez názvu","RP SCHKO Bílé Karpaty","Krajský úøad Zlínského kraje",12754996,57381480,2023-05-01,"Hula Vladimír","POP_PRESENCE",NA,"val","val","ano","lok","ano","ano",1,"bourovec trnkový","01.05.2023","01.05.2023",9571800,NA,"CZ0723024: Rochus",100,0,9571800,100,"6970b",1,5,"Rochus","0","hnízda housenek",NA,"ano"
2023,"CZ0723024","Rochus","Eriogaster catax","Motýli","Uherské Hradištì, Silnice bez názvu","Uherské Hradištì, Silnice bez názvu","RP SCHKO Bílé Karpaty","Krajský úøad Zlínského kraje",12754996,57381480,2023-05-01,"Hula Vladimír","STA_LIKVIDACE",NA,"val","val","ne","lok","nezaznamenána",NA,NA,"bourovec trnkový","01.05.2023","01.05.2023",9571800,NA,"CZ0723024: Rochus",100,0,9571800,100,"6970b",1,5,"Rochus","0","hnízda housenek",NA,"nezaznamenána"
2023,"CZ0723024","Rochus","Eriogaster catax","Motýli","Uherské Hradištì, Silnice bez názvu","Uherské Hradištì, Silnice bez názvu","RP SCHKO Bílé Karpaty","Krajský úøad Zlínského kraje",12754997,57381481,2023-05-01,"Hula Vladimír","CELKOVE_SUM",NA,NA,NA,NA,NA,NA,"1",0,"bourovec trnkový","01.05.2023","01.05.2023",9571801,NA,"CZ0723024: Rochus",100,0,9571801,100,"6970b",1,5,"Rochus","0","hnízda housenek",NA,NA
2023,"CZ0723024","Rochus","Eriogaster catax","Motýli","Uherské Hradištì, Silnice bez názvu","Uherské Hradištì, Silnice bez názvu","RP SCHKO Bílé Karpaty","Krajský úøad Zlínského kraje",12754997,57381481,2023-05-01,"Hula Vladimír","CELKOVE_SUM",NA,NA,NA,NA,NA,NA,"1",1,"bourovec trnkový","01.05.2023","01.05.2023",9571801,NA,"CZ0723024: Rochus",100,0,9571801,100,"6970b",1,5,"Rochus","0","hnízda housenek",NA,NA
2023,"CZ0723024","Rochus","Eriogaster catax","Motýli","Uherské Hradištì, Silnice bez názvu","Uherské Hradištì, Silnice bez názvu","RP SCHKO Bílé Karpaty","Krajský úøad Zlínského kraje",12754997,57381481,2023-05-01,"Hula Vladimír","CELKOVE_SUM",NA,NA,NA,NA,NA,NA,"1",NA,"bourovec trnkový","01.05.2023","01.05.2023",9571801,NA,"CZ0723024: Rochus",100,0,9571801,100,"6970b",1,5,"Rochus","0","hnízda housenek",NA,NA
2023,"CZ0723024","Rochus","Eriogaster catax","Motýli","Uherské Hradištì, Silnice bez názvu","Uherské Hradištì, Silnice bez názvu","RP SCHKO Bílé Karpaty","Krajský úøad Zlínského kraje",12754997,57381481,2023-05-01,"Hula Vladimír","POP_POCETSUMLOKAL","hnízda housenek","min","minmax","ano","lok","10","3",0,"bourovec trnkový","01.05.2023","01.05.2023",9571801,NA,"CZ0723024: Rochus",100,0,9571801,100,"6970b",1,5,"Rochus","0","hnízda housenek",NA,"alespoò 10 hnízda housenek"
2023,"CZ0723024","Rochus","Eriogaster catax","Motýli","Uherské Hradištì, Silnice bez názvu","Uherské Hradištì, Silnice bez názvu","RP SCHKO Bílé Karpaty","Krajský úøad Zlínského kraje",12754997,57381481,2023-05-01,"Hula Vladimír","POP_PRESENCE",NA,"val","val","ano","lok","ano","ano",1,"bourovec trnkový","01.05.2023","01.05.2023",9571801,NA,"CZ0723024: Rochus",100,0,9571801,100,"6970b",1,5,"Rochus","0","hnízda housenek",NA,"ano"
2023,"CZ0723024","Rochus","Eriogaster catax","Motýli","Uherské Hradištì, Silnice bez názvu","Uherské Hradištì, Silnice bez názvu","RP SCHKO Bílé Karpaty","Krajský úøad Zlínského kraje",12754997,57381481,2023-05-01,"Hula Vladimír","STA_LIKVIDACE",NA,"val","val","ne","lok","nezaznamenána",NA,NA,"bourovec trnkový","01.05.2023","01.05.2023",9571801,NA,"CZ0723024: Rochus",100,0,9571801,100,"6970b",1,5,"Rochus","0","hnízda housenek",NA,"nezaznamenána"
2023,"CZ0724090","Bílé Karpaty","Eriogaster catax","Motýli","Horní Nìmèí, 54","Horní Nìmèí, 54","RP SCHKO Bílé Karpaty","AOPK ÈR - RP SCHKO Bílé Karpaty",12754998,57381482,2023-05-01,"Hula Vladimír","CELKOVE_SUM",NA,NA,NA,NA,NA,NA,"1",0,"bourovec trnkový","01.05.2023","01.05.2023",9571802,NA,"CZ0724090: Bílé Karpaty",100,0,9571802,100,"7071d",1,5,"Bílé Karpaty","0","hnízda housenek",NA,NA
2023,"CZ0724090","Bílé Karpaty","Eriogaster catax","Motýli","Horní Nìmèí, 54","Horní Nìmèí, 54","RP SCHKO Bílé Karpaty","AOPK ÈR - RP SCHKO Bílé Karpaty",12754998,57381482,2023-05-01,"Hula Vladimír","CELKOVE_SUM",NA,NA,NA,NA,NA,NA,"1",1,"bourovec trnkový","01.05.2023","01.05.2023",9571802,NA,"CZ0724090: Bílé Karpaty",100,0,9571802,100,"7071d",1,5,"Bílé Karpaty","0","hnízda housenek",NA,NA
2023,"CZ0724090","Bílé Karpaty","Eriogaster catax","Motýli","Horní Nìmèí, 54","Horní Nìmèí, 54","RP SCHKO Bílé Karpaty","AOPK ÈR - RP SCHKO Bílé Karpaty",12754998,57381482,2023-05-01,"Hula Vladimír","CELKOVE_SUM",NA,NA,NA,NA,NA,NA,"1",NA,"bourovec trnkový","01.05.2023","01.05.2023",9571802,NA,"CZ0724090: Bílé Karpaty",100,0,9571802,100,"7071d",1,5,"Bílé Karpaty","0","hnízda housenek",NA,NA
2023,"CZ0724090","Bílé Karpaty","Eriogaster catax","Motýli","Horní Nìmèí, 54","Horní Nìmèí, 54","RP SCHKO Bílé Karpaty","AOPK ÈR - RP SCHKO Bílé Karpaty",12754998,57381482,2023-05-01,"Hula Vladimír","POP_POCETSUMLOKAL","hnízda housenek","min","minmax","ano","lok","10","1",0,"bourovec trnkový","01.05.2023","01.05.2023",9571802,NA,"CZ0724090: Bílé Karpaty",100,0,9571802,100,"7071d",1,5,"Bílé Karpaty","0","hnízda housenek",NA,"alespoò 10 hnízda housenek"
2023,"CZ0724090","Bílé Karpaty","Eriogaster catax","Motýli","Horní Nìmèí, 54","Horní Nìmèí, 54","RP SCHKO Bílé Karpaty","AOPK ÈR - RP SCHKO Bílé Karpaty",12754998,57381482,2023-05-01,"Hula Vladimír","POP_PRESENCE",NA,"val","val","ano","lok","ano","ano",1,"bourovec trnkový","01.05.2023","01.05.2023",9571802,NA,"CZ0724090: Bílé Karpaty",100,0,9571802,100,"7071d",1,5,"Bílé Karpaty","0","hnízda housenek",NA,"ano"
2023,"CZ0724090","Bílé Karpaty","Eriogaster catax","Motýli","Horní Nìmèí, 54","Horní Nìmèí, 54","RP SCHKO Bílé Karpaty","AOPK ÈR - RP SCHKO Bílé Karpaty",12754998,57381482,2023-05-01,"Hula Vladimír","STA_LIKVIDACE",NA,"val","val","ne","lok","nezaznamenána",NA,NA,"bourovec trnkový","01.05.2023","01.05.2023",9571802,NA,"CZ0724090: Bílé Karpaty",100,0,9571802,100,"7071d",1,5,"Bílé Karpaty","0","hnízda housenek",NA,"nezaznamenána"
2023,"CZ0620162","Jeèmeništì","Eriogaster catax","Motýli","Jeèmeništì","Jeèmeništì","RP Jižní Morava","Krajský úøad Jihomoravského kraje",12755020,57381697,2023-10-03,"Hula Vladimír","CELKOVE_SUM",NA,NA,NA,NA,NA,NA,"1",0,"bourovec trnkový","03.10.2023","03.10.2023",9571824,NA,"CZ0620162: Jeèmeništì",100,0,9571824,100,"7262d",3,10,"Jeèmeništì","0",NA,NA,NA
2023,"CZ0620162","Jeèmeništì","Eriogaster catax","Motýli","Jeèmeništì","Jeèmeništì","RP Jižní Morava","Krajský úøad Jihomoravského kraje",12755020,57381697,2023-10-03,"Hula Vladimír","CELKOVE_SUM",NA,NA,NA,NA,NA,NA,"1",1,"bourovec trnkový","03.10.2023","03.10.2023",9571824,NA,"CZ0620162: Jeèmeništì",100,0,9571824,100,"7262d",3,10,"Jeèmeništì","0",NA,NA,NA
2023,"CZ0620162","Jeèmeništì","Eriogaster catax","Motýli","Jeèmeništì","Jeèmeništì","RP Jižní Morava","Krajský úøad Jihomoravského kraje",12755020,57381697,2023-10-03,"Hula Vladimír","CELKOVE_SUM",NA,NA,NA,NA,NA,NA,"1",NA,"bourovec trnkový","03.10.2023","03.10.2023",9571824,NA,"CZ0620162: Jeèmeništì",100,0,9571824,100,"7262d",3,10,"Jeèmeništì","0",NA,NA,NA
2023,"CZ0620162","Jeèmeništì","Eriogaster catax","Motýli","Jeèmeništì","Jeèmeništì","RP Jižní Morava","Krajský úøad Jihomoravského kraje",12755020,57381697,2023-10-03,"Hula Vladimír","POP_POCETSUMLOKAL","hnízda housenek","min","minmax","ano","lok","10","0",0,"bourovec trnkový","03.10.2023","03.10.2023",9571824,NA,"CZ0620162: Jeèmeništì",100,0,9571824,100,"7262d",3,10,"Jeèmeništì","0",NA,NA,"alespoò 10 hnízda housenek"
2023,"CZ0620162","Jeèmeništì","Eriogaster catax","Motýli","Jeèmeništì","Jeèmeništì","RP Jižní Morava","Krajský úøad Jihomoravského kraje",12755020,57381697,2023-10-03,"Hula Vladimír","POP_PRESENCE",NA,"val","val","ano","lok","ano","ano",1,"bourovec trnkový","03.10.2023","03.10.2023",9571824,NA,"CZ0620162: Jeèmeništì",100,0,9571824,100,"7262d",3,10,"Jeèmeništì","0",NA,NA,"ano"
2023,"CZ0620162","Jeèmeništì","Eriogaster catax","Motýli","Jeèmeništì","Jeèmeništì","RP Jižní Morava","Krajský úøad Jihomoravského kraje",12755020,57381697,2023-10-03,"Hula Vladimír","STA_LIKVIDACE",NA,"val","val","ne","lok","nezaznamenána",NA,NA,"bourovec trnkový","03.10.2023","03.10.2023",9571824,NA,"CZ0620162: Jeèmeništì",100,0,9571824,100,"7262d",3,10,"Jeèmeništì","0",NA,NA,"nezaznamenána"
2021,"CZ0723020","Údolí Okluky","Eriogaster catax","Motýli","Ostrožské Pøedmìstí - Obora","Ostrožské Pøedmìstí - Obora","RP SCHKO Bílé Karpaty","Krajský úøad Zlínského kraje",12755471,57382945,2021-05-01,"Laštùvka Zdenìk","CELKOVE_SUM",NA,NA,NA,NA,NA,NA,"1",0,"bourovec trnkový","01.05.2021","30.06.2021",9572617,NA,"CZ0723020: Údolí Okluky",35,0,9572617,100,"7070b",1,5,"Údolí Okluky","0","housenky",NA,NA
2021,"CZ0723020","Údolí Okluky","Eriogaster catax","Motýli","Ostrožské Pøedmìstí - Obora","Ostrožské Pøedmìstí - Obora","RP SCHKO Bílé Karpaty","Krajský úøad Zlínského kraje",12755471,57382945,2021-05-01,"Laštùvka Zdenìk","CELKOVE_SUM",NA,NA,NA,NA,NA,NA,"1",1,"bourovec trnkový","01.05.2021","30.06.2021",9572617,NA,"CZ0723020: Údolí Okluky",35,0,9572617,100,"7070b",1,5,"Údolí Okluky","0","housenky",NA,NA
2021,"CZ0723020","Údolí Okluky","Eriogaster catax","Motýli","Ostrožské Pøedmìstí - Obora","Ostrožské Pøedmìstí - Obora","RP SCHKO Bílé Karpaty","Krajský úøad Zlínského kraje",12755471,57382945,2021-05-01,"Laštùvka Zdenìk","CELKOVE_SUM",NA,NA,NA,NA,NA,NA,"1",NA,"bourovec trnkový","01.05.2021","30.06.2021",9572617,NA,"CZ0723020: Údolí Okluky",35,0,9572617,100,"7070b",1,5,"Údolí Okluky","0","housenky",NA,NA
2021,"CZ0723020","Údolí Okluky","Eriogaster catax","Motýli","Ostrožské Pøedmìstí - Obora","Ostrožské Pøedmìstí - Obora","RP SCHKO Bílé Karpaty","Krajský úøad Zlínského kraje",12755471,57382945,2021-05-01,"Laštùvka Zdenìk","POP_POCETSUMLOKAL","hnízda housenek","min","minmax","ano","lok","10","0",0,"bourovec trnkový","01.05.2021","30.06.2021",9572617,NA,"CZ0723020: Údolí Okluky",35,0,9572617,100,"7070b",1,5,"Údolí Okluky","0","housenky",NA,"alespoò 10 hnízda housenek"
2021,"CZ0723020","Údolí Okluky","Eriogaster catax","Motýli","Ostrožské Pøedmìstí - Obora","Ostrožské Pøedmìstí - Obora","RP SCHKO Bílé Karpaty","Krajský úøad Zlínského kraje",12755471,57382945,2021-05-01,"Laštùvka Zdenìk","POP_PRESENCE",NA,"val","val","ano","lok","ano","ano",1,"bourovec trnkový","01.05.2021","30.06.2021",9572617,NA,"CZ0723020: Údolí Okluky",35,0,9572617,100,"7070b",1,5,"Údolí Okluky","0","housenky",NA,"ano"
2021,"CZ0723020","Údolí Okluky","Eriogaster catax","Motýli","Ostrožské Pøedmìstí - Obora","Ostrožské Pøedmìstí - Obora","RP SCHKO Bílé Karpaty","Krajský úøad Zlínského kraje",12755471,57382945,2021-05-01,"Laštùvka Zdenìk","STA_LIKVIDACE",NA,"val","val","ne","lok","nezaznamenána",NA,NA,"bourovec trnkový","01.05.2021","30.06.2021",9572617,NA,"CZ0723020: Údolí Okluky",35,0,9572617,100,"7070b",1,5,"Údolí Okluky","0","housenky",NA,"nezaznamenána"
2022,"CZ0724090","Bílé Karpaty","Eriogaster catax","Motýli","MOTYLI1056","Vinohrádky","RP SCHKO Bílé Karpaty","AOPK ÈR - RP SCHKO Bílé Karpaty",12800659,57615923,2022-04-14,"Vladimír Hula","CELKOVE_SUM",NA,NA,NA,NA,NA,NA,"2",0,"bourovec trnkový","14.04.2022","14.04.2022",9630030,"MOTYLI1056_672","CZ0724090: Bílé Karpaty",100,0,9630030,100,"7071d",14,4,"Bílé Karpaty","1","hnízda housenek",NA,NA
2022,"CZ0724090","Bílé Karpaty","Eriogaster catax","Motýli","MOTYLI1056","Vinohrádky","RP SCHKO Bílé Karpaty","AOPK ÈR - RP SCHKO Bílé Karpaty",12800659,57615923,2022-04-14,"Vladimír Hula","CELKOVE_SUM",NA,NA,NA,NA,NA,NA,"2",1,"bourovec trnkový","14.04.2022","14.04.2022",9630030,"MOTYLI1056_672","CZ0724090: Bílé Karpaty",100,0,9630030,100,"7071d",14,4,"Bílé Karpaty","1","hnízda housenek",NA,NA
2022,"CZ0724090","Bílé Karpaty","Eriogaster catax","Motýli","MOTYLI1056","Vinohrádky","RP SCHKO Bílé Karpaty","AOPK ÈR - RP SCHKO Bílé Karpaty",12800659,57615923,2022-04-14,"Vladimír Hula","POP_POCETSUMLOKAL","hnízda housenek","min","minmax","ano","lok","10","2",0,"bourovec trnkový","14.04.2022","14.04.2022",9630030,"MOTYLI1056_672","CZ0724090: Bílé Karpaty",100,0,9630030,100,"7071d",14,4,"Bílé Karpaty","1","hnízda housenek",NA,"alespoò 10 hnízda housenek"
2022,"CZ0724090","Bílé Karpaty","Eriogaster catax","Motýli","MOTYLI1056","Vinohrádky","RP SCHKO Bílé Karpaty","AOPK ÈR - RP SCHKO Bílé Karpaty",12800659,57615923,2022-04-14,"Vladimír Hula","POP_PRESENCE",NA,"val","val","ano","lok","ano","ano",1,"bourovec trnkový","14.04.2022","14.04.2022",9630030,"MOTYLI1056_672","CZ0724090: Bílé Karpaty",100,0,9630030,100,"7071d",14,4,"Bílé Karpaty","1","hnízda housenek",NA,"ano"
2022,"CZ0724090","Bílé Karpaty","Eriogaster catax","Motýli","MOTYLI1056","Vinohrádky","RP SCHKO Bílé Karpaty","AOPK ÈR - RP SCHKO Bílé Karpaty",12800659,57615923,2022-04-14,"Vladimír Hula","STA_LIKVIDACE",NA,"val","val","ne","lok","nezaznamenána","nezaznamenána",1,"bourovec trnkový","14.04.2022","14.04.2022",9630030,"MOTYLI1056_672","CZ0724090: Bílé Karpaty",100,0,9630030,100,"7071d",14,4,"Bílé Karpaty","1","hnízda housenek",NA,"nezaznamenána"
2023,"CZ0724090","Bílé Karpaty","Eriogaster catax","Motýli","MOTYLI2220","Horní Nìmèí","RP SCHKO Bílé Karpaty","AOPK ÈR - RP SCHKO Bílé Karpaty",12800683,57615928,2023-05-01,"Vladimír Hula","CELKOVE_SUM",NA,NA,NA,NA,NA,NA,"2",0,"bourovec trnkový","01.05.2023","01.05.2023",9630019,"MOTYLI2220_1767","CZ0724090: Bílé Karpaty",100,0,9630019,100,"7071d",1,5,"Bílé Karpaty","1","hnízda housenek",NA,NA
2023,"CZ0724090","Bílé Karpaty","Eriogaster catax","Motýli","MOTYLI2220","Horní Nìmèí","RP SCHKO Bílé Karpaty","AOPK ÈR - RP SCHKO Bílé Karpaty",12800683,57615928,2023-05-01,"Vladimír Hula","CELKOVE_SUM",NA,NA,NA,NA,NA,NA,"2",1,"bourovec trnkový","01.05.2023","01.05.2023",9630019,"MOTYLI2220_1767","CZ0724090: Bílé Karpaty",100,0,9630019,100,"7071d",1,5,"Bílé Karpaty","1","hnízda housenek",NA,NA
2023,"CZ0724090","Bílé Karpaty","Eriogaster catax","Motýli","MOTYLI2220","Horní Nìmèí","RP SCHKO Bílé Karpaty","AOPK ÈR - RP SCHKO Bílé Karpaty",12800683,57615928,2023-05-01,"Vladimír Hula","POP_POCETSUMLOKAL","hnízda housenek","min","minmax","ano","lok","10","1",0,"bourovec trnkový","01.05.2023","01.05.2023",9630019,"MOTYLI2220_1767","CZ0724090: Bílé Karpaty",100,0,9630019,100,"7071d",1,5,"Bílé Karpaty","1","hnízda housenek",NA,"alespoò 10 hnízda housenek"
2023,"CZ0724090","Bílé Karpaty","Eriogaster catax","Motýli","MOTYLI2220","Horní Nìmèí","RP SCHKO Bílé Karpaty","AOPK ÈR - RP SCHKO Bílé Karpaty",12800683,57615928,2023-05-01,"Vladimír Hula","POP_PRESENCE",NA,"val","val","ano","lok","ano","ano",1,"bourovec trnkový","01.05.2023","01.05.2023",9630019,"MOTYLI2220_1767","CZ0724090: Bílé Karpaty",100,0,9630019,100,"7071d",1,5,"Bílé Karpaty","1","hnízda housenek",NA,"ano"
2023,"CZ0724090","Bílé Karpaty","Eriogaster catax","Motýli","MOTYLI2220","Horní Nìmèí","RP SCHKO Bílé Karpaty","AOPK ÈR - RP SCHKO Bílé Karpaty",12800683,57615928,2023-05-01,"Vladimír Hula","STA_LIKVIDACE",NA,"val","val","ne","lok","nezaznamenána","nezaznamenána",1,"bourovec trnkový","01.05.2023","01.05.2023",9630019,"MOTYLI2220_1767","CZ0724090: Bílé Karpaty",100,0,9630019,100,"7071d",1,5,"Bílé Karpaty","1","hnízda housenek",NA,"nezaznamenána"
2023,"CZ0723024","Rochus","Eriogaster catax","Motýli","MOTYLI2219","Uherské Hradištì, Rochus","RP SCHKO Bílé Karpaty","Krajský úøad Zlínského kraje",12800712,57615969,2023-05-01,"Vladimír Hula","CELKOVE_SUM",NA,NA,NA,NA,NA,NA,"2",0,"bourovec trnkový","01.05.2023","01.05.2023",9629914,"MOTYLI2219_1765","CZ0723024: Rochus",100,0,9629914,100,"6970b",1,5,"Rochus","1","hnízda housenek",NA,NA
2023,"CZ0723024","Rochus","Eriogaster catax","Motýli","MOTYLI2219","Uherské Hradištì, Rochus","RP SCHKO Bílé Karpaty","Krajský úøad Zlínského kraje",12800712,57615969,2023-05-01,"Vladimír Hula","CELKOVE_SUM",NA,NA,NA,NA,NA,NA,"2",1,"bourovec trnkový","01.05.2023","01.05.2023",9629914,"MOTYLI2219_1765","CZ0723024: Rochus",100,0,9629914,100,"6970b",1,5,"Rochus","1","hnízda housenek",NA,NA
2023,"CZ0723024","Rochus","Eriogaster catax","Motýli","MOTYLI2219","Uherské Hradištì, Rochus","RP SCHKO Bílé Karpaty","Krajský úøad Zlínského kraje",12800712,57615969,2023-05-01,"Vladimír Hula","POP_POCETSUMLOKAL","hnízda housenek","min","minmax","ano","lok","10","3",0,"bourovec trnkový","01.05.2023","01.05.2023",9629914,"MOTYLI2219_1765","CZ0723024: Rochus",100,0,9629914,100,"6970b",1,5,"Rochus","1","hnízda housenek",NA,"alespoò 10 hnízda housenek"
2023,"CZ0723024","Rochus","Eriogaster catax","Motýli","MOTYLI2219","Uherské Hradištì, Rochus","RP SCHKO Bílé Karpaty","Krajský úøad Zlínského kraje",12800712,57615969,2023-05-01,"Vladimír Hula","POP_PRESENCE",NA,"val","val","ano","lok","ano","ano",1,"bourovec trnkový","01.05.2023","01.05.2023",9629914,"MOTYLI2219_1765","CZ0723024: Rochus",100,0,9629914,100,"6970b",1,5,"Rochus","1","hnízda housenek",NA,"ano"
2023,"CZ0723024","Rochus","Eriogaster catax","Motýli","MOTYLI2219","Uherské Hradištì, Rochus","RP SCHKO Bílé Karpaty","Krajský úøad Zlínského kraje",12800712,57615969,2023-05-01,"Vladimír Hula","STA_LIKVIDACE",NA,"val","val","ne","lok","nezaznamenána","nezaznamenána",1,"bourovec trnkový","01.05.2023","01.05.2023",9629914,"MOTYLI2219_1765","CZ0723024: Rochus",100,0,9629914,100,"6970b",1,5,"Rochus","1","hnízda housenek",NA,"nezaznamenána"
2023,"CZ0723024","Rochus","Eriogaster catax","Motýli","MOTYLI2219","Uherské Hradištì, Rochus","RP SCHKO Bílé Karpaty","Krajský úøad Zlínského kraje",12800725,57615970,2023-05-01,"Vladimír Hula","CELKOVE_SUM",NA,NA,NA,NA,NA,NA,"2",0,"bourovec trnkový","01.05.2023","01.05.2023",9630009,"MOTYLI2219_1766","CZ0723024: Rochus",100,0,9630009,100,"6970b",1,5,"Rochus","1","hnízda housenek",NA,NA
2023,"CZ0723024","Rochus","Eriogaster catax","Motýli","MOTYLI2219","Uherské Hradištì, Rochus","RP SCHKO Bílé Karpaty","Krajský úøad Zlínského kraje",12800725,57615970,2023-05-01,"Vladimír Hula","CELKOVE_SUM",NA,NA,NA,NA,NA,NA,"2",1,"bourovec trnkový","01.05.2023","01.05.2023",9630009,"MOTYLI2219_1766","CZ0723024: Rochus",100,0,9630009,100,"6970b",1,5,"Rochus","1","hnízda housenek",NA,NA
2023,"CZ0723024","Rochus","Eriogaster catax","Motýli","MOTYLI2219","Uherské Hradištì, Rochus","RP SCHKO Bílé Karpaty","Krajský úøad Zlínského kraje",12800725,57615970,2023-05-01,"Vladimír Hula","POP_POCETSUMLOKAL","hnízda housenek","min","minmax","ano","lok","10","3",0,"bourovec trnkový","01.05.2023","01.05.2023",9630009,"MOTYLI2219_1766","CZ0723024: Rochus",100,0,9630009,100,"6970b",1,5,"Rochus","1","hnízda housenek",NA,"alespoò 10 hnízda housenek"
2023,"CZ0723024","Rochus","Eriogaster catax","Motýli","MOTYLI2219","Uherské Hradištì, Rochus","RP SCHKO Bílé Karpaty","Krajský úøad Zlínského kraje",12800725,57615970,2023-05-01,"Vladimír Hula","POP_PRESENCE",NA,"val","val","ano","lok","ano","ano",1,"bourovec trnkový","01.05.2023","01.05.2023",9630009,"MOTYLI2219_1766","CZ0723024: Rochus",100,0,9630009,100,"6970b",1,5,"Rochus","1","hnízda housenek",NA,"ano"
2023,"CZ0723024","Rochus","Eriogaster catax","Motýli","MOTYLI2219","Uherské Hradištì, Rochus","RP SCHKO Bílé Karpaty","Krajský úøad Zlínského kraje",12800725,57615970,2023-05-01,"Vladimír Hula","STA_LIKVIDACE",NA,"val","val","ne","lok","nezaznamenána","nezaznamenána",1,"bourovec trnkový","01.05.2023","01.05.2023",9630009,"MOTYLI2219_1766","CZ0723024: Rochus",100,0,9630009,100,"6970b",1,5,"Rochus","1","hnízda housenek",NA,"nezaznamenána"
2023,"CZ0624072","Èertoryje","Eriogaster catax","Motýli","MOTYLI2231","Knìždub","RP SCHKO Bílé Karpaty","AOPK ÈR - RP SCHKO Bílé Karpaty",12800363,57616022,2023-05-02,"Vladimír Hula","CELKOVE_SUM",NA,NA,NA,NA,NA,NA,"1",0,"bourovec trnkový","02.05.2023","02.05.2023",9628704,"MOTYLI2231","CZ0624072: Èertoryje",96,1,9628704,100,"7170a",2,5,"Èertoryje","1",NA,NA,NA
2023,"CZ0624072","Èertoryje","Eriogaster catax","Motýli","MOTYLI2231","Knìždub","RP SCHKO Bílé Karpaty","AOPK ÈR - RP SCHKO Bílé Karpaty",12800363,57616022,2023-05-02,"Vladimír Hula","CELKOVE_SUM",NA,NA,NA,NA,NA,NA,"1",1,"bourovec trnkový","02.05.2023","02.05.2023",9628704,"MOTYLI2231","CZ0624072: Èertoryje",96,1,9628704,100,"7170a",2,5,"Èertoryje","1",NA,NA,NA
2023,"CZ0624072","Èertoryje","Eriogaster catax","Motýli","MOTYLI2231","Knìždub","RP SCHKO Bílé Karpaty","AOPK ÈR - RP SCHKO Bílé Karpaty",12800363,57616022,2023-05-02,"Vladimír Hula","POP_POCETSUMLOKAL","hnízda housenek","min","minmax","ano","lok","10","0",0,"bourovec trnkový","02.05.2023","02.05.2023",9628704,"MOTYLI2231","CZ0624072: Èertoryje",96,1,9628704,100,"7170a",2,5,"Èertoryje","1",NA,NA,"alespoò 10 hnízda housenek"
2023,"CZ0624072","Èertoryje","Eriogaster catax","Motýli","MOTYLI2231","Knìždub","RP SCHKO Bílé Karpaty","AOPK ÈR - RP SCHKO Bílé Karpaty",12800363,57616022,2023-05-02,"Vladimír Hula","POP_PRESENCE",NA,"val","val","ano","lok","ano","ne",0,"bourovec trnkový","02.05.2023","02.05.2023",9628704,"MOTYLI2231","CZ0624072: Èertoryje",96,1,9628704,100,"7170a",2,5,"Èertoryje","1",NA,NA,"ano"
2023,"CZ0624072","Èertoryje","Eriogaster catax","Motýli","MOTYLI2231","Knìždub","RP SCHKO Bílé Karpaty","AOPK ÈR - RP SCHKO Bílé Karpaty",12800363,57616022,2023-05-02,"Vladimír Hula","STA_LIKVIDACE",NA,"val","val","ne","lok","nezaznamenána","nezaznamenána",1,"bourovec trnkový","02.05.2023","02.05.2023",9628704,"MOTYLI2231","CZ0624072: Èertoryje",96,1,9628704,100,"7170a",2,5,"Èertoryje","1",NA,NA,"nezaznamenána"
2022,"CZ0724090","Bílé Karpaty","Eriogaster catax","Motýli","MOTYLI1058","Pøední louky","RP SCHKO Bílé Karpaty","AOPK ÈR - RP SCHKO Bílé Karpaty",12800380,57616024,2022-04-14,"Vladimir Hula","CELKOVE_SUM",NA,NA,NA,NA,NA,NA,"1",0,"bourovec trnkový","14.04.2022","14.04.2022",9628885,"MOTYLI1058","CZ0724090: Bílé Karpaty",100,1,9628885,53.11,"7071d",14,4,"Bílé Karpaty","1",NA,NA,NA
2022,"CZ0724090","Bílé Karpaty","Eriogaster catax","Motýli","MOTYLI1058","Pøední louky","RP SCHKO Bílé Karpaty","AOPK ÈR - RP SCHKO Bílé Karpaty",12800380,57616024,2022-04-14,"Vladimir Hula","CELKOVE_SUM",NA,NA,NA,NA,NA,NA,"1",1,"bourovec trnkový","14.04.2022","14.04.2022",9628885,"MOTYLI1058","CZ0724090: Bílé Karpaty",100,1,9628885,53.11,"7071d",14,4,"Bílé Karpaty","1",NA,NA,NA
2022,"CZ0724090","Bílé Karpaty","Eriogaster catax","Motýli","MOTYLI1058","Pøední louky","RP SCHKO Bílé Karpaty","AOPK ÈR - RP SCHKO Bílé Karpaty",12800380,57616024,2022-04-14,"Vladimir Hula","POP_POCETSUMLOKAL","hnízda housenek","min","minmax","ano","lok","10","0",0,"bourovec trnkový","14.04.2022","14.04.2022",9628885,"MOTYLI1058","CZ0724090: Bílé Karpaty",100,1,9628885,53.11,"7071d",14,4,"Bílé Karpaty","1",NA,NA,"alespoò 10 hnízda housenek"
2022,"CZ0724090","Bílé Karpaty","Eriogaster catax","Motýli","MOTYLI1058","Pøední louky","RP SCHKO Bílé Karpaty","AOPK ÈR - RP SCHKO Bílé Karpaty",12800380,57616024,2022-04-14,"Vladimir Hula","POP_PRESENCE",NA,"val","val","ano","lok","ano","ne",0,"bourovec trnkový","14.04.2022","14.04.2022",9628885,"MOTYLI1058","CZ0724090: Bílé Karpaty",100,1,9628885,53.11,"7071d",14,4,"Bílé Karpaty","1",NA,NA,"ano"
2022,"CZ0724090","Bílé Karpaty","Eriogaster catax","Motýli","MOTYLI1058","Pøední louky","RP SCHKO Bílé Karpaty","AOPK ÈR - RP SCHKO Bílé Karpaty",12800380,57616024,2022-04-14,"Vladimir Hula","STA_LIKVIDACE",NA,"val","val","ne","lok","nezaznamenána","nezaznamenána",1,"bourovec trnkový","14.04.2022","14.04.2022",9628885,"MOTYLI1058","CZ0724090: Bílé Karpaty",100,1,9628885,53.11,"7071d",14,4,"Bílé Karpaty","1",NA,NA,"nezaznamenána"
2023,"CZ0624043","Stolová hora","Eriogaster catax","Motýli","MOTYLI2235","Lomy nad Pernou","RP Jižní Morava","AOPK ÈR - RP Jižní Morava",12800375,57616026,2023-04-19,"Vladimír Hula","CELKOVE_SUM",NA,NA,NA,NA,NA,NA,"1",0,"bourovec trnkový","19.04.2023","19.04.2023",9628858,"MOTYLI2235","CZ0624043: Stolová hora",53,1,9628858,100,"7165d",19,4,"Stolová hora","1",NA,NA,NA
2023,"CZ0624043","Stolová hora","Eriogaster catax","Motýli","MOTYLI2235","Lomy nad Pernou","RP Jižní Morava","AOPK ÈR - RP Jižní Morava",12800375,57616026,2023-04-19,"Vladimír Hula","CELKOVE_SUM",NA,NA,NA,NA,NA,NA,"1",1,"bourovec trnkový","19.04.2023","19.04.2023",9628858,"MOTYLI2235","CZ0624043: Stolová hora",53,1,9628858,100,"7165d",19,4,"Stolová hora","1",NA,NA,NA
2023,"CZ0624043","Stolová hora","Eriogaster catax","Motýli","MOTYLI2235","Lomy nad Pernou","RP Jižní Morava","AOPK ÈR - RP Jižní Morava",12800375,57616026,2023-04-19,"Vladimír Hula","POP_POCETSUMLOKAL","hnízda housenek","min","minmax","ano","lok","10","0",0,"bourovec trnkový","19.04.2023","19.04.2023",9628858,"MOTYLI2235","CZ0624043: Stolová hora",53,1,9628858,100,"7165d",19,4,"Stolová hora","1",NA,NA,"alespoò 10 hnízda housenek"
2023,"CZ0624043","Stolová hora","Eriogaster catax","Motýli","MOTYLI2235","Lomy nad Pernou","RP Jižní Morava","AOPK ÈR - RP Jižní Morava",12800375,57616026,2023-04-19,"Vladimír Hula","POP_PRESENCE",NA,"val","val","ano","lok","ano","ne",0,"bourovec trnkový","19.04.2023","19.04.2023",9628858,"MOTYLI2235","CZ0624043: Stolová hora",53,1,9628858,100,"7165d",19,4,"Stolová hora","1",NA,NA,"ano"
2023,"CZ0624043","Stolová hora","Eriogaster catax","Motýli","MOTYLI2235","Lomy nad Pernou","RP Jižní Morava","AOPK ÈR - RP Jižní Morava",12800375,57616026,2023-04-19,"Vladimír Hula","STA_LIKVIDACE",NA,"val","val","ne","lok","nezaznamenána","nezaznamenána",1,"bourovec trnkový","19.04.2023","19.04.2023",9628858,"MOTYLI2235","CZ0624043: Stolová hora",53,1,9628858,100,"7165d",19,4,"Stolová hora","1",NA,NA,"nezaznamenána"
2022,"CZ0724090","Bílé Karpaty","Eriogaster catax","Motýli","MOTYLI1055","PR Drahy","RP SCHKO Bílé Karpaty","AOPK ÈR - RP SCHKO Bílé Karpaty",12800525,57616027,2022-04-14,"Vladimír Hula","CELKOVE_SUM",NA,NA,NA,NA,NA,NA,"1",0,"bourovec trnkový","14.04.2022","14.04.2022",9628884,"MOTYLI1055","CZ0724090: Bílé Karpaty",100,1,9628884,100,"7071d",14,4,"Bílé Karpaty","1",NA,NA,NA
2022,"CZ0724090","Bílé Karpaty","Eriogaster catax","Motýli","MOTYLI1055","PR Drahy","RP SCHKO Bílé Karpaty","AOPK ÈR - RP SCHKO Bílé Karpaty",12800525,57616027,2022-04-14,"Vladimír Hula","CELKOVE_SUM",NA,NA,NA,NA,NA,NA,"1",1,"bourovec trnkový","14.04.2022","14.04.2022",9628884,"MOTYLI1055","CZ0724090: Bílé Karpaty",100,1,9628884,100,"7071d",14,4,"Bílé Karpaty","1",NA,NA,NA
2022,"CZ0724090","Bílé Karpaty","Eriogaster catax","Motýli","MOTYLI1055","PR Drahy","RP SCHKO Bílé Karpaty","AOPK ÈR - RP SCHKO Bílé Karpaty",12800525,57616027,2022-04-14,"Vladimír Hula","POP_POCETSUMLOKAL","hnízda housenek","min","minmax","ano","lok","10","0",0,"bourovec trnkový","14.04.2022","14.04.2022",9628884,"MOTYLI1055","CZ0724090: Bílé Karpaty",100,1,9628884,100,"7071d",14,4,"Bílé Karpaty","1",NA,NA,"alespoò 10 hnízda housenek"
2022,"CZ0724090","Bílé Karpaty","Eriogaster catax","Motýli","MOTYLI1055","PR Drahy","RP SCHKO Bílé Karpaty","AOPK ÈR - RP SCHKO Bílé Karpaty",12800525,57616027,2022-04-14,"Vladimír Hula","POP_PRESENCE",NA,"val","val","ano","lok","ano","ne",0,"bourovec trnkový","14.04.2022","14.04.2022",9628884,"MOTYLI1055","CZ0724090: Bílé Karpaty",100,1,9628884,100,"7071d",14,4,"Bílé Karpaty","1",NA,NA,"ano"
2022,"CZ0724090","Bílé Karpaty","Eriogaster catax","Motýli","MOTYLI1055","PR Drahy","RP SCHKO Bílé Karpaty","AOPK ÈR - RP SCHKO Bílé Karpaty",12800525,57616027,2022-04-14,"Vladimír Hula","STA_LIKVIDACE",NA,"val","val","ne","lok","nezaznamenána","nezaznamenána",1,"bourovec trnkový","14.04.2022","14.04.2022",9628884,"MOTYLI1055","CZ0724090: Bílé Karpaty",100,1,9628884,100,"7071d",14,4,"Bílé Karpaty","1",NA,NA,"nezaznamenána"
2023,"CZ0724090","Bílé Karpaty","Eriogaster catax","Motýli","MOTYLI2229","Slavkov","RP SCHKO Bílé Karpaty","AOPK ÈR - RP SCHKO Bílé Karpaty",12800470,57616030,2023-05-01,"Vladimír Hula","CELKOVE_SUM",NA,NA,NA,NA,NA,NA,"1",0,"bourovec trnkový","01.05.2023","01.05.2023",9628718,"MOTYLI2229","CZ0724090: Bílé Karpaty",100,1,9628718,100,"7071d",1,5,"Bílé Karpaty","1",NA,NA,NA
2023,"CZ0724090","Bílé Karpaty","Eriogaster catax","Motýli","MOTYLI2229","Slavkov","RP SCHKO Bílé Karpaty","AOPK ÈR - RP SCHKO Bílé Karpaty",12800470,57616030,2023-05-01,"Vladimír Hula","CELKOVE_SUM",NA,NA,NA,NA,NA,NA,"1",1,"bourovec trnkový","01.05.2023","01.05.2023",9628718,"MOTYLI2229","CZ0724090: Bílé Karpaty",100,1,9628718,100,"7071d",1,5,"Bílé Karpaty","1",NA,NA,NA
2023,"CZ0724090","Bílé Karpaty","Eriogaster catax","Motýli","MOTYLI2229","Slavkov","RP SCHKO Bílé Karpaty","AOPK ÈR - RP SCHKO Bílé Karpaty",12800470,57616030,2023-05-01,"Vladimír Hula","POP_POCETSUMLOKAL","hnízda housenek","min","minmax","ano","lok","10","0",0,"bourovec trnkový","01.05.2023","01.05.2023",9628718,"MOTYLI2229","CZ0724090: Bílé Karpaty",100,1,9628718,100,"7071d",1,5,"Bílé Karpaty","1",NA,NA,"alespoò 10 hnízda housenek"
2023,"CZ0724090","Bílé Karpaty","Eriogaster catax","Motýli","MOTYLI2229","Slavkov","RP SCHKO Bílé Karpaty","AOPK ÈR - RP SCHKO Bílé Karpaty",12800470,57616030,2023-05-01,"Vladimír Hula","POP_PRESENCE",NA,"val","val","ano","lok","ano","ne",0,"bourovec trnkový","01.05.2023","01.05.2023",9628718,"MOTYLI2229","CZ0724090: Bílé Karpaty",100,1,9628718,100,"7071d",1,5,"Bílé Karpaty","1",NA,NA,"ano"
2023,"CZ0724090","Bílé Karpaty","Eriogaster catax","Motýli","MOTYLI2229","Slavkov","RP SCHKO Bílé Karpaty","AOPK ÈR - RP SCHKO Bílé Karpaty",12800470,57616030,2023-05-01,"Vladimír Hula","STA_LIKVIDACE",NA,"val","val","ne","lok","nezaznamenána","nezaznamenána",1,"bourovec trnkový","01.05.2023","01.05.2023",9628718,"MOTYLI2229","CZ0724090: Bílé Karpaty",100,1,9628718,100,"7071d",1,5,"Bílé Karpaty","1",NA,NA,"nezaznamenána"
2022,"CZ0724090","Bílé Karpaty","Eriogaster catax","Motýli","MOTYLI1051","Boršice","RP SCHKO Bílé Karpaty","AOPK ÈR - RP SCHKO Bílé Karpaty",12800419,57616032,2022-12-06,"Vladimír Hula","CELKOVE_SUM",NA,NA,NA,NA,NA,NA,"1",0,"bourovec trnkový","06.12.2022","06.12.2022",9628892,"MOTYLI1051","CZ0724090: Bílé Karpaty",94,1,9628892,100,"7071c",6,12,"Bílé Karpaty","1",NA,NA,NA
2022,"CZ0724090","Bílé Karpaty","Eriogaster catax","Motýli","MOTYLI1051","Boršice","RP SCHKO Bílé Karpaty","AOPK ÈR - RP SCHKO Bílé Karpaty",12800419,57616032,2022-12-06,"Vladimír Hula","CELKOVE_SUM",NA,NA,NA,NA,NA,NA,"1",1,"bourovec trnkový","06.12.2022","06.12.2022",9628892,"MOTYLI1051","CZ0724090: Bílé Karpaty",94,1,9628892,100,"7071c",6,12,"Bílé Karpaty","1",NA,NA,NA
2022,"CZ0724090","Bílé Karpaty","Eriogaster catax","Motýli","MOTYLI1051","Boršice","RP SCHKO Bílé Karpaty","AOPK ÈR - RP SCHKO Bílé Karpaty",12800419,57616032,2022-12-06,"Vladimír Hula","POP_POCETSUMLOKAL","hnízda housenek","min","minmax","ano","lok","10","0",0,"bourovec trnkový","06.12.2022","06.12.2022",9628892,"MOTYLI1051","CZ0724090: Bílé Karpaty",94,1,9628892,100,"7071c",6,12,"Bílé Karpaty","1",NA,NA,"alespoò 10 hnízda housenek"
2022,"CZ0724090","Bílé Karpaty","Eriogaster catax","Motýli","MOTYLI1051","Boršice","RP SCHKO Bílé Karpaty","AOPK ÈR - RP SCHKO Bílé Karpaty",12800419,57616032,2022-12-06,"Vladimír Hula","POP_PRESENCE",NA,"val","val","ano","lok","ano","ne",0,"bourovec trnkový","06.12.2022","06.12.2022",9628892,"MOTYLI1051","CZ0724090: Bílé Karpaty",94,1,9628892,100,"7071c",6,12,"Bílé Karpaty","1",NA,NA,"ano"
2022,"CZ0724090","Bílé Karpaty","Eriogaster catax","Motýli","MOTYLI1051","Boršice","RP SCHKO Bílé Karpaty","AOPK ÈR - RP SCHKO Bílé Karpaty",12800419,57616032,2022-12-06,"Vladimír Hula","STA_LIKVIDACE",NA,"val","val","ne","lok","nezaznamenána","nezaznamenána",1,"bourovec trnkový","06.12.2022","06.12.2022",9628892,"MOTYLI1051","CZ0724090: Bílé Karpaty",94,1,9628892,100,"7071c",6,12,"Bílé Karpaty","1",NA,NA,"nezaznamenána"
2023,"CZ0623349","Velický hliník","Eriogaster catax","Motýli","MOTYLI2222","Velický Hliník","RP SCHKO Bílé Karpaty","Krajský úøad Jihomoravského kraje",12800565,57616033,2023-05-01,"Vladimír Hula","CELKOVE_SUM",NA,NA,NA,NA,NA,NA,"1",0,"bourovec trnkový","01.05.2023","01.05.2023",9628699,"MOTYLI2222","CZ0623349: Velický hliník",16,1,9628699,100,"7171a",1,5,"Velický hliník","1",NA,NA,NA
2023,"CZ0623349","Velický hliník","Eriogaster catax","Motýli","MOTYLI2222","Velický Hliník","RP SCHKO Bílé Karpaty","Krajský úøad Jihomoravského kraje",12800565,57616033,2023-05-01,"Vladimír Hula","CELKOVE_SUM",NA,NA,NA,NA,NA,NA,"1",1,"bourovec trnkový","01.05.2023","01.05.2023",9628699,"MOTYLI2222","CZ0623349: Velický hliník",16,1,9628699,100,"7171a",1,5,"Velický hliník","1",NA,NA,NA
2023,"CZ0623349","Velický hliník","Eriogaster catax","Motýli","MOTYLI2222","Velický Hliník","RP SCHKO Bílé Karpaty","Krajský úøad Jihomoravského kraje",12800565,57616033,2023-05-01,"Vladimír Hula","POP_POCETSUMLOKAL","hnízda housenek","min","minmax","ano","lok","10","0",0,"bourovec trnkový","01.05.2023","01.05.2023",9628699,"MOTYLI2222","CZ0623349: Velický hliník",16,1,9628699,100,"7171a",1,5,"Velický hliník","1",NA,NA,"alespoò 10 hnízda housenek"
2023,"CZ0623349","Velický hliník","Eriogaster catax","Motýli","MOTYLI2222","Velický Hliník","RP SCHKO Bílé Karpaty","Krajský úøad Jihomoravského kraje",12800565,57616033,2023-05-01,"Vladimír Hula","POP_PRESENCE",NA,"val","val","ano","lok","ano","ne",0,"bourovec trnkový","01.05.2023","01.05.2023",9628699,"MOTYLI2222","CZ0623349: Velický hliník",16,1,9628699,100,"7171a",1,5,"Velický hliník","1",NA,NA,"ano"
2023,"CZ0623349","Velický hliník","Eriogaster catax","Motýli","MOTYLI2222","Velický Hliník","RP SCHKO Bílé Karpaty","Krajský úøad Jihomoravského kraje",12800565,57616033,2023-05-01,"Vladimír Hula","STA_LIKVIDACE",NA,"val","val","ne","lok","nezaznamenána","nezaznamenána",1,"bourovec trnkový","01.05.2023","01.05.2023",9628699,"MOTYLI2222","CZ0623349: Velický hliník",16,1,9628699,100,"7171a",1,5,"Velický hliník","1",NA,NA,"nezaznamenána"
2022,"CZ0723024","Rochus","Eriogaster catax","Motýli","MOTYLI1077","Rochus","RP SCHKO Bílé Karpaty","Krajský úøad Zlínského kraje",12800398,57616035,2022-04-15,"Vladimir Hula","CELKOVE_SUM",NA,NA,NA,NA,NA,NA,"1",0,"bourovec trnkový","15.04.2022","15.04.2022",9628769,"MOTYLI1077","CZ0723024: Rochus",82,1,9628769,99.79,"6970b",15,4,"Rochus","1",NA,NA,NA
2022,"CZ0723024","Rochus","Eriogaster catax","Motýli","MOTYLI1077","Rochus","RP SCHKO Bílé Karpaty","Krajský úøad Zlínského kraje",12800398,57616035,2022-04-15,"Vladimir Hula","CELKOVE_SUM",NA,NA,NA,NA,NA,NA,"1",1,"bourovec trnkový","15.04.2022","15.04.2022",9628769,"MOTYLI1077","CZ0723024: Rochus",82,1,9628769,99.79,"6970b",15,4,"Rochus","1",NA,NA,NA
2022,"CZ0723024","Rochus","Eriogaster catax","Motýli","MOTYLI1077","Rochus","RP SCHKO Bílé Karpaty","Krajský úøad Zlínského kraje",12800398,57616035,2022-04-15,"Vladimir Hula","POP_POCETSUMLOKAL","hnízda housenek","min","minmax","ano","lok","10","0",0,"bourovec trnkový","15.04.2022","15.04.2022",9628769,"MOTYLI1077","CZ0723024: Rochus",82,1,9628769,99.79,"6970b",15,4,"Rochus","1",NA,NA,"alespoò 10 hnízda housenek"
2022,"CZ0723024","Rochus","Eriogaster catax","Motýli","MOTYLI1077","Rochus","RP SCHKO Bílé Karpaty","Krajský úøad Zlínského kraje",12800398,57616035,2022-04-15,"Vladimir Hula","POP_PRESENCE",NA,"val","val","ano","lok","ano","ne",0,"bourovec trnkový","15.04.2022","15.04.2022",9628769,"MOTYLI1077","CZ0723024: Rochus",82,1,9628769,99.79,"6970b",15,4,"Rochus","1",NA,NA,"ano"
2022,"CZ0723024","Rochus","Eriogaster catax","Motýli","MOTYLI1077","Rochus","RP SCHKO Bílé Karpaty","Krajský úøad Zlínského kraje",12800398,57616035,2022-04-15,"Vladimir Hula","STA_LIKVIDACE",NA,"val","val","ne","lok","nezaznamenána","nezaznamenána",1,"bourovec trnkový","15.04.2022","15.04.2022",9628769,"MOTYLI1077","CZ0723024: Rochus",82,1,9628769,99.79,"6970b",15,4,"Rochus","1",NA,NA,"nezaznamenána"
2023,"CZ0724090","Bílé Karpaty","Eriogaster catax","Motýli","MOTYLI2223","Boršice u Blatnice","RP SCHKO Bílé Karpaty","AOPK ÈR - RP SCHKO Bílé Karpaty",12800446,57616038,2023-05-01,"Vladimír Hula","CELKOVE_SUM",NA,NA,NA,NA,NA,NA,"1",0,"bourovec trnkový","01.05.2023","01.05.2023",9628781,"MOTYLI2223","CZ0724090: Bílé Karpaty",100,1,9628781,100,"7071c",1,5,"Bílé Karpaty","1",NA,NA,NA
2023,"CZ0724090","Bílé Karpaty","Eriogaster catax","Motýli","MOTYLI2223","Boršice u Blatnice","RP SCHKO Bílé Karpaty","AOPK ÈR - RP SCHKO Bílé Karpaty",12800446,57616038,2023-05-01,"Vladimír Hula","CELKOVE_SUM",NA,NA,NA,NA,NA,NA,"1",1,"bourovec trnkový","01.05.2023","01.05.2023",9628781,"MOTYLI2223","CZ0724090: Bílé Karpaty",100,1,9628781,100,"7071c",1,5,"Bílé Karpaty","1",NA,NA,NA
2023,"CZ0724090","Bílé Karpaty","Eriogaster catax","Motýli","MOTYLI2223","Boršice u Blatnice","RP SCHKO Bílé Karpaty","AOPK ÈR - RP SCHKO Bílé Karpaty",12800446,57616038,2023-05-01,"Vladimír Hula","POP_POCETSUMLOKAL","hnízda housenek","min","minmax","ano","lok","10","0",0,"bourovec trnkový","01.05.2023","01.05.2023",9628781,"MOTYLI2223","CZ0724090: Bílé Karpaty",100,1,9628781,100,"7071c",1,5,"Bílé Karpaty","1",NA,NA,"alespoò 10 hnízda housenek"
2023,"CZ0724090","Bílé Karpaty","Eriogaster catax","Motýli","MOTYLI2223","Boršice u Blatnice","RP SCHKO Bílé Karpaty","AOPK ÈR - RP SCHKO Bílé Karpaty",12800446,57616038,2023-05-01,"Vladimír Hula","POP_PRESENCE",NA,"val","val","ano","lok","ano","ne",0,"bourovec trnkový","01.05.2023","01.05.2023",9628781,"MOTYLI2223","CZ0724090: Bílé Karpaty",100,1,9628781,100,"7071c",1,5,"Bílé Karpaty","1",NA,NA,"ano"
2023,"CZ0724090","Bílé Karpaty","Eriogaster catax","Motýli","MOTYLI2223","Boršice u Blatnice","RP SCHKO Bílé Karpaty","AOPK ÈR - RP SCHKO Bílé Karpaty",12800446,57616038,2023-05-01,"Vladimír Hula","STA_LIKVIDACE",NA,"val","val","ne","lok","nezaznamenána","nezaznamenána",1,"bourovec trnkový","01.05.2023","01.05.2023",9628781,"MOTYLI2223","CZ0724090: Bílé Karpaty",100,1,9628781,100,"7071c",1,5,"Bílé Karpaty","1",NA,NA,"nezaznamenána"
2022,"CZ0624096","Podyjí","Eriogaster catax","Motýli","MOTYLI1074","Èížov","RP Jižní Morava","Správa NP Podyjí",12800428,57616041,2022-04-15,"Vladimír Hula","CELKOVE_SUM",NA,NA,NA,NA,NA,NA,"1",0,"bourovec trnkový","15.04.2022","15.04.2022",9629873,"MOTYLI1074","CZ0624096: Podyjí",100,1,9629873,100,"7161a",15,4,"Podyjí","1",NA,NA,NA
2022,"CZ0624096","Podyjí","Eriogaster catax","Motýli","MOTYLI1074","Èížov","RP Jižní Morava","Správa NP Podyjí",12800428,57616041,2022-04-15,"Vladimír Hula","CELKOVE_SUM",NA,NA,NA,NA,NA,NA,"1",1,"bourovec trnkový","15.04.2022","15.04.2022",9629873,"MOTYLI1074","CZ0624096: Podyjí",100,1,9629873,100,"7161a",15,4,"Podyjí","1",NA,NA,NA
2022,"CZ0624096","Podyjí","Eriogaster catax","Motýli","MOTYLI1074","Èížov","RP Jižní Morava","Správa NP Podyjí",12800428,57616041,2022-04-15,"Vladimír Hula","POP_POCETSUMLOKAL","hnízda housenek","min","minmax","ano","lok","10","0",0,"bourovec trnkový","15.04.2022","15.04.2022",9629873,"MOTYLI1074","CZ0624096: Podyjí",100,1,9629873,100,"7161a",15,4,"Podyjí","1",NA,NA,"alespoò 10 hnízda housenek"
2022,"CZ0624096","Podyjí","Eriogaster catax","Motýli","MOTYLI1074","Èížov","RP Jižní Morava","Správa NP Podyjí",12800428,57616041,2022-04-15,"Vladimír Hula","POP_PRESENCE",NA,"val","val","ano","lok","ano","ne",0,"bourovec trnkový","15.04.2022","15.04.2022",9629873,"MOTYLI1074","CZ0624096: Podyjí",100,1,9629873,100,"7161a",15,4,"Podyjí","1",NA,NA,"ano"
2022,"CZ0624096","Podyjí","Eriogaster catax","Motýli","MOTYLI1074","Èížov","RP Jižní Morava","Správa NP Podyjí",12800428,57616041,2022-04-15,"Vladimír Hula","STA_LIKVIDACE",NA,"val","val","ne","lok","nezaznamenána","nezaznamenána",1,"bourovec trnkový","15.04.2022","15.04.2022",9629873,"MOTYLI1074","CZ0624096: Podyjí",100,1,9629873,100,"7161a",15,4,"Podyjí","1",NA,NA,"nezaznamenána"
2023,"CZ0620048","Skalky u Sedlece","Eriogaster catax","Motýli","MOTYLI2238","Skalky","RP Jižní Morava","Krajský úøad Jihomoravského kraje",12800506,57616044,2023-04-19,"Vladimír Hula","CELKOVE_SUM",NA,NA,NA,NA,NA,NA,"1",0,"bourovec trnkový","19.04.2023","19.04.2023",9628756,"MOTYLI2238","CZ0620048: Skalky u Sedlece",87,1,9628756,100,"7266a",19,4,"Skalky u Sedlece","1",NA,NA,NA
2023,"CZ0620048","Skalky u Sedlece","Eriogaster catax","Motýli","MOTYLI2238","Skalky","RP Jižní Morava","Krajský úøad Jihomoravského kraje",12800506,57616044,2023-04-19,"Vladimír Hula","CELKOVE_SUM",NA,NA,NA,NA,NA,NA,"1",1,"bourovec trnkový","19.04.2023","19.04.2023",9628756,"MOTYLI2238","CZ0620048: Skalky u Sedlece",87,1,9628756,100,"7266a",19,4,"Skalky u Sedlece","1",NA,NA,NA
2023,"CZ0620048","Skalky u Sedlece","Eriogaster catax","Motýli","MOTYLI2238","Skalky","RP Jižní Morava","Krajský úøad Jihomoravského kraje",12800506,57616044,2023-04-19,"Vladimír Hula","POP_POCETSUMLOKAL","hnízda housenek","min","minmax","ano","lok","10","0",0,"bourovec trnkový","19.04.2023","19.04.2023",9628756,"MOTYLI2238","CZ0620048: Skalky u Sedlece",87,1,9628756,100,"7266a",19,4,"Skalky u Sedlece","1",NA,NA,"alespoò 10 hnízda housenek"
2023,"CZ0620048","Skalky u Sedlece","Eriogaster catax","Motýli","MOTYLI2238","Skalky","RP Jižní Morava","Krajský úøad Jihomoravského kraje",12800506,57616044,2023-04-19,"Vladimír Hula","POP_PRESENCE",NA,"val","val","ano","lok","ano","ne",0,"bourovec trnkový","19.04.2023","19.04.2023",9628756,"MOTYLI2238","CZ0620048: Skalky u Sedlece",87,1,9628756,100,"7266a",19,4,"Skalky u Sedlece","1",NA,NA,"ano"
2023,"CZ0620048","Skalky u Sedlece","Eriogaster catax","Motýli","MOTYLI2238","Skalky","RP Jižní Morava","Krajský úøad Jihomoravského kraje",12800506,57616044,2023-04-19,"Vladimír Hula","STA_LIKVIDACE",NA,"val","val","ne","lok","nezaznamenána","nezaznamenána",1,"bourovec trnkový","19.04.2023","19.04.2023",9628756,"MOTYLI2238","CZ0620048: Skalky u Sedlece",87,1,9628756,100,"7266a",19,4,"Skalky u Sedlece","1",NA,NA,"nezaznamenána"
2022,"CZ0724087","Újezdecký les","Eriogaster catax","Motýli","MOTYLI1053","Tìšov","RP SCHKO Bílé Karpaty","Krajský úøad Zlínského kraje",12800472,57616047,2022-04-14,"Vladimir Hula","CELKOVE_SUM",NA,NA,NA,NA,NA,NA,"0",0,"bourovec trnkový","14.04.2022","14.04.2022",9628727,"MOTYLI1053","CZ0724087: Újezdecký les",11,1,9628727,97.65,"6972c",14,4,"Újezdecký les","1",NA,NA,NA
2022,"CZ0724087","Újezdecký les","Eriogaster catax","Motýli","MOTYLI1053","Tìšov","RP SCHKO Bílé Karpaty","Krajský úøad Zlínského kraje",12800472,57616047,2022-04-14,"Vladimir Hula","POP_POCETSUMLOKAL","hnízda housenek","min","minmax","ano","lok","10","0",0,"bourovec trnkový","14.04.2022","14.04.2022",9628727,"MOTYLI1053","CZ0724087: Újezdecký les",11,1,9628727,97.65,"6972c",14,4,"Újezdecký les","1",NA,NA,"alespoò 10 hnízda housenek"
2022,"CZ0724087","Újezdecký les","Eriogaster catax","Motýli","MOTYLI1053","Tìšov","RP SCHKO Bílé Karpaty","Krajský úøad Zlínského kraje",12800472,57616047,2022-04-14,"Vladimir Hula","POP_PRESENCE",NA,"val","val","ano","lok","ano","ne",0,"bourovec trnkový","14.04.2022","14.04.2022",9628727,"MOTYLI1053","CZ0724087: Újezdecký les",11,1,9628727,97.65,"6972c",14,4,"Újezdecký les","1",NA,NA,"ano"
2022,"CZ0724087","Újezdecký les","Eriogaster catax","Motýli","MOTYLI1053","Tìšov","RP SCHKO Bílé Karpaty","Krajský úøad Zlínského kraje",12800472,57616047,2022-04-14,"Vladimir Hula","STA_LIKVIDACE",NA,"val","val","ne","lok","nezaznamenána","zaznamenána",0,"bourovec trnkový","14.04.2022","14.04.2022",9628727,"MOTYLI1053","CZ0724087: Újezdecký les",11,1,9628727,97.65,"6972c",14,4,"Újezdecký les","1",NA,NA,"nezaznamenána"
2022,"CZ0623349","Velický hliník","Eriogaster catax","Motýli","MOTYLI1061","Velický hliník","RP SCHKO Bílé Karpaty","Krajský úøad Jihomoravského kraje",12800456,57616049,2022-04-14,"Vladimir Hula","CELKOVE_SUM",NA,NA,NA,NA,NA,NA,"1",0,"bourovec trnkový","14.04.2022","14.04.2022",9628887,"MOTYLI1061","CZ0623349: Velický hliník",50,1,9628887,100,"7171a",14,4,"Velický hliník","1",NA,NA,NA
2022,"CZ0623349","Velický hliník","Eriogaster catax","Motýli","MOTYLI1061","Velický hliník","RP SCHKO Bílé Karpaty","Krajský úøad Jihomoravského kraje",12800456,57616049,2022-04-14,"Vladimir Hula","CELKOVE_SUM",NA,NA,NA,NA,NA,NA,"1",1,"bourovec trnkový","14.04.2022","14.04.2022",9628887,"MOTYLI1061","CZ0623349: Velický hliník",50,1,9628887,100,"7171a",14,4,"Velický hliník","1",NA,NA,NA
2022,"CZ0623349","Velický hliník","Eriogaster catax","Motýli","MOTYLI1061","Velický hliník","RP SCHKO Bílé Karpaty","Krajský úøad Jihomoravského kraje",12800456,57616049,2022-04-14,"Vladimir Hula","POP_POCETSUMLOKAL","hnízda housenek","min","minmax","ano","lok","10","0",0,"bourovec trnkový","14.04.2022","14.04.2022",9628887,"MOTYLI1061","CZ0623349: Velický hliník",50,1,9628887,100,"7171a",14,4,"Velický hliník","1",NA,NA,"alespoò 10 hnízda housenek"
2022,"CZ0623349","Velický hliník","Eriogaster catax","Motýli","MOTYLI1061","Velický hliník","RP SCHKO Bílé Karpaty","Krajský úøad Jihomoravského kraje",12800456,57616049,2022-04-14,"Vladimir Hula","POP_PRESENCE",NA,"val","val","ano","lok","ano","ne",0,"bourovec trnkový","14.04.2022","14.04.2022",9628887,"MOTYLI1061","CZ0623349: Velický hliník",50,1,9628887,100,"7171a",14,4,"Velický hliník","1",NA,NA,"ano"
2022,"CZ0623349","Velický hliník","Eriogaster catax","Motýli","MOTYLI1061","Velický hliník","RP SCHKO Bílé Karpaty","Krajský úøad Jihomoravského kraje",12800456,57616049,2022-04-14,"Vladimir Hula","STA_LIKVIDACE",NA,"val","val","ne","lok","nezaznamenána","nezaznamenána",1,"bourovec trnkový","14.04.2022","14.04.2022",9628887,"MOTYLI1061","CZ0623349: Velický hliník",50,1,9628887,100,"7171a",14,4,"Velický hliník","1",NA,NA,"nezaznamenána"
2023,"CZ0724090","Bílé Karpaty","Eriogaster catax","Motýli","MOTYLI2227","Horní Nìmèí - Vinohrádky","RP SCHKO Bílé Karpaty","AOPK ÈR - RP SCHKO Bílé Karpaty",12800585,57616051,2023-05-01,"Vladimír Hula","CELKOVE_SUM",NA,NA,NA,NA,NA,NA,"1",0,"bourovec trnkový","01.05.2023","01.05.2023",9628865,"MOTYLI2227","CZ0724090: Bílé Karpaty",100,1,9628865,100,"7071d",1,5,"Bílé Karpaty","1",NA,NA,NA
2023,"CZ0724090","Bílé Karpaty","Eriogaster catax","Motýli","MOTYLI2227","Horní Nìmèí - Vinohrádky","RP SCHKO Bílé Karpaty","AOPK ÈR - RP SCHKO Bílé Karpaty",12800585,57616051,2023-05-01,"Vladimír Hula","CELKOVE_SUM",NA,NA,NA,NA,NA,NA,"1",1,"bourovec trnkový","01.05.2023","01.05.2023",9628865,"MOTYLI2227","CZ0724090: Bílé Karpaty",100,1,9628865,100,"7071d",1,5,"Bílé Karpaty","1",NA,NA,NA
2023,"CZ0724090","Bílé Karpaty","Eriogaster catax","Motýli","MOTYLI2227","Horní Nìmèí - Vinohrádky","RP SCHKO Bílé Karpaty","AOPK ÈR - RP SCHKO Bílé Karpaty",12800585,57616051,2023-05-01,"Vladimír Hula","POP_POCETSUMLOKAL","hnízda housenek","min","minmax","ano","lok","10","0",0,"bourovec trnkový","01.05.2023","01.05.2023",9628865,"MOTYLI2227","CZ0724090: Bílé Karpaty",100,1,9628865,100,"7071d",1,5,"Bílé Karpaty","1",NA,NA,"alespoò 10 hnízda housenek"
2023,"CZ0724090","Bílé Karpaty","Eriogaster catax","Motýli","MOTYLI2227","Horní Nìmèí - Vinohrádky","RP SCHKO Bílé Karpaty","AOPK ÈR - RP SCHKO Bílé Karpaty",12800585,57616051,2023-05-01,"Vladimír Hula","POP_PRESENCE",NA,"val","val","ano","lok","ano","ne",0,"bourovec trnkový","01.05.2023","01.05.2023",9628865,"MOTYLI2227","CZ0724090: Bílé Karpaty",100,1,9628865,100,"7071d",1,5,"Bílé Karpaty","1",NA,NA,"ano"
2023,"CZ0724090","Bílé Karpaty","Eriogaster catax","Motýli","MOTYLI2227","Horní Nìmèí - Vinohrádky","RP SCHKO Bílé Karpaty","AOPK ÈR - RP SCHKO Bílé Karpaty",12800585,57616051,2023-05-01,"Vladimír Hula","STA_LIKVIDACE",NA,"val","val","ne","lok","nezaznamenána","nezaznamenána",1,"bourovec trnkový","01.05.2023","01.05.2023",9628865,"MOTYLI2227","CZ0724090: Bílé Karpaty",100,1,9628865,100,"7071d",1,5,"Bílé Karpaty","1",NA,NA,"nezaznamenána"
2023,"CZ0724087","Újezdecký les","Eriogaster catax","Motýli","MOTYLI2224","Újezdec","RP SCHKO Bílé Karpaty","Krajský úøad Zlínského kraje",12800542,57616054,2023-05-01,"Vladimír Hula","CELKOVE_SUM",NA,NA,NA,NA,NA,NA,"1",0,"bourovec trnkový","01.05.2023","01.05.2023",9628782,"MOTYLI2224","CZ0724087: Újezdecký les",92,1,9628782,85.97,"6972c",1,5,"Újezdecký les","1",NA,NA,NA
2023,"CZ0724087","Újezdecký les","Eriogaster catax","Motýli","MOTYLI2224","Újezdec","RP SCHKO Bílé Karpaty","Krajský úøad Zlínského kraje",12800542,57616054,2023-05-01,"Vladimír Hula","CELKOVE_SUM",NA,NA,NA,NA,NA,NA,"1",1,"bourovec trnkový","01.05.2023","01.05.2023",9628782,"MOTYLI2224","CZ0724087: Újezdecký les",92,1,9628782,85.97,"6972c",1,5,"Újezdecký les","1",NA,NA,NA
2023,"CZ0724087","Újezdecký les","Eriogaster catax","Motýli","MOTYLI2224","Újezdec","RP SCHKO Bílé Karpaty","Krajský úøad Zlínského kraje",12800542,57616054,2023-05-01,"Vladimír Hula","POP_POCETSUMLOKAL","hnízda housenek","min","minmax","ano","lok","10","0",0,"bourovec trnkový","01.05.2023","01.05.2023",9628782,"MOTYLI2224","CZ0724087: Újezdecký les",92,1,9628782,85.97,"6972c",1,5,"Újezdecký les","1",NA,NA,"alespoò 10 hnízda housenek"
2023,"CZ0724087","Újezdecký les","Eriogaster catax","Motýli","MOTYLI2224","Újezdec","RP SCHKO Bílé Karpaty","Krajský úøad Zlínského kraje",12800542,57616054,2023-05-01,"Vladimír Hula","POP_PRESENCE",NA,"val","val","ano","lok","ano","ne",0,"bourovec trnkový","01.05.2023","01.05.2023",9628782,"MOTYLI2224","CZ0724087: Újezdecký les",92,1,9628782,85.97,"6972c",1,5,"Újezdecký les","1",NA,NA,"ano"
2023,"CZ0724087","Újezdecký les","Eriogaster catax","Motýli","MOTYLI2224","Újezdec","RP SCHKO Bílé Karpaty","Krajský úøad Zlínského kraje",12800542,57616054,2023-05-01,"Vladimír Hula","STA_LIKVIDACE",NA,"val","val","ne","lok","nezaznamenána","nezaznamenána",1,"bourovec trnkový","01.05.2023","01.05.2023",9628782,"MOTYLI2224","CZ0724087: Újezdecký les",92,1,9628782,85.97,"6972c",1,5,"Újezdecký les","1",NA,NA,"nezaznamenána"
2022,"CZ0624072","Èertoryje","Eriogaster catax","Motýli","MOTYLI1060","Knìždub","RP SCHKO Bílé Karpaty","AOPK ÈR - RP SCHKO Bílé Karpaty",12800490,57616055,2022-04-14,"Vladimír Hula","CELKOVE_SUM",NA,NA,NA,NA,NA,NA,"1",0,"bourovec trnkový","14.04.2022","14.04.2022",9628890,"MOTYLI1060","CZ0624072: Èertoryje",98,1,9628890,100,"7170a",14,4,"Èertoryje","1",NA,NA,NA
2022,"CZ0624072","Èertoryje","Eriogaster catax","Motýli","MOTYLI1060","Knìždub","RP SCHKO Bílé Karpaty","AOPK ÈR - RP SCHKO Bílé Karpaty",12800490,57616055,2022-04-14,"Vladimír Hula","CELKOVE_SUM",NA,NA,NA,NA,NA,NA,"1",1,"bourovec trnkový","14.04.2022","14.04.2022",9628890,"MOTYLI1060","CZ0624072: Èertoryje",98,1,9628890,100,"7170a",14,4,"Èertoryje","1",NA,NA,NA
2022,"CZ0624072","Èertoryje","Eriogaster catax","Motýli","MOTYLI1060","Knìždub","RP SCHKO Bílé Karpaty","AOPK ÈR - RP SCHKO Bílé Karpaty",12800490,57616055,2022-04-14,"Vladimír Hula","POP_POCETSUMLOKAL","hnízda housenek","min","minmax","ano","lok","10","0",0,"bourovec trnkový","14.04.2022","14.04.2022",9628890,"MOTYLI1060","CZ0624072: Èertoryje",98,1,9628890,100,"7170a",14,4,"Èertoryje","1",NA,NA,"alespoò 10 hnízda housenek"
2022,"CZ0624072","Èertoryje","Eriogaster catax","Motýli","MOTYLI1060","Knìždub","RP SCHKO Bílé Karpaty","AOPK ÈR - RP SCHKO Bílé Karpaty",12800490,57616055,2022-04-14,"Vladimír Hula","POP_PRESENCE",NA,"val","val","ano","lok","ano","ne",0,"bourovec trnkový","14.04.2022","14.04.2022",9628890,"MOTYLI1060","CZ0624072: Èertoryje",98,1,9628890,100,"7170a",14,4,"Èertoryje","1",NA,NA,"ano"
2022,"CZ0624072","Èertoryje","Eriogaster catax","Motýli","MOTYLI1060","Knìždub","RP SCHKO Bílé Karpaty","AOPK ÈR - RP SCHKO Bílé Karpaty",12800490,57616055,2022-04-14,"Vladimír Hula","STA_LIKVIDACE",NA,"val","val","ne","lok","nezaznamenána","nezaznamenána",1,"bourovec trnkový","14.04.2022","14.04.2022",9628890,"MOTYLI1060","CZ0624072: Èertoryje",98,1,9628890,100,"7170a",14,4,"Èertoryje","1",NA,NA,"nezaznamenána"
2023,"CZ0724087","Újezdecký les","Eriogaster catax","Motýli","MOTYLI2225","Tìšov","RP SCHKO Bílé Karpaty","Krajský úøad Zlínského kraje",12800544,57616056,2023-05-01,"Vladimír Hula","CELKOVE_SUM",NA,NA,NA,NA,NA,NA,"1",0,"bourovec trnkový","01.05.2023","01.05.2023",9628794,"MOTYLI2225","CZ0724087: Újezdecký les",17,1,9628794,72.86,"6972c",1,5,"Újezdecký les","1",NA,NA,NA
2023,"CZ0724087","Újezdecký les","Eriogaster catax","Motýli","MOTYLI2225","Tìšov","RP SCHKO Bílé Karpaty","Krajský úøad Zlínského kraje",12800544,57616056,2023-05-01,"Vladimír Hula","CELKOVE_SUM",NA,NA,NA,NA,NA,NA,"1",1,"bourovec trnkový","01.05.2023","01.05.2023",9628794,"MOTYLI2225","CZ0724087: Újezdecký les",17,1,9628794,72.86,"6972c",1,5,"Újezdecký les","1",NA,NA,NA
2023,"CZ0724087","Újezdecký les","Eriogaster catax","Motýli","MOTYLI2225","Tìšov","RP SCHKO Bílé Karpaty","Krajský úøad Zlínského kraje",12800544,57616056,2023-05-01,"Vladimír Hula","POP_POCETSUMLOKAL","hnízda housenek","min","minmax","ano","lok","10","0",0,"bourovec trnkový","01.05.2023","01.05.2023",9628794,"MOTYLI2225","CZ0724087: Újezdecký les",17,1,9628794,72.86,"6972c",1,5,"Újezdecký les","1",NA,NA,"alespoò 10 hnízda housenek"
2023,"CZ0724087","Újezdecký les","Eriogaster catax","Motýli","MOTYLI2225","Tìšov","RP SCHKO Bílé Karpaty","Krajský úøad Zlínského kraje",12800544,57616056,2023-05-01,"Vladimír Hula","POP_PRESENCE",NA,"val","val","ano","lok","ano","ne",0,"bourovec trnkový","01.05.2023","01.05.2023",9628794,"MOTYLI2225","CZ0724087: Újezdecký les",17,1,9628794,72.86,"6972c",1,5,"Újezdecký les","1",NA,NA,"ano"
2023,"CZ0724087","Újezdecký les","Eriogaster catax","Motýli","MOTYLI2225","Tìšov","RP SCHKO Bílé Karpaty","Krajský úøad Zlínského kraje",12800544,57616056,2023-05-01,"Vladimír Hula","STA_LIKVIDACE",NA,"val","val","ne","lok","nezaznamenána","nezaznamenána",1,"bourovec trnkový","01.05.2023","01.05.2023",9628794,"MOTYLI2225","CZ0724087: Újezdecký les",17,1,9628794,72.86,"6972c",1,5,"Újezdecký les","1",NA,NA,"nezaznamenána"
2023,"CZ0624100","Milovický les","Eriogaster catax","Motýli","MOTYLI2237","Lišèí vrch","RP Jižní Morava","AOPK ÈR - RP Jižní Morava",12800584,57616057,2023-04-19,"Vladimír Hula","CELKOVE_SUM",NA,NA,NA,NA,NA,NA,"1",0,"bourovec trnkový","19.04.2023","19.04.2023",9628863,"MOTYLI2237","CZ0624100: Milovický les",94,1,9628863,100,"7266a",19,4,"Milovický les","1",NA,NA,NA
2023,"CZ0624100","Milovický les","Eriogaster catax","Motýli","MOTYLI2237","Lišèí vrch","RP Jižní Morava","AOPK ÈR - RP Jižní Morava",12800584,57616057,2023-04-19,"Vladimír Hula","CELKOVE_SUM",NA,NA,NA,NA,NA,NA,"1",1,"bourovec trnkový","19.04.2023","19.04.2023",9628863,"MOTYLI2237","CZ0624100: Milovický les",94,1,9628863,100,"7266a",19,4,"Milovický les","1",NA,NA,NA
2023,"CZ0624100","Milovický les","Eriogaster catax","Motýli","MOTYLI2237","Lišèí vrch","RP Jižní Morava","AOPK ÈR - RP Jižní Morava",12800584,57616057,2023-04-19,"Vladimír Hula","POP_POCETSUMLOKAL","hnízda housenek","min","minmax","ano","lok","10","0",0,"bourovec trnkový","19.04.2023","19.04.2023",9628863,"MOTYLI2237","CZ0624100: Milovický les",94,1,9628863,100,"7266a",19,4,"Milovický les","1",NA,NA,"alespoò 10 hnízda housenek"
2023,"CZ0624100","Milovický les","Eriogaster catax","Motýli","MOTYLI2237","Lišèí vrch","RP Jižní Morava","AOPK ÈR - RP Jižní Morava",12800584,57616057,2023-04-19,"Vladimír Hula","POP_PRESENCE",NA,"val","val","ano","lok","ano","ne",0,"bourovec trnkový","19.04.2023","19.04.2023",9628863,"MOTYLI2237","CZ0624100: Milovický les",94,1,9628863,100,"7266a",19,4,"Milovický les","1",NA,NA,"ano"
2023,"CZ0624100","Milovický les","Eriogaster catax","Motýli","MOTYLI2237","Lišèí vrch","RP Jižní Morava","AOPK ÈR - RP Jižní Morava",12800584,57616057,2023-04-19,"Vladimír Hula","STA_LIKVIDACE",NA,"val","val","ne","lok","nezaznamenána","nezaznamenána",1,"bourovec trnkový","19.04.2023","19.04.2023",9628863,"MOTYLI2237","CZ0624100: Milovický les",94,1,9628863,100,"7266a",19,4,"Milovický les","1",NA,NA,"nezaznamenána"
2023,"CZ0622218","Dunajovické kopce","Eriogaster catax","Motýli","MOTYLI2236","Dunajovické kopce","RP Jižní Morava","AOPK ÈR - RP Jižní Morava",12800502,57616061,2023-04-19,"Vladimír Hula","CELKOVE_SUM",NA,NA,NA,NA,NA,NA,"1",0,"bourovec trnkový","19.04.2023","19.04.2023",9628730,"MOTYLI2236","CZ0622218: Dunajovické kopce",54,1,9628730,100,"7165c",19,4,"Dunajovické kopce","1",NA,NA,NA
2023,"CZ0622218","Dunajovické kopce","Eriogaster catax","Motýli","MOTYLI2236","Dunajovické kopce","RP Jižní Morava","AOPK ÈR - RP Jižní Morava",12800502,57616061,2023-04-19,"Vladimír Hula","CELKOVE_SUM",NA,NA,NA,NA,NA,NA,"1",1,"bourovec trnkový","19.04.2023","19.04.2023",9628730,"MOTYLI2236","CZ0622218: Dunajovické kopce",54,1,9628730,100,"7165c",19,4,"Dunajovické kopce","1",NA,NA,NA
2023,"CZ0622218","Dunajovické kopce","Eriogaster catax","Motýli","MOTYLI2236","Dunajovické kopce","RP Jižní Morava","AOPK ÈR - RP Jižní Morava",12800502,57616061,2023-04-19,"Vladimír Hula","POP_POCETSUMLOKAL","hnízda housenek","min","minmax","ano","lok","10","0",0,"bourovec trnkový","19.04.2023","19.04.2023",9628730,"MOTYLI2236","CZ0622218: Dunajovické kopce",54,1,9628730,100,"7165c",19,4,"Dunajovické kopce","1",NA,NA,"alespoò 10 hnízda housenek"
2023,"CZ0622218","Dunajovické kopce","Eriogaster catax","Motýli","MOTYLI2236","Dunajovické kopce","RP Jižní Morava","AOPK ÈR - RP Jižní Morava",12800502,57616061,2023-04-19,"Vladimír Hula","POP_PRESENCE",NA,"val","val","ano","lok","ano","ne",0,"bourovec trnkový","19.04.2023","19.04.2023",9628730,"MOTYLI2236","CZ0622218: Dunajovické kopce",54,1,9628730,100,"7165c",19,4,"Dunajovické kopce","1",NA,NA,"ano"
2023,"CZ0622218","Dunajovické kopce","Eriogaster catax","Motýli","MOTYLI2236","Dunajovické kopce","RP Jižní Morava","AOPK ÈR - RP Jižní Morava",12800502,57616061,2023-04-19,"Vladimír Hula","STA_LIKVIDACE",NA,"val","val","ne","lok","nezaznamenána","nezaznamenána",1,"bourovec trnkový","19.04.2023","19.04.2023",9628730,"MOTYLI2236","CZ0622218: Dunajovické kopce",54,1,9628730,100,"7165c",19,4,"Dunajovické kopce","1",NA,NA,"nezaznamenána"
2022,"CZ0624118","Skalky u Havraníkù","Eriogaster catax","Motýli","MOTYLI1076","Skalky u Havraníkù","RP Jižní Morava","Krajský úøad Jihomoravského kraje",12800577,57616062,2022-04-15,"Vladimír Hula","CELKOVE_SUM",NA,NA,NA,NA,NA,NA,"1",0,"bourovec trnkový","15.04.2022","15.04.2022",9628797,"MOTYLI1076","CZ0624118: Skalky u Havraníkù",57,1,9628797,99.56,"7162c",15,4,"Skalky u Havraníkù","1",NA,NA,NA
2022,"CZ0624118","Skalky u Havraníkù","Eriogaster catax","Motýli","MOTYLI1076","Skalky u Havraníkù","RP Jižní Morava","Krajský úøad Jihomoravského kraje",12800577,57616062,2022-04-15,"Vladimír Hula","CELKOVE_SUM",NA,NA,NA,NA,NA,NA,"1",1,"bourovec trnkový","15.04.2022","15.04.2022",9628797,"MOTYLI1076","CZ0624118: Skalky u Havraníkù",57,1,9628797,99.56,"7162c",15,4,"Skalky u Havraníkù","1",NA,NA,NA
2022,"CZ0624118","Skalky u Havraníkù","Eriogaster catax","Motýli","MOTYLI1076","Skalky u Havraníkù","RP Jižní Morava","Krajský úøad Jihomoravského kraje",12800577,57616062,2022-04-15,"Vladimír Hula","POP_POCETSUMLOKAL","hnízda housenek","min","minmax","ano","lok","10","0",0,"bourovec trnkový","15.04.2022","15.04.2022",9628797,"MOTYLI1076","CZ0624118: Skalky u Havraníkù",57,1,9628797,99.56,"7162c",15,4,"Skalky u Havraníkù","1",NA,NA,"alespoò 10 hnízda housenek"
2022,"CZ0624118","Skalky u Havraníkù","Eriogaster catax","Motýli","MOTYLI1076","Skalky u Havraníkù","RP Jižní Morava","Krajský úøad Jihomoravského kraje",12800577,57616062,2022-04-15,"Vladimír Hula","POP_PRESENCE",NA,"val","val","ano","lok","ano","ne",0,"bourovec trnkový","15.04.2022","15.04.2022",9628797,"MOTYLI1076","CZ0624118: Skalky u Havraníkù",57,1,9628797,99.56,"7162c",15,4,"Skalky u Havraníkù","1",NA,NA,"ano"
2022,"CZ0624118","Skalky u Havraníkù","Eriogaster catax","Motýli","MOTYLI1076","Skalky u Havraníkù","RP Jižní Morava","Krajský úøad Jihomoravského kraje",12800577,57616062,2022-04-15,"Vladimír Hula","STA_LIKVIDACE",NA,"val","val","ne","lok","nezaznamenána","nezaznamenána",1,"bourovec trnkový","15.04.2022","15.04.2022",9628797,"MOTYLI1076","CZ0624118: Skalky u Havraníkù",57,1,9628797,99.56,"7162c",15,4,"Skalky u Havraníkù","1",NA,NA,"nezaznamenána"
2023,"CZ0624104","Dìvín","Eriogaster catax","Motýli","MOTYLI2234","Dìvín - Kaple","RP Jižní Morava","AOPK ÈR - RP Jižní Morava",12800611,57616063,2023-04-19,"Vladimír Hula","CELKOVE_SUM",NA,NA,NA,NA,NA,NA,"1",0,"bourovec trnkový","19.04.2023","19.04.2023",9628857,"MOTYLI2234","CZ0624104: Dìvín",99,1,9628857,100,"7165b",19,4,"Dìvín","1",NA,NA,NA
2023,"CZ0624104","Dìvín","Eriogaster catax","Motýli","MOTYLI2234","Dìvín - Kaple","RP Jižní Morava","AOPK ÈR - RP Jižní Morava",12800611,57616063,2023-04-19,"Vladimír Hula","CELKOVE_SUM",NA,NA,NA,NA,NA,NA,"1",1,"bourovec trnkový","19.04.2023","19.04.2023",9628857,"MOTYLI2234","CZ0624104: Dìvín",99,1,9628857,100,"7165b",19,4,"Dìvín","1",NA,NA,NA
2023,"CZ0624104","Dìvín","Eriogaster catax","Motýli","MOTYLI2234","Dìvín - Kaple","RP Jižní Morava","AOPK ÈR - RP Jižní Morava",12800611,57616063,2023-04-19,"Vladimír Hula","POP_POCETSUMLOKAL","hnízda housenek","min","minmax","ano","lok","10","0",0,"bourovec trnkový","19.04.2023","19.04.2023",9628857,"MOTYLI2234","CZ0624104: Dìvín",99,1,9628857,100,"7165b",19,4,"Dìvín","1",NA,NA,"alespoò 10 hnízda housenek"
2023,"CZ0624104","Dìvín","Eriogaster catax","Motýli","MOTYLI2234","Dìvín - Kaple","RP Jižní Morava","AOPK ÈR - RP Jižní Morava",12800611,57616063,2023-04-19,"Vladimír Hula","POP_PRESENCE",NA,"val","val","ano","lok","ano","ne",0,"bourovec trnkový","19.04.2023","19.04.2023",9628857,"MOTYLI2234","CZ0624104: Dìvín",99,1,9628857,100,"7165b",19,4,"Dìvín","1",NA,NA,"ano"
2023,"CZ0624104","Dìvín","Eriogaster catax","Motýli","MOTYLI2234","Dìvín - Kaple","RP Jižní Morava","AOPK ÈR - RP Jižní Morava",12800611,57616063,2023-04-19,"Vladimír Hula","STA_LIKVIDACE",NA,"val","val","ne","lok","nezaznamenána","nezaznamenána",1,"bourovec trnkový","19.04.2023","19.04.2023",9628857,"MOTYLI2234","CZ0624104: Dìvín",99,1,9628857,100,"7165b",19,4,"Dìvín","1",NA,NA,"nezaznamenána"
2022,"CZ0724087","Újezdecký les","Eriogaster catax","Motýli","MOTYLI1052","Újezdec","RP SCHKO Bílé Karpaty","Krajský úøad Zlínského kraje",12800434,57616064,2022-04-13,"Vladimir Hula","CELKOVE_SUM",NA,NA,NA,NA,NA,NA,"0",0,"bourovec trnkový","13.04.2022","13.04.2022",9628726,"MOTYLI1052","CZ0724087: Újezdecký les",94,1,9628726,88.03,"6972c",13,4,"Újezdecký les","1",NA,NA,NA
2022,"CZ0724087","Újezdecký les","Eriogaster catax","Motýli","MOTYLI1052","Újezdec","RP SCHKO Bílé Karpaty","Krajský úøad Zlínského kraje",12800434,57616064,2022-04-13,"Vladimir Hula","POP_POCETSUMLOKAL","hnízda housenek","min","minmax","ano","lok","10","0",0,"bourovec trnkový","13.04.2022","13.04.2022",9628726,"MOTYLI1052","CZ0724087: Újezdecký les",94,1,9628726,88.03,"6972c",13,4,"Újezdecký les","1",NA,NA,"alespoò 10 hnízda housenek"
2022,"CZ0724087","Újezdecký les","Eriogaster catax","Motýli","MOTYLI1052","Újezdec","RP SCHKO Bílé Karpaty","Krajský úøad Zlínského kraje",12800434,57616064,2022-04-13,"Vladimir Hula","POP_PRESENCE",NA,"val","val","ano","lok","ano","ne",0,"bourovec trnkový","13.04.2022","13.04.2022",9628726,"MOTYLI1052","CZ0724087: Újezdecký les",94,1,9628726,88.03,"6972c",13,4,"Újezdecký les","1",NA,NA,"ano"
2022,"CZ0724087","Újezdecký les","Eriogaster catax","Motýli","MOTYLI1052","Újezdec","RP SCHKO Bílé Karpaty","Krajský úøad Zlínského kraje",12800434,57616064,2022-04-13,"Vladimir Hula","STA_LIKVIDACE",NA,"val","val","ne","lok","nezaznamenána","zaznamenána",0,"bourovec trnkový","13.04.2022","13.04.2022",9628726,"MOTYLI1052","CZ0724087: Újezdecký les",94,1,9628726,88.03,"6972c",13,4,"Újezdecký les","1",NA,NA,"nezaznamenána"
2022,"CZ0724090","Bílé Karpaty","Eriogaster catax","Motýli","MOTYLI1059","Suchov","RP SCHKO Bílé Karpaty","AOPK ÈR - RP SCHKO Bílé Karpaty",12800589,57616065,2022-04-13,"Vladimír Hula","CELKOVE_SUM",NA,NA,NA,NA,NA,NA,"1",0,"bourovec trnkový","13.04.2022","13.04.2022",9628886,"MOTYLI1059","CZ0724090: Bílé Karpaty",94,1,9628886,100,"7071d",13,4,"Bílé Karpaty","1",NA,NA,NA
2022,"CZ0724090","Bílé Karpaty","Eriogaster catax","Motýli","MOTYLI1059","Suchov","RP SCHKO Bílé Karpaty","AOPK ÈR - RP SCHKO Bílé Karpaty",12800589,57616065,2022-04-13,"Vladimír Hula","CELKOVE_SUM",NA,NA,NA,NA,NA,NA,"1",1,"bourovec trnkový","13.04.2022","13.04.2022",9628886,"MOTYLI1059","CZ0724090: Bílé Karpaty",94,1,9628886,100,"7071d",13,4,"Bílé Karpaty","1",NA,NA,NA
2022,"CZ0724090","Bílé Karpaty","Eriogaster catax","Motýli","MOTYLI1059","Suchov","RP SCHKO Bílé Karpaty","AOPK ÈR - RP SCHKO Bílé Karpaty",12800589,57616065,2022-04-13,"Vladimír Hula","POP_POCETSUMLOKAL","hnízda housenek","min","minmax","ano","lok","10","0",0,"bourovec trnkový","13.04.2022","13.04.2022",9628886,"MOTYLI1059","CZ0724090: Bílé Karpaty",94,1,9628886,100,"7071d",13,4,"Bílé Karpaty","1",NA,NA,"alespoò 10 hnízda housenek"
2022,"CZ0724090","Bílé Karpaty","Eriogaster catax","Motýli","MOTYLI1059","Suchov","RP SCHKO Bílé Karpaty","AOPK ÈR - RP SCHKO Bílé Karpaty",12800589,57616065,2022-04-13,"Vladimír Hula","POP_PRESENCE",NA,"val","val","ano","lok","ano","ne",0,"bourovec trnkový","13.04.2022","13.04.2022",9628886,"MOTYLI1059","CZ0724090: Bílé Karpaty",94,1,9628886,100,"7071d",13,4,"Bílé Karpaty","1",NA,NA,"ano"
2022,"CZ0724090","Bílé Karpaty","Eriogaster catax","Motýli","MOTYLI1059","Suchov","RP SCHKO Bílé Karpaty","AOPK ÈR - RP SCHKO Bílé Karpaty",12800589,57616065,2022-04-13,"Vladimír Hula","STA_LIKVIDACE",NA,"val","val","ne","lok","nezaznamenána","nezaznamenána",1,"bourovec trnkový","13.04.2022","13.04.2022",9628886,"MOTYLI1059","CZ0724090: Bílé Karpaty",94,1,9628886,100,"7071d",13,4,"Bílé Karpaty","1",NA,NA,"nezaznamenána"
2023,"CZ0724090","Bílé Karpaty","Eriogaster catax","Motýli","MOTYLI2230","Suchov","RP SCHKO Bílé Karpaty","AOPK ÈR - RP SCHKO Bílé Karpaty",12800552,57616067,2023-05-01,"Vladimir Hula","CELKOVE_SUM",NA,NA,NA,NA,NA,NA,"1",0,"bourovec trnkový","01.05.2023","01.05.2023",9628856,"MOTYLI2230","CZ0724090: Bílé Karpaty",100,1,9628856,100,"7071d",1,5,"Bílé Karpaty","1",NA,NA,NA
2023,"CZ0724090","Bílé Karpaty","Eriogaster catax","Motýli","MOTYLI2230","Suchov","RP SCHKO Bílé Karpaty","AOPK ÈR - RP SCHKO Bílé Karpaty",12800552,57616067,2023-05-01,"Vladimir Hula","CELKOVE_SUM",NA,NA,NA,NA,NA,NA,"1",1,"bourovec trnkový","01.05.2023","01.05.2023",9628856,"MOTYLI2230","CZ0724090: Bílé Karpaty",100,1,9628856,100,"7071d",1,5,"Bílé Karpaty","1",NA,NA,NA
2023,"CZ0724090","Bílé Karpaty","Eriogaster catax","Motýli","MOTYLI2230","Suchov","RP SCHKO Bílé Karpaty","AOPK ÈR - RP SCHKO Bílé Karpaty",12800552,57616067,2023-05-01,"Vladimir Hula","POP_POCETSUMLOKAL","hnízda housenek","min","minmax","ano","lok","10","0",0,"bourovec trnkový","01.05.2023","01.05.2023",9628856,"MOTYLI2230","CZ0724090: Bílé Karpaty",100,1,9628856,100,"7071d",1,5,"Bílé Karpaty","1",NA,NA,"alespoò 10 hnízda housenek"
2023,"CZ0724090","Bílé Karpaty","Eriogaster catax","Motýli","MOTYLI2230","Suchov","RP SCHKO Bílé Karpaty","AOPK ÈR - RP SCHKO Bílé Karpaty",12800552,57616067,2023-05-01,"Vladimir Hula","POP_PRESENCE",NA,"val","val","ano","lok","ano","ne",0,"bourovec trnkový","01.05.2023","01.05.2023",9628856,"MOTYLI2230","CZ0724090: Bílé Karpaty",100,1,9628856,100,"7071d",1,5,"Bílé Karpaty","1",NA,NA,"ano"
2023,"CZ0724090","Bílé Karpaty","Eriogaster catax","Motýli","MOTYLI2230","Suchov","RP SCHKO Bílé Karpaty","AOPK ÈR - RP SCHKO Bílé Karpaty",12800552,57616067,2023-05-01,"Vladimir Hula","STA_LIKVIDACE",NA,"val","val","ne","lok","nezaznamenána","nezaznamenána",1,"bourovec trnkový","01.05.2023","01.05.2023",9628856,"MOTYLI2230","CZ0724090: Bílé Karpaty",100,1,9628856,100,"7071d",1,5,"Bílé Karpaty","1",NA,NA,"nezaznamenána"
2024,"CZ0624100","Milovický les","Eriogaster catax","Motýli","MOTYLI2282","Mikulova - cvièák","RP Jižní Morava","AOPK ÈR - RP Jižní Morava",12958996,58522598,2024-04-09,"Vladimir Hula","CELKOVE_SUM",NA,NA,NA,NA,NA,NA,"2",0,"bourovec trnkový","09.04.2024","09.04.2024",9880126,"MOTYLI2282_1811","CZ0624100: Milovický les",100,0,9880126,100,"7166c",9,4,"Milovický les","1","hnízda housenek",NA,NA
2024,"CZ0624100","Milovický les","Eriogaster catax","Motýli","MOTYLI2282","Mikulova - cvièák","RP Jižní Morava","AOPK ÈR - RP Jižní Morava",12958996,58522598,2024-04-09,"Vladimir Hula","CELKOVE_SUM",NA,NA,NA,NA,NA,NA,"2",1,"bourovec trnkový","09.04.2024","09.04.2024",9880126,"MOTYLI2282_1811","CZ0624100: Milovický les",100,0,9880126,100,"7166c",9,4,"Milovický les","1","hnízda housenek",NA,NA
2024,"CZ0624100","Milovický les","Eriogaster catax","Motýli","MOTYLI2282","Mikulova - cvièák","RP Jižní Morava","AOPK ÈR - RP Jižní Morava",12958996,58522598,2024-04-09,"Vladimir Hula","POP_POCETSUMLOKAL","hnízda housenek","min","minmax","ano","lok","10","3",0,"bourovec trnkový","09.04.2024","09.04.2024",9880126,"MOTYLI2282_1811","CZ0624100: Milovický les",100,0,9880126,100,"7166c",9,4,"Milovický les","1","hnízda housenek",NA,"alespoò 10 hnízda housenek"
2024,"CZ0624100","Milovický les","Eriogaster catax","Motýli","MOTYLI2282","Mikulova - cvièák","RP Jižní Morava","AOPK ÈR - RP Jižní Morava",12958996,58522598,2024-04-09,"Vladimir Hula","POP_PRESENCE",NA,"val","val","ano","lok","ano","ano",1,"bourovec trnkový","09.04.2024","09.04.2024",9880126,"MOTYLI2282_1811","CZ0624100: Milovický les",100,0,9880126,100,"7166c",9,4,"Milovický les","1","hnízda housenek",NA,"ano"
2024,"CZ0624100","Milovický les","Eriogaster catax","Motýli","MOTYLI2282","Mikulova - cvièák","RP Jižní Morava","AOPK ÈR - RP Jižní Morava",12958996,58522598,2024-04-09,"Vladimir Hula","STA_LIKVIDACE",NA,"val","val","ne","lok","nezaznamenána","nezaznamenána",1,"bourovec trnkový","09.04.2024","09.04.2024",9880126,"MOTYLI2282_1811","CZ0624100: Milovický les",100,0,9880126,100,"7166c",9,4,"Milovický les","1","hnízda housenek",NA,"nezaznamenána"
2024,"CZ0624100","Milovický les","Eriogaster catax","Motýli","MOTYLI2282","Mikulova - cvièák","RP Jižní Morava","AOPK ÈR - RP Jižní Morava",12958997,58522601,2024-04-09,"Vladimir Hula","CELKOVE_SUM",NA,NA,NA,NA,NA,NA,"2",0,"bourovec trnkový","09.04.2024","09.04.2024",9880129,"MOTYLI2282_1810","CZ0624100: Milovický les",100,0,9880129,100,"7166c",9,4,"Milovický les","1","hnízda housenek",NA,NA
2024,"CZ0624100","Milovický les","Eriogaster catax","Motýli","MOTYLI2282","Mikulova - cvièák","RP Jižní Morava","AOPK ÈR - RP Jižní Morava",12958997,58522601,2024-04-09,"Vladimir Hula","CELKOVE_SUM",NA,NA,NA,NA,NA,NA,"2",1,"bourovec trnkový","09.04.2024","09.04.2024",9880129,"MOTYLI2282_1810","CZ0624100: Milovický les",100,0,9880129,100,"7166c",9,4,"Milovický les","1","hnízda housenek",NA,NA
2024,"CZ0624100","Milovický les","Eriogaster catax","Motýli","MOTYLI2282","Mikulova - cvièák","RP Jižní Morava","AOPK ÈR - RP Jižní Morava",12958997,58522601,2024-04-09,"Vladimir Hula","POP_POCETSUMLOKAL","hnízda housenek","min","minmax","ano","lok","10","3",0,"bourovec trnkový","09.04.2024","09.04.2024",9880129,"MOTYLI2282_1810","CZ0624100: Milovický les",100,0,9880129,100,"7166c",9,4,"Milovický les","1","hnízda housenek",NA,"alespoò 10 hnízda housenek"
2024,"CZ0624100","Milovický les","Eriogaster catax","Motýli","MOTYLI2282","Mikulova - cvièák","RP Jižní Morava","AOPK ÈR - RP Jižní Morava",12958997,58522601,2024-04-09,"Vladimir Hula","POP_PRESENCE",NA,"val","val","ano","lok","ano","ano",1,"bourovec trnkový","09.04.2024","09.04.2024",9880129,"MOTYLI2282_1810","CZ0624100: Milovický les",100,0,9880129,100,"7166c",9,4,"Milovický les","1","hnízda housenek",NA,"ano"
2024,"CZ0624100","Milovický les","Eriogaster catax","Motýli","MOTYLI2282","Mikulova - cvièák","RP Jižní Morava","AOPK ÈR - RP Jižní Morava",12958997,58522601,2024-04-09,"Vladimir Hula","STA_LIKVIDACE",NA,"val","val","ne","lok","nezaznamenána","nezaznamenána",1,"bourovec trnkový","09.04.2024","09.04.2024",9880129,"MOTYLI2282_1810","CZ0624100: Milovický les",100,0,9880129,100,"7166c",9,4,"Milovický les","1","hnízda housenek",NA,"nezaznamenána"
2024,"CZ0624100","Milovický les","Eriogaster catax","Motýli","MOTYLI2282","Mikulova - cvièák","RP Jižní Morava","AOPK ÈR - RP Jižní Morava",12959001,58522602,2024-04-09,"Vladimir Hula","CELKOVE_SUM",NA,NA,NA,NA,NA,NA,"2",0,"bourovec trnkový","09.04.2024","09.04.2024",9880124,"MOTYLI2282_1812","CZ0624100: Milovický les",100,0,9880124,100,"7166c",9,4,"Milovický les","1","hnízda housenek",NA,NA
2024,"CZ0624100","Milovický les","Eriogaster catax","Motýli","MOTYLI2282","Mikulova - cvièák","RP Jižní Morava","AOPK ÈR - RP Jižní Morava",12959001,58522602,2024-04-09,"Vladimir Hula","CELKOVE_SUM",NA,NA,NA,NA,NA,NA,"2",1,"bourovec trnkový","09.04.2024","09.04.2024",9880124,"MOTYLI2282_1812","CZ0624100: Milovický les",100,0,9880124,100,"7166c",9,4,"Milovický les","1","hnízda housenek",NA,NA
2024,"CZ0624100","Milovický les","Eriogaster catax","Motýli","MOTYLI2282","Mikulova - cvièák","RP Jižní Morava","AOPK ÈR - RP Jižní Morava",12959001,58522602,2024-04-09,"Vladimir Hula","POP_POCETSUMLOKAL","hnízda housenek","min","minmax","ano","lok","10","3",0,"bourovec trnkový","09.04.2024","09.04.2024",9880124,"MOTYLI2282_1812","CZ0624100: Milovický les",100,0,9880124,100,"7166c",9,4,"Milovický les","1","hnízda housenek",NA,"alespoò 10 hnízda housenek"
2024,"CZ0624100","Milovický les","Eriogaster catax","Motýli","MOTYLI2282","Mikulova - cvièák","RP Jižní Morava","AOPK ÈR - RP Jižní Morava",12959001,58522602,2024-04-09,"Vladimir Hula","POP_PRESENCE",NA,"val","val","ano","lok","ano","ano",1,"bourovec trnkový","09.04.2024","09.04.2024",9880124,"MOTYLI2282_1812","CZ0624100: Milovický les",100,0,9880124,100,"7166c",9,4,"Milovický les","1","hnízda housenek",NA,"ano"
2024,"CZ0624100","Milovický les","Eriogaster catax","Motýli","MOTYLI2282","Mikulova - cvièák","RP Jižní Morava","AOPK ÈR - RP Jižní Morava",12959001,58522602,2024-04-09,"Vladimir Hula","STA_LIKVIDACE",NA,"val","val","ne","lok","nezaznamenána","nezaznamenána",1,"bourovec trnkový","09.04.2024","09.04.2024",9880124,"MOTYLI2282_1812","CZ0624100: Milovický les",100,0,9880124,100,"7166c",9,4,"Milovický les","1","hnízda housenek",NA,"nezaznamenána"
2024,"CZ0620162","Jeèmeništì","Eriogaster catax","Motýli","MOTYLI2280","Jeèmeništì - Lampelberg","RP Jižní Morava","Krajský úøad Jihomoravského kraje",12958993,58522604,2024-04-09,"Vladimir Hula","CELKOVE_SUM",NA,NA,NA,NA,NA,NA,"1",0,"bourovec trnkový","09.04.2024","09.04.2024",9880122,"MOTYLI2280","CZ0620162: Jeèmeništì",70,1,9880122,100,"7262b",9,4,"Jeèmeništì","1",NA,NA,NA
2024,"CZ0620162","Jeèmeništì","Eriogaster catax","Motýli","MOTYLI2280","Jeèmeništì - Lampelberg","RP Jižní Morava","Krajský úøad Jihomoravského kraje",12958993,58522604,2024-04-09,"Vladimir Hula","CELKOVE_SUM",NA,NA,NA,NA,NA,NA,"1",1,"bourovec trnkový","09.04.2024","09.04.2024",9880122,"MOTYLI2280","CZ0620162: Jeèmeništì",70,1,9880122,100,"7262b",9,4,"Jeèmeništì","1",NA,NA,NA
2024,"CZ0620162","Jeèmeništì","Eriogaster catax","Motýli","MOTYLI2280","Jeèmeništì - Lampelberg","RP Jižní Morava","Krajský úøad Jihomoravského kraje",12958993,58522604,2024-04-09,"Vladimir Hula","POP_POCETSUMLOKAL","hnízda housenek","min","minmax","ano","lok","10","0",0,"bourovec trnkový","09.04.2024","09.04.2024",9880122,"MOTYLI2280","CZ0620162: Jeèmeništì",70,1,9880122,100,"7262b",9,4,"Jeèmeništì","1",NA,NA,"alespoò 10 hnízda housenek"
2024,"CZ0620162","Jeèmeništì","Eriogaster catax","Motýli","MOTYLI2280","Jeèmeništì - Lampelberg","RP Jižní Morava","Krajský úøad Jihomoravského kraje",12958993,58522604,2024-04-09,"Vladimir Hula","POP_PRESENCE",NA,"val","val","ano","lok","ano","ne",0,"bourovec trnkový","09.04.2024","09.04.2024",9880122,"MOTYLI2280","CZ0620162: Jeèmeništì",70,1,9880122,100,"7262b",9,4,"Jeèmeništì","1",NA,NA,"ano"
2024,"CZ0620162","Jeèmeništì","Eriogaster catax","Motýli","MOTYLI2280","Jeèmeništì - Lampelberg","RP Jižní Morava","Krajský úøad Jihomoravského kraje",12958993,58522604,2024-04-09,"Vladimir Hula","STA_LIKVIDACE",NA,"val","val","ne","lok","nezaznamenána","nezaznamenána",1,"bourovec trnkový","09.04.2024","09.04.2024",9880122,"MOTYLI2280","CZ0620162: Jeèmeništì",70,1,9880122,100,"7262b",9,4,"Jeèmeništì","1",NA,NA,"nezaznamenána"
2024,"CZ0623046","Trávní dvùr","Eriogaster catax","Motýli","MOTYLI2281","Hrabìtice","RP Jižní Morava","Krajský úøad Jihomoravského kraje",12958992,58522605,2024-04-09,"Vladimir Hula","CELKOVE_SUM",NA,NA,NA,NA,NA,NA,"1",0,"bourovec trnkový","09.04.2024","09.04.2024",9880120,"MOTYLI2281","CZ0623046: Trávní dvùr",12,1,9880120,100,"7264b",9,4,"Trávní dvùr","1",NA,NA,NA
2024,"CZ0623046","Trávní dvùr","Eriogaster catax","Motýli","MOTYLI2281","Hrabìtice","RP Jižní Morava","Krajský úøad Jihomoravského kraje",12958992,58522605,2024-04-09,"Vladimir Hula","CELKOVE_SUM",NA,NA,NA,NA,NA,NA,"1",1,"bourovec trnkový","09.04.2024","09.04.2024",9880120,"MOTYLI2281","CZ0623046: Trávní dvùr",12,1,9880120,100,"7264b",9,4,"Trávní dvùr","1",NA,NA,NA
2024,"CZ0623046","Trávní dvùr","Eriogaster catax","Motýli","MOTYLI2281","Hrabìtice","RP Jižní Morava","Krajský úøad Jihomoravského kraje",12958992,58522605,2024-04-09,"Vladimir Hula","POP_POCETSUMLOKAL","hnízda housenek","min","minmax","ano","lok","10","0",0,"bourovec trnkový","09.04.2024","09.04.2024",9880120,"MOTYLI2281","CZ0623046: Trávní dvùr",12,1,9880120,100,"7264b",9,4,"Trávní dvùr","1",NA,NA,"alespoò 10 hnízda housenek"
2024,"CZ0623046","Trávní dvùr","Eriogaster catax","Motýli","MOTYLI2281","Hrabìtice","RP Jižní Morava","Krajský úøad Jihomoravského kraje",12958992,58522605,2024-04-09,"Vladimir Hula","POP_PRESENCE",NA,"val","val","ano","lok","ano","ne",0,"bourovec trnkový","09.04.2024","09.04.2024",9880120,"MOTYLI2281","CZ0623046: Trávní dvùr",12,1,9880120,100,"7264b",9,4,"Trávní dvùr","1",NA,NA,"ano"
2024,"CZ0623046","Trávní dvùr","Eriogaster catax","Motýli","MOTYLI2281","Hrabìtice","RP Jižní Morava","Krajský úøad Jihomoravského kraje",12958992,58522605,2024-04-09,"Vladimir Hula","STA_LIKVIDACE",NA,"val","val","ne","lok","nezaznamenána","nezaznamenána",1,"bourovec trnkový","09.04.2024","09.04.2024",9880120,"MOTYLI2281","CZ0623046: Trávní dvùr",12,1,9880120,100,"7264b",9,4,"Trávní dvùr","1",NA,NA,"nezaznamenána"
2023,"CZ0623026","Studánkový vrch","Eriogaster catax","Motýli","MOTYLI2239","Studánkový vrch","RP Jižní Morava","Krajský úøad Jihomoravského kraje",12958994,58522606,2023-04-19,"Vladimír Hula","CELKOVE_SUM",NA,NA,NA,NA,NA,NA,"1",0,"bourovec trnkový","19.04.2023","19.04.2023",9880121,"MOTYLI2239","CZ0623026: Studánkový vrch",98,1,9880121,100,"7266a",19,4,"Studánkový vrch","1",NA,NA,NA
2023,"CZ0623026","Studánkový vrch","Eriogaster catax","Motýli","MOTYLI2239","Studánkový vrch","RP Jižní Morava","Krajský úøad Jihomoravského kraje",12958994,58522606,2023-04-19,"Vladimír Hula","CELKOVE_SUM",NA,NA,NA,NA,NA,NA,"1",1,"bourovec trnkový","19.04.2023","19.04.2023",9880121,"MOTYLI2239","CZ0623026: Studánkový vrch",98,1,9880121,100,"7266a",19,4,"Studánkový vrch","1",NA,NA,NA
2023,"CZ0623026","Studánkový vrch","Eriogaster catax","Motýli","MOTYLI2239","Studánkový vrch","RP Jižní Morava","Krajský úøad Jihomoravského kraje",12958994,58522606,2023-04-19,"Vladimír Hula","POP_POCETSUMLOKAL","hnízda housenek","min","minmax","ano","lok","10","0",0,"bourovec trnkový","19.04.2023","19.04.2023",9880121,"MOTYLI2239","CZ0623026: Studánkový vrch",98,1,9880121,100,"7266a",19,4,"Studánkový vrch","1",NA,NA,"alespoò 10 hnízda housenek"
2023,"CZ0623026","Studánkový vrch","Eriogaster catax","Motýli","MOTYLI2239","Studánkový vrch","RP Jižní Morava","Krajský úøad Jihomoravského kraje",12958994,58522606,2023-04-19,"Vladimír Hula","POP_PRESENCE",NA,"val","val","ano","lok","ano","ne",0,"bourovec trnkový","19.04.2023","19.04.2023",9880121,"MOTYLI2239","CZ0623026: Studánkový vrch",98,1,9880121,100,"7266a",19,4,"Studánkový vrch","1",NA,NA,"ano"
2023,"CZ0623026","Studánkový vrch","Eriogaster catax","Motýli","MOTYLI2239","Studánkový vrch","RP Jižní Morava","Krajský úøad Jihomoravského kraje",12958994,58522606,2023-04-19,"Vladimír Hula","STA_LIKVIDACE",NA,"val","val","ne","lok","nezaznamenána","nezaznamenána",1,"bourovec trnkový","19.04.2023","19.04.2023",9880121,"MOTYLI2239","CZ0623026: Studánkový vrch",98,1,9880121,100,"7266a",19,4,"Studánkový vrch","1",NA,NA,"nezaznamenána"
2024,"CZ0620162","Jeèmeništì","Eriogaster catax","Motýli","MOTYLI2279","Jeèmeništì","RP Jižní Morava","Krajský úøad Jihomoravského kraje",12958995,58522607,2024-04-09,"Vladimir Hula","CELKOVE_SUM",NA,NA,NA,NA,NA,NA,"1",0,"bourovec trnkový","09.04.2024","09.04.2024",9880123,"MOTYLI2279","CZ0620162: Jeèmeništì",54,1,9880123,100,"7262d",9,4,"Jeèmeništì","1",NA,NA,NA
2024,"CZ0620162","Jeèmeništì","Eriogaster catax","Motýli","MOTYLI2279","Jeèmeništì","RP Jižní Morava","Krajský úøad Jihomoravského kraje",12958995,58522607,2024-04-09,"Vladimir Hula","CELKOVE_SUM",NA,NA,NA,NA,NA,NA,"1",1,"bourovec trnkový","09.04.2024","09.04.2024",9880123,"MOTYLI2279","CZ0620162: Jeèmeništì",54,1,9880123,100,"7262d",9,4,"Jeèmeništì","1",NA,NA,NA
2024,"CZ0620162","Jeèmeništì","Eriogaster catax","Motýli","MOTYLI2279","Jeèmeništì","RP Jižní Morava","Krajský úøad Jihomoravského kraje",12958995,58522607,2024-04-09,"Vladimir Hula","POP_POCETSUMLOKAL","hnízda housenek","min","minmax","ano","lok","10","0",0,"bourovec trnkový","09.04.2024","09.04.2024",9880123,"MOTYLI2279","CZ0620162: Jeèmeništì",54,1,9880123,100,"7262d",9,4,"Jeèmeništì","1",NA,NA,"alespoò 10 hnízda housenek"
2024,"CZ0620162","Jeèmeništì","Eriogaster catax","Motýli","MOTYLI2279","Jeèmeništì","RP Jižní Morava","Krajský úøad Jihomoravského kraje",12958995,58522607,2024-04-09,"Vladimir Hula","POP_PRESENCE",NA,"val","val","ano","lok","ano","ne",0,"bourovec trnkový","09.04.2024","09.04.2024",9880123,"MOTYLI2279","CZ0620162: Jeèmeništì",54,1,9880123,100,"7262d",9,4,"Jeèmeništì","1",NA,NA,"ano"
2024,"CZ0620162","Jeèmeništì","Eriogaster catax","Motýli","MOTYLI2279","Jeèmeništì","RP Jižní Morava","Krajský úøad Jihomoravského kraje",12958995,58522607,2024-04-09,"Vladimir Hula","STA_LIKVIDACE",NA,"val","val","ne","lok","nezaznamenána","nezaznamenána",1,"bourovec trnkový","09.04.2024","09.04.2024",9880123,"MOTYLI2279","CZ0620162: Jeèmeništì",54,1,9880123,100,"7262d",9,4,"Jeèmeništì","1",NA,NA,"nezaznamenána"
2024,"CZ0624100","Milovický les","Eriogaster catax","Motýli","Mikulov-Mikulov na Moravì","Mikulov-Mikulov na Moravì","RP Jižní Morava","AOPK ÈR - RP Jižní Morava",12963543,58529504,2024-04-09,"Hula Vladimír","CELKOVE_SUM",NA,NA,NA,NA,NA,NA,"1",0,"bourovec trnkový","09.04.2024","09.04.2024",9889346,NA,"CZ0624100: Milovický les",100,0,9889346,100,"7166c",9,4,"Milovický les","0","zápøedky",NA,NA
2024,"CZ0624100","Milovický les","Eriogaster catax","Motýli","Mikulov-Mikulov na Moravì","Mikulov-Mikulov na Moravì","RP Jižní Morava","AOPK ÈR - RP Jižní Morava",12963543,58529504,2024-04-09,"Hula Vladimír","CELKOVE_SUM",NA,NA,NA,NA,NA,NA,"1",1,"bourovec trnkový","09.04.2024","09.04.2024",9889346,NA,"CZ0624100: Milovický les",100,0,9889346,100,"7166c",9,4,"Milovický les","0","zápøedky",NA,NA
2024,"CZ0624100","Milovický les","Eriogaster catax","Motýli","Mikulov-Mikulov na Moravì","Mikulov-Mikulov na Moravì","RP Jižní Morava","AOPK ÈR - RP Jižní Morava",12963543,58529504,2024-04-09,"Hula Vladimír","CELKOVE_SUM",NA,NA,NA,NA,NA,NA,"1",NA,"bourovec trnkový","09.04.2024","09.04.2024",9889346,NA,"CZ0624100: Milovický les",100,0,9889346,100,"7166c",9,4,"Milovický les","0","zápøedky",NA,NA
2024,"CZ0624100","Milovický les","Eriogaster catax","Motýli","Mikulov-Mikulov na Moravì","Mikulov-Mikulov na Moravì","RP Jižní Morava","AOPK ÈR - RP Jižní Morava",12963543,58529504,2024-04-09,"Hula Vladimír","POP_POCETSUMLOKAL","hnízda housenek","min","minmax","ano","lok","10","0",0,"bourovec trnkový","09.04.2024","09.04.2024",9889346,NA,"CZ0624100: Milovický les",100,0,9889346,100,"7166c",9,4,"Milovický les","0","zápøedky",NA,"alespoò 10 hnízda housenek"
2024,"CZ0624100","Milovický les","Eriogaster catax","Motýli","Mikulov-Mikulov na Moravì","Mikulov-Mikulov na Moravì","RP Jižní Morava","AOPK ÈR - RP Jižní Morava",12963543,58529504,2024-04-09,"Hula Vladimír","POP_PRESENCE",NA,"val","val","ano","lok","ano","ano",1,"bourovec trnkový","09.04.2024","09.04.2024",9889346,NA,"CZ0624100: Milovický les",100,0,9889346,100,"7166c",9,4,"Milovický les","0","zápøedky",NA,"ano"
2024,"CZ0624100","Milovický les","Eriogaster catax","Motýli","Mikulov-Mikulov na Moravì","Mikulov-Mikulov na Moravì","RP Jižní Morava","AOPK ÈR - RP Jižní Morava",12963543,58529504,2024-04-09,"Hula Vladimír","STA_LIKVIDACE",NA,"val","val","ne","lok","nezaznamenána",NA,NA,"bourovec trnkový","09.04.2024","09.04.2024",9889346,NA,"CZ0624100: Milovický les",100,0,9889346,100,"7166c",9,4,"Milovický les","0","zápøedky",NA,"nezaznamenána"
2024,"CZ0624100","Milovický les","Eriogaster catax","Motýli","Mikulov","Mikulov","RP Jižní Morava","AOPK ÈR - RP Jižní Morava",12965538,58534152,2024-04-15,"Dedek Pavel","CELKOVE_SUM",NA,NA,NA,NA,NA,NA,"1",0,"bourovec trnkový","15.04.2024","15.04.2024",9893488,NA,"CZ0624100: Milovický les",100,0,9893488,100,"7166c",15,4,"Milovický les","0","hnízda housenek",NA,NA
2024,"CZ0624100","Milovický les","Eriogaster catax","Motýli","Mikulov","Mikulov","RP Jižní Morava","AOPK ÈR - RP Jižní Morava",12965538,58534152,2024-04-15,"Dedek Pavel","CELKOVE_SUM",NA,NA,NA,NA,NA,NA,"1",1,"bourovec trnkový","15.04.2024","15.04.2024",9893488,NA,"CZ0624100: Milovický les",100,0,9893488,100,"7166c",15,4,"Milovický les","0","hnízda housenek",NA,NA
2024,"CZ0624100","Milovický les","Eriogaster catax","Motýli","Mikulov","Mikulov","RP Jižní Morava","AOPK ÈR - RP Jižní Morava",12965538,58534152,2024-04-15,"Dedek Pavel","CELKOVE_SUM",NA,NA,NA,NA,NA,NA,"1",NA,"bourovec trnkový","15.04.2024","15.04.2024",9893488,NA,"CZ0624100: Milovický les",100,0,9893488,100,"7166c",15,4,"Milovický les","0","hnízda housenek",NA,NA
2024,"CZ0624100","Milovický les","Eriogaster catax","Motýli","Mikulov","Mikulov","RP Jižní Morava","AOPK ÈR - RP Jižní Morava",12965538,58534152,2024-04-15,"Dedek Pavel","POP_POCETSUMLOKAL","hnízda housenek","min","minmax","ano","lok","10","2",0,"bourovec trnkový","15.04.2024","15.04.2024",9893488,NA,"CZ0624100: Milovický les",100,0,9893488,100,"7166c",15,4,"Milovický les","0","hnízda housenek",NA,"alespoò 10 hnízda housenek"
2024,"CZ0624100","Milovický les","Eriogaster catax","Motýli","Mikulov","Mikulov","RP Jižní Morava","AOPK ÈR - RP Jižní Morava",12965538,58534152,2024-04-15,"Dedek Pavel","POP_PRESENCE",NA,"val","val","ano","lok","ano","ano",1,"bourovec trnkový","15.04.2024","15.04.2024",9893488,NA,"CZ0624100: Milovický les",100,0,9893488,100,"7166c",15,4,"Milovický les","0","hnízda housenek",NA,"ano"
2024,"CZ0624100","Milovický les","Eriogaster catax","Motýli","Mikulov","Mikulov","RP Jižní Morava","AOPK ÈR - RP Jižní Morava",12965538,58534152,2024-04-15,"Dedek Pavel","STA_LIKVIDACE",NA,"val","val","ne","lok","nezaznamenána",NA,NA,"bourovec trnkový","15.04.2024","15.04.2024",9893488,NA,"CZ0624100: Milovický les",100,0,9893488,100,"7166c",15,4,"Milovický les","0","hnízda housenek",NA,"nezaznamenána"
2024,"CZ0624100","Milovický les","Eriogaster catax","Motýli","Mikulov","Mikulov","RP Jižní Morava","AOPK ÈR - RP Jižní Morava",12965539,58534153,2024-04-15,"Dedek Pavel","CELKOVE_SUM",NA,NA,NA,NA,NA,NA,"1",0,"bourovec trnkový","15.04.2024","15.04.2024",9893489,NA,"CZ0624100: Milovický les",100,0,9893489,100,"7166c",15,4,"Milovický les","0","hnízda housenek",NA,NA
2024,"CZ0624100","Milovický les","Eriogaster catax","Motýli","Mikulov","Mikulov","RP Jižní Morava","AOPK ÈR - RP Jižní Morava",12965539,58534153,2024-04-15,"Dedek Pavel","CELKOVE_SUM",NA,NA,NA,NA,NA,NA,"1",1,"bourovec trnkový","15.04.2024","15.04.2024",9893489,NA,"CZ0624100: Milovický les",100,0,9893489,100,"7166c",15,4,"Milovický les","0","hnízda housenek",NA,NA
2024,"CZ0624100","Milovický les","Eriogaster catax","Motýli","Mikulov","Mikulov","RP Jižní Morava","AOPK ÈR - RP Jižní Morava",12965539,58534153,2024-04-15,"Dedek Pavel","CELKOVE_SUM",NA,NA,NA,NA,NA,NA,"1",NA,"bourovec trnkový","15.04.2024","15.04.2024",9893489,NA,"CZ0624100: Milovický les",100,0,9893489,100,"7166c",15,4,"Milovický les","0","hnízda housenek",NA,NA
2024,"CZ0624100","Milovický les","Eriogaster catax","Motýli","Mikulov","Mikulov","RP Jižní Morava","AOPK ÈR - RP Jižní Morava",12965539,58534153,2024-04-15,"Dedek Pavel","POP_POCETSUMLOKAL","hnízda housenek","min","minmax","ano","lok","10","2",0,"bourovec trnkový","15.04.2024","15.04.2024",9893489,NA,"CZ0624100: Milovický les",100,0,9893489,100,"7166c",15,4,"Milovický les","0","hnízda housenek",NA,"alespoò 10 hnízda housenek"
2024,"CZ0624100","Milovický les","Eriogaster catax","Motýli","Mikulov","Mikulov","RP Jižní Morava","AOPK ÈR - RP Jižní Morava",12965539,58534153,2024-04-15,"Dedek Pavel","POP_PRESENCE",NA,"val","val","ano","lok","ano","ano",1,"bourovec trnkový","15.04.2024","15.04.2024",9893489,NA,"CZ0624100: Milovický les",100,0,9893489,100,"7166c",15,4,"Milovický les","0","hnízda housenek",NA,"ano"
2024,"CZ0624100","Milovický les","Eriogaster catax","Motýli","Mikulov","Mikulov","RP Jižní Morava","AOPK ÈR - RP Jižní Morava",12965539,58534153,2024-04-15,"Dedek Pavel","STA_LIKVIDACE",NA,"val","val","ne","lok","nezaznamenána",NA,NA,"bourovec trnkový","15.04.2024","15.04.2024",9893489,NA,"CZ0624100: Milovický les",100,0,9893489,100,"7166c",15,4,"Milovický les","0","hnízda housenek",NA,"nezaznamenána"
2024,"CZ0624100","Milovický les","Eriogaster catax","Motýli","Mikulov-Mikulov na Moravì, 421","Mikulov-Mikulov na Moravì, 421","RP Jižní Morava","AOPK ÈR - RP Jižní Morava",12965540,58534154,2024-04-15,"Dedek Pavel","CELKOVE_SUM",NA,NA,NA,NA,NA,NA,"1",0,"bourovec trnkový","15.04.2024","15.04.2024",9893490,NA,"CZ0624100: Milovický les",100,0,9893490,100,"7166c",15,4,"Milovický les","0","hnízda housenek",NA,NA
2024,"CZ0624100","Milovický les","Eriogaster catax","Motýli","Mikulov-Mikulov na Moravì, 421","Mikulov-Mikulov na Moravì, 421","RP Jižní Morava","AOPK ÈR - RP Jižní Morava",12965540,58534154,2024-04-15,"Dedek Pavel","CELKOVE_SUM",NA,NA,NA,NA,NA,NA,"1",1,"bourovec trnkový","15.04.2024","15.04.2024",9893490,NA,"CZ0624100: Milovický les",100,0,9893490,100,"7166c",15,4,"Milovický les","0","hnízda housenek",NA,NA
2024,"CZ0624100","Milovický les","Eriogaster catax","Motýli","Mikulov-Mikulov na Moravì, 421","Mikulov-Mikulov na Moravì, 421","RP Jižní Morava","AOPK ÈR - RP Jižní Morava",12965540,58534154,2024-04-15,"Dedek Pavel","CELKOVE_SUM",NA,NA,NA,NA,NA,NA,"1",NA,"bourovec trnkový","15.04.2024","15.04.2024",9893490,NA,"CZ0624100: Milovický les",100,0,9893490,100,"7166c",15,4,"Milovický les","0","hnízda housenek",NA,NA
2024,"CZ0624100","Milovický les","Eriogaster catax","Motýli","Mikulov-Mikulov na Moravì, 421","Mikulov-Mikulov na Moravì, 421","RP Jižní Morava","AOPK ÈR - RP Jižní Morava",12965540,58534154,2024-04-15,"Dedek Pavel","POP_POCETSUMLOKAL","hnízda housenek","min","minmax","ano","lok","10","2",0,"bourovec trnkový","15.04.2024","15.04.2024",9893490,NA,"CZ0624100: Milovický les",100,0,9893490,100,"7166c",15,4,"Milovický les","0","hnízda housenek",NA,"alespoò 10 hnízda housenek"
2024,"CZ0624100","Milovický les","Eriogaster catax","Motýli","Mikulov-Mikulov na Moravì, 421","Mikulov-Mikulov na Moravì, 421","RP Jižní Morava","AOPK ÈR - RP Jižní Morava",12965540,58534154,2024-04-15,"Dedek Pavel","POP_PRESENCE",NA,"val","val","ano","lok","ano","ano",1,"bourovec trnkový","15.04.2024","15.04.2024",9893490,NA,"CZ0624100: Milovický les",100,0,9893490,100,"7166c",15,4,"Milovický les","0","hnízda housenek",NA,"ano"
2024,"CZ0624100","Milovický les","Eriogaster catax","Motýli","Mikulov-Mikulov na Moravì, 421","Mikulov-Mikulov na Moravì, 421","RP Jižní Morava","AOPK ÈR - RP Jižní Morava",12965540,58534154,2024-04-15,"Dedek Pavel","STA_LIKVIDACE",NA,"val","val","ne","lok","nezaznamenána",NA,NA,"bourovec trnkový","15.04.2024","15.04.2024",9893490,NA,"CZ0624100: Milovický les",100,0,9893490,100,"7166c",15,4,"Milovický les","0","hnízda housenek",NA,"nezaznamenána"
2024,"CZ0624100","Milovický les","Eriogaster catax","Motýli","Mikulov-Mikulov na Moravì, 421","Mikulov-Mikulov na Moravì, 421","RP Jižní Morava","AOPK ÈR - RP Jižní Morava",12965541,58534155,2024-04-15,"Dedek Pavel","CELKOVE_SUM",NA,NA,NA,NA,NA,NA,"1",0,"bourovec trnkový","15.04.2024","15.04.2024",9893491,NA,"CZ0624100: Milovický les",100,0,9893491,100,"7166c",15,4,"Milovický les","0","hnízda housenek",NA,NA
2024,"CZ0624100","Milovický les","Eriogaster catax","Motýli","Mikulov-Mikulov na Moravì, 421","Mikulov-Mikulov na Moravì, 421","RP Jižní Morava","AOPK ÈR - RP Jižní Morava",12965541,58534155,2024-04-15,"Dedek Pavel","CELKOVE_SUM",NA,NA,NA,NA,NA,NA,"1",1,"bourovec trnkový","15.04.2024","15.04.2024",9893491,NA,"CZ0624100: Milovický les",100,0,9893491,100,"7166c",15,4,"Milovický les","0","hnízda housenek",NA,NA
2024,"CZ0624100","Milovický les","Eriogaster catax","Motýli","Mikulov-Mikulov na Moravì, 421","Mikulov-Mikulov na Moravì, 421","RP Jižní Morava","AOPK ÈR - RP Jižní Morava",12965541,58534155,2024-04-15,"Dedek Pavel","CELKOVE_SUM",NA,NA,NA,NA,NA,NA,"1",NA,"bourovec trnkový","15.04.2024","15.04.2024",9893491,NA,"CZ0624100: Milovický les",100,0,9893491,100,"7166c",15,4,"Milovický les","0","hnízda housenek",NA,NA
2024,"CZ0624100","Milovický les","Eriogaster catax","Motýli","Mikulov-Mikulov na Moravì, 421","Mikulov-Mikulov na Moravì, 421","RP Jižní Morava","AOPK ÈR - RP Jižní Morava",12965541,58534155,2024-04-15,"Dedek Pavel","POP_POCETSUMLOKAL","hnízda housenek","min","minmax","ano","lok","10","2",0,"bourovec trnkový","15.04.2024","15.04.2024",9893491,NA,"CZ0624100: Milovický les",100,0,9893491,100,"7166c",15,4,"Milovický les","0","hnízda housenek",NA,"alespoò 10 hnízda housenek"
2024,"CZ0624100","Milovický les","Eriogaster catax","Motýli","Mikulov-Mikulov na Moravì, 421","Mikulov-Mikulov na Moravì, 421","RP Jižní Morava","AOPK ÈR - RP Jižní Morava",12965541,58534155,2024-04-15,"Dedek Pavel","POP_PRESENCE",NA,"val","val","ano","lok","ano","ano",1,"bourovec trnkový","15.04.2024","15.04.2024",9893491,NA,"CZ0624100: Milovický les",100,0,9893491,100,"7166c",15,4,"Milovický les","0","hnízda housenek",NA,"ano"
2024,"CZ0624100","Milovický les","Eriogaster catax","Motýli","Mikulov-Mikulov na Moravì, 421","Mikulov-Mikulov na Moravì, 421","RP Jižní Morava","AOPK ÈR - RP Jižní Morava",12965541,58534155,2024-04-15,"Dedek Pavel","STA_LIKVIDACE",NA,"val","val","ne","lok","nezaznamenána",NA,NA,"bourovec trnkový","15.04.2024","15.04.2024",9893491,NA,"CZ0624100: Milovický les",100,0,9893491,100,"7166c",15,4,"Milovický les","0","hnízda housenek",NA,"nezaznamenána"
2024,"CZ0624100","Milovický les","Eriogaster catax","Motýli","PP Na cvièišti","PP Na cvièišti","RP Jižní Morava","AOPK ÈR - RP Jižní Morava",12965967,58535375,2024-04-17,"Dedek Pavel","CELKOVE_SUM",NA,NA,NA,NA,NA,NA,"1",0,"bourovec trnkový","17.04.2024","17.04.2024",9894866,NA,"CZ0624100: Milovický les",100,0,9894866,100,"7166c",17,4,"Milovický les","0","hnízda housenek",NA,NA
2024,"CZ0624100","Milovický les","Eriogaster catax","Motýli","PP Na cvièišti","PP Na cvièišti","RP Jižní Morava","AOPK ÈR - RP Jižní Morava",12965967,58535375,2024-04-17,"Dedek Pavel","CELKOVE_SUM",NA,NA,NA,NA,NA,NA,"1",1,"bourovec trnkový","17.04.2024","17.04.2024",9894866,NA,"CZ0624100: Milovický les",100,0,9894866,100,"7166c",17,4,"Milovický les","0","hnízda housenek",NA,NA
2024,"CZ0624100","Milovický les","Eriogaster catax","Motýli","PP Na cvièišti","PP Na cvièišti","RP Jižní Morava","AOPK ÈR - RP Jižní Morava",12965967,58535375,2024-04-17,"Dedek Pavel","CELKOVE_SUM",NA,NA,NA,NA,NA,NA,"1",NA,"bourovec trnkový","17.04.2024","17.04.2024",9894866,NA,"CZ0624100: Milovický les",100,0,9894866,100,"7166c",17,4,"Milovický les","0","hnízda housenek",NA,NA
2024,"CZ0624100","Milovický les","Eriogaster catax","Motýli","PP Na cvièišti","PP Na cvièišti","RP Jižní Morava","AOPK ÈR - RP Jižní Morava",12965967,58535375,2024-04-17,"Dedek Pavel","POP_POCETSUMLOKAL","hnízda housenek","min","minmax","ano","lok","10","1",0,"bourovec trnkový","17.04.2024","17.04.2024",9894866,NA,"CZ0624100: Milovický les",100,0,9894866,100,"7166c",17,4,"Milovický les","0","hnízda housenek",NA,"alespoò 10 hnízda housenek"
2024,"CZ0624100","Milovický les","Eriogaster catax","Motýli","PP Na cvièišti","PP Na cvièišti","RP Jižní Morava","AOPK ÈR - RP Jižní Morava",12965967,58535375,2024-04-17,"Dedek Pavel","POP_PRESENCE",NA,"val","val","ano","lok","ano","ano",1,"bourovec trnkový","17.04.2024","17.04.2024",9894866,NA,"CZ0624100: Milovický les",100,0,9894866,100,"7166c",17,4,"Milovický les","0","hnízda housenek",NA,"ano"
2024,"CZ0624100","Milovický les","Eriogaster catax","Motýli","PP Na cvièišti","PP Na cvièišti","RP Jižní Morava","AOPK ÈR - RP Jižní Morava",12965967,58535375,2024-04-17,"Dedek Pavel","STA_LIKVIDACE",NA,"val","val","ne","lok","nezaznamenána",NA,NA,"bourovec trnkový","17.04.2024","17.04.2024",9894866,NA,"CZ0624100: Milovický les",100,0,9894866,100,"7166c",17,4,"Milovický les","0","hnízda housenek",NA,"nezaznamenána"
2024,"CZ0724090","Bílé Karpaty","Eriogaster catax","Motýli","MOTYLI2286","Horni Nìmèî","RP SCHKO Bílé Karpaty","AOPK ÈR - RP SCHKO Bílé Karpaty",13747434,61711034,2024-04-12,"Vladimir Hula","CELKOVE_SUM",NA,NA,NA,NA,NA,NA,"1",0,"bourovec trnkový","12.04.2024","12.04.2024",10780319,"MOTYLI2286","CZ0724090: Bílé Karpaty",100,1,10780319,100,"7071d",12,4,"Bílé Karpaty","1",NA,NA,NA
2024,"CZ0724090","Bílé Karpaty","Eriogaster catax","Motýli","MOTYLI2286","Horni Nìmèî","RP SCHKO Bílé Karpaty","AOPK ÈR - RP SCHKO Bílé Karpaty",13747434,61711034,2024-04-12,"Vladimir Hula","CELKOVE_SUM",NA,NA,NA,NA,NA,NA,"1",1,"bourovec trnkový","12.04.2024","12.04.2024",10780319,"MOTYLI2286","CZ0724090: Bílé Karpaty",100,1,10780319,100,"7071d",12,4,"Bílé Karpaty","1",NA,NA,NA
2024,"CZ0724090","Bílé Karpaty","Eriogaster catax","Motýli","MOTYLI2286","Horni Nìmèî","RP SCHKO Bílé Karpaty","AOPK ÈR - RP SCHKO Bílé Karpaty",13747434,61711034,2024-04-12,"Vladimir Hula","POP_POCETSUMLOKAL","hnízda housenek","min","minmax","ano","lok","10","0",0,"bourovec trnkový","12.04.2024","12.04.2024",10780319,"MOTYLI2286","CZ0724090: Bílé Karpaty",100,1,10780319,100,"7071d",12,4,"Bílé Karpaty","1",NA,NA,"alespoò 10 hnízda housenek"
2024,"CZ0724090","Bílé Karpaty","Eriogaster catax","Motýli","MOTYLI2286","Horni Nìmèî","RP SCHKO Bílé Karpaty","AOPK ÈR - RP SCHKO Bílé Karpaty",13747434,61711034,2024-04-12,"Vladimir Hula","POP_PRESENCE",NA,"val","val","ano","lok","ano","ne",0,"bourovec trnkový","12.04.2024","12.04.2024",10780319,"MOTYLI2286","CZ0724090: Bílé Karpaty",100,1,10780319,100,"7071d",12,4,"Bílé Karpaty","1",NA,NA,"ano"
2024,"CZ0724090","Bílé Karpaty","Eriogaster catax","Motýli","MOTYLI2286","Horni Nìmèî","RP SCHKO Bílé Karpaty","AOPK ÈR - RP SCHKO Bílé Karpaty",13747434,61711034,2024-04-12,"Vladimir Hula","STA_LIKVIDACE",NA,"val","val","ne","lok","nezaznamenána","nezaznamenána",1,"bourovec trnkový","12.04.2024","12.04.2024",10780319,"MOTYLI2286","CZ0724090: Bílé Karpaty",100,1,10780319,100,"7071d",12,4,"Bílé Karpaty","1",NA,NA,"nezaznamenána"
2024,"CZ0624072","Èertoryje","Eriogaster catax","Motýli","MOTYLI3131","Knìždub","RP SCHKO Bílé Karpaty","AOPK ÈR - RP SCHKO Bílé Karpaty",13747438,61711035,2024-04-10,"Vladimir Hula","CELKOVE_SUM",NA,NA,NA,NA,NA,NA,"1",0,"bourovec trnkový","10.04.2024","10.04.2024",10780312,"MOTYLI3131","CZ0624072: Èertoryje",95,1,10780312,100,"7170a",10,4,"Èertoryje","1",NA,NA,NA
2024,"CZ0624072","Èertoryje","Eriogaster catax","Motýli","MOTYLI3131","Knìždub","RP SCHKO Bílé Karpaty","AOPK ÈR - RP SCHKO Bílé Karpaty",13747438,61711035,2024-04-10,"Vladimir Hula","CELKOVE_SUM",NA,NA,NA,NA,NA,NA,"1",1,"bourovec trnkový","10.04.2024","10.04.2024",10780312,"MOTYLI3131","CZ0624072: Èertoryje",95,1,10780312,100,"7170a",10,4,"Èertoryje","1",NA,NA,NA
2024,"CZ0624072","Èertoryje","Eriogaster catax","Motýli","MOTYLI3131","Knìždub","RP SCHKO Bílé Karpaty","AOPK ÈR - RP SCHKO Bílé Karpaty",13747438,61711035,2024-04-10,"Vladimir Hula","POP_POCETSUMLOKAL","hnízda housenek","min","minmax","ano","lok","10","0",0,"bourovec trnkový","10.04.2024","10.04.2024",10780312,"MOTYLI3131","CZ0624072: Èertoryje",95,1,10780312,100,"7170a",10,4,"Èertoryje","1",NA,NA,"alespoò 10 hnízda housenek"
2024,"CZ0624072","Èertoryje","Eriogaster catax","Motýli","MOTYLI3131","Knìždub","RP SCHKO Bílé Karpaty","AOPK ÈR - RP SCHKO Bílé Karpaty",13747438,61711035,2024-04-10,"Vladimir Hula","POP_PRESENCE",NA,"val","val","ano","lok","ano","ne",0,"bourovec trnkový","10.04.2024","10.04.2024",10780312,"MOTYLI3131","CZ0624072: Èertoryje",95,1,10780312,100,"7170a",10,4,"Èertoryje","1",NA,NA,"ano"
2024,"CZ0624072","Èertoryje","Eriogaster catax","Motýli","MOTYLI3131","Knìždub","RP SCHKO Bílé Karpaty","AOPK ÈR - RP SCHKO Bílé Karpaty",13747438,61711035,2024-04-10,"Vladimir Hula","STA_LIKVIDACE",NA,"val","val","ne","lok","nezaznamenána","nezaznamenána",1,"bourovec trnkový","10.04.2024","10.04.2024",10780312,"MOTYLI3131","CZ0624072: Èertoryje",95,1,10780312,100,"7170a",10,4,"Èertoryje","1",NA,NA,"nezaznamenána"
2024,"CZ0622218","Dunajovické kopce","Eriogaster catax","Motýli","MOTYLI3122","Dunajovické kopce","RP Jižní Morava","AOPK ÈR - RP Jižní Morava",13747436,61711036,2024-09-24,"Vladimír Hula","CELKOVE_SUM",NA,NA,NA,NA,NA,NA,"1",0,"bourovec trnkový","24.09.2024","24.09.2024",10780308,"MOTYLI3122","CZ0622218: Dunajovické kopce",62,1,10780308,79.76,"7165c",24,9,"Dunajovické kopce","1",NA,NA,NA
2024,"CZ0622218","Dunajovické kopce","Eriogaster catax","Motýli","MOTYLI3122","Dunajovické kopce","RP Jižní Morava","AOPK ÈR - RP Jižní Morava",13747436,61711036,2024-09-24,"Vladimír Hula","CELKOVE_SUM",NA,NA,NA,NA,NA,NA,"1",1,"bourovec trnkový","24.09.2024","24.09.2024",10780308,"MOTYLI3122","CZ0622218: Dunajovické kopce",62,1,10780308,79.76,"7165c",24,9,"Dunajovické kopce","1",NA,NA,NA
2024,"CZ0622218","Dunajovické kopce","Eriogaster catax","Motýli","MOTYLI3122","Dunajovické kopce","RP Jižní Morava","AOPK ÈR - RP Jižní Morava",13747436,61711036,2024-09-24,"Vladimír Hula","POP_POCETSUMLOKAL","hnízda housenek","min","minmax","ano","lok","10","0",0,"bourovec trnkový","24.09.2024","24.09.2024",10780308,"MOTYLI3122","CZ0622218: Dunajovické kopce",62,1,10780308,79.76,"7165c",24,9,"Dunajovické kopce","1",NA,NA,"alespoò 10 hnízda housenek"
2024,"CZ0622218","Dunajovické kopce","Eriogaster catax","Motýli","MOTYLI3122","Dunajovické kopce","RP Jižní Morava","AOPK ÈR - RP Jižní Morava",13747436,61711036,2024-09-24,"Vladimír Hula","POP_PRESENCE",NA,"val","val","ano","lok","ano","ne",0,"bourovec trnkový","24.09.2024","24.09.2024",10780308,"MOTYLI3122","CZ0622218: Dunajovické kopce",62,1,10780308,79.76,"7165c",24,9,"Dunajovické kopce","1",NA,NA,"ano"
2024,"CZ0622218","Dunajovické kopce","Eriogaster catax","Motýli","MOTYLI3122","Dunajovické kopce","RP Jižní Morava","AOPK ÈR - RP Jižní Morava",13747436,61711036,2024-09-24,"Vladimír Hula","STA_LIKVIDACE",NA,"val","val","ne","lok","nezaznamenána","nezaznamenána",1,"bourovec trnkový","24.09.2024","24.09.2024",10780308,"MOTYLI3122","CZ0622218: Dunajovické kopce",62,1,10780308,79.76,"7165c",24,9,"Dunajovické kopce","1",NA,NA,"nezaznamenána"
2024,"CZ0624104","Dìvín","Eriogaster catax","Motýli","MOTYLI3123","Dìvín","RP Jižní Morava","AOPK ÈR - RP Jižní Morava",13747453,61711037,2024-09-24,"Vladimir Hula","CELKOVE_SUM",NA,NA,NA,NA,NA,NA,"1",0,"bourovec trnkový","24.09.2024","24.09.2024",10780322,"MOTYLI3123","CZ0624104: Dìvín",99,1,10780322,100,"7165b",24,9,"Dìvín","1",NA,NA,NA
2024,"CZ0624104","Dìvín","Eriogaster catax","Motýli","MOTYLI3123","Dìvín","RP Jižní Morava","AOPK ÈR - RP Jižní Morava",13747453,61711037,2024-09-24,"Vladimir Hula","CELKOVE_SUM",NA,NA,NA,NA,NA,NA,"1",1,"bourovec trnkový","24.09.2024","24.09.2024",10780322,"MOTYLI3123","CZ0624104: Dìvín",99,1,10780322,100,"7165b",24,9,"Dìvín","1",NA,NA,NA
2024,"CZ0624104","Dìvín","Eriogaster catax","Motýli","MOTYLI3123","Dìvín","RP Jižní Morava","AOPK ÈR - RP Jižní Morava",13747453,61711037,2024-09-24,"Vladimir Hula","POP_POCETSUMLOKAL","hnízda housenek","min","minmax","ano","lok","10","0",0,"bourovec trnkový","24.09.2024","24.09.2024",10780322,"MOTYLI3123","CZ0624104: Dìvín",99,1,10780322,100,"7165b",24,9,"Dìvín","1",NA,NA,"alespoò 10 hnízda housenek"
2024,"CZ0624104","Dìvín","Eriogaster catax","Motýli","MOTYLI3123","Dìvín","RP Jižní Morava","AOPK ÈR - RP Jižní Morava",13747453,61711037,2024-09-24,"Vladimir Hula","POP_PRESENCE",NA,"val","val","ano","lok","ano","ne",0,"bourovec trnkový","24.09.2024","24.09.2024",10780322,"MOTYLI3123","CZ0624104: Dìvín",99,1,10780322,100,"7165b",24,9,"Dìvín","1",NA,NA,"ano"
2024,"CZ0624104","Dìvín","Eriogaster catax","Motýli","MOTYLI3123","Dìvín","RP Jižní Morava","AOPK ÈR - RP Jižní Morava",13747453,61711037,2024-09-24,"Vladimir Hula","STA_LIKVIDACE",NA,"val","val","ne","lok","nezaznamenána","nezaznamenána",1,"bourovec trnkový","24.09.2024","24.09.2024",10780322,"MOTYLI3123","CZ0624104: Dìvín",99,1,10780322,100,"7165b",24,9,"Dìvín","1",NA,NA,"nezaznamenána"
2024,"CZ0724090","Bílé Karpaty","Eriogaster catax","Motýli","MOTYLI3132","Suchov","RP SCHKO Bílé Karpaty","AOPK ÈR - RP SCHKO Bílé Karpaty",13747451,61711039,2024-10-11,"Vladimir Hula","CELKOVE_SUM",NA,NA,NA,NA,NA,NA,"1",0,"bourovec trnkový","11.10.2024","11.10.2024",10780324,"MOTYLI3132","CZ0724090: Bílé Karpaty",100,1,10780324,100,"7071d",11,10,"Bílé Karpaty","1",NA,NA,NA
2024,"CZ0724090","Bílé Karpaty","Eriogaster catax","Motýli","MOTYLI3132","Suchov","RP SCHKO Bílé Karpaty","AOPK ÈR - RP SCHKO Bílé Karpaty",13747451,61711039,2024-10-11,"Vladimir Hula","CELKOVE_SUM",NA,NA,NA,NA,NA,NA,"1",1,"bourovec trnkový","11.10.2024","11.10.2024",10780324,"MOTYLI3132","CZ0724090: Bílé Karpaty",100,1,10780324,100,"7071d",11,10,"Bílé Karpaty","1",NA,NA,NA
2024,"CZ0724090","Bílé Karpaty","Eriogaster catax","Motýli","MOTYLI3132","Suchov","RP SCHKO Bílé Karpaty","AOPK ÈR - RP SCHKO Bílé Karpaty",13747451,61711039,2024-10-11,"Vladimir Hula","POP_POCETSUMLOKAL","hnízda housenek","min","minmax","ano","lok","10","0",0,"bourovec trnkový","11.10.2024","11.10.2024",10780324,"MOTYLI3132","CZ0724090: Bílé Karpaty",100,1,10780324,100,"7071d",11,10,"Bílé Karpaty","1",NA,NA,"alespoò 10 hnízda housenek"
2024,"CZ0724090","Bílé Karpaty","Eriogaster catax","Motýli","MOTYLI3132","Suchov","RP SCHKO Bílé Karpaty","AOPK ÈR - RP SCHKO Bílé Karpaty",13747451,61711039,2024-10-11,"Vladimir Hula","POP_PRESENCE",NA,"val","val","ano","lok","ano","ne",0,"bourovec trnkový","11.10.2024","11.10.2024",10780324,"MOTYLI3132","CZ0724090: Bílé Karpaty",100,1,10780324,100,"7071d",11,10,"Bílé Karpaty","1",NA,NA,"ano"
2024,"CZ0724090","Bílé Karpaty","Eriogaster catax","Motýli","MOTYLI3132","Suchov","RP SCHKO Bílé Karpaty","AOPK ÈR - RP SCHKO Bílé Karpaty",13747451,61711039,2024-10-11,"Vladimir Hula","STA_LIKVIDACE",NA,"val","val","ne","lok","nezaznamenána","nezaznamenána",1,"bourovec trnkový","11.10.2024","11.10.2024",10780324,"MOTYLI3132","CZ0724090: Bílé Karpaty",100,1,10780324,100,"7071d",11,10,"Bílé Karpaty","1",NA,NA,"nezaznamenána"
2024,"CZ0724087","Újezdecký les","Eriogaster catax","Motýli","MOTYLI3137","Újezdec","RP SCHKO Bílé Karpaty","Krajský úøad Zlínského kraje",13747447,61711040,2024-10-11,"Vladimir Hula","CELKOVE_SUM",NA,NA,NA,NA,NA,NA,"1",0,"bourovec trnkový","11.10.2024","11.10.2024",10780315,"MOTYLI3137","CZ0724087: Újezdecký les",96,1,10780315,85.04,"6972c",11,10,"Újezdecký les","1",NA,NA,NA
2024,"CZ0724087","Újezdecký les","Eriogaster catax","Motýli","MOTYLI3137","Újezdec","RP SCHKO Bílé Karpaty","Krajský úøad Zlínského kraje",13747447,61711040,2024-10-11,"Vladimir Hula","CELKOVE_SUM",NA,NA,NA,NA,NA,NA,"1",1,"bourovec trnkový","11.10.2024","11.10.2024",10780315,"MOTYLI3137","CZ0724087: Újezdecký les",96,1,10780315,85.04,"6972c",11,10,"Újezdecký les","1",NA,NA,NA
2024,"CZ0724087","Újezdecký les","Eriogaster catax","Motýli","MOTYLI3137","Újezdec","RP SCHKO Bílé Karpaty","Krajský úøad Zlínského kraje",13747447,61711040,2024-10-11,"Vladimir Hula","POP_POCETSUMLOKAL","hnízda housenek","min","minmax","ano","lok","10","0",0,"bourovec trnkový","11.10.2024","11.10.2024",10780315,"MOTYLI3137","CZ0724087: Újezdecký les",96,1,10780315,85.04,"6972c",11,10,"Újezdecký les","1",NA,NA,"alespoò 10 hnízda housenek"
2024,"CZ0724087","Újezdecký les","Eriogaster catax","Motýli","MOTYLI3137","Újezdec","RP SCHKO Bílé Karpaty","Krajský úøad Zlínského kraje",13747447,61711040,2024-10-11,"Vladimir Hula","POP_PRESENCE",NA,"val","val","ano","lok","ano","ne",0,"bourovec trnkový","11.10.2024","11.10.2024",10780315,"MOTYLI3137","CZ0724087: Újezdecký les",96,1,10780315,85.04,"6972c",11,10,"Újezdecký les","1",NA,NA,"ano"
2024,"CZ0724087","Újezdecký les","Eriogaster catax","Motýli","MOTYLI3137","Újezdec","RP SCHKO Bílé Karpaty","Krajský úøad Zlínského kraje",13747447,61711040,2024-10-11,"Vladimir Hula","STA_LIKVIDACE",NA,"val","val","ne","lok","nezaznamenána","nezaznamenána",1,"bourovec trnkový","11.10.2024","11.10.2024",10780315,"MOTYLI3137","CZ0724087: Újezdecký les",96,1,10780315,85.04,"6972c",11,10,"Újezdecký les","1",NA,NA,"nezaznamenána"
2024,"CZ0724090","Bílé Karpaty","Eriogaster catax","Motýli","MOTYLI3138","Boršice","RP SCHKO Bílé Karpaty","AOPK ÈR - RP SCHKO Bílé Karpaty",13747432,61711042,2024-10-11,"Vladimir Hula","CELKOVE_SUM",NA,NA,NA,NA,NA,NA,"1",0,"bourovec trnkový","11.10.2024","11.10.2024",10780309,"MOTYLI3138","CZ0724090: Bílé Karpaty",99,1,10780309,100,"7071c",11,10,"Bílé Karpaty","1",NA,NA,NA
2024,"CZ0724090","Bílé Karpaty","Eriogaster catax","Motýli","MOTYLI3138","Boršice","RP SCHKO Bílé Karpaty","AOPK ÈR - RP SCHKO Bílé Karpaty",13747432,61711042,2024-10-11,"Vladimir Hula","CELKOVE_SUM",NA,NA,NA,NA,NA,NA,"1",1,"bourovec trnkový","11.10.2024","11.10.2024",10780309,"MOTYLI3138","CZ0724090: Bílé Karpaty",99,1,10780309,100,"7071c",11,10,"Bílé Karpaty","1",NA,NA,NA
2024,"CZ0724090","Bílé Karpaty","Eriogaster catax","Motýli","MOTYLI3138","Boršice","RP SCHKO Bílé Karpaty","AOPK ÈR - RP SCHKO Bílé Karpaty",13747432,61711042,2024-10-11,"Vladimir Hula","POP_POCETSUMLOKAL","hnízda housenek","min","minmax","ano","lok","10","0",0,"bourovec trnkový","11.10.2024","11.10.2024",10780309,"MOTYLI3138","CZ0724090: Bílé Karpaty",99,1,10780309,100,"7071c",11,10,"Bílé Karpaty","1",NA,NA,"alespoò 10 hnízda housenek"
2024,"CZ0724090","Bílé Karpaty","Eriogaster catax","Motýli","MOTYLI3138","Boršice","RP SCHKO Bílé Karpaty","AOPK ÈR - RP SCHKO Bílé Karpaty",13747432,61711042,2024-10-11,"Vladimir Hula","POP_PRESENCE",NA,"val","val","ano","lok","ano","ne",0,"bourovec trnkový","11.10.2024","11.10.2024",10780309,"MOTYLI3138","CZ0724090: Bílé Karpaty",99,1,10780309,100,"7071c",11,10,"Bílé Karpaty","1",NA,NA,"ano"
2024,"CZ0724090","Bílé Karpaty","Eriogaster catax","Motýli","MOTYLI3138","Boršice","RP SCHKO Bílé Karpaty","AOPK ÈR - RP SCHKO Bílé Karpaty",13747432,61711042,2024-10-11,"Vladimir Hula","STA_LIKVIDACE",NA,"val","val","ne","lok","nezaznamenána","nezaznamenána",1,"bourovec trnkový","11.10.2024","11.10.2024",10780309,"MOTYLI3138","CZ0724090: Bílé Karpaty",99,1,10780309,100,"7071c",11,10,"Bílé Karpaty","1",NA,NA,"nezaznamenána"
2024,"CZ0724090","Bílé Karpaty","Eriogaster catax","Motýli","MOTYLI3133","Slavkov","RP SCHKO Bílé Karpaty","AOPK ÈR - RP SCHKO Bílé Karpaty",13747452,61711043,2024-10-11,"Vladimir Hula","CELKOVE_SUM",NA,NA,NA,NA,NA,NA,"1",0,"bourovec trnkový","11.10.2024","11.10.2024",10780310,"MOTYLI3133","CZ0724090: Bílé Karpaty",100,1,10780310,100,"7071d",11,10,"Bílé Karpaty","1",NA,NA,NA
2024,"CZ0724090","Bílé Karpaty","Eriogaster catax","Motýli","MOTYLI3133","Slavkov","RP SCHKO Bílé Karpaty","AOPK ÈR - RP SCHKO Bílé Karpaty",13747452,61711043,2024-10-11,"Vladimir Hula","CELKOVE_SUM",NA,NA,NA,NA,NA,NA,"1",1,"bourovec trnkový","11.10.2024","11.10.2024",10780310,"MOTYLI3133","CZ0724090: Bílé Karpaty",100,1,10780310,100,"7071d",11,10,"Bílé Karpaty","1",NA,NA,NA
2024,"CZ0724090","Bílé Karpaty","Eriogaster catax","Motýli","MOTYLI3133","Slavkov","RP SCHKO Bílé Karpaty","AOPK ÈR - RP SCHKO Bílé Karpaty",13747452,61711043,2024-10-11,"Vladimir Hula","POP_POCETSUMLOKAL","hnízda housenek","min","minmax","ano","lok","10","0",0,"bourovec trnkový","11.10.2024","11.10.2024",10780310,"MOTYLI3133","CZ0724090: Bílé Karpaty",100,1,10780310,100,"7071d",11,10,"Bílé Karpaty","1",NA,NA,"alespoò 10 hnízda housenek"
2024,"CZ0724090","Bílé Karpaty","Eriogaster catax","Motýli","MOTYLI3133","Slavkov","RP SCHKO Bílé Karpaty","AOPK ÈR - RP SCHKO Bílé Karpaty",13747452,61711043,2024-10-11,"Vladimir Hula","POP_PRESENCE",NA,"val","val","ano","lok","ano","ne",0,"bourovec trnkový","11.10.2024","11.10.2024",10780310,"MOTYLI3133","CZ0724090: Bílé Karpaty",100,1,10780310,100,"7071d",11,10,"Bílé Karpaty","1",NA,NA,"ano"
2024,"CZ0724090","Bílé Karpaty","Eriogaster catax","Motýli","MOTYLI3133","Slavkov","RP SCHKO Bílé Karpaty","AOPK ÈR - RP SCHKO Bílé Karpaty",13747452,61711043,2024-10-11,"Vladimir Hula","STA_LIKVIDACE",NA,"val","val","ne","lok","nezaznamenána","nezaznamenána",1,"bourovec trnkový","11.10.2024","11.10.2024",10780310,"MOTYLI3133","CZ0724090: Bílé Karpaty",100,1,10780310,100,"7071d",11,10,"Bílé Karpaty","1",NA,NA,"nezaznamenána"
2023,"CZ0624096","Podyjí","Eriogaster catax","Motýli","MOTYLI2242","Èížov","RP Jižní Morava","Správa NP Podyjí",13747450,61711044,2023-04-20,"Vladimír Hula","CELKOVE_SUM",NA,NA,NA,NA,NA,NA,"1",0,"bourovec trnkový","20.04.2023","20.04.2023",10780313,"MOTYLI2242","CZ0624096: Podyjí",100,1,10780313,100,"7161a",20,4,"Podyjí","1",NA,NA,NA
2023,"CZ0624096","Podyjí","Eriogaster catax","Motýli","MOTYLI2242","Èížov","RP Jižní Morava","Správa NP Podyjí",13747450,61711044,2023-04-20,"Vladimír Hula","CELKOVE_SUM",NA,NA,NA,NA,NA,NA,"1",1,"bourovec trnkový","20.04.2023","20.04.2023",10780313,"MOTYLI2242","CZ0624096: Podyjí",100,1,10780313,100,"7161a",20,4,"Podyjí","1",NA,NA,NA
2023,"CZ0624096","Podyjí","Eriogaster catax","Motýli","MOTYLI2242","Èížov","RP Jižní Morava","Správa NP Podyjí",13747450,61711044,2023-04-20,"Vladimír Hula","POP_POCETSUMLOKAL","hnízda housenek","min","minmax","ano","lok","10","0",0,"bourovec trnkový","20.04.2023","20.04.2023",10780313,"MOTYLI2242","CZ0624096: Podyjí",100,1,10780313,100,"7161a",20,4,"Podyjí","1",NA,NA,"alespoò 10 hnízda housenek"
2023,"CZ0624096","Podyjí","Eriogaster catax","Motýli","MOTYLI2242","Èížov","RP Jižní Morava","Správa NP Podyjí",13747450,61711044,2023-04-20,"Vladimír Hula","POP_PRESENCE",NA,"val","val","ano","lok","ano","ne",0,"bourovec trnkový","20.04.2023","20.04.2023",10780313,"MOTYLI2242","CZ0624096: Podyjí",100,1,10780313,100,"7161a",20,4,"Podyjí","1",NA,NA,"ano"
2023,"CZ0624096","Podyjí","Eriogaster catax","Motýli","MOTYLI2242","Èížov","RP Jižní Morava","Správa NP Podyjí",13747450,61711044,2023-04-20,"Vladimír Hula","STA_LIKVIDACE",NA,"val","val","ne","lok","nezaznamenána","nezaznamenána",1,"bourovec trnkový","20.04.2023","20.04.2023",10780313,"MOTYLI2242","CZ0624096: Podyjí",100,1,10780313,100,"7161a",20,4,"Podyjí","1",NA,NA,"nezaznamenána"
2023,"CZ0620009","Lednické rybníky","Eriogaster catax","Motýli","MOTYLI2240","Výtopa","RP Jižní Morava","AOPK ÈR - RP Jižní Morava",13747441,61711045,2023-04-19,"Vladimír Hula","CELKOVE_SUM",NA,NA,NA,NA,NA,NA,"1",0,"bourovec trnkový","19.04.2023","19.04.2023",10780321,"MOTYLI2240","CZ0620009: Lednické rybníky",17,1,10780321,100.01,"7266a",19,4,"Lednické rybníky","1",NA,NA,NA
2023,"CZ0620009","Lednické rybníky","Eriogaster catax","Motýli","MOTYLI2240","Výtopa","RP Jižní Morava","AOPK ÈR - RP Jižní Morava",13747441,61711045,2023-04-19,"Vladimír Hula","CELKOVE_SUM",NA,NA,NA,NA,NA,NA,"1",1,"bourovec trnkový","19.04.2023","19.04.2023",10780321,"MOTYLI2240","CZ0620009: Lednické rybníky",17,1,10780321,100.01,"7266a",19,4,"Lednické rybníky","1",NA,NA,NA
2023,"CZ0620009","Lednické rybníky","Eriogaster catax","Motýli","MOTYLI2240","Výtopa","RP Jižní Morava","AOPK ÈR - RP Jižní Morava",13747441,61711045,2023-04-19,"Vladimír Hula","POP_POCETSUMLOKAL","hnízda housenek","min","minmax","ano","lok","10","0",0,"bourovec trnkový","19.04.2023","19.04.2023",10780321,"MOTYLI2240","CZ0620009: Lednické rybníky",17,1,10780321,100.01,"7266a",19,4,"Lednické rybníky","1",NA,NA,"alespoò 10 hnízda housenek"
2023,"CZ0620009","Lednické rybníky","Eriogaster catax","Motýli","MOTYLI2240","Výtopa","RP Jižní Morava","AOPK ÈR - RP Jižní Morava",13747441,61711045,2023-04-19,"Vladimír Hula","POP_PRESENCE",NA,"val","val","ano","lok","ano","ne",0,"bourovec trnkový","19.04.2023","19.04.2023",10780321,"MOTYLI2240","CZ0620009: Lednické rybníky",17,1,10780321,100.01,"7266a",19,4,"Lednické rybníky","1",NA,NA,"ano"
2023,"CZ0620009","Lednické rybníky","Eriogaster catax","Motýli","MOTYLI2240","Výtopa","RP Jižní Morava","AOPK ÈR - RP Jižní Morava",13747441,61711045,2023-04-19,"Vladimír Hula","STA_LIKVIDACE",NA,"val","val","ne","lok","nezaznamenána","nezaznamenána",1,"bourovec trnkový","19.04.2023","19.04.2023",10780321,"MOTYLI2240","CZ0620009: Lednické rybníky",17,1,10780321,100.01,"7266a",19,4,"Lednické rybníky","1",NA,NA,"nezaznamenána"
2024,"CZ0724087","Újezdecký les","Eriogaster catax","Motýli","MOTYLI3136","Tìšov","RP SCHKO Bílé Karpaty","Krajský úøad Zlínského kraje",13747443,61711046,2024-04-10,"Vladimir Hula","CELKOVE_SUM",NA,NA,NA,NA,NA,NA,"1",0,"bourovec trnkový","10.04.2024","10.04.2024",10780314,"MOTYLI3136","CZ0724087: Újezdecký les",12,1,10780314,99.12,"6972c",10,4,"Újezdecký les","1",NA,NA,NA
2024,"CZ0724087","Újezdecký les","Eriogaster catax","Motýli","MOTYLI3136","Tìšov","RP SCHKO Bílé Karpaty","Krajský úøad Zlínského kraje",13747443,61711046,2024-04-10,"Vladimir Hula","CELKOVE_SUM",NA,NA,NA,NA,NA,NA,"1",1,"bourovec trnkový","10.04.2024","10.04.2024",10780314,"MOTYLI3136","CZ0724087: Újezdecký les",12,1,10780314,99.12,"6972c",10,4,"Újezdecký les","1",NA,NA,NA
2024,"CZ0724087","Újezdecký les","Eriogaster catax","Motýli","MOTYLI3136","Tìšov","RP SCHKO Bílé Karpaty","Krajský úøad Zlínského kraje",13747443,61711046,2024-04-10,"Vladimir Hula","POP_POCETSUMLOKAL","hnízda housenek","min","minmax","ano","lok","10","0",0,"bourovec trnkový","10.04.2024","10.04.2024",10780314,"MOTYLI3136","CZ0724087: Újezdecký les",12,1,10780314,99.12,"6972c",10,4,"Újezdecký les","1",NA,NA,"alespoò 10 hnízda housenek"
2024,"CZ0724087","Újezdecký les","Eriogaster catax","Motýli","MOTYLI3136","Tìšov","RP SCHKO Bílé Karpaty","Krajský úøad Zlínského kraje",13747443,61711046,2024-04-10,"Vladimir Hula","POP_PRESENCE",NA,"val","val","ano","lok","ano","ne",0,"bourovec trnkový","10.04.2024","10.04.2024",10780314,"MOTYLI3136","CZ0724087: Újezdecký les",12,1,10780314,99.12,"6972c",10,4,"Újezdecký les","1",NA,NA,"ano"
2024,"CZ0724087","Újezdecký les","Eriogaster catax","Motýli","MOTYLI3136","Tìšov","RP SCHKO Bílé Karpaty","Krajský úøad Zlínského kraje",13747443,61711046,2024-04-10,"Vladimir Hula","STA_LIKVIDACE",NA,"val","val","ne","lok","nezaznamenána","nezaznamenána",1,"bourovec trnkový","10.04.2024","10.04.2024",10780314,"MOTYLI3136","CZ0724087: Újezdecký les",12,1,10780314,99.12,"6972c",10,4,"Újezdecký les","1",NA,NA,"nezaznamenána"
2024,"CZ0624096","Podyjí","Eriogaster catax","Motýli","MOTYLI3121","Havraníky","RP Jižní Morava","Správa NP Podyjí",13747435,61711049,2024-10-08,"Vladimir Hula","CELKOVE_SUM",NA,NA,NA,NA,NA,NA,"1",0,"bourovec trnkový","08.10.2024","08.10.2024",10780307,"MOTYLI3121","CZ0624096: Podyjí",81,1,10780307,56.39,"7162c",8,10,"Podyjí","1",NA,NA,NA
2024,"CZ0624096","Podyjí","Eriogaster catax","Motýli","MOTYLI3121","Havraníky","RP Jižní Morava","Správa NP Podyjí",13747435,61711049,2024-10-08,"Vladimir Hula","CELKOVE_SUM",NA,NA,NA,NA,NA,NA,"1",1,"bourovec trnkový","08.10.2024","08.10.2024",10780307,"MOTYLI3121","CZ0624096: Podyjí",81,1,10780307,56.39,"7162c",8,10,"Podyjí","1",NA,NA,NA
2024,"CZ0624096","Podyjí","Eriogaster catax","Motýli","MOTYLI3121","Havraníky","RP Jižní Morava","Správa NP Podyjí",13747435,61711049,2024-10-08,"Vladimir Hula","POP_POCETSUMLOKAL","hnízda housenek","min","minmax","ano","lok","10","0",0,"bourovec trnkový","08.10.2024","08.10.2024",10780307,"MOTYLI3121","CZ0624096: Podyjí",81,1,10780307,56.39,"7162c",8,10,"Podyjí","1",NA,NA,"alespoò 10 hnízda housenek"
2024,"CZ0624096","Podyjí","Eriogaster catax","Motýli","MOTYLI3121","Havraníky","RP Jižní Morava","Správa NP Podyjí",13747435,61711049,2024-10-08,"Vladimir Hula","POP_PRESENCE",NA,"val","val","ano","lok","ano","ne",0,"bourovec trnkový","08.10.2024","08.10.2024",10780307,"MOTYLI3121","CZ0624096: Podyjí",81,1,10780307,56.39,"7162c",8,10,"Podyjí","1",NA,NA,"ano"
2024,"CZ0624096","Podyjí","Eriogaster catax","Motýli","MOTYLI3121","Havraníky","RP Jižní Morava","Správa NP Podyjí",13747435,61711049,2024-10-08,"Vladimir Hula","STA_LIKVIDACE",NA,"val","val","ne","lok","nezaznamenána","nezaznamenána",1,"bourovec trnkový","08.10.2024","08.10.2024",10780307,"MOTYLI3121","CZ0624096: Podyjí",81,1,10780307,56.39,"7162c",8,10,"Podyjí","1",NA,NA,"nezaznamenána"
2024,"CZ0620048","Skalky u Sedlece","Eriogaster catax","Motýli","MOTYLI2285","Skalky","RP Jižní Morava","Krajský úøad Jihomoravského kraje",13747440,61711050,2024-04-12,"Vladimir Hula","CELKOVE_SUM",NA,NA,NA,NA,NA,NA,"1",0,"bourovec trnkový","12.04.2024","12.04.2024",10780320,"MOTYLI2285","CZ0620048: Skalky u Sedlece",81,1,10780320,100.01,"7266a",12,4,"Skalky u Sedlece","1",NA,NA,NA
2024,"CZ0620048","Skalky u Sedlece","Eriogaster catax","Motýli","MOTYLI2285","Skalky","RP Jižní Morava","Krajský úøad Jihomoravského kraje",13747440,61711050,2024-04-12,"Vladimir Hula","CELKOVE_SUM",NA,NA,NA,NA,NA,NA,"1",1,"bourovec trnkový","12.04.2024","12.04.2024",10780320,"MOTYLI2285","CZ0620048: Skalky u Sedlece",81,1,10780320,100.01,"7266a",12,4,"Skalky u Sedlece","1",NA,NA,NA
2024,"CZ0620048","Skalky u Sedlece","Eriogaster catax","Motýli","MOTYLI2285","Skalky","RP Jižní Morava","Krajský úøad Jihomoravského kraje",13747440,61711050,2024-04-12,"Vladimir Hula","POP_POCETSUMLOKAL","hnízda housenek","min","minmax","ano","lok","10","0",0,"bourovec trnkový","12.04.2024","12.04.2024",10780320,"MOTYLI2285","CZ0620048: Skalky u Sedlece",81,1,10780320,100.01,"7266a",12,4,"Skalky u Sedlece","1",NA,NA,"alespoò 10 hnízda housenek"
2024,"CZ0620048","Skalky u Sedlece","Eriogaster catax","Motýli","MOTYLI2285","Skalky","RP Jižní Morava","Krajský úøad Jihomoravského kraje",13747440,61711050,2024-04-12,"Vladimir Hula","POP_PRESENCE",NA,"val","val","ano","lok","ano","ne",0,"bourovec trnkový","12.04.2024","12.04.2024",10780320,"MOTYLI2285","CZ0620048: Skalky u Sedlece",81,1,10780320,100.01,"7266a",12,4,"Skalky u Sedlece","1",NA,NA,"ano"
2024,"CZ0620048","Skalky u Sedlece","Eriogaster catax","Motýli","MOTYLI2285","Skalky","RP Jižní Morava","Krajský úøad Jihomoravského kraje",13747440,61711050,2024-04-12,"Vladimir Hula","STA_LIKVIDACE",NA,"val","val","ne","lok","nezaznamenána","nezaznamenána",1,"bourovec trnkový","12.04.2024","12.04.2024",10780320,"MOTYLI2285","CZ0620048: Skalky u Sedlece",81,1,10780320,100.01,"7266a",12,4,"Skalky u Sedlece","1",NA,NA,"nezaznamenána"
2023,"CZ0624119","Soutok - Podluží","Eriogaster catax","Motýli","MOTYLI2241","Lány","RP Jižní Morava","AOPK ÈR - RP Jižní Morava, Krajský úøad Jihomoravského kraje",13747454,61711052,2023-12-19,"Vladimír Hula","CELKOVE_SUM",NA,NA,NA,NA,NA,NA,"1",0,"bourovec trnkový","19.12.2023","19.12.2023",10780326,"MOTYLI2241","CZ0624119: Soutok - Podluží",100,1,10780326,100,"7267d",19,12,"Soutok - Podluží","1",NA,NA,NA
2023,"CZ0624119","Soutok - Podluží","Eriogaster catax","Motýli","MOTYLI2241","Lány","RP Jižní Morava","AOPK ÈR - RP Jižní Morava, Krajský úøad Jihomoravského kraje",13747454,61711052,2023-12-19,"Vladimír Hula","CELKOVE_SUM",NA,NA,NA,NA,NA,NA,"1",1,"bourovec trnkový","19.12.2023","19.12.2023",10780326,"MOTYLI2241","CZ0624119: Soutok - Podluží",100,1,10780326,100,"7267d",19,12,"Soutok - Podluží","1",NA,NA,NA
2023,"CZ0624119","Soutok - Podluží","Eriogaster catax","Motýli","MOTYLI2241","Lány","RP Jižní Morava","AOPK ÈR - RP Jižní Morava, Krajský úøad Jihomoravského kraje",13747454,61711052,2023-12-19,"Vladimír Hula","POP_POCETSUMLOKAL","hnízda housenek","min","minmax","ano","lok","10","0",0,"bourovec trnkový","19.12.2023","19.12.2023",10780326,"MOTYLI2241","CZ0624119: Soutok - Podluží",100,1,10780326,100,"7267d",19,12,"Soutok - Podluží","1",NA,NA,"alespoò 10 hnízda housenek"
2023,"CZ0624119","Soutok - Podluží","Eriogaster catax","Motýli","MOTYLI2241","Lány","RP Jižní Morava","AOPK ÈR - RP Jižní Morava, Krajský úøad Jihomoravského kraje",13747454,61711052,2023-12-19,"Vladimír Hula","POP_PRESENCE",NA,"val","val","ano","lok","ano","ne",0,"bourovec trnkový","19.12.2023","19.12.2023",10780326,"MOTYLI2241","CZ0624119: Soutok - Podluží",100,1,10780326,100,"7267d",19,12,"Soutok - Podluží","1",NA,NA,"ano"
2023,"CZ0624119","Soutok - Podluží","Eriogaster catax","Motýli","MOTYLI2241","Lány","RP Jižní Morava","AOPK ÈR - RP Jižní Morava, Krajský úøad Jihomoravského kraje",13747454,61711052,2023-12-19,"Vladimír Hula","STA_LIKVIDACE",NA,"val","val","ne","lok","nezaznamenána","nezaznamenána",1,"bourovec trnkový","19.12.2023","19.12.2023",10780326,"MOTYLI2241","CZ0624119: Soutok - Podluží",100,1,10780326,100,"7267d",19,12,"Soutok - Podluží","1",NA,NA,"nezaznamenána"
2023,"CZ0623026","Studánkový vrch","Eriogaster catax","Motýli","MOTYLI3125","Studankový vrch","RP Jižní Morava","Krajský úøad Jihomoravského kraje",13747442,61711053,2023-04-11,"Vladimir Hula","CELKOVE_SUM",NA,NA,NA,NA,NA,NA,"1",0,"bourovec trnkový","11.04.2023","11.04.2023",10780304,"MOTYLI3125","CZ0623026: Studánkový vrch",88,1,10780304,100,"7266a",11,4,"Studánkový vrch","1",NA,NA,NA
2023,"CZ0623026","Studánkový vrch","Eriogaster catax","Motýli","MOTYLI3125","Studankový vrch","RP Jižní Morava","Krajský úøad Jihomoravského kraje",13747442,61711053,2023-04-11,"Vladimir Hula","CELKOVE_SUM",NA,NA,NA,NA,NA,NA,"1",1,"bourovec trnkový","11.04.2023","11.04.2023",10780304,"MOTYLI3125","CZ0623026: Studánkový vrch",88,1,10780304,100,"7266a",11,4,"Studánkový vrch","1",NA,NA,NA
2023,"CZ0623026","Studánkový vrch","Eriogaster catax","Motýli","MOTYLI3125","Studankový vrch","RP Jižní Morava","Krajský úøad Jihomoravského kraje",13747442,61711053,2023-04-11,"Vladimir Hula","POP_POCETSUMLOKAL","hnízda housenek","min","minmax","ano","lok","10","0",0,"bourovec trnkový","11.04.2023","11.04.2023",10780304,"MOTYLI3125","CZ0623026: Studánkový vrch",88,1,10780304,100,"7266a",11,4,"Studánkový vrch","1",NA,NA,"alespoò 10 hnízda housenek"
2023,"CZ0623026","Studánkový vrch","Eriogaster catax","Motýli","MOTYLI3125","Studankový vrch","RP Jižní Morava","Krajský úøad Jihomoravského kraje",13747442,61711053,2023-04-11,"Vladimir Hula","POP_PRESENCE",NA,"val","val","ano","lok","ano","ne",0,"bourovec trnkový","11.04.2023","11.04.2023",10780304,"MOTYLI3125","CZ0623026: Studánkový vrch",88,1,10780304,100,"7266a",11,4,"Studánkový vrch","1",NA,NA,"ano"
2023,"CZ0623026","Studánkový vrch","Eriogaster catax","Motýli","MOTYLI3125","Studankový vrch","RP Jižní Morava","Krajský úøad Jihomoravského kraje",13747442,61711053,2023-04-11,"Vladimir Hula","STA_LIKVIDACE",NA,"val","val","ne","lok","nezaznamenána","nezaznamenána",1,"bourovec trnkový","11.04.2023","11.04.2023",10780304,"MOTYLI3125","CZ0623026: Studánkový vrch",88,1,10780304,100,"7266a",11,4,"Studánkový vrch","1",NA,NA,"nezaznamenána"
2023,"CZ0624096","Podyjí","Eriogaster catax","Motýli","MOTYLI2243","Hnanice","RP Jižní Morava","Správa NP Podyjí",13747439,61711054,2023-04-20,"Vladimír Hula","CELKOVE_SUM",NA,NA,NA,NA,NA,NA,"1",0,"bourovec trnkový","20.04.2023","20.04.2023",10780328,"MOTYLI2243","CZ0624096: Podyjí",97,1,10780328,100,"7161d",20,4,"Podyjí","1",NA,NA,NA
2023,"CZ0624096","Podyjí","Eriogaster catax","Motýli","MOTYLI2243","Hnanice","RP Jižní Morava","Správa NP Podyjí",13747439,61711054,2023-04-20,"Vladimír Hula","CELKOVE_SUM",NA,NA,NA,NA,NA,NA,"1",1,"bourovec trnkový","20.04.2023","20.04.2023",10780328,"MOTYLI2243","CZ0624096: Podyjí",97,1,10780328,100,"7161d",20,4,"Podyjí","1",NA,NA,NA
2023,"CZ0624096","Podyjí","Eriogaster catax","Motýli","MOTYLI2243","Hnanice","RP Jižní Morava","Správa NP Podyjí",13747439,61711054,2023-04-20,"Vladimír Hula","POP_POCETSUMLOKAL","hnízda housenek","min","minmax","ano","lok","10","0",0,"bourovec trnkový","20.04.2023","20.04.2023",10780328,"MOTYLI2243","CZ0624096: Podyjí",97,1,10780328,100,"7161d",20,4,"Podyjí","1",NA,NA,"alespoò 10 hnízda housenek"
2023,"CZ0624096","Podyjí","Eriogaster catax","Motýli","MOTYLI2243","Hnanice","RP Jižní Morava","Správa NP Podyjí",13747439,61711054,2023-04-20,"Vladimír Hula","POP_PRESENCE",NA,"val","val","ano","lok","ano","ne",0,"bourovec trnkový","20.04.2023","20.04.2023",10780328,"MOTYLI2243","CZ0624096: Podyjí",97,1,10780328,100,"7161d",20,4,"Podyjí","1",NA,NA,"ano"
2023,"CZ0624096","Podyjí","Eriogaster catax","Motýli","MOTYLI2243","Hnanice","RP Jižní Morava","Správa NP Podyjí",13747439,61711054,2023-04-20,"Vladimír Hula","STA_LIKVIDACE",NA,"val","val","ne","lok","nezaznamenána","nezaznamenána",1,"bourovec trnkový","20.04.2023","20.04.2023",10780328,"MOTYLI2243","CZ0624096: Podyjí",97,1,10780328,100,"7161d",20,4,"Podyjí","1",NA,NA,"nezaznamenána"
2024,"CZ0624043","Stolová hora","Eriogaster catax","Motýli","MOTYLI3124","Nad Pernou, Tabulová","RP Jižní Morava","AOPK ÈR - RP Jižní Morava",13747437,61711055,2024-09-24,"Vladimir Hula","CELKOVE_SUM",NA,NA,NA,NA,NA,NA,"1",0,"bourovec trnkový","24.09.2024","24.09.2024",10780311,"MOTYLI3124","CZ0624043: Stolová hora",83,1,10780311,100,"7165d",24,9,"Stolová hora","1",NA,NA,NA
2024,"CZ0624043","Stolová hora","Eriogaster catax","Motýli","MOTYLI3124","Nad Pernou, Tabulová","RP Jižní Morava","AOPK ÈR - RP Jižní Morava",13747437,61711055,2024-09-24,"Vladimir Hula","CELKOVE_SUM",NA,NA,NA,NA,NA,NA,"1",1,"bourovec trnkový","24.09.2024","24.09.2024",10780311,"MOTYLI3124","CZ0624043: Stolová hora",83,1,10780311,100,"7165d",24,9,"Stolová hora","1",NA,NA,NA
2024,"CZ0624043","Stolová hora","Eriogaster catax","Motýli","MOTYLI3124","Nad Pernou, Tabulová","RP Jižní Morava","AOPK ÈR - RP Jižní Morava",13747437,61711055,2024-09-24,"Vladimir Hula","POP_POCETSUMLOKAL","hnízda housenek","min","minmax","ano","lok","10","0",0,"bourovec trnkový","24.09.2024","24.09.2024",10780311,"MOTYLI3124","CZ0624043: Stolová hora",83,1,10780311,100,"7165d",24,9,"Stolová hora","1",NA,NA,"alespoò 10 hnízda housenek"
2024,"CZ0624043","Stolová hora","Eriogaster catax","Motýli","MOTYLI3124","Nad Pernou, Tabulová","RP Jižní Morava","AOPK ÈR - RP Jižní Morava",13747437,61711055,2024-09-24,"Vladimir Hula","POP_PRESENCE",NA,"val","val","ano","lok","ano","ne",0,"bourovec trnkový","24.09.2024","24.09.2024",10780311,"MOTYLI3124","CZ0624043: Stolová hora",83,1,10780311,100,"7165d",24,9,"Stolová hora","1",NA,NA,"ano"
2024,"CZ0624043","Stolová hora","Eriogaster catax","Motýli","MOTYLI3124","Nad Pernou, Tabulová","RP Jižní Morava","AOPK ÈR - RP Jižní Morava",13747437,61711055,2024-09-24,"Vladimir Hula","STA_LIKVIDACE",NA,"val","val","ne","lok","nezaznamenána","nezaznamenána",1,"bourovec trnkový","24.09.2024","24.09.2024",10780311,"MOTYLI3124","CZ0624043: Stolová hora",83,1,10780311,100,"7165d",24,9,"Stolová hora","1",NA,NA,"nezaznamenána"
2024,"CZ0624096","Podyjí","Eriogaster catax","Motýli","MOTYLI3126","Èížov","RP Jižní Morava","Správa NP Podyjí",13747444,61711056,2024-04-09,"Vladimir Hula","CELKOVE_SUM",NA,NA,NA,NA,NA,NA,"1",0,"bourovec trnkový","09.04.2024","09.04.2024",10780317,"MOTYLI3126","CZ0624096: Podyjí",100,1,10780317,100,"7161a",9,4,"Podyjí","1",NA,NA,NA
2024,"CZ0624096","Podyjí","Eriogaster catax","Motýli","MOTYLI3126","Èížov","RP Jižní Morava","Správa NP Podyjí",13747444,61711056,2024-04-09,"Vladimir Hula","CELKOVE_SUM",NA,NA,NA,NA,NA,NA,"1",1,"bourovec trnkový","09.04.2024","09.04.2024",10780317,"MOTYLI3126","CZ0624096: Podyjí",100,1,10780317,100,"7161a",9,4,"Podyjí","1",NA,NA,NA
2024,"CZ0624096","Podyjí","Eriogaster catax","Motýli","MOTYLI3126","Èížov","RP Jižní Morava","Správa NP Podyjí",13747444,61711056,2024-04-09,"Vladimir Hula","POP_POCETSUMLOKAL","hnízda housenek","min","minmax","ano","lok","10","0",0,"bourovec trnkový","09.04.2024","09.04.2024",10780317,"MOTYLI3126","CZ0624096: Podyjí",100,1,10780317,100,"7161a",9,4,"Podyjí","1",NA,NA,"alespoò 10 hnízda housenek"
2024,"CZ0624096","Podyjí","Eriogaster catax","Motýli","MOTYLI3126","Èížov","RP Jižní Morava","Správa NP Podyjí",13747444,61711056,2024-04-09,"Vladimir Hula","POP_PRESENCE",NA,"val","val","ano","lok","ano","ne",0,"bourovec trnkový","09.04.2024","09.04.2024",10780317,"MOTYLI3126","CZ0624096: Podyjí",100,1,10780317,100,"7161a",9,4,"Podyjí","1",NA,NA,"ano"
2024,"CZ0624096","Podyjí","Eriogaster catax","Motýli","MOTYLI3126","Èížov","RP Jižní Morava","Správa NP Podyjí",13747444,61711056,2024-04-09,"Vladimir Hula","STA_LIKVIDACE",NA,"val","val","ne","lok","nezaznamenána","nezaznamenána",1,"bourovec trnkový","09.04.2024","09.04.2024",10780317,"MOTYLI3126","CZ0624096: Podyjí",100,1,10780317,100,"7161a",9,4,"Podyjí","1",NA,NA,"nezaznamenána"
2024,"CZ0723024","Rochus","Eriogaster catax","Motýli","MOTYLI2289","Rochus","RP SCHKO Bílé Karpaty","Krajský úøad Zlínského kraje",13747455,61711057,2024-04-12,"Vladimir Hula","CELKOVE_SUM",NA,NA,NA,NA,NA,NA,"1",0,"bourovec trnkový","12.04.2024","12.04.2024",10780318,"MOTYLI2289","CZ0723024: Rochus",93,1,10780318,93,"6970b",12,4,"Rochus","1",NA,NA,NA
2024,"CZ0723024","Rochus","Eriogaster catax","Motýli","MOTYLI2289","Rochus","RP SCHKO Bílé Karpaty","Krajský úøad Zlínského kraje",13747455,61711057,2024-04-12,"Vladimir Hula","CELKOVE_SUM",NA,NA,NA,NA,NA,NA,"1",1,"bourovec trnkový","12.04.2024","12.04.2024",10780318,"MOTYLI2289","CZ0723024: Rochus",93,1,10780318,93,"6970b",12,4,"Rochus","1",NA,NA,NA
2024,"CZ0723024","Rochus","Eriogaster catax","Motýli","MOTYLI2289","Rochus","RP SCHKO Bílé Karpaty","Krajský úøad Zlínského kraje",13747455,61711057,2024-04-12,"Vladimir Hula","POP_POCETSUMLOKAL","hnízda housenek","min","minmax","ano","lok","10","0",0,"bourovec trnkový","12.04.2024","12.04.2024",10780318,"MOTYLI2289","CZ0723024: Rochus",93,1,10780318,93,"6970b",12,4,"Rochus","1",NA,NA,"alespoò 10 hnízda housenek"
2024,"CZ0723024","Rochus","Eriogaster catax","Motýli","MOTYLI2289","Rochus","RP SCHKO Bílé Karpaty","Krajský úøad Zlínského kraje",13747455,61711057,2024-04-12,"Vladimir Hula","POP_PRESENCE",NA,"val","val","ano","lok","ano","ne",0,"bourovec trnkový","12.04.2024","12.04.2024",10780318,"MOTYLI2289","CZ0723024: Rochus",93,1,10780318,93,"6970b",12,4,"Rochus","1",NA,NA,"ano"
2024,"CZ0723024","Rochus","Eriogaster catax","Motýli","MOTYLI2289","Rochus","RP SCHKO Bílé Karpaty","Krajský úøad Zlínského kraje",13747455,61711057,2024-04-12,"Vladimir Hula","STA_LIKVIDACE",NA,"val","val","ne","lok","nezaznamenána","nezaznamenána",1,"bourovec trnkový","12.04.2024","12.04.2024",10780318,"MOTYLI2289","CZ0723024: Rochus",93,1,10780318,93,"6970b",12,4,"Rochus","1",NA,NA,"nezaznamenána"
2023,"CZ0624118","Skalky u Havraníkù","Eriogaster catax","Motýli","MOTYLI2244","Skalky u Havraníkù","RP Jižní Morava","Krajský úøad Jihomoravského kraje",13747448,61711058,2023-04-20,"Vladimír Hula","CELKOVE_SUM",NA,NA,NA,NA,NA,NA,"1",0,"bourovec trnkový","20.04.2023","20.04.2023",10780323,"MOTYLI2244","CZ0624118: Skalky u Havraníkù",68,1,10780323,100,"7162c",20,4,"Skalky u Havraníkù","1",NA,NA,NA
2023,"CZ0624118","Skalky u Havraníkù","Eriogaster catax","Motýli","MOTYLI2244","Skalky u Havraníkù","RP Jižní Morava","Krajský úøad Jihomoravského kraje",13747448,61711058,2023-04-20,"Vladimír Hula","CELKOVE_SUM",NA,NA,NA,NA,NA,NA,"1",1,"bourovec trnkový","20.04.2023","20.04.2023",10780323,"MOTYLI2244","CZ0624118: Skalky u Havraníkù",68,1,10780323,100,"7162c",20,4,"Skalky u Havraníkù","1",NA,NA,NA
2023,"CZ0624118","Skalky u Havraníkù","Eriogaster catax","Motýli","MOTYLI2244","Skalky u Havraníkù","RP Jižní Morava","Krajský úøad Jihomoravského kraje",13747448,61711058,2023-04-20,"Vladimír Hula","POP_POCETSUMLOKAL","hnízda housenek","min","minmax","ano","lok","10","0",0,"bourovec trnkový","20.04.2023","20.04.2023",10780323,"MOTYLI2244","CZ0624118: Skalky u Havraníkù",68,1,10780323,100,"7162c",20,4,"Skalky u Havraníkù","1",NA,NA,"alespoò 10 hnízda housenek"
2023,"CZ0624118","Skalky u Havraníkù","Eriogaster catax","Motýli","MOTYLI2244","Skalky u Havraníkù","RP Jižní Morava","Krajský úøad Jihomoravského kraje",13747448,61711058,2023-04-20,"Vladimír Hula","POP_PRESENCE",NA,"val","val","ano","lok","ano","ne",0,"bourovec trnkový","20.04.2023","20.04.2023",10780323,"MOTYLI2244","CZ0624118: Skalky u Havraníkù",68,1,10780323,100,"7162c",20,4,"Skalky u Havraníkù","1",NA,NA,"ano"
2023,"CZ0624118","Skalky u Havraníkù","Eriogaster catax","Motýli","MOTYLI2244","Skalky u Havraníkù","RP Jižní Morava","Krajský úøad Jihomoravského kraje",13747448,61711058,2023-04-20,"Vladimír Hula","STA_LIKVIDACE",NA,"val","val","ne","lok","nezaznamenána","nezaznamenána",1,"bourovec trnkový","20.04.2023","20.04.2023",10780323,"MOTYLI2244","CZ0624118: Skalky u Havraníkù",68,1,10780323,100,"7162c",20,4,"Skalky u Havraníkù","1",NA,NA,"nezaznamenána"
