ROK;kod_chu;NAZEV;DRUH;SKUPINA;KOD_LOKAL;NAZEV_LOK;POLE;pracoviste;oop;HODNOCENE_OBDOBI_OD;HODNOCENE_OBDOBI_DO;ID_ND_AKCE;DATUM;CILMON;ID_IND;JEDNOTKA;TYP_IND;IND_GRP;KLIC;UROVEN;LIM_IND;LIM_INDLIST;HOD_IND;STAV_IND
2023;CZ0620009;Lednické rybníky;Eriogaster catax;Motýli;40, Valtice - Valtice;40, Valtice - Valtice;7266a;RP Jižní Morava;AOPK ČR - RP Jižní Morava;2023-05-10;2023-05-10;12557821;2023-05-10;0;CELKOVE_HODNOCENI;NA;NA;NA;NA;lok;NA;NA;špatný;0
2023;CZ0620009;Lednické rybníky;Eriogaster catax;Motýli;40, Valtice - Valtice;40, Valtice - Valtice;7266a;RP Jižní Morava;AOPK ČR - RP Jižní Morava;2023-05-10;2023-05-10;12557821;2023-05-10;0;CELKOVE_SUM;NA;NA;NA;NA;NA;;;1;NA
2023;CZ0620009;Lednické rybníky;Eriogaster catax;Motýli;40, Valtice - Valtice;40, Valtice - Valtice;7266a;RP Jižní Morava;AOPK ČR - RP Jižní Morava;2023-05-10;2023-05-10;12557821;2023-05-10;0;POP_POCETSUMLOKAL;hnízda housenek;min;minmax;ano;lok;10;alespoň 10 hnízda housenek;1;0
2023;CZ0620009;Lednické rybníky;Eriogaster catax;Motýli;40, Valtice - Valtice;40, Valtice - Valtice;7266a;RP Jižní Morava;AOPK ČR - RP Jižní Morava;2023-05-10;2023-05-10;12557821;2023-05-10;0;POP_PRESENCE;NA;val;val;ano;lok;ano;ano;ano;1
2023;CZ0620009;Lednické rybníky;Eriogaster catax;Motýli;40, Valtice - Valtice;40, Valtice - Valtice;7266a;RP Jižní Morava;AOPK ČR - RP Jižní Morava;2023-05-10;2023-05-10;12557821;2023-05-10;0;STA_LIKVIDACE;NA;val;val;ne;lok;nezaznamenána;nezaznamenána;neznámý;NA
2019;CZ0620009;Lednické rybníky;Eriogaster catax;Motýli;Hlohovec, NPR Lednické rybníky, Nesyt, hráz;Hlohovec, NPR Lednické rybníky, Nesyt, hráz;7266a;RP Jižní Morava;AOPK ČR - RP Jižní Morava;2019-04-17;2019-04-17;10613311;2019-04-17;0;CELKOVE_HODNOCENI;NA;NA;NA;NA;lok;NA;NA;špatný;0
2019;CZ0620009;Lednické rybníky;Eriogaster catax;Motýli;Hlohovec, NPR Lednické rybníky, Nesyt, hráz;Hlohovec, NPR Lednické rybníky, Nesyt, hráz;7266a;RP Jižní Morava;AOPK ČR - RP Jižní Morava;2019-04-17;2019-04-17;10613311;2019-04-17;0;CELKOVE_SUM;NA;NA;NA;NA;NA;;;1;NA
2019;CZ0620009;Lednické rybníky;Eriogaster catax;Motýli;Hlohovec, NPR Lednické rybníky, Nesyt, hráz;Hlohovec, NPR Lednické rybníky, Nesyt, hráz;7266a;RP Jižní Morava;AOPK ČR - RP Jižní Morava;2019-04-17;2019-04-17;10613311;2019-04-17;0;POP_POCETSUMLOKAL;hnízda housenek;min;minmax;ano;lok;10;alespoň 10 hnízda housenek;1;0
2019;CZ0620009;Lednické rybníky;Eriogaster catax;Motýli;Hlohovec, NPR Lednické rybníky, Nesyt, hráz;Hlohovec, NPR Lednické rybníky, Nesyt, hráz;7266a;RP Jižní Morava;AOPK ČR - RP Jižní Morava;2019-04-17;2019-04-17;10613311;2019-04-17;0;POP_PRESENCE;NA;val;val;ano;lok;ano;ano;ano;1
2019;CZ0620009;Lednické rybníky;Eriogaster catax;Motýli;Hlohovec, NPR Lednické rybníky, Nesyt, hráz;Hlohovec, NPR Lednické rybníky, Nesyt, hráz;7266a;RP Jižní Morava;AOPK ČR - RP Jižní Morava;2019-04-17;2019-04-17;10613311;2019-04-17;0;STA_LIKVIDACE;NA;val;val;ne;lok;nezaznamenána;nezaznamenána;neznámý;NA
2019;CZ0620009;Lednické rybníky;Eriogaster catax;Motýli;Hlohovec, Nesyt - pod pozorovatelnou u Výtopy;Hlohovec, Nesyt - pod pozorovatelnou u Výtopy;7266a;RP Jižní Morava;AOPK ČR - RP Jižní Morava;2019-04-14;2019-04-14;10612933;2019-04-14;0;CELKOVE_HODNOCENI;NA;NA;NA;NA;lok;NA;NA;špatný;0
2019;CZ0620009;Lednické rybníky;Eriogaster catax;Motýli;Hlohovec, Nesyt - pod pozorovatelnou u Výtopy;Hlohovec, Nesyt - pod pozorovatelnou u Výtopy;7266a;RP Jižní Morava;AOPK ČR - RP Jižní Morava;2019-04-14;2019-04-14;10612933;2019-04-14;0;CELKOVE_SUM;NA;NA;NA;NA;NA;;;1;NA
2019;CZ0620009;Lednické rybníky;Eriogaster catax;Motýli;Hlohovec, Nesyt - pod pozorovatelnou u Výtopy;Hlohovec, Nesyt - pod pozorovatelnou u Výtopy;7266a;RP Jižní Morava;AOPK ČR - RP Jižní Morava;2019-04-14;2019-04-14;10612933;2019-04-14;0;POP_POCETSUMLOKAL;hnízda housenek;min;minmax;ano;lok;10;alespoň 10 hnízda housenek;1;0
2019;CZ0620009;Lednické rybníky;Eriogaster catax;Motýli;Hlohovec, Nesyt - pod pozorovatelnou u Výtopy;Hlohovec, Nesyt - pod pozorovatelnou u Výtopy;7266a;RP Jižní Morava;AOPK ČR - RP Jižní Morava;2019-04-14;2019-04-14;10612933;2019-04-14;0;POP_PRESENCE;NA;val;val;ano;lok;ano;ano;ano;1
2019;CZ0620009;Lednické rybníky;Eriogaster catax;Motýli;Hlohovec, Nesyt - pod pozorovatelnou u Výtopy;Hlohovec, Nesyt - pod pozorovatelnou u Výtopy;7266a;RP Jižní Morava;AOPK ČR - RP Jižní Morava;2019-04-14;2019-04-14;10612933;2019-04-14;0;STA_LIKVIDACE;NA;val;val;ne;lok;nezaznamenána;nezaznamenána;neznámý;NA
2022;CZ0620009;Lednické rybníky;Eriogaster catax;Motýli;MOTYLI1072;Výtopa;7266a;RP Jižní Morava;AOPK ČR - RP Jižní Morava;2022-05-13;2022-05-13;12239963;2022-05-13;1;CELKOVE_HODNOCENI;NA;NA;NA;NA;lok;NA;NA;špatný;0
2022;CZ0620009;Lednické rybníky;Eriogaster catax;Motýli;MOTYLI1072;Výtopa;7266a;RP Jižní Morava;AOPK ČR - RP Jižní Morava;2022-05-13;2022-05-13;12239963;2022-05-13;1;CELKOVE_SUM;NA;NA;NA;NA;NA;;;1;NA
2022;CZ0620009;Lednické rybníky;Eriogaster catax;Motýli;MOTYLI1072;Výtopa;7266a;RP Jižní Morava;AOPK ČR - RP Jižní Morava;2022-05-13;2022-05-13;12239963;2022-05-13;1;POP_POCETSUMLOKAL;hnízda housenek;min;minmax;ano;lok;10;alespoň 10 hnízda housenek;0;0
2022;CZ0620009;Lednické rybníky;Eriogaster catax;Motýli;MOTYLI1072;Výtopa;7266a;RP Jižní Morava;AOPK ČR - RP Jižní Morava;2022-05-13;2022-05-13;12239963;2022-05-13;1;POP_PRESENCE;NA;val;val;ano;lok;ano;ano;ne;0
2022;CZ0620009;Lednické rybníky;Eriogaster catax;Motýli;MOTYLI1072;Výtopa;7266a;RP Jižní Morava;AOPK ČR - RP Jižní Morava;2022-05-13;2022-05-13;12239963;2022-05-13;1;STA_LIKVIDACE;NA;val;val;ne;lok;nezaznamenána;nezaznamenána;nezaznamenána;1
2023;CZ0620009;Lednické rybníky;Eriogaster catax;Motýli;MOTYLI2240;Výtopa;7266a;RP Jižní Morava;AOPK ČR - RP Jižní Morava;2023-04-19;2023-04-19;13747441;2023-04-19;1;CELKOVE_HODNOCENI;NA;NA;NA;NA;lok;NA;NA;špatný;0
2023;CZ0620009;Lednické rybníky;Eriogaster catax;Motýli;MOTYLI2240;Výtopa;7266a;RP Jižní Morava;AOPK ČR - RP Jižní Morava;2023-04-19;2023-04-19;13747441;2023-04-19;1;CELKOVE_SUM;NA;NA;NA;NA;NA;;;1;NA
2023;CZ0620009;Lednické rybníky;Eriogaster catax;Motýli;MOTYLI2240;Výtopa;7266a;RP Jižní Morava;AOPK ČR - RP Jižní Morava;2023-04-19;2023-04-19;13747441;2023-04-19;1;POP_POCETSUMLOKAL;hnízda housenek;min;minmax;ano;lok;10;alespoň 10 hnízda housenek;0;0
2023;CZ0620009;Lednické rybníky;Eriogaster catax;Motýli;MOTYLI2240;Výtopa;7266a;RP Jižní Morava;AOPK ČR - RP Jižní Morava;2023-04-19;2023-04-19;13747441;2023-04-19;1;POP_PRESENCE;NA;val;val;ano;lok;ano;ano;ne;0
2023;CZ0620009;Lednické rybníky;Eriogaster catax;Motýli;MOTYLI2240;Výtopa;7266a;RP Jižní Morava;AOPK ČR - RP Jižní Morava;2023-04-19;2023-04-19;13747441;2023-04-19;1;STA_LIKVIDACE;NA;val;val;ne;lok;nezaznamenána;nezaznamenána;nezaznamenána;1
2022;CZ0620048;Skalky u Sedlece;Eriogaster catax;Motýli;MOTYLI1070;Skalky;7266a;RP Jižní Morava;Krajský úřad Jihomoravského kraje;2022-05-12;2022-05-12;12239957;2022-05-12;1;CELKOVE_HODNOCENI;NA;NA;NA;NA;lok;NA;NA;špatný;0
2022;CZ0620048;Skalky u Sedlece;Eriogaster catax;Motýli;MOTYLI1070;Skalky;7266a;RP Jižní Morava;Krajský úřad Jihomoravského kraje;2022-05-12;2022-05-12;12239957;2022-05-12;1;CELKOVE_SUM;NA;NA;NA;NA;NA;;;1;NA
2022;CZ0620048;Skalky u Sedlece;Eriogaster catax;Motýli;MOTYLI1070;Skalky;7266a;RP Jižní Morava;Krajský úřad Jihomoravského kraje;2022-05-12;2022-05-12;12239957;2022-05-12;1;POP_POCETSUMLOKAL;hnízda housenek;min;minmax;ano;lok;10;alespoň 10 hnízda housenek;0;0
2022;CZ0620048;Skalky u Sedlece;Eriogaster catax;Motýli;MOTYLI1070;Skalky;7266a;RP Jižní Morava;Krajský úřad Jihomoravského kraje;2022-05-12;2022-05-12;12239957;2022-05-12;1;POP_PRESENCE;NA;val;val;ano;lok;ano;ano;ne;0
2022;CZ0620048;Skalky u Sedlece;Eriogaster catax;Motýli;MOTYLI1070;Skalky;7266a;RP Jižní Morava;Krajský úřad Jihomoravského kraje;2022-05-12;2022-05-12;12239957;2022-05-12;1;STA_LIKVIDACE;NA;val;val;ne;lok;nezaznamenána;nezaznamenána;nezaznamenána;1
2023;CZ0620048;Skalky u Sedlece;Eriogaster catax;Motýli;MOTYLI2238;Skalky;7266a;RP Jižní Morava;Krajský úřad Jihomoravského kraje;2023-04-19;2023-04-19;12800506;2023-04-19;1;CELKOVE_HODNOCENI;NA;NA;NA;NA;lok;NA;NA;špatný;0
2023;CZ0620048;Skalky u Sedlece;Eriogaster catax;Motýli;MOTYLI2238;Skalky;7266a;RP Jižní Morava;Krajský úřad Jihomoravského kraje;2023-04-19;2023-04-19;12800506;2023-04-19;1;CELKOVE_SUM;NA;NA;NA;NA;NA;;;1;NA
2023;CZ0620048;Skalky u Sedlece;Eriogaster catax;Motýli;MOTYLI2238;Skalky;7266a;RP Jižní Morava;Krajský úřad Jihomoravského kraje;2023-04-19;2023-04-19;12800506;2023-04-19;1;POP_POCETSUMLOKAL;hnízda housenek;min;minmax;ano;lok;10;alespoň 10 hnízda housenek;0;0
2023;CZ0620048;Skalky u Sedlece;Eriogaster catax;Motýli;MOTYLI2238;Skalky;7266a;RP Jižní Morava;Krajský úřad Jihomoravského kraje;2023-04-19;2023-04-19;12800506;2023-04-19;1;POP_PRESENCE;NA;val;val;ano;lok;ano;ano;ne;0
2023;CZ0620048;Skalky u Sedlece;Eriogaster catax;Motýli;MOTYLI2238;Skalky;7266a;RP Jižní Morava;Krajský úřad Jihomoravského kraje;2023-04-19;2023-04-19;12800506;2023-04-19;1;STA_LIKVIDACE;NA;val;val;ne;lok;nezaznamenána;nezaznamenána;nezaznamenána;1
2024;CZ0620048;Skalky u Sedlece;Eriogaster catax;Motýli;MOTYLI2285;Skalky;7266a;RP Jižní Morava;Krajský úřad Jihomoravského kraje;2024-04-12;2024-04-12;13747440;2024-04-12;1;CELKOVE_HODNOCENI;NA;NA;NA;NA;lok;NA;NA;špatný;0
2024;CZ0620048;Skalky u Sedlece;Eriogaster catax;Motýli;MOTYLI2285;Skalky;7266a;RP Jižní Morava;Krajský úřad Jihomoravského kraje;2024-04-12;2024-04-12;13747440;2024-04-12;1;CELKOVE_SUM;NA;NA;NA;NA;NA;;;1;NA
2024;CZ0620048;Skalky u Sedlece;Eriogaster catax;Motýli;MOTYLI2285;Skalky;7266a;RP Jižní Morava;Krajský úřad Jihomoravského kraje;2024-04-12;2024-04-12;13747440;2024-04-12;1;POP_POCETSUMLOKAL;hnízda housenek;min;minmax;ano;lok;10;alespoň 10 hnízda housenek;0;0
2024;CZ0620048;Skalky u Sedlece;Eriogaster catax;Motýli;MOTYLI2285;Skalky;7266a;RP Jižní Morava;Krajský úřad Jihomoravského kraje;2024-04-12;2024-04-12;13747440;2024-04-12;1;POP_PRESENCE;NA;val;val;ano;lok;ano;ano;ne;0
2024;CZ0620048;Skalky u Sedlece;Eriogaster catax;Motýli;MOTYLI2285;Skalky;7266a;RP Jižní Morava;Krajský úřad Jihomoravského kraje;2024-04-12;2024-04-12;13747440;2024-04-12;1;STA_LIKVIDACE;NA;val;val;ne;lok;nezaznamenána;nezaznamenána;nezaznamenána;1
2018;CZ0620048;Skalky u Sedlece;Eriogaster catax;Motýli;PP Skalky u Sedlece;PP Skalky u Sedlece;7266a;RP Jižní Morava;Krajský úřad Jihomoravského kraje;2018-05-01;2018-05-01;10389944;2018-05-01;0;CELKOVE_HODNOCENI;NA;NA;NA;NA;lok;NA;NA;špatný;0
2018;CZ0620048;Skalky u Sedlece;Eriogaster catax;Motýli;PP Skalky u Sedlece;PP Skalky u Sedlece;7266a;RP Jižní Morava;Krajský úřad Jihomoravského kraje;2018-05-01;2018-05-01;10389944;2018-05-01;0;CELKOVE_SUM;NA;NA;NA;NA;NA;;;1;NA
2018;CZ0620048;Skalky u Sedlece;Eriogaster catax;Motýli;PP Skalky u Sedlece;PP Skalky u Sedlece;7266a;RP Jižní Morava;Krajský úřad Jihomoravského kraje;2018-05-01;2018-05-01;10389944;2018-05-01;0;POP_POCETSUMLOKAL;hnízda housenek;min;minmax;ano;lok;10;alespoň 10 hnízda housenek;1;0
2018;CZ0620048;Skalky u Sedlece;Eriogaster catax;Motýli;PP Skalky u Sedlece;PP Skalky u Sedlece;7266a;RP Jižní Morava;Krajský úřad Jihomoravského kraje;2018-05-01;2018-05-01;10389944;2018-05-01;0;POP_PRESENCE;NA;val;val;ano;lok;ano;ano;ano;1
2018;CZ0620048;Skalky u Sedlece;Eriogaster catax;Motýli;PP Skalky u Sedlece;PP Skalky u Sedlece;7266a;RP Jižní Morava;Krajský úřad Jihomoravského kraje;2018-05-01;2018-05-01;10389944;2018-05-01;0;STA_LIKVIDACE;NA;val;val;ne;lok;nezaznamenána;nezaznamenána;neznámý;NA
2020;CZ0620048;Skalky u Sedlece;Eriogaster catax;Motýli;Sedlec-PP Skalky u Sedlece;Sedlec-PP Skalky u Sedlece;7266a;RP Jižní Morava;Krajský úřad Jihomoravského kraje;2020-04-17;2020-04-17;11082581;2020-04-17;0;CELKOVE_HODNOCENI;NA;NA;NA;NA;lok;NA;NA;špatný;0
2020;CZ0620048;Skalky u Sedlece;Eriogaster catax;Motýli;Sedlec-PP Skalky u Sedlece;Sedlec-PP Skalky u Sedlece;7266a;RP Jižní Morava;Krajský úřad Jihomoravského kraje;2020-04-17;2020-04-17;11082581;2020-04-17;0;CELKOVE_SUM;NA;NA;NA;NA;NA;;;1;NA
2020;CZ0620048;Skalky u Sedlece;Eriogaster catax;Motýli;Sedlec-PP Skalky u Sedlece;Sedlec-PP Skalky u Sedlece;7266a;RP Jižní Morava;Krajský úřad Jihomoravského kraje;2020-04-17;2020-04-17;11082581;2020-04-17;0;POP_POCETSUMLOKAL;hnízda housenek;min;minmax;ano;lok;10;alespoň 10 hnízda housenek;3;0
2020;CZ0620048;Skalky u Sedlece;Eriogaster catax;Motýli;Sedlec-PP Skalky u Sedlece;Sedlec-PP Skalky u Sedlece;7266a;RP Jižní Morava;Krajský úřad Jihomoravského kraje;2020-04-17;2020-04-17;11082581;2020-04-17;0;POP_PRESENCE;NA;val;val;ano;lok;ano;ano;ano;1
2020;CZ0620048;Skalky u Sedlece;Eriogaster catax;Motýli;Sedlec-PP Skalky u Sedlece;Sedlec-PP Skalky u Sedlece;7266a;RP Jižní Morava;Krajský úřad Jihomoravského kraje;2020-04-17;2020-04-17;11082581;2020-04-17;0;STA_LIKVIDACE;NA;val;val;ne;lok;nezaznamenána;nezaznamenána;neznámý;NA
2023;CZ0620162;Ječmeniště;Eriogaster catax;Motýli;Ječmeniště;Ječmeniště;7262d;RP Jižní Morava;Krajský úřad Jihomoravského kraje;2023-10-03;2023-10-03;12755020;2023-10-03;0;CELKOVE_HODNOCENI;NA;NA;NA;NA;lok;NA;NA;špatný;0
2023;CZ0620162;Ječmeniště;Eriogaster catax;Motýli;Ječmeniště;Ječmeniště;7262d;RP Jižní Morava;Krajský úřad Jihomoravského kraje;2023-10-03;2023-10-03;12755020;2023-10-03;0;CELKOVE_SUM;NA;NA;NA;NA;NA;;;1;NA
2023;CZ0620162;Ječmeniště;Eriogaster catax;Motýli;Ječmeniště;Ječmeniště;7262d;RP Jižní Morava;Krajský úřad Jihomoravského kraje;2023-10-03;2023-10-03;12755020;2023-10-03;0;POP_POCETSUMLOKAL;hnízda housenek;min;minmax;ano;lok;10;alespoň 10 hnízda housenek;0;0
2023;CZ0620162;Ječmeniště;Eriogaster catax;Motýli;Ječmeniště;Ječmeniště;7262d;RP Jižní Morava;Krajský úřad Jihomoravského kraje;2023-10-03;2023-10-03;12755020;2023-10-03;0;POP_PRESENCE;NA;val;val;ano;lok;ano;ano;ano;1
2023;CZ0620162;Ječmeniště;Eriogaster catax;Motýli;Ječmeniště;Ječmeniště;7262d;RP Jižní Morava;Krajský úřad Jihomoravského kraje;2023-10-03;2023-10-03;12755020;2023-10-03;0;STA_LIKVIDACE;NA;val;val;ne;lok;nezaznamenána;nezaznamenána;neznámý;NA
2024;CZ0620162;Ječmeniště;Eriogaster catax;Motýli;MOTYLI2279;Ječmeniště;7262d;RP Jižní Morava;Krajský úřad Jihomoravského kraje;2024-04-09;2024-04-09;12958995;2024-04-09;1;CELKOVE_HODNOCENI;NA;NA;NA;NA;lok;NA;NA;špatný;0
2024;CZ0620162;Ječmeniště;Eriogaster catax;Motýli;MOTYLI2279;Ječmeniště;7262d;RP Jižní Morava;Krajský úřad Jihomoravského kraje;2024-04-09;2024-04-09;12958995;2024-04-09;1;CELKOVE_SUM;NA;NA;NA;NA;NA;;;1;NA
2024;CZ0620162;Ječmeniště;Eriogaster catax;Motýli;MOTYLI2279;Ječmeniště;7262d;RP Jižní Morava;Krajský úřad Jihomoravského kraje;2024-04-09;2024-04-09;12958995;2024-04-09;1;POP_POCETSUMLOKAL;hnízda housenek;min;minmax;ano;lok;10;alespoň 10 hnízda housenek;0;0
2024;CZ0620162;Ječmeniště;Eriogaster catax;Motýli;MOTYLI2279;Ječmeniště;7262d;RP Jižní Morava;Krajský úřad Jihomoravského kraje;2024-04-09;2024-04-09;12958995;2024-04-09;1;POP_PRESENCE;NA;val;val;ano;lok;ano;ano;ne;0
2024;CZ0620162;Ječmeniště;Eriogaster catax;Motýli;MOTYLI2279;Ječmeniště;7262d;RP Jižní Morava;Krajský úřad Jihomoravského kraje;2024-04-09;2024-04-09;12958995;2024-04-09;1;STA_LIKVIDACE;NA;val;val;ne;lok;nezaznamenána;nezaznamenána;nezaznamenána;1
2024;CZ0620162;Ječmeniště;Eriogaster catax;Motýli;MOTYLI2280;Ječmeniště - Lampelberg;7262b;RP Jižní Morava;Krajský úřad Jihomoravského kraje;2024-04-09;2024-04-09;12958993;2024-04-09;1;CELKOVE_HODNOCENI;NA;NA;NA;NA;lok;NA;NA;špatný;0
2024;CZ0620162;Ječmeniště;Eriogaster catax;Motýli;MOTYLI2280;Ječmeniště - Lampelberg;7262b;RP Jižní Morava;Krajský úřad Jihomoravského kraje;2024-04-09;2024-04-09;12958993;2024-04-09;1;CELKOVE_SUM;NA;NA;NA;NA;NA;;;1;NA
2024;CZ0620162;Ječmeniště;Eriogaster catax;Motýli;MOTYLI2280;Ječmeniště - Lampelberg;7262b;RP Jižní Morava;Krajský úřad Jihomoravského kraje;2024-04-09;2024-04-09;12958993;2024-04-09;1;POP_POCETSUMLOKAL;hnízda housenek;min;minmax;ano;lok;10;alespoň 10 hnízda housenek;0;0
2024;CZ0620162;Ječmeniště;Eriogaster catax;Motýli;MOTYLI2280;Ječmeniště - Lampelberg;7262b;RP Jižní Morava;Krajský úřad Jihomoravského kraje;2024-04-09;2024-04-09;12958993;2024-04-09;1;POP_PRESENCE;NA;val;val;ano;lok;ano;ano;ne;0
2024;CZ0620162;Ječmeniště;Eriogaster catax;Motýli;MOTYLI2280;Ječmeniště - Lampelberg;7262b;RP Jižní Morava;Krajský úřad Jihomoravského kraje;2024-04-09;2024-04-09;12958993;2024-04-09;1;STA_LIKVIDACE;NA;val;val;ne;lok;nezaznamenána;nezaznamenána;nezaznamenána;1
2023;CZ0620162;Ječmeniště;Eriogaster catax;Motýli;PP Ječmeniště, Dyjákovičky;PP Ječmeniště, Dyjákovičky;7262d;RP Jižní Morava;Krajský úřad Jihomoravského kraje;2023-10-13;2023-10-13;12723079;2023-10-13;0;CELKOVE_HODNOCENI;NA;NA;NA;NA;lok;NA;NA;špatný;0
2023;CZ0620162;Ječmeniště;Eriogaster catax;Motýli;PP Ječmeniště, Dyjákovičky;PP Ječmeniště, Dyjákovičky;7262d;RP Jižní Morava;Krajský úřad Jihomoravského kraje;2023-10-13;2023-10-13;12723079;2023-10-13;0;CELKOVE_SUM;NA;NA;NA;NA;NA;;;1;NA
2023;CZ0620162;Ječmeniště;Eriogaster catax;Motýli;PP Ječmeniště, Dyjákovičky;PP Ječmeniště, Dyjákovičky;7262d;RP Jižní Morava;Krajský úřad Jihomoravského kraje;2023-10-13;2023-10-13;12723079;2023-10-13;0;POP_POCETSUMLOKAL;hnízda housenek;min;minmax;ano;lok;10;alespoň 10 hnízda housenek;0;0
2023;CZ0620162;Ječmeniště;Eriogaster catax;Motýli;PP Ječmeniště, Dyjákovičky;PP Ječmeniště, Dyjákovičky;7262d;RP Jižní Morava;Krajský úřad Jihomoravského kraje;2023-10-13;2023-10-13;12723079;2023-10-13;0;POP_PRESENCE;NA;val;val;ano;lok;ano;ano;ano;1
2023;CZ0620162;Ječmeniště;Eriogaster catax;Motýli;PP Ječmeniště, Dyjákovičky;PP Ječmeniště, Dyjákovičky;7262d;RP Jižní Morava;Krajský úřad Jihomoravského kraje;2023-10-13;2023-10-13;12723079;2023-10-13;0;STA_LIKVIDACE;NA;val;val;ne;lok;nezaznamenána;nezaznamenána;neznámý;NA
2015;CZ0622218;Dunajovické kopce;Eriogaster catax;Motýli;Dolní Dunajovice;Dolní Dunajovice;7165c;RP Jižní Morava;AOPK ČR - RP Jižní Morava;2015-04-25;2015-04-25;9533779;2015-04-25;0;CELKOVE_HODNOCENI;NA;NA;NA;NA;lok;NA;NA;špatný;0
2015;CZ0622218;Dunajovické kopce;Eriogaster catax;Motýli;Dolní Dunajovice;Dolní Dunajovice;7165c;RP Jižní Morava;AOPK ČR - RP Jižní Morava;2015-04-25;2015-04-25;9533779;2015-04-25;0;CELKOVE_SUM;NA;NA;NA;NA;NA;;;1;NA
2015;CZ0622218;Dunajovické kopce;Eriogaster catax;Motýli;Dolní Dunajovice;Dolní Dunajovice;7165c;RP Jižní Morava;AOPK ČR - RP Jižní Morava;2015-04-25;2015-04-25;9533779;2015-04-25;0;POP_POCETSUMLOKAL;hnízda housenek;min;minmax;ano;lok;10;alespoň 10 hnízda housenek;0;0
2015;CZ0622218;Dunajovické kopce;Eriogaster catax;Motýli;Dolní Dunajovice;Dolní Dunajovice;7165c;RP Jižní Morava;AOPK ČR - RP Jižní Morava;2015-04-25;2015-04-25;9533779;2015-04-25;0;POP_PRESENCE;NA;val;val;ano;lok;ano;ano;ano;1
2015;CZ0622218;Dunajovické kopce;Eriogaster catax;Motýli;Dolní Dunajovice;Dolní Dunajovice;7165c;RP Jižní Morava;AOPK ČR - RP Jižní Morava;2015-04-25;2015-04-25;9533779;2015-04-25;0;STA_LIKVIDACE;NA;val;val;ne;lok;nezaznamenána;nezaznamenána;neznámý;NA
2023;CZ0622218;Dunajovické kopce;Eriogaster catax;Motýli;Dunajovicke kopce;Dunajovicke kopce;7165c;RP Jižní Morava;AOPK ČR - RP Jižní Morava;2023-10-04;2023-10-04;12747200;2023-10-04;0;CELKOVE_HODNOCENI;NA;NA;NA;NA;lok;NA;NA;špatný;0
2023;CZ0622218;Dunajovické kopce;Eriogaster catax;Motýli;Dunajovicke kopce;Dunajovicke kopce;7165c;RP Jižní Morava;AOPK ČR - RP Jižní Morava;2023-10-04;2023-10-04;12747200;2023-10-04;0;CELKOVE_SUM;NA;NA;NA;NA;NA;;;1;NA
2023;CZ0622218;Dunajovické kopce;Eriogaster catax;Motýli;Dunajovicke kopce;Dunajovicke kopce;7165c;RP Jižní Morava;AOPK ČR - RP Jižní Morava;2023-10-04;2023-10-04;12747200;2023-10-04;0;POP_POCETSUMLOKAL;hnízda housenek;min;minmax;ano;lok;10;alespoň 10 hnízda housenek;0;0
2023;CZ0622218;Dunajovické kopce;Eriogaster catax;Motýli;Dunajovicke kopce;Dunajovicke kopce;7165c;RP Jižní Morava;AOPK ČR - RP Jižní Morava;2023-10-04;2023-10-04;12747200;2023-10-04;0;POP_PRESENCE;NA;val;val;ano;lok;ano;ano;ano;1
2023;CZ0622218;Dunajovické kopce;Eriogaster catax;Motýli;Dunajovicke kopce;Dunajovicke kopce;7165c;RP Jižní Morava;AOPK ČR - RP Jižní Morava;2023-10-04;2023-10-04;12747200;2023-10-04;0;STA_LIKVIDACE;NA;val;val;ne;lok;nezaznamenána;nezaznamenána;neznámý;NA
2022;CZ0622218;Dunajovické kopce;Eriogaster catax;Motýli;MOTYLI1068;Dunajovické kopce;7165c;RP Jižní Morava;AOPK ČR - RP Jižní Morava;2022-05-13;2022-05-13;12239968;2022-05-13;1;CELKOVE_HODNOCENI;NA;NA;NA;NA;lok;NA;NA;špatný;0
2022;CZ0622218;Dunajovické kopce;Eriogaster catax;Motýli;MOTYLI1068;Dunajovické kopce;7165c;RP Jižní Morava;AOPK ČR - RP Jižní Morava;2022-05-13;2022-05-13;12239968;2022-05-13;1;CELKOVE_SUM;NA;NA;NA;NA;NA;;;2;NA
2022;CZ0622218;Dunajovické kopce;Eriogaster catax;Motýli;MOTYLI1068;Dunajovické kopce;7165c;RP Jižní Morava;AOPK ČR - RP Jižní Morava;2022-05-13;2022-05-13;12239968;2022-05-13;1;POP_POCETSUMLOKAL;hnízda housenek;min;minmax;ano;lok;10;alespoň 10 hnízda housenek;1;0
2022;CZ0622218;Dunajovické kopce;Eriogaster catax;Motýli;MOTYLI1068;Dunajovické kopce;7165c;RP Jižní Morava;AOPK ČR - RP Jižní Morava;2022-05-13;2022-05-13;12239968;2022-05-13;1;POP_PRESENCE;NA;val;val;ano;lok;ano;ano;ano;1
2022;CZ0622218;Dunajovické kopce;Eriogaster catax;Motýli;MOTYLI1068;Dunajovické kopce;7165c;RP Jižní Morava;AOPK ČR - RP Jižní Morava;2022-05-13;2022-05-13;12239968;2022-05-13;1;STA_LIKVIDACE;NA;val;val;ne;lok;nezaznamenána;nezaznamenána;nezaznamenána;1
2023;CZ0622218;Dunajovické kopce;Eriogaster catax;Motýli;MOTYLI2236;Dunajovické kopce;7165c;RP Jižní Morava;AOPK ČR - RP Jižní Morava;2023-04-19;2023-04-19;12800502;2023-04-19;1;CELKOVE_HODNOCENI;NA;NA;NA;NA;lok;NA;NA;špatný;0
2023;CZ0622218;Dunajovické kopce;Eriogaster catax;Motýli;MOTYLI2236;Dunajovické kopce;7165c;RP Jižní Morava;AOPK ČR - RP Jižní Morava;2023-04-19;2023-04-19;12800502;2023-04-19;1;CELKOVE_SUM;NA;NA;NA;NA;NA;;;1;NA
2023;CZ0622218;Dunajovické kopce;Eriogaster catax;Motýli;MOTYLI2236;Dunajovické kopce;7165c;RP Jižní Morava;AOPK ČR - RP Jižní Morava;2023-04-19;2023-04-19;12800502;2023-04-19;1;POP_POCETSUMLOKAL;hnízda housenek;min;minmax;ano;lok;10;alespoň 10 hnízda housenek;0;0
2023;CZ0622218;Dunajovické kopce;Eriogaster catax;Motýli;MOTYLI2236;Dunajovické kopce;7165c;RP Jižní Morava;AOPK ČR - RP Jižní Morava;2023-04-19;2023-04-19;12800502;2023-04-19;1;POP_PRESENCE;NA;val;val;ano;lok;ano;ano;ne;0
2023;CZ0622218;Dunajovické kopce;Eriogaster catax;Motýli;MOTYLI2236;Dunajovické kopce;7165c;RP Jižní Morava;AOPK ČR - RP Jižní Morava;2023-04-19;2023-04-19;12800502;2023-04-19;1;STA_LIKVIDACE;NA;val;val;ne;lok;nezaznamenána;nezaznamenána;nezaznamenána;1
2024;CZ0622218;Dunajovické kopce;Eriogaster catax;Motýli;MOTYLI3122;Dunajovické kopce;7165c;RP Jižní Morava;AOPK ČR - RP Jižní Morava;2024-09-24;2024-09-24;13747436;2024-09-24;1;CELKOVE_HODNOCENI;NA;NA;NA;NA;lok;NA;NA;špatný;0
2024;CZ0622218;Dunajovické kopce;Eriogaster catax;Motýli;MOTYLI3122;Dunajovické kopce;7165c;RP Jižní Morava;AOPK ČR - RP Jižní Morava;2024-09-24;2024-09-24;13747436;2024-09-24;1;CELKOVE_SUM;NA;NA;NA;NA;NA;;;1;NA
2024;CZ0622218;Dunajovické kopce;Eriogaster catax;Motýli;MOTYLI3122;Dunajovické kopce;7165c;RP Jižní Morava;AOPK ČR - RP Jižní Morava;2024-09-24;2024-09-24;13747436;2024-09-24;1;POP_POCETSUMLOKAL;hnízda housenek;min;minmax;ano;lok;10;alespoň 10 hnízda housenek;0;0
2024;CZ0622218;Dunajovické kopce;Eriogaster catax;Motýli;MOTYLI3122;Dunajovické kopce;7165c;RP Jižní Morava;AOPK ČR - RP Jižní Morava;2024-09-24;2024-09-24;13747436;2024-09-24;1;POP_PRESENCE;NA;val;val;ano;lok;ano;ano;ne;0
2024;CZ0622218;Dunajovické kopce;Eriogaster catax;Motýli;MOTYLI3122;Dunajovické kopce;7165c;RP Jižní Morava;AOPK ČR - RP Jižní Morava;2024-09-24;2024-09-24;13747436;2024-09-24;1;STA_LIKVIDACE;NA;val;val;ne;lok;nezaznamenána;nezaznamenána;nezaznamenána;1
2020;CZ0622218;Dunajovické kopce;Eriogaster catax;Motýli;NPP Dunajovické kopce;NPP Dunajovické kopce;7165a;RP Jižní Morava;AOPK ČR - RP Jižní Morava;2020-04-15;2020-04-15;11082504;2020-04-15;0;CELKOVE_HODNOCENI;NA;NA;NA;NA;lok;NA;NA;špatný;0
2020;CZ0622218;Dunajovické kopce;Eriogaster catax;Motýli;NPP Dunajovické kopce;NPP Dunajovické kopce;7165a;RP Jižní Morava;AOPK ČR - RP Jižní Morava;2020-04-15;2020-04-15;11082504;2020-04-15;0;CELKOVE_SUM;NA;NA;NA;NA;NA;;;1;NA
2020;CZ0622218;Dunajovické kopce;Eriogaster catax;Motýli;NPP Dunajovické kopce;NPP Dunajovické kopce;7165a;RP Jižní Morava;AOPK ČR - RP Jižní Morava;2020-04-15;2020-04-15;11082504;2020-04-15;0;POP_POCETSUMLOKAL;hnízda housenek;min;minmax;ano;lok;10;alespoň 10 hnízda housenek;6;0
2020;CZ0622218;Dunajovické kopce;Eriogaster catax;Motýli;NPP Dunajovické kopce;NPP Dunajovické kopce;7165a;RP Jižní Morava;AOPK ČR - RP Jižní Morava;2020-04-15;2020-04-15;11082504;2020-04-15;0;POP_PRESENCE;NA;val;val;ano;lok;ano;ano;ano;1
2020;CZ0622218;Dunajovické kopce;Eriogaster catax;Motýli;NPP Dunajovické kopce;NPP Dunajovické kopce;7165a;RP Jižní Morava;AOPK ČR - RP Jižní Morava;2020-04-15;2020-04-15;11082504;2020-04-15;0;STA_LIKVIDACE;NA;val;val;ne;lok;nezaznamenána;nezaznamenána;neznámý;NA
2022;CZ0623026;Studánkový vrch;Eriogaster catax;Motýli;MOTYLI1071;Studánkový vrchh;7266a;RP Jižní Morava;Krajský úřad Jihomoravského kraje;2022-05-13;2022-05-13;12239960;2022-05-13;1;CELKOVE_HODNOCENI;NA;NA;NA;NA;lok;NA;NA;špatný;0
2022;CZ0623026;Studánkový vrch;Eriogaster catax;Motýli;MOTYLI1071;Studánkový vrchh;7266a;RP Jižní Morava;Krajský úřad Jihomoravského kraje;2022-05-13;2022-05-13;12239960;2022-05-13;1;CELKOVE_SUM;NA;NA;NA;NA;NA;;;1;NA
2022;CZ0623026;Studánkový vrch;Eriogaster catax;Motýli;MOTYLI1071;Studánkový vrchh;7266a;RP Jižní Morava;Krajský úřad Jihomoravského kraje;2022-05-13;2022-05-13;12239960;2022-05-13;1;POP_POCETSUMLOKAL;hnízda housenek;min;minmax;ano;lok;10;alespoň 10 hnízda housenek;0;0
2022;CZ0623026;Studánkový vrch;Eriogaster catax;Motýli;MOTYLI1071;Studánkový vrchh;7266a;RP Jižní Morava;Krajský úřad Jihomoravského kraje;2022-05-13;2022-05-13;12239960;2022-05-13;1;POP_PRESENCE;NA;val;val;ano;lok;ano;ano;ne;0
2022;CZ0623026;Studánkový vrch;Eriogaster catax;Motýli;MOTYLI1071;Studánkový vrchh;7266a;RP Jižní Morava;Krajský úřad Jihomoravského kraje;2022-05-13;2022-05-13;12239960;2022-05-13;1;STA_LIKVIDACE;NA;val;val;ne;lok;nezaznamenána;nezaznamenána;nezaznamenána;1
2023;CZ0623026;Studánkový vrch;Eriogaster catax;Motýli;MOTYLI2239;Studánkový vrch;7266a;RP Jižní Morava;Krajský úřad Jihomoravského kraje;2023-04-19;2023-04-19;12958994;2023-04-19;1;CELKOVE_HODNOCENI;NA;NA;NA;NA;lok;NA;NA;špatný;0
2023;CZ0623026;Studánkový vrch;Eriogaster catax;Motýli;MOTYLI2239;Studánkový vrch;7266a;RP Jižní Morava;Krajský úřad Jihomoravského kraje;2023-04-19;2023-04-19;12958994;2023-04-19;1;CELKOVE_SUM;NA;NA;NA;NA;NA;;;1;NA
2023;CZ0623026;Studánkový vrch;Eriogaster catax;Motýli;MOTYLI2239;Studánkový vrch;7266a;RP Jižní Morava;Krajský úřad Jihomoravského kraje;2023-04-19;2023-04-19;12958994;2023-04-19;1;POP_POCETSUMLOKAL;hnízda housenek;min;minmax;ano;lok;10;alespoň 10 hnízda housenek;0;0
2023;CZ0623026;Studánkový vrch;Eriogaster catax;Motýli;MOTYLI2239;Studánkový vrch;7266a;RP Jižní Morava;Krajský úřad Jihomoravského kraje;2023-04-19;2023-04-19;12958994;2023-04-19;1;POP_PRESENCE;NA;val;val;ano;lok;ano;ano;ne;0
2023;CZ0623026;Studánkový vrch;Eriogaster catax;Motýli;MOTYLI2239;Studánkový vrch;7266a;RP Jižní Morava;Krajský úřad Jihomoravského kraje;2023-04-19;2023-04-19;12958994;2023-04-19;1;STA_LIKVIDACE;NA;val;val;ne;lok;nezaznamenána;nezaznamenána;nezaznamenána;1
2023;CZ0623026;Studánkový vrch;Eriogaster catax;Motýli;MOTYLI3125;Studankový vrch;7266a;RP Jižní Morava;Krajský úřad Jihomoravského kraje;2023-04-11;2023-04-11;13747442;2023-04-11;1;CELKOVE_HODNOCENI;NA;NA;NA;NA;lok;NA;NA;špatný;0
2023;CZ0623026;Studánkový vrch;Eriogaster catax;Motýli;MOTYLI3125;Studankový vrch;7266a;RP Jižní Morava;Krajský úřad Jihomoravského kraje;2023-04-11;2023-04-11;13747442;2023-04-11;1;CELKOVE_SUM;NA;NA;NA;NA;NA;;;1;NA
2023;CZ0623026;Studánkový vrch;Eriogaster catax;Motýli;MOTYLI3125;Studankový vrch;7266a;RP Jižní Morava;Krajský úřad Jihomoravského kraje;2023-04-11;2023-04-11;13747442;2023-04-11;1;POP_POCETSUMLOKAL;hnízda housenek;min;minmax;ano;lok;10;alespoň 10 hnízda housenek;0;0
2023;CZ0623026;Studánkový vrch;Eriogaster catax;Motýli;MOTYLI3125;Studankový vrch;7266a;RP Jižní Morava;Krajský úřad Jihomoravského kraje;2023-04-11;2023-04-11;13747442;2023-04-11;1;POP_PRESENCE;NA;val;val;ano;lok;ano;ano;ne;0
2023;CZ0623026;Studánkový vrch;Eriogaster catax;Motýli;MOTYLI3125;Studankový vrch;7266a;RP Jižní Morava;Krajský úřad Jihomoravského kraje;2023-04-11;2023-04-11;13747442;2023-04-11;1;STA_LIKVIDACE;NA;val;val;ne;lok;nezaznamenána;nezaznamenána;nezaznamenána;1
2015;CZ0623046;Trávní dvůr;Eriogaster catax;Motýli;Hrabětice;Hrabětice;7264b;RP Jižní Morava;Krajský úřad Jihomoravského kraje;2015-05-19;2015-05-19;9534473;2015-05-19;0;CELKOVE_HODNOCENI;NA;NA;NA;NA;lok;NA;NA;špatný;0
2015;CZ0623046;Trávní dvůr;Eriogaster catax;Motýli;Hrabětice;Hrabětice;7264b;RP Jižní Morava;Krajský úřad Jihomoravského kraje;2015-05-19;2015-05-19;9534473;2015-05-19;0;CELKOVE_SUM;NA;NA;NA;NA;NA;;;1;NA
2015;CZ0623046;Trávní dvůr;Eriogaster catax;Motýli;Hrabětice;Hrabětice;7264b;RP Jižní Morava;Krajský úřad Jihomoravského kraje;2015-05-19;2015-05-19;9534473;2015-05-19;0;POP_POCETSUMLOKAL;hnízda housenek;min;minmax;ano;lok;10;alespoň 10 hnízda housenek;0;0
2015;CZ0623046;Trávní dvůr;Eriogaster catax;Motýli;Hrabětice;Hrabětice;7264b;RP Jižní Morava;Krajský úřad Jihomoravského kraje;2015-05-19;2015-05-19;9534473;2015-05-19;0;POP_PRESENCE;NA;val;val;ano;lok;ano;ano;ano;1
2015;CZ0623046;Trávní dvůr;Eriogaster catax;Motýli;Hrabětice;Hrabětice;7264b;RP Jižní Morava;Krajský úřad Jihomoravského kraje;2015-05-19;2015-05-19;9534473;2015-05-19;0;STA_LIKVIDACE;NA;val;val;ne;lok;nezaznamenána;nezaznamenána;neznámý;NA
2024;CZ0623046;Trávní dvůr;Eriogaster catax;Motýli;MOTYLI2281;Hrabětice;7264b;RP Jižní Morava;Krajský úřad Jihomoravského kraje;2024-04-09;2024-04-09;12958992;2024-04-09;1;CELKOVE_HODNOCENI;NA;NA;NA;NA;lok;NA;NA;špatný;0
2024;CZ0623046;Trávní dvůr;Eriogaster catax;Motýli;MOTYLI2281;Hrabětice;7264b;RP Jižní Morava;Krajský úřad Jihomoravského kraje;2024-04-09;2024-04-09;12958992;2024-04-09;1;CELKOVE_SUM;NA;NA;NA;NA;NA;;;1;NA
2024;CZ0623046;Trávní dvůr;Eriogaster catax;Motýli;MOTYLI2281;Hrabětice;7264b;RP Jižní Morava;Krajský úřad Jihomoravského kraje;2024-04-09;2024-04-09;12958992;2024-04-09;1;POP_POCETSUMLOKAL;hnízda housenek;min;minmax;ano;lok;10;alespoň 10 hnízda housenek;0;0
2024;CZ0623046;Trávní dvůr;Eriogaster catax;Motýli;MOTYLI2281;Hrabětice;7264b;RP Jižní Morava;Krajský úřad Jihomoravského kraje;2024-04-09;2024-04-09;12958992;2024-04-09;1;POP_PRESENCE;NA;val;val;ano;lok;ano;ano;ne;0
2024;CZ0623046;Trávní dvůr;Eriogaster catax;Motýli;MOTYLI2281;Hrabětice;7264b;RP Jižní Morava;Krajský úřad Jihomoravského kraje;2024-04-09;2024-04-09;12958992;2024-04-09;1;STA_LIKVIDACE;NA;val;val;ne;lok;nezaznamenána;nezaznamenána;nezaznamenána;1
2018;CZ0623349;Velický hliník;Eriogaster catax;Motýli;71, Velká nad Veličkou - Velká nad Veličkou;71, Velká nad Veličkou - Velká nad Veličkou;7171a;RP SCHKO Bílé Karpaty;Krajský úřad Jihomoravského kraje;2018-04-29;2018-04-29;10448065;2018-04-29;0;CELKOVE_HODNOCENI;NA;NA;NA;NA;lok;NA;NA;špatný;0
2018;CZ0623349;Velický hliník;Eriogaster catax;Motýli;71, Velká nad Veličkou - Velká nad Veličkou;71, Velká nad Veličkou - Velká nad Veličkou;7171a;RP SCHKO Bílé Karpaty;Krajský úřad Jihomoravského kraje;2018-04-29;2018-04-29;10448065;2018-04-29;0;CELKOVE_SUM;NA;NA;NA;NA;NA;;;1;NA
2018;CZ0623349;Velický hliník;Eriogaster catax;Motýli;71, Velká nad Veličkou - Velká nad Veličkou;71, Velká nad Veličkou - Velká nad Veličkou;7171a;RP SCHKO Bílé Karpaty;Krajský úřad Jihomoravského kraje;2018-04-29;2018-04-29;10448065;2018-04-29;0;POP_POCETSUMLOKAL;hnízda housenek;min;minmax;ano;lok;10;alespoň 10 hnízda housenek;1;0
2018;CZ0623349;Velický hliník;Eriogaster catax;Motýli;71, Velká nad Veličkou - Velká nad Veličkou;71, Velká nad Veličkou - Velká nad Veličkou;7171a;RP SCHKO Bílé Karpaty;Krajský úřad Jihomoravského kraje;2018-04-29;2018-04-29;10448065;2018-04-29;0;POP_PRESENCE;NA;val;val;ano;lok;ano;ano;ano;1
2018;CZ0623349;Velický hliník;Eriogaster catax;Motýli;71, Velká nad Veličkou - Velká nad Veličkou;71, Velká nad Veličkou - Velká nad Veličkou;7171a;RP SCHKO Bílé Karpaty;Krajský úřad Jihomoravského kraje;2018-04-29;2018-04-29;10448065;2018-04-29;0;STA_LIKVIDACE;NA;val;val;ne;lok;nezaznamenána;nezaznamenána;neznámý;NA
2022;CZ0623349;Velický hliník;Eriogaster catax;Motýli;MOTYLI1061;Velický hliník;7171a;RP SCHKO Bílé Karpaty;Krajský úřad Jihomoravského kraje;2022-04-14;2022-04-14;12800456;2022-04-14;1;CELKOVE_HODNOCENI;NA;NA;NA;NA;lok;NA;NA;špatný;0
2022;CZ0623349;Velický hliník;Eriogaster catax;Motýli;MOTYLI1061;Velický hliník;7171a;RP SCHKO Bílé Karpaty;Krajský úřad Jihomoravského kraje;2022-04-14;2022-04-14;12800456;2022-04-14;1;CELKOVE_SUM;NA;NA;NA;NA;NA;;;1;NA
2022;CZ0623349;Velický hliník;Eriogaster catax;Motýli;MOTYLI1061;Velický hliník;7171a;RP SCHKO Bílé Karpaty;Krajský úřad Jihomoravského kraje;2022-04-14;2022-04-14;12800456;2022-04-14;1;POP_POCETSUMLOKAL;hnízda housenek;min;minmax;ano;lok;10;alespoň 10 hnízda housenek;0;0
2022;CZ0623349;Velický hliník;Eriogaster catax;Motýli;MOTYLI1061;Velický hliník;7171a;RP SCHKO Bílé Karpaty;Krajský úřad Jihomoravského kraje;2022-04-14;2022-04-14;12800456;2022-04-14;1;POP_PRESENCE;NA;val;val;ano;lok;ano;ano;ne;0
2022;CZ0623349;Velický hliník;Eriogaster catax;Motýli;MOTYLI1061;Velický hliník;7171a;RP SCHKO Bílé Karpaty;Krajský úřad Jihomoravského kraje;2022-04-14;2022-04-14;12800456;2022-04-14;1;STA_LIKVIDACE;NA;val;val;ne;lok;nezaznamenána;nezaznamenána;nezaznamenána;1
2023;CZ0623349;Velický hliník;Eriogaster catax;Motýli;MOTYLI2222;Velický Hliník;7171a;RP SCHKO Bílé Karpaty;Krajský úřad Jihomoravského kraje;2023-05-01;2023-05-01;12800565;2023-05-01;1;CELKOVE_HODNOCENI;NA;NA;NA;NA;lok;NA;NA;špatný;0
2023;CZ0623349;Velický hliník;Eriogaster catax;Motýli;MOTYLI2222;Velický Hliník;7171a;RP SCHKO Bílé Karpaty;Krajský úřad Jihomoravského kraje;2023-05-01;2023-05-01;12800565;2023-05-01;1;CELKOVE_SUM;NA;NA;NA;NA;NA;;;1;NA
2023;CZ0623349;Velický hliník;Eriogaster catax;Motýli;MOTYLI2222;Velický Hliník;7171a;RP SCHKO Bílé Karpaty;Krajský úřad Jihomoravského kraje;2023-05-01;2023-05-01;12800565;2023-05-01;1;POP_POCETSUMLOKAL;hnízda housenek;min;minmax;ano;lok;10;alespoň 10 hnízda housenek;0;0
2023;CZ0623349;Velický hliník;Eriogaster catax;Motýli;MOTYLI2222;Velický Hliník;7171a;RP SCHKO Bílé Karpaty;Krajský úřad Jihomoravského kraje;2023-05-01;2023-05-01;12800565;2023-05-01;1;POP_PRESENCE;NA;val;val;ano;lok;ano;ano;ne;0
2023;CZ0623349;Velický hliník;Eriogaster catax;Motýli;MOTYLI2222;Velický Hliník;7171a;RP SCHKO Bílé Karpaty;Krajský úřad Jihomoravského kraje;2023-05-01;2023-05-01;12800565;2023-05-01;1;STA_LIKVIDACE;NA;val;val;ne;lok;nezaznamenána;nezaznamenána;nezaznamenána;1
2022;CZ0624043;Stolová hora;Eriogaster catax;Motýli;MOTYLI1067;lomy nad Pernou;7165d;RP Jižní Morava;AOPK ČR - RP Jižní Morava;2022-05-12;2022-05-12;12239961;2022-05-12;1;CELKOVE_HODNOCENI;NA;NA;NA;NA;lok;NA;NA;špatný;0
2022;CZ0624043;Stolová hora;Eriogaster catax;Motýli;MOTYLI1067;lomy nad Pernou;7165d;RP Jižní Morava;AOPK ČR - RP Jižní Morava;2022-05-12;2022-05-12;12239961;2022-05-12;1;CELKOVE_SUM;NA;NA;NA;NA;NA;;;1;NA
2022;CZ0624043;Stolová hora;Eriogaster catax;Motýli;MOTYLI1067;lomy nad Pernou;7165d;RP Jižní Morava;AOPK ČR - RP Jižní Morava;2022-05-12;2022-05-12;12239961;2022-05-12;1;POP_POCETSUMLOKAL;hnízda housenek;min;minmax;ano;lok;10;alespoň 10 hnízda housenek;0;0
2022;CZ0624043;Stolová hora;Eriogaster catax;Motýli;MOTYLI1067;lomy nad Pernou;7165d;RP Jižní Morava;AOPK ČR - RP Jižní Morava;2022-05-12;2022-05-12;12239961;2022-05-12;1;POP_PRESENCE;NA;val;val;ano;lok;ano;ano;ne;0
2022;CZ0624043;Stolová hora;Eriogaster catax;Motýli;MOTYLI1067;lomy nad Pernou;7165d;RP Jižní Morava;AOPK ČR - RP Jižní Morava;2022-05-12;2022-05-12;12239961;2022-05-12;1;STA_LIKVIDACE;NA;val;val;ne;lok;nezaznamenána;nezaznamenána;nezaznamenána;1
2023;CZ0624043;Stolová hora;Eriogaster catax;Motýli;MOTYLI2235;Lomy nad Pernou;7165d;RP Jižní Morava;AOPK ČR - RP Jižní Morava;2023-04-19;2023-04-19;12800375;2023-04-19;1;CELKOVE_HODNOCENI;NA;NA;NA;NA;lok;NA;NA;špatný;0
2023;CZ0624043;Stolová hora;Eriogaster catax;Motýli;MOTYLI2235;Lomy nad Pernou;7165d;RP Jižní Morava;AOPK ČR - RP Jižní Morava;2023-04-19;2023-04-19;12800375;2023-04-19;1;CELKOVE_SUM;NA;NA;NA;NA;NA;;;1;NA
2023;CZ0624043;Stolová hora;Eriogaster catax;Motýli;MOTYLI2235;Lomy nad Pernou;7165d;RP Jižní Morava;AOPK ČR - RP Jižní Morava;2023-04-19;2023-04-19;12800375;2023-04-19;1;POP_POCETSUMLOKAL;hnízda housenek;min;minmax;ano;lok;10;alespoň 10 hnízda housenek;0;0
2023;CZ0624043;Stolová hora;Eriogaster catax;Motýli;MOTYLI2235;Lomy nad Pernou;7165d;RP Jižní Morava;AOPK ČR - RP Jižní Morava;2023-04-19;2023-04-19;12800375;2023-04-19;1;POP_PRESENCE;NA;val;val;ano;lok;ano;ano;ne;0
2023;CZ0624043;Stolová hora;Eriogaster catax;Motýli;MOTYLI2235;Lomy nad Pernou;7165d;RP Jižní Morava;AOPK ČR - RP Jižní Morava;2023-04-19;2023-04-19;12800375;2023-04-19;1;STA_LIKVIDACE;NA;val;val;ne;lok;nezaznamenána;nezaznamenána;nezaznamenána;1
2024;CZ0624043;Stolová hora;Eriogaster catax;Motýli;MOTYLI3124;Nad Pernou, Tabulová;7165d;RP Jižní Morava;AOPK ČR - RP Jižní Morava;2024-09-24;2024-09-24;13747437;2024-09-24;1;CELKOVE_HODNOCENI;NA;NA;NA;NA;lok;NA;NA;špatný;0
2024;CZ0624043;Stolová hora;Eriogaster catax;Motýli;MOTYLI3124;Nad Pernou, Tabulová;7165d;RP Jižní Morava;AOPK ČR - RP Jižní Morava;2024-09-24;2024-09-24;13747437;2024-09-24;1;CELKOVE_SUM;NA;NA;NA;NA;NA;;;1;NA
2024;CZ0624043;Stolová hora;Eriogaster catax;Motýli;MOTYLI3124;Nad Pernou, Tabulová;7165d;RP Jižní Morava;AOPK ČR - RP Jižní Morava;2024-09-24;2024-09-24;13747437;2024-09-24;1;POP_POCETSUMLOKAL;hnízda housenek;min;minmax;ano;lok;10;alespoň 10 hnízda housenek;0;0
2024;CZ0624043;Stolová hora;Eriogaster catax;Motýli;MOTYLI3124;Nad Pernou, Tabulová;7165d;RP Jižní Morava;AOPK ČR - RP Jižní Morava;2024-09-24;2024-09-24;13747437;2024-09-24;1;POP_PRESENCE;NA;val;val;ano;lok;ano;ano;ne;0
2024;CZ0624043;Stolová hora;Eriogaster catax;Motýli;MOTYLI3124;Nad Pernou, Tabulová;7165d;RP Jižní Morava;AOPK ČR - RP Jižní Morava;2024-09-24;2024-09-24;13747437;2024-09-24;1;STA_LIKVIDACE;NA;val;val;ne;lok;nezaznamenána;nezaznamenána;nezaznamenána;1
2013;CZ0624072;Čertoryje;Eriogaster catax;Motýli;7170-14;7170-14;7170a;RP SCHKO Bílé Karpaty;AOPK ČR - RP SCHKO Bílé Karpaty;2013-05-10;2013-05-10;9653514;2013-05-10;0;CELKOVE_HODNOCENI;NA;NA;NA;NA;lok;NA;NA;špatný;0
2013;CZ0624072;Čertoryje;Eriogaster catax;Motýli;7170-14;7170-14;7170a;RP SCHKO Bílé Karpaty;AOPK ČR - RP SCHKO Bílé Karpaty;2013-05-10;2013-05-10;9653514;2013-05-10;0;CELKOVE_SUM;NA;NA;NA;NA;NA;;;1;NA
2013;CZ0624072;Čertoryje;Eriogaster catax;Motýli;7170-14;7170-14;7170a;RP SCHKO Bílé Karpaty;AOPK ČR - RP SCHKO Bílé Karpaty;2013-05-10;2013-05-10;9653514;2013-05-10;0;POP_POCETSUMLOKAL;hnízda housenek;min;minmax;ano;lok;10;alespoň 10 hnízda housenek;0;0
2013;CZ0624072;Čertoryje;Eriogaster catax;Motýli;7170-14;7170-14;7170a;RP SCHKO Bílé Karpaty;AOPK ČR - RP SCHKO Bílé Karpaty;2013-05-10;2013-05-10;9653514;2013-05-10;0;POP_PRESENCE;NA;val;val;ano;lok;ano;ano;ano;1
2013;CZ0624072;Čertoryje;Eriogaster catax;Motýli;7170-14;7170-14;7170a;RP SCHKO Bílé Karpaty;AOPK ČR - RP SCHKO Bílé Karpaty;2013-05-10;2013-05-10;9653514;2013-05-10;0;STA_LIKVIDACE;NA;val;val;ne;lok;nezaznamenána;nezaznamenána;neznámý;NA
2020;CZ0624072;Čertoryje;Eriogaster catax;Motýli;Kněždub;Kněždub;7170a;RP SCHKO Bílé Karpaty;AOPK ČR - RP SCHKO Bílé Karpaty;2020-04-12;2020-04-12;11228134;2020-04-12;0;CELKOVE_HODNOCENI;NA;NA;NA;NA;lok;NA;NA;špatný;0
2020;CZ0624072;Čertoryje;Eriogaster catax;Motýli;Kněždub;Kněždub;7170a;RP SCHKO Bílé Karpaty;AOPK ČR - RP SCHKO Bílé Karpaty;2020-04-12;2020-04-12;11228134;2020-04-12;0;CELKOVE_SUM;NA;NA;NA;NA;NA;;;1;NA
2020;CZ0624072;Čertoryje;Eriogaster catax;Motýli;Kněždub;Kněždub;7170a;RP SCHKO Bílé Karpaty;AOPK ČR - RP SCHKO Bílé Karpaty;2020-04-12;2020-04-12;11228134;2020-04-12;0;POP_POCETSUMLOKAL;hnízda housenek;min;minmax;ano;lok;10;alespoň 10 hnízda housenek;1;0
2020;CZ0624072;Čertoryje;Eriogaster catax;Motýli;Kněždub;Kněždub;7170a;RP SCHKO Bílé Karpaty;AOPK ČR - RP SCHKO Bílé Karpaty;2020-04-12;2020-04-12;11228134;2020-04-12;0;POP_PRESENCE;NA;val;val;ano;lok;ano;ano;ano;1
2020;CZ0624072;Čertoryje;Eriogaster catax;Motýli;Kněždub;Kněždub;7170a;RP SCHKO Bílé Karpaty;AOPK ČR - RP SCHKO Bílé Karpaty;2020-04-12;2020-04-12;11228134;2020-04-12;0;STA_LIKVIDACE;NA;val;val;ne;lok;nezaznamenána;nezaznamenána;neznámý;NA
2018;CZ0624072;Čertoryje;Eriogaster catax;Motýli;Kněždub  - Kuní hora;Kněždub  - Kuní hora;7170a;RP SCHKO Bílé Karpaty;AOPK ČR - RP SCHKO Bílé Karpaty;2018-04-25;2018-04-25;10448235;2018-04-25;0;CELKOVE_HODNOCENI;NA;NA;NA;NA;lok;NA;NA;špatný;0
2018;CZ0624072;Čertoryje;Eriogaster catax;Motýli;Kněždub  - Kuní hora;Kněždub  - Kuní hora;7170a;RP SCHKO Bílé Karpaty;AOPK ČR - RP SCHKO Bílé Karpaty;2018-04-25;2018-04-25;10448235;2018-04-25;0;CELKOVE_SUM;NA;NA;NA;NA;NA;;;1;NA
2018;CZ0624072;Čertoryje;Eriogaster catax;Motýli;Kněždub  - Kuní hora;Kněždub  - Kuní hora;7170a;RP SCHKO Bílé Karpaty;AOPK ČR - RP SCHKO Bílé Karpaty;2018-04-25;2018-04-25;10448235;2018-04-25;0;POP_POCETSUMLOKAL;hnízda housenek;min;minmax;ano;lok;10;alespoň 10 hnízda housenek;1;0
2018;CZ0624072;Čertoryje;Eriogaster catax;Motýli;Kněždub  - Kuní hora;Kněždub  - Kuní hora;7170a;RP SCHKO Bílé Karpaty;AOPK ČR - RP SCHKO Bílé Karpaty;2018-04-25;2018-04-25;10448235;2018-04-25;0;POP_PRESENCE;NA;val;val;ano;lok;ano;ano;ano;1
2018;CZ0624072;Čertoryje;Eriogaster catax;Motýli;Kněždub  - Kuní hora;Kněždub  - Kuní hora;7170a;RP SCHKO Bílé Karpaty;AOPK ČR - RP SCHKO Bílé Karpaty;2018-04-25;2018-04-25;10448235;2018-04-25;0;STA_LIKVIDACE;NA;val;val;ne;lok;nezaznamenána;nezaznamenána;neznámý;NA
2018;CZ0624072;Čertoryje;Eriogaster catax;Motýli;Kněždub - Kuní hora;Kněždub - Kuní hora;7170a;RP SCHKO Bílé Karpaty;AOPK ČR - RP SCHKO Bílé Karpaty;2018-04-25;2018-04-25;10448236, 10448242;2018-04-25;0;CELKOVE_HODNOCENI;NA;NA;NA;NA;lok;NA;NA;špatný;0
2018;CZ0624072;Čertoryje;Eriogaster catax;Motýli;Kněždub - Kuní hora;Kněždub - Kuní hora;7170a;RP SCHKO Bílé Karpaty;AOPK ČR - RP SCHKO Bílé Karpaty;2018-04-25;2018-04-25;10448236, 10448242;2018-04-25;0;CELKOVE_SUM;NA;NA;NA;NA;NA;;;1;NA
2018;CZ0624072;Čertoryje;Eriogaster catax;Motýli;Kněždub - Kuní hora;Kněždub - Kuní hora;7170a;RP SCHKO Bílé Karpaty;AOPK ČR - RP SCHKO Bílé Karpaty;2018-04-25;2018-04-25;10448236, 10448242;2018-04-25;0;POP_POCETSUMLOKAL;hnízda housenek;min;minmax;ano;lok;10;alespoň 10 hnízda housenek;2;0
2018;CZ0624072;Čertoryje;Eriogaster catax;Motýli;Kněždub - Kuní hora;Kněždub - Kuní hora;7170a;RP SCHKO Bílé Karpaty;AOPK ČR - RP SCHKO Bílé Karpaty;2018-04-25;2018-04-25;10448236, 10448242;2018-04-25;0;POP_PRESENCE;NA;val;val;ano;lok;ano;ano;ano;1
2018;CZ0624072;Čertoryje;Eriogaster catax;Motýli;Kněždub - Kuní hora;Kněždub - Kuní hora;7170a;RP SCHKO Bílé Karpaty;AOPK ČR - RP SCHKO Bílé Karpaty;2018-04-25;2018-04-25;10448236, 10448242;2018-04-25;0;STA_LIKVIDACE;NA;val;val;ne;lok;nezaznamenána;nezaznamenána;neznámý;NA
2022;CZ0624072;Čertoryje;Eriogaster catax;Motýli;MOTYLI1060;Kněždub;7170a;RP SCHKO Bílé Karpaty;AOPK ČR - RP SCHKO Bílé Karpaty;2022-04-14;2022-04-14;12800490;2022-04-14;1;CELKOVE_HODNOCENI;NA;NA;NA;NA;lok;NA;NA;špatný;0
2022;CZ0624072;Čertoryje;Eriogaster catax;Motýli;MOTYLI1060;Kněždub;7170a;RP SCHKO Bílé Karpaty;AOPK ČR - RP SCHKO Bílé Karpaty;2022-04-14;2022-04-14;12800490;2022-04-14;1;CELKOVE_SUM;NA;NA;NA;NA;NA;;;1;NA
2022;CZ0624072;Čertoryje;Eriogaster catax;Motýli;MOTYLI1060;Kněždub;7170a;RP SCHKO Bílé Karpaty;AOPK ČR - RP SCHKO Bílé Karpaty;2022-04-14;2022-04-14;12800490;2022-04-14;1;POP_POCETSUMLOKAL;hnízda housenek;min;minmax;ano;lok;10;alespoň 10 hnízda housenek;0;0
2022;CZ0624072;Čertoryje;Eriogaster catax;Motýli;MOTYLI1060;Kněždub;7170a;RP SCHKO Bílé Karpaty;AOPK ČR - RP SCHKO Bílé Karpaty;2022-04-14;2022-04-14;12800490;2022-04-14;1;POP_PRESENCE;NA;val;val;ano;lok;ano;ano;ne;0
2022;CZ0624072;Čertoryje;Eriogaster catax;Motýli;MOTYLI1060;Kněždub;7170a;RP SCHKO Bílé Karpaty;AOPK ČR - RP SCHKO Bílé Karpaty;2022-04-14;2022-04-14;12800490;2022-04-14;1;STA_LIKVIDACE;NA;val;val;ne;lok;nezaznamenána;nezaznamenána;nezaznamenána;1
2023;CZ0624072;Čertoryje;Eriogaster catax;Motýli;MOTYLI2231;Kněždub;7170a;RP SCHKO Bílé Karpaty;AOPK ČR - RP SCHKO Bílé Karpaty;2023-05-02;2023-05-02;12800363;2023-05-02;1;CELKOVE_HODNOCENI;NA;NA;NA;NA;lok;NA;NA;špatný;0
2023;CZ0624072;Čertoryje;Eriogaster catax;Motýli;MOTYLI2231;Kněždub;7170a;RP SCHKO Bílé Karpaty;AOPK ČR - RP SCHKO Bílé Karpaty;2023-05-02;2023-05-02;12800363;2023-05-02;1;CELKOVE_SUM;NA;NA;NA;NA;NA;;;1;NA
2023;CZ0624072;Čertoryje;Eriogaster catax;Motýli;MOTYLI2231;Kněždub;7170a;RP SCHKO Bílé Karpaty;AOPK ČR - RP SCHKO Bílé Karpaty;2023-05-02;2023-05-02;12800363;2023-05-02;1;POP_POCETSUMLOKAL;hnízda housenek;min;minmax;ano;lok;10;alespoň 10 hnízda housenek;0;0
2023;CZ0624072;Čertoryje;Eriogaster catax;Motýli;MOTYLI2231;Kněždub;7170a;RP SCHKO Bílé Karpaty;AOPK ČR - RP SCHKO Bílé Karpaty;2023-05-02;2023-05-02;12800363;2023-05-02;1;POP_PRESENCE;NA;val;val;ano;lok;ano;ano;ne;0
2023;CZ0624072;Čertoryje;Eriogaster catax;Motýli;MOTYLI2231;Kněždub;7170a;RP SCHKO Bílé Karpaty;AOPK ČR - RP SCHKO Bílé Karpaty;2023-05-02;2023-05-02;12800363;2023-05-02;1;STA_LIKVIDACE;NA;val;val;ne;lok;nezaznamenána;nezaznamenána;nezaznamenána;1
2024;CZ0624072;Čertoryje;Eriogaster catax;Motýli;MOTYLI3131;Kněždub;7170a;RP SCHKO Bílé Karpaty;AOPK ČR - RP SCHKO Bílé Karpaty;2024-04-10;2024-04-10;13747438;2024-04-10;1;CELKOVE_HODNOCENI;NA;NA;NA;NA;lok;NA;NA;špatný;0
2024;CZ0624072;Čertoryje;Eriogaster catax;Motýli;MOTYLI3131;Kněždub;7170a;RP SCHKO Bílé Karpaty;AOPK ČR - RP SCHKO Bílé Karpaty;2024-04-10;2024-04-10;13747438;2024-04-10;1;CELKOVE_SUM;NA;NA;NA;NA;NA;;;1;NA
2024;CZ0624072;Čertoryje;Eriogaster catax;Motýli;MOTYLI3131;Kněždub;7170a;RP SCHKO Bílé Karpaty;AOPK ČR - RP SCHKO Bílé Karpaty;2024-04-10;2024-04-10;13747438;2024-04-10;1;POP_POCETSUMLOKAL;hnízda housenek;min;minmax;ano;lok;10;alespoň 10 hnízda housenek;0;0
2024;CZ0624072;Čertoryje;Eriogaster catax;Motýli;MOTYLI3131;Kněždub;7170a;RP SCHKO Bílé Karpaty;AOPK ČR - RP SCHKO Bílé Karpaty;2024-04-10;2024-04-10;13747438;2024-04-10;1;POP_PRESENCE;NA;val;val;ano;lok;ano;ano;ne;0
2024;CZ0624072;Čertoryje;Eriogaster catax;Motýli;MOTYLI3131;Kněždub;7170a;RP SCHKO Bílé Karpaty;AOPK ČR - RP SCHKO Bílé Karpaty;2024-04-10;2024-04-10;13747438;2024-04-10;1;STA_LIKVIDACE;NA;val;val;ne;lok;nezaznamenána;nezaznamenána;nezaznamenána;1
2022;CZ0624096;Podyjí;Eriogaster catax;Motýli;MOTYLI1074;Čížov;7161a;RP Jižní Morava;Správa NP Podyjí;2022-04-15;2022-04-15;12800428;2022-04-15;1;CELKOVE_HODNOCENI;NA;NA;NA;NA;lok;NA;NA;špatný;0
2022;CZ0624096;Podyjí;Eriogaster catax;Motýli;MOTYLI1074;Čížov;7161a;RP Jižní Morava;Správa NP Podyjí;2022-04-15;2022-04-15;12800428;2022-04-15;1;CELKOVE_SUM;NA;NA;NA;NA;NA;;;1;NA
2022;CZ0624096;Podyjí;Eriogaster catax;Motýli;MOTYLI1074;Čížov;7161a;RP Jižní Morava;Správa NP Podyjí;2022-04-15;2022-04-15;12800428;2022-04-15;1;POP_POCETSUMLOKAL;hnízda housenek;min;minmax;ano;lok;10;alespoň 10 hnízda housenek;0;0
2022;CZ0624096;Podyjí;Eriogaster catax;Motýli;MOTYLI1074;Čížov;7161a;RP Jižní Morava;Správa NP Podyjí;2022-04-15;2022-04-15;12800428;2022-04-15;1;POP_PRESENCE;NA;val;val;ano;lok;ano;ano;ne;0
2022;CZ0624096;Podyjí;Eriogaster catax;Motýli;MOTYLI1074;Čížov;7161a;RP Jižní Morava;Správa NP Podyjí;2022-04-15;2022-04-15;12800428;2022-04-15;1;STA_LIKVIDACE;NA;val;val;ne;lok;nezaznamenána;nezaznamenána;nezaznamenána;1
2023;CZ0624096;Podyjí;Eriogaster catax;Motýli;MOTYLI2242;Čížov;7161a;RP Jižní Morava;Správa NP Podyjí;2023-04-20;2023-04-20;13747450;2023-04-20;1;CELKOVE_HODNOCENI;NA;NA;NA;NA;lok;NA;NA;špatný;0
2023;CZ0624096;Podyjí;Eriogaster catax;Motýli;MOTYLI2242;Čížov;7161a;RP Jižní Morava;Správa NP Podyjí;2023-04-20;2023-04-20;13747450;2023-04-20;1;CELKOVE_SUM;NA;NA;NA;NA;NA;;;1;NA
2023;CZ0624096;Podyjí;Eriogaster catax;Motýli;MOTYLI2242;Čížov;7161a;RP Jižní Morava;Správa NP Podyjí;2023-04-20;2023-04-20;13747450;2023-04-20;1;POP_POCETSUMLOKAL;hnízda housenek;min;minmax;ano;lok;10;alespoň 10 hnízda housenek;0;0
2023;CZ0624096;Podyjí;Eriogaster catax;Motýli;MOTYLI2242;Čížov;7161a;RP Jižní Morava;Správa NP Podyjí;2023-04-20;2023-04-20;13747450;2023-04-20;1;POP_PRESENCE;NA;val;val;ano;lok;ano;ano;ne;0
2023;CZ0624096;Podyjí;Eriogaster catax;Motýli;MOTYLI2242;Čížov;7161a;RP Jižní Morava;Správa NP Podyjí;2023-04-20;2023-04-20;13747450;2023-04-20;1;STA_LIKVIDACE;NA;val;val;ne;lok;nezaznamenána;nezaznamenána;nezaznamenána;1
2023;CZ0624096;Podyjí;Eriogaster catax;Motýli;MOTYLI2243;Hnanice;7161d;RP Jižní Morava;Správa NP Podyjí;2023-04-20;2023-04-20;13747439;2023-04-20;1;CELKOVE_HODNOCENI;NA;NA;NA;NA;lok;NA;NA;špatný;0
2023;CZ0624096;Podyjí;Eriogaster catax;Motýli;MOTYLI2243;Hnanice;7161d;RP Jižní Morava;Správa NP Podyjí;2023-04-20;2023-04-20;13747439;2023-04-20;1;CELKOVE_SUM;NA;NA;NA;NA;NA;;;1;NA
2023;CZ0624096;Podyjí;Eriogaster catax;Motýli;MOTYLI2243;Hnanice;7161d;RP Jižní Morava;Správa NP Podyjí;2023-04-20;2023-04-20;13747439;2023-04-20;1;POP_POCETSUMLOKAL;hnízda housenek;min;minmax;ano;lok;10;alespoň 10 hnízda housenek;0;0
2023;CZ0624096;Podyjí;Eriogaster catax;Motýli;MOTYLI2243;Hnanice;7161d;RP Jižní Morava;Správa NP Podyjí;2023-04-20;2023-04-20;13747439;2023-04-20;1;POP_PRESENCE;NA;val;val;ano;lok;ano;ano;ne;0
2023;CZ0624096;Podyjí;Eriogaster catax;Motýli;MOTYLI2243;Hnanice;7161d;RP Jižní Morava;Správa NP Podyjí;2023-04-20;2023-04-20;13747439;2023-04-20;1;STA_LIKVIDACE;NA;val;val;ne;lok;nezaznamenána;nezaznamenána;nezaznamenána;1
2024;CZ0624096;Podyjí;Eriogaster catax;Motýli;MOTYLI3121;Havraníky;7162c;RP Jižní Morava;Správa NP Podyjí;2024-10-08;2024-10-08;13747435;2024-10-08;1;CELKOVE_HODNOCENI;NA;NA;NA;NA;lok;NA;NA;špatný;0
2024;CZ0624096;Podyjí;Eriogaster catax;Motýli;MOTYLI3121;Havraníky;7162c;RP Jižní Morava;Správa NP Podyjí;2024-10-08;2024-10-08;13747435;2024-10-08;1;CELKOVE_SUM;NA;NA;NA;NA;NA;;;1;NA
2024;CZ0624096;Podyjí;Eriogaster catax;Motýli;MOTYLI3121;Havraníky;7162c;RP Jižní Morava;Správa NP Podyjí;2024-10-08;2024-10-08;13747435;2024-10-08;1;POP_POCETSUMLOKAL;hnízda housenek;min;minmax;ano;lok;10;alespoň 10 hnízda housenek;0;0
2024;CZ0624096;Podyjí;Eriogaster catax;Motýli;MOTYLI3121;Havraníky;7162c;RP Jižní Morava;Správa NP Podyjí;2024-10-08;2024-10-08;13747435;2024-10-08;1;POP_PRESENCE;NA;val;val;ano;lok;ano;ano;ne;0
2024;CZ0624096;Podyjí;Eriogaster catax;Motýli;MOTYLI3121;Havraníky;7162c;RP Jižní Morava;Správa NP Podyjí;2024-10-08;2024-10-08;13747435;2024-10-08;1;STA_LIKVIDACE;NA;val;val;ne;lok;nezaznamenána;nezaznamenána;nezaznamenána;1
2024;CZ0624096;Podyjí;Eriogaster catax;Motýli;MOTYLI3126;Čížov;7161a;RP Jižní Morava;Správa NP Podyjí;2024-04-09;2024-04-09;13747444;2024-04-09;1;CELKOVE_HODNOCENI;NA;NA;NA;NA;lok;NA;NA;špatný;0
2024;CZ0624096;Podyjí;Eriogaster catax;Motýli;MOTYLI3126;Čížov;7161a;RP Jižní Morava;Správa NP Podyjí;2024-04-09;2024-04-09;13747444;2024-04-09;1;CELKOVE_SUM;NA;NA;NA;NA;NA;;;1;NA
2024;CZ0624096;Podyjí;Eriogaster catax;Motýli;MOTYLI3126;Čížov;7161a;RP Jižní Morava;Správa NP Podyjí;2024-04-09;2024-04-09;13747444;2024-04-09;1;POP_POCETSUMLOKAL;hnízda housenek;min;minmax;ano;lok;10;alespoň 10 hnízda housenek;0;0
2024;CZ0624096;Podyjí;Eriogaster catax;Motýli;MOTYLI3126;Čížov;7161a;RP Jižní Morava;Správa NP Podyjí;2024-04-09;2024-04-09;13747444;2024-04-09;1;POP_PRESENCE;NA;val;val;ano;lok;ano;ano;ne;0
2024;CZ0624096;Podyjí;Eriogaster catax;Motýli;MOTYLI3126;Čížov;7161a;RP Jižní Morava;Správa NP Podyjí;2024-04-09;2024-04-09;13747444;2024-04-09;1;STA_LIKVIDACE;NA;val;val;ne;lok;nezaznamenána;nezaznamenána;nezaznamenána;1
2020;CZ0624096;Podyjí;Eriogaster catax;Motýli;NP Podyjí, Čížov - Na Keplech;NP Podyjí, Čížov - Na Keplech;7161a;RP Jižní Morava;Správa NP Podyjí;2020-04-23;2020-04-23;11080830;2020-04-23;0;CELKOVE_HODNOCENI;NA;NA;NA;NA;lok;NA;NA;špatný;0
2020;CZ0624096;Podyjí;Eriogaster catax;Motýli;NP Podyjí, Čížov - Na Keplech;NP Podyjí, Čížov - Na Keplech;7161a;RP Jižní Morava;Správa NP Podyjí;2020-04-23;2020-04-23;11080830;2020-04-23;0;CELKOVE_SUM;NA;NA;NA;NA;NA;;;1;NA
2020;CZ0624096;Podyjí;Eriogaster catax;Motýli;NP Podyjí, Čížov - Na Keplech;NP Podyjí, Čížov - Na Keplech;7161a;RP Jižní Morava;Správa NP Podyjí;2020-04-23;2020-04-23;11080830;2020-04-23;0;POP_POCETSUMLOKAL;hnízda housenek;min;minmax;ano;lok;10;alespoň 10 hnízda housenek;1;0
2020;CZ0624096;Podyjí;Eriogaster catax;Motýli;NP Podyjí, Čížov - Na Keplech;NP Podyjí, Čížov - Na Keplech;7161a;RP Jižní Morava;Správa NP Podyjí;2020-04-23;2020-04-23;11080830;2020-04-23;0;POP_PRESENCE;NA;val;val;ano;lok;ano;ano;ano;1
2020;CZ0624096;Podyjí;Eriogaster catax;Motýli;NP Podyjí, Čížov - Na Keplech;NP Podyjí, Čížov - Na Keplech;7161a;RP Jižní Morava;Správa NP Podyjí;2020-04-23;2020-04-23;11080830;2020-04-23;0;STA_LIKVIDACE;NA;val;val;ne;lok;nezaznamenána;nezaznamenána;neznámý;NA
2019;CZ0624096;Podyjí;Eriogaster catax;Motýli;NP Podyjí, Čížov, Na Keplech;NP Podyjí, Čížov, Na Keplech;7161a;RP Jižní Morava;Správa NP Podyjí;2019-10-01;2019-10-01;10748400;2019-10-01;0;CELKOVE_HODNOCENI;NA;NA;NA;NA;lok;NA;NA;špatný;0
2019;CZ0624096;Podyjí;Eriogaster catax;Motýli;NP Podyjí, Čížov, Na Keplech;NP Podyjí, Čížov, Na Keplech;7161a;RP Jižní Morava;Správa NP Podyjí;2019-10-01;2019-10-01;10748400;2019-10-01;0;CELKOVE_SUM;NA;NA;NA;NA;NA;;;1;NA
2019;CZ0624096;Podyjí;Eriogaster catax;Motýli;NP Podyjí, Čížov, Na Keplech;NP Podyjí, Čížov, Na Keplech;7161a;RP Jižní Morava;Správa NP Podyjí;2019-10-01;2019-10-01;10748400;2019-10-01;0;POP_POCETSUMLOKAL;hnízda housenek;min;minmax;ano;lok;10;alespoň 10 hnízda housenek;0;0
2019;CZ0624096;Podyjí;Eriogaster catax;Motýli;NP Podyjí, Čížov, Na Keplech;NP Podyjí, Čížov, Na Keplech;7161a;RP Jižní Morava;Správa NP Podyjí;2019-10-01;2019-10-01;10748400;2019-10-01;0;POP_PRESENCE;NA;val;val;ano;lok;ano;ano;ano;1
2019;CZ0624096;Podyjí;Eriogaster catax;Motýli;NP Podyjí, Čížov, Na Keplech;NP Podyjí, Čížov, Na Keplech;7161a;RP Jižní Morava;Správa NP Podyjí;2019-10-01;2019-10-01;10748400;2019-10-01;0;STA_LIKVIDACE;NA;val;val;ne;lok;nezaznamenána;nezaznamenána;neznámý;NA
2018;CZ0624096;Podyjí;Eriogaster catax;Motýli;Čížov;Čížov;7161a;RP Jižní Morava;Správa NP Podyjí;2018-04-29;2018-04-29;10389947, 10389948;2018-04-29;0;CELKOVE_HODNOCENI;NA;NA;NA;NA;lok;NA;NA;špatný;0
2018;CZ0624096;Podyjí;Eriogaster catax;Motýli;Čížov;Čížov;7161a;RP Jižní Morava;Správa NP Podyjí;2018-04-29;2018-04-29;10389947, 10389948;2018-04-29;0;CELKOVE_SUM;NA;NA;NA;NA;NA;;;1;NA
2018;CZ0624096;Podyjí;Eriogaster catax;Motýli;Čížov;Čížov;7161a;RP Jižní Morava;Správa NP Podyjí;2018-04-29;2018-04-29;10389947, 10389948;2018-04-29;0;POP_POCETSUMLOKAL;hnízda housenek;min;minmax;ano;lok;10;alespoň 10 hnízda housenek;2;0
2018;CZ0624096;Podyjí;Eriogaster catax;Motýli;Čížov;Čížov;7161a;RP Jižní Morava;Správa NP Podyjí;2018-04-29;2018-04-29;10389947, 10389948;2018-04-29;0;POP_PRESENCE;NA;val;val;ano;lok;ano;ano;ano;1
2018;CZ0624096;Podyjí;Eriogaster catax;Motýli;Čížov;Čížov;7161a;RP Jižní Morava;Správa NP Podyjí;2018-04-29;2018-04-29;10389947, 10389948;2018-04-29;0;STA_LIKVIDACE;NA;val;val;ne;lok;nezaznamenána;nezaznamenána;neznámý;NA
2013;CZ0624096;Podyjí;Eriogaster catax;Motýli;Čížov - K rybníčku;Čížov - K rybníčku;7161a;RP Jižní Morava;Správa NP Podyjí;2013-10-09;2013-10-09;8893479;2013-10-09;0;CELKOVE_HODNOCENI;NA;NA;NA;NA;lok;NA;NA;špatný;0
2013;CZ0624096;Podyjí;Eriogaster catax;Motýli;Čížov - K rybníčku;Čížov - K rybníčku;7161a;RP Jižní Morava;Správa NP Podyjí;2013-10-09;2013-10-09;8893479;2013-10-09;0;CELKOVE_SUM;NA;NA;NA;NA;NA;;;1;NA
2013;CZ0624096;Podyjí;Eriogaster catax;Motýli;Čížov - K rybníčku;Čížov - K rybníčku;7161a;RP Jižní Morava;Správa NP Podyjí;2013-10-09;2013-10-09;8893479;2013-10-09;0;POP_POCETSUMLOKAL;hnízda housenek;min;minmax;ano;lok;10;alespoň 10 hnízda housenek;1;0
2013;CZ0624096;Podyjí;Eriogaster catax;Motýli;Čížov - K rybníčku;Čížov - K rybníčku;7161a;RP Jižní Morava;Správa NP Podyjí;2013-10-09;2013-10-09;8893479;2013-10-09;0;POP_PRESENCE;NA;val;val;ano;lok;ano;ano;ano;1
2013;CZ0624096;Podyjí;Eriogaster catax;Motýli;Čížov - K rybníčku;Čížov - K rybníčku;7161a;RP Jižní Morava;Správa NP Podyjí;2013-10-09;2013-10-09;8893479;2013-10-09;0;STA_LIKVIDACE;NA;val;val;ne;lok;nezaznamenána;nezaznamenána;neznámý;NA
2013;CZ0624096;Podyjí;Eriogaster catax;Motýli;Čížov - Pod Keplemi;Čížov - Pod Keplemi;7161a;RP Jižní Morava;Správa NP Podyjí;2013-05-09;2013-05-09;8893478;2013-05-09;0;CELKOVE_HODNOCENI;NA;NA;NA;NA;lok;NA;NA;špatný;0
2013;CZ0624096;Podyjí;Eriogaster catax;Motýli;Čížov - Pod Keplemi;Čížov - Pod Keplemi;7161a;RP Jižní Morava;Správa NP Podyjí;2013-05-09;2013-05-09;8893478;2013-05-09;0;CELKOVE_SUM;NA;NA;NA;NA;NA;;;1;NA
2013;CZ0624096;Podyjí;Eriogaster catax;Motýli;Čížov - Pod Keplemi;Čížov - Pod Keplemi;7161a;RP Jižní Morava;Správa NP Podyjí;2013-05-09;2013-05-09;8893478;2013-05-09;0;POP_POCETSUMLOKAL;hnízda housenek;min;minmax;ano;lok;10;alespoň 10 hnízda housenek;2;0
2013;CZ0624096;Podyjí;Eriogaster catax;Motýli;Čížov - Pod Keplemi;Čížov - Pod Keplemi;7161a;RP Jižní Morava;Správa NP Podyjí;2013-05-09;2013-05-09;8893478;2013-05-09;0;POP_PRESENCE;NA;val;val;ano;lok;ano;ano;ano;1
2013;CZ0624096;Podyjí;Eriogaster catax;Motýli;Čížov - Pod Keplemi;Čížov - Pod Keplemi;7161a;RP Jižní Morava;Správa NP Podyjí;2013-05-09;2013-05-09;8893478;2013-05-09;0;STA_LIKVIDACE;NA;val;val;ne;lok;nezaznamenána;nezaznamenána;neznámý;NA
2018;CZ0624100;Milovický les;Eriogaster catax;Motýli;421, Mikulov - Mikulov na Moravě;421, Mikulov - Mikulov na Moravě;7166c;RP Jižní Morava;AOPK ČR - RP Jižní Morava;2018-05-06;2018-05-06;12081856;2018-05-06;0;CELKOVE_HODNOCENI;NA;NA;NA;NA;lok;NA;NA;špatný;0
2018;CZ0624100;Milovický les;Eriogaster catax;Motýli;421, Mikulov - Mikulov na Moravě;421, Mikulov - Mikulov na Moravě;7166c;RP Jižní Morava;AOPK ČR - RP Jižní Morava;2018-05-06;2018-05-06;12081856;2018-05-06;0;CELKOVE_SUM;NA;NA;NA;NA;NA;;;1;NA
2018;CZ0624100;Milovický les;Eriogaster catax;Motýli;421, Mikulov - Mikulov na Moravě;421, Mikulov - Mikulov na Moravě;7166c;RP Jižní Morava;AOPK ČR - RP Jižní Morava;2018-05-06;2018-05-06;12081856;2018-05-06;0;POP_POCETSUMLOKAL;hnízda housenek;min;minmax;ano;lok;10;alespoň 10 hnízda housenek;0;0
2018;CZ0624100;Milovický les;Eriogaster catax;Motýli;421, Mikulov - Mikulov na Moravě;421, Mikulov - Mikulov na Moravě;7166c;RP Jižní Morava;AOPK ČR - RP Jižní Morava;2018-05-06;2018-05-06;12081856;2018-05-06;0;POP_PRESENCE;NA;val;val;ano;lok;ano;ano;ano;1
2018;CZ0624100;Milovický les;Eriogaster catax;Motýli;421, Mikulov - Mikulov na Moravě;421, Mikulov - Mikulov na Moravě;7166c;RP Jižní Morava;AOPK ČR - RP Jižní Morava;2018-05-06;2018-05-06;12081856;2018-05-06;0;STA_LIKVIDACE;NA;val;val;ne;lok;nezaznamenána;nezaznamenána;neznámý;NA
2022;CZ0624100;Milovický les;Eriogaster catax;Motýli;MOTYLI1064;Na cvičišti;7166c;RP Jižní Morava;AOPK ČR - RP Jižní Morava;2022-04-15;2022-04-15;12239964;2022-04-15;1;CELKOVE_HODNOCENI;NA;NA;NA;NA;lok;NA;NA;dobrý;1
2022;CZ0624100;Milovický les;Eriogaster catax;Motýli;MOTYLI1064;Na cvičišti;7166c;RP Jižní Morava;AOPK ČR - RP Jižní Morava;2022-04-15;2022-04-15;12239964;2022-04-15;1;CELKOVE_SUM;NA;NA;NA;NA;NA;;;3;NA
2022;CZ0624100;Milovický les;Eriogaster catax;Motýli;MOTYLI1064;Na cvičišti;7166c;RP Jižní Morava;AOPK ČR - RP Jižní Morava;2022-04-15;2022-04-15;12239964;2022-04-15;1;POP_POCETSUMLOKAL;hnízda housenek;min;minmax;ano;lok;10;alespoň 10 hnízda housenek;16;1
2022;CZ0624100;Milovický les;Eriogaster catax;Motýli;MOTYLI1064;Na cvičišti;7166c;RP Jižní Morava;AOPK ČR - RP Jižní Morava;2022-04-15;2022-04-15;12239964;2022-04-15;1;POP_PRESENCE;NA;val;val;ano;lok;ano;ano;ano;1
2022;CZ0624100;Milovický les;Eriogaster catax;Motýli;MOTYLI1064;Na cvičišti;7166c;RP Jižní Morava;AOPK ČR - RP Jižní Morava;2022-04-15;2022-04-15;12239964;2022-04-15;1;STA_LIKVIDACE;NA;val;val;ne;lok;nezaznamenána;nezaznamenána;nezaznamenána;1
2022;CZ0624100;Milovický les;Eriogaster catax;Motýli;MOTYLI1069;Liščí vrch;7266a;RP Jižní Morava;AOPK ČR - RP Jižní Morava;2022-05-13;2022-05-13;12239958;2022-05-13;1;CELKOVE_HODNOCENI;NA;NA;NA;NA;lok;NA;NA;špatný;0
2022;CZ0624100;Milovický les;Eriogaster catax;Motýli;MOTYLI1069;Liščí vrch;7266a;RP Jižní Morava;AOPK ČR - RP Jižní Morava;2022-05-13;2022-05-13;12239958;2022-05-13;1;CELKOVE_SUM;NA;NA;NA;NA;NA;;;1;NA
2022;CZ0624100;Milovický les;Eriogaster catax;Motýli;MOTYLI1069;Liščí vrch;7266a;RP Jižní Morava;AOPK ČR - RP Jižní Morava;2022-05-13;2022-05-13;12239958;2022-05-13;1;POP_POCETSUMLOKAL;hnízda housenek;min;minmax;ano;lok;10;alespoň 10 hnízda housenek;0;0
2022;CZ0624100;Milovický les;Eriogaster catax;Motýli;MOTYLI1069;Liščí vrch;7266a;RP Jižní Morava;AOPK ČR - RP Jižní Morava;2022-05-13;2022-05-13;12239958;2022-05-13;1;POP_PRESENCE;NA;val;val;ano;lok;ano;ano;ne;0
2022;CZ0624100;Milovický les;Eriogaster catax;Motýli;MOTYLI1069;Liščí vrch;7266a;RP Jižní Morava;AOPK ČR - RP Jižní Morava;2022-05-13;2022-05-13;12239958;2022-05-13;1;STA_LIKVIDACE;NA;val;val;ne;lok;nezaznamenána;nezaznamenána;nezaznamenána;1
2016;CZ0624100;Milovický les;Eriogaster catax;Motýli;MOTYLI1431;Milovický les;7166c;RP Jižní Morava;AOPK ČR - RP Jižní Morava;2016-05-01;2016-05-01;12543659;2016-05-01;1;CELKOVE_HODNOCENI;NA;NA;NA;NA;lok;NA;NA;špatný;0
2016;CZ0624100;Milovický les;Eriogaster catax;Motýli;MOTYLI1431;Milovický les;7166c;RP Jižní Morava;AOPK ČR - RP Jižní Morava;2016-05-01;2016-05-01;12543659;2016-05-01;1;CELKOVE_SUM;NA;NA;NA;NA;NA;;;2;NA
2016;CZ0624100;Milovický les;Eriogaster catax;Motýli;MOTYLI1431;Milovický les;7166c;RP Jižní Morava;AOPK ČR - RP Jižní Morava;2016-05-01;2016-05-01;12543659;2016-05-01;1;POP_POCETSUMLOKAL;hnízda housenek;min;minmax;ano;lok;10;alespoň 10 hnízda housenek;0;0
2016;CZ0624100;Milovický les;Eriogaster catax;Motýli;MOTYLI1431;Milovický les;7166c;RP Jižní Morava;AOPK ČR - RP Jižní Morava;2016-05-01;2016-05-01;12543659;2016-05-01;1;POP_PRESENCE;NA;val;val;ano;lok;ano;ano;ano;1
2016;CZ0624100;Milovický les;Eriogaster catax;Motýli;MOTYLI1431;Milovický les;7166c;RP Jižní Morava;AOPK ČR - RP Jižní Morava;2016-05-01;2016-05-01;12543659;2016-05-01;1;STA_LIKVIDACE;NA;val;val;ne;lok;nezaznamenána;nezaznamenána;nezaznamenána;1
2016;CZ0624100;Milovický les;Eriogaster catax;Motýli;MOTYLI1432;Milovický les;7166c;RP Jižní Morava;AOPK ČR - RP Jižní Morava;2016-05-01;2016-05-01;12543653;2016-05-01;1;CELKOVE_HODNOCENI;NA;NA;NA;NA;lok;NA;NA;špatný;0
2016;CZ0624100;Milovický les;Eriogaster catax;Motýli;MOTYLI1432;Milovický les;7166c;RP Jižní Morava;AOPK ČR - RP Jižní Morava;2016-05-01;2016-05-01;12543653;2016-05-01;1;CELKOVE_SUM;NA;NA;NA;NA;NA;;;2;NA
2016;CZ0624100;Milovický les;Eriogaster catax;Motýli;MOTYLI1432;Milovický les;7166c;RP Jižní Morava;AOPK ČR - RP Jižní Morava;2016-05-01;2016-05-01;12543653;2016-05-01;1;POP_POCETSUMLOKAL;hnízda housenek;min;minmax;ano;lok;10;alespoň 10 hnízda housenek;0;0
2016;CZ0624100;Milovický les;Eriogaster catax;Motýli;MOTYLI1432;Milovický les;7166c;RP Jižní Morava;AOPK ČR - RP Jižní Morava;2016-05-01;2016-05-01;12543653;2016-05-01;1;POP_PRESENCE;NA;val;val;ano;lok;ano;ano;ano;1
2016;CZ0624100;Milovický les;Eriogaster catax;Motýli;MOTYLI1432;Milovický les;7166c;RP Jižní Morava;AOPK ČR - RP Jižní Morava;2016-05-01;2016-05-01;12543653;2016-05-01;1;STA_LIKVIDACE;NA;val;val;ne;lok;nezaznamenána;nezaznamenána;nezaznamenána;1
2016;CZ0624100;Milovický les;Eriogaster catax;Motýli;MOTYLI1433;Milovický les;7166c;RP Jižní Morava;AOPK ČR - RP Jižní Morava;2016-05-01;2016-05-01;12543664;2016-05-01;1;CELKOVE_HODNOCENI;NA;NA;NA;NA;lok;NA;NA;špatný;0
2016;CZ0624100;Milovický les;Eriogaster catax;Motýli;MOTYLI1433;Milovický les;7166c;RP Jižní Morava;AOPK ČR - RP Jižní Morava;2016-05-01;2016-05-01;12543664;2016-05-01;1;CELKOVE_SUM;NA;NA;NA;NA;NA;;;2;NA
2016;CZ0624100;Milovický les;Eriogaster catax;Motýli;MOTYLI1433;Milovický les;7166c;RP Jižní Morava;AOPK ČR - RP Jižní Morava;2016-05-01;2016-05-01;12543664;2016-05-01;1;POP_POCETSUMLOKAL;hnízda housenek;min;minmax;ano;lok;10;alespoň 10 hnízda housenek;0;0
2016;CZ0624100;Milovický les;Eriogaster catax;Motýli;MOTYLI1433;Milovický les;7166c;RP Jižní Morava;AOPK ČR - RP Jižní Morava;2016-05-01;2016-05-01;12543664;2016-05-01;1;POP_PRESENCE;NA;val;val;ano;lok;ano;ano;ano;1
2016;CZ0624100;Milovický les;Eriogaster catax;Motýli;MOTYLI1433;Milovický les;7166c;RP Jižní Morava;AOPK ČR - RP Jižní Morava;2016-05-01;2016-05-01;12543664;2016-05-01;1;STA_LIKVIDACE;NA;val;val;ne;lok;nezaznamenána;nezaznamenána;nezaznamenána;1
2017;CZ0624100;Milovický les;Eriogaster catax;Motýli;MOTYLI1435;Milovický les;7166c;RP Jižní Morava;AOPK ČR - RP Jižní Morava;2017-04-13;2017-04-13;12543667;2017-04-13;1;CELKOVE_HODNOCENI;NA;NA;NA;NA;lok;NA;NA;špatný;0
2017;CZ0624100;Milovický les;Eriogaster catax;Motýli;MOTYLI1435;Milovický les;7166c;RP Jižní Morava;AOPK ČR - RP Jižní Morava;2017-04-13;2017-04-13;12543667;2017-04-13;1;CELKOVE_SUM;NA;NA;NA;NA;NA;;;2;NA
2017;CZ0624100;Milovický les;Eriogaster catax;Motýli;MOTYLI1435;Milovický les;7166c;RP Jižní Morava;AOPK ČR - RP Jižní Morava;2017-04-13;2017-04-13;12543667;2017-04-13;1;POP_POCETSUMLOKAL;hnízda housenek;min;minmax;ano;lok;10;alespoň 10 hnízda housenek;0;0
2017;CZ0624100;Milovický les;Eriogaster catax;Motýli;MOTYLI1435;Milovický les;7166c;RP Jižní Morava;AOPK ČR - RP Jižní Morava;2017-04-13;2017-04-13;12543667;2017-04-13;1;POP_PRESENCE;NA;val;val;ano;lok;ano;ano;ano;1
2017;CZ0624100;Milovický les;Eriogaster catax;Motýli;MOTYLI1435;Milovický les;7166c;RP Jižní Morava;AOPK ČR - RP Jižní Morava;2017-04-13;2017-04-13;12543667;2017-04-13;1;STA_LIKVIDACE;NA;val;val;ne;lok;nezaznamenána;nezaznamenána;nezaznamenána;1
2017;CZ0624100;Milovický les;Eriogaster catax;Motýli;MOTYLI1436;Milovický les;7166c;RP Jižní Morava;AOPK ČR - RP Jižní Morava;2017-04-13;2017-04-13;12543654;2017-04-13;1;CELKOVE_HODNOCENI;NA;NA;NA;NA;lok;NA;NA;špatný;0
2017;CZ0624100;Milovický les;Eriogaster catax;Motýli;MOTYLI1436;Milovický les;7166c;RP Jižní Morava;AOPK ČR - RP Jižní Morava;2017-04-13;2017-04-13;12543654;2017-04-13;1;CELKOVE_SUM;NA;NA;NA;NA;NA;;;2;NA
2017;CZ0624100;Milovický les;Eriogaster catax;Motýli;MOTYLI1436;Milovický les;7166c;RP Jižní Morava;AOPK ČR - RP Jižní Morava;2017-04-13;2017-04-13;12543654;2017-04-13;1;POP_POCETSUMLOKAL;hnízda housenek;min;minmax;ano;lok;10;alespoň 10 hnízda housenek;0;0
2017;CZ0624100;Milovický les;Eriogaster catax;Motýli;MOTYLI1436;Milovický les;7166c;RP Jižní Morava;AOPK ČR - RP Jižní Morava;2017-04-13;2017-04-13;12543654;2017-04-13;1;POP_PRESENCE;NA;val;val;ano;lok;ano;ano;ano;1
2017;CZ0624100;Milovický les;Eriogaster catax;Motýli;MOTYLI1436;Milovický les;7166c;RP Jižní Morava;AOPK ČR - RP Jižní Morava;2017-04-13;2017-04-13;12543654;2017-04-13;1;STA_LIKVIDACE;NA;val;val;ne;lok;nezaznamenána;nezaznamenána;nezaznamenána;1
2017;CZ0624100;Milovický les;Eriogaster catax;Motýli;MOTYLI1437;Milovický les;7166c;RP Jižní Morava;AOPK ČR - RP Jižní Morava;2017-04-13;2017-04-13;12543652;2017-04-13;1;CELKOVE_HODNOCENI;NA;NA;NA;NA;lok;NA;NA;špatný;0
2017;CZ0624100;Milovický les;Eriogaster catax;Motýli;MOTYLI1437;Milovický les;7166c;RP Jižní Morava;AOPK ČR - RP Jižní Morava;2017-04-13;2017-04-13;12543652;2017-04-13;1;CELKOVE_SUM;NA;NA;NA;NA;NA;;;2;NA
2017;CZ0624100;Milovický les;Eriogaster catax;Motýli;MOTYLI1437;Milovický les;7166c;RP Jižní Morava;AOPK ČR - RP Jižní Morava;2017-04-13;2017-04-13;12543652;2017-04-13;1;POP_POCETSUMLOKAL;hnízda housenek;min;minmax;ano;lok;10;alespoň 10 hnízda housenek;0;0
2017;CZ0624100;Milovický les;Eriogaster catax;Motýli;MOTYLI1437;Milovický les;7166c;RP Jižní Morava;AOPK ČR - RP Jižní Morava;2017-04-13;2017-04-13;12543652;2017-04-13;1;POP_PRESENCE;NA;val;val;ano;lok;ano;ano;ano;1
2017;CZ0624100;Milovický les;Eriogaster catax;Motýli;MOTYLI1437;Milovický les;7166c;RP Jižní Morava;AOPK ČR - RP Jižní Morava;2017-04-13;2017-04-13;12543652;2017-04-13;1;STA_LIKVIDACE;NA;val;val;ne;lok;nezaznamenána;nezaznamenána;nezaznamenána;1
2018;CZ0624100;Milovický les;Eriogaster catax;Motýli;MOTYLI1439;Milovický les;7166c;RP Jižní Morava;AOPK ČR - RP Jižní Morava;2018-05-05;2018-05-05;12543668;2018-05-05;1;CELKOVE_HODNOCENI;NA;NA;NA;NA;lok;NA;NA;špatný;0
2018;CZ0624100;Milovický les;Eriogaster catax;Motýli;MOTYLI1439;Milovický les;7166c;RP Jižní Morava;AOPK ČR - RP Jižní Morava;2018-05-05;2018-05-05;12543668;2018-05-05;1;CELKOVE_SUM;NA;NA;NA;NA;NA;;;2;NA
2018;CZ0624100;Milovický les;Eriogaster catax;Motýli;MOTYLI1439;Milovický les;7166c;RP Jižní Morava;AOPK ČR - RP Jižní Morava;2018-05-05;2018-05-05;12543668;2018-05-05;1;POP_POCETSUMLOKAL;hnízda housenek;min;minmax;ano;lok;10;alespoň 10 hnízda housenek;0;0
2018;CZ0624100;Milovický les;Eriogaster catax;Motýli;MOTYLI1439;Milovický les;7166c;RP Jižní Morava;AOPK ČR - RP Jižní Morava;2018-05-05;2018-05-05;12543668;2018-05-05;1;POP_PRESENCE;NA;val;val;ano;lok;ano;ano;ano;1
2018;CZ0624100;Milovický les;Eriogaster catax;Motýli;MOTYLI1439;Milovický les;7166c;RP Jižní Morava;AOPK ČR - RP Jižní Morava;2018-05-05;2018-05-05;12543668;2018-05-05;1;STA_LIKVIDACE;NA;val;val;ne;lok;nezaznamenána;nezaznamenána;nezaznamenána;1
2018;CZ0624100;Milovický les;Eriogaster catax;Motýli;MOTYLI1440;Milovický les;7166c;RP Jižní Morava;AOPK ČR - RP Jižní Morava;2018-05-05;2018-05-05;12543657;2018-05-05;1;CELKOVE_HODNOCENI;NA;NA;NA;NA;lok;NA;NA;špatný;0
2018;CZ0624100;Milovický les;Eriogaster catax;Motýli;MOTYLI1440;Milovický les;7166c;RP Jižní Morava;AOPK ČR - RP Jižní Morava;2018-05-05;2018-05-05;12543657;2018-05-05;1;CELKOVE_SUM;NA;NA;NA;NA;NA;;;2;NA
2018;CZ0624100;Milovický les;Eriogaster catax;Motýli;MOTYLI1440;Milovický les;7166c;RP Jižní Morava;AOPK ČR - RP Jižní Morava;2018-05-05;2018-05-05;12543657;2018-05-05;1;POP_POCETSUMLOKAL;hnízda housenek;min;minmax;ano;lok;10;alespoň 10 hnízda housenek;0;0
2018;CZ0624100;Milovický les;Eriogaster catax;Motýli;MOTYLI1440;Milovický les;7166c;RP Jižní Morava;AOPK ČR - RP Jižní Morava;2018-05-05;2018-05-05;12543657;2018-05-05;1;POP_PRESENCE;NA;val;val;ano;lok;ano;ano;ano;1
2018;CZ0624100;Milovický les;Eriogaster catax;Motýli;MOTYLI1440;Milovický les;7166c;RP Jižní Morava;AOPK ČR - RP Jižní Morava;2018-05-05;2018-05-05;12543657;2018-05-05;1;STA_LIKVIDACE;NA;val;val;ne;lok;nezaznamenána;nezaznamenána;nezaznamenána;1
2018;CZ0624100;Milovický les;Eriogaster catax;Motýli;MOTYLI1441;Milovický les;7166c;RP Jižní Morava;AOPK ČR - RP Jižní Morava;2018-05-05;2018-05-05;12543663;2018-05-05;1;CELKOVE_HODNOCENI;NA;NA;NA;NA;lok;NA;NA;špatný;0
2018;CZ0624100;Milovický les;Eriogaster catax;Motýli;MOTYLI1441;Milovický les;7166c;RP Jižní Morava;AOPK ČR - RP Jižní Morava;2018-05-05;2018-05-05;12543663;2018-05-05;1;CELKOVE_SUM;NA;NA;NA;NA;NA;;;2;NA
2018;CZ0624100;Milovický les;Eriogaster catax;Motýli;MOTYLI1441;Milovický les;7166c;RP Jižní Morava;AOPK ČR - RP Jižní Morava;2018-05-05;2018-05-05;12543663;2018-05-05;1;POP_POCETSUMLOKAL;hnízda housenek;min;minmax;ano;lok;10;alespoň 10 hnízda housenek;0;0
2018;CZ0624100;Milovický les;Eriogaster catax;Motýli;MOTYLI1441;Milovický les;7166c;RP Jižní Morava;AOPK ČR - RP Jižní Morava;2018-05-05;2018-05-05;12543663;2018-05-05;1;POP_PRESENCE;NA;val;val;ano;lok;ano;ano;ano;1
2018;CZ0624100;Milovický les;Eriogaster catax;Motýli;MOTYLI1441;Milovický les;7166c;RP Jižní Morava;AOPK ČR - RP Jižní Morava;2018-05-05;2018-05-05;12543663;2018-05-05;1;STA_LIKVIDACE;NA;val;val;ne;lok;nezaznamenána;nezaznamenána;nezaznamenána;1
2018;CZ0624100;Milovický les;Eriogaster catax;Motýli;MOTYLI1468;CZ0624100 - Milovický les;7166c;RP Jižní Morava;AOPK ČR - RP Jižní Morava;2018-05-05;2018-05-05;12543684;2018-05-05;1;CELKOVE_HODNOCENI;NA;NA;NA;NA;lok;NA;NA;dobrý;1
2018;CZ0624100;Milovický les;Eriogaster catax;Motýli;MOTYLI1468;CZ0624100 - Milovický les;7166c;RP Jižní Morava;AOPK ČR - RP Jižní Morava;2018-05-05;2018-05-05;12543684;2018-05-05;1;CELKOVE_SUM;NA;NA;NA;NA;NA;;;3;NA
2018;CZ0624100;Milovický les;Eriogaster catax;Motýli;MOTYLI1468;CZ0624100 - Milovický les;7166c;RP Jižní Morava;AOPK ČR - RP Jižní Morava;2018-05-05;2018-05-05;12543684;2018-05-05;1;POP_POCETSUMLOKAL;hnízda housenek;min;minmax;ano;lok;10;alespoň 10 hnízda housenek;25;1
2018;CZ0624100;Milovický les;Eriogaster catax;Motýli;MOTYLI1468;CZ0624100 - Milovický les;7166c;RP Jižní Morava;AOPK ČR - RP Jižní Morava;2018-05-05;2018-05-05;12543684;2018-05-05;1;POP_PRESENCE;NA;val;val;ano;lok;ano;ano;ano;1
2018;CZ0624100;Milovický les;Eriogaster catax;Motýli;MOTYLI1468;CZ0624100 - Milovický les;7166c;RP Jižní Morava;AOPK ČR - RP Jižní Morava;2018-05-05;2018-05-05;12543684;2018-05-05;1;STA_LIKVIDACE;NA;val;val;ne;lok;nezaznamenána;nezaznamenána;nezaznamenána;1
2017;CZ0624100;Milovický les;Eriogaster catax;Motýli;MOTYLI1469;CZ0624100 - Milovický les;7166c;RP Jižní Morava;AOPK ČR - RP Jižní Morava;2017-04-13;2017-04-13;12543683;2017-04-13;1;CELKOVE_HODNOCENI;NA;NA;NA;NA;lok;NA;NA;dobrý;1
2017;CZ0624100;Milovický les;Eriogaster catax;Motýli;MOTYLI1469;CZ0624100 - Milovický les;7166c;RP Jižní Morava;AOPK ČR - RP Jižní Morava;2017-04-13;2017-04-13;12543683;2017-04-13;1;CELKOVE_SUM;NA;NA;NA;NA;NA;;;3;NA
2017;CZ0624100;Milovický les;Eriogaster catax;Motýli;MOTYLI1469;CZ0624100 - Milovický les;7166c;RP Jižní Morava;AOPK ČR - RP Jižní Morava;2017-04-13;2017-04-13;12543683;2017-04-13;1;POP_POCETSUMLOKAL;hnízda housenek;min;minmax;ano;lok;10;alespoň 10 hnízda housenek;50;1
2017;CZ0624100;Milovický les;Eriogaster catax;Motýli;MOTYLI1469;CZ0624100 - Milovický les;7166c;RP Jižní Morava;AOPK ČR - RP Jižní Morava;2017-04-13;2017-04-13;12543683;2017-04-13;1;POP_PRESENCE;NA;val;val;ano;lok;ano;ano;ano;1
2017;CZ0624100;Milovický les;Eriogaster catax;Motýli;MOTYLI1469;CZ0624100 - Milovický les;7166c;RP Jižní Morava;AOPK ČR - RP Jižní Morava;2017-04-13;2017-04-13;12543683;2017-04-13;1;STA_LIKVIDACE;NA;val;val;ne;lok;nezaznamenána;nezaznamenána;nezaznamenána;1
2016;CZ0624100;Milovický les;Eriogaster catax;Motýli;MOTYLI1470;CZ0624100 - Milovický les;7166c;RP Jižní Morava;AOPK ČR - RP Jižní Morava;2016-05-01;2016-05-01;12543682;2016-05-01;1;CELKOVE_HODNOCENI;NA;NA;NA;NA;lok;NA;NA;špatný;0
2016;CZ0624100;Milovický les;Eriogaster catax;Motýli;MOTYLI1470;CZ0624100 - Milovický les;7166c;RP Jižní Morava;AOPK ČR - RP Jižní Morava;2016-05-01;2016-05-01;12543682;2016-05-01;1;CELKOVE_SUM;NA;NA;NA;NA;NA;;;2;NA
2016;CZ0624100;Milovický les;Eriogaster catax;Motýli;MOTYLI1470;CZ0624100 - Milovický les;7166c;RP Jižní Morava;AOPK ČR - RP Jižní Morava;2016-05-01;2016-05-01;12543682;2016-05-01;1;POP_POCETSUMLOKAL;hnízda housenek;min;minmax;ano;lok;10;alespoň 10 hnízda housenek;5;0
2016;CZ0624100;Milovický les;Eriogaster catax;Motýli;MOTYLI1470;CZ0624100 - Milovický les;7166c;RP Jižní Morava;AOPK ČR - RP Jižní Morava;2016-05-01;2016-05-01;12543682;2016-05-01;1;POP_PRESENCE;NA;val;val;ano;lok;ano;ano;ano;1
2016;CZ0624100;Milovický les;Eriogaster catax;Motýli;MOTYLI1470;CZ0624100 - Milovický les;7166c;RP Jižní Morava;AOPK ČR - RP Jižní Morava;2016-05-01;2016-05-01;12543682;2016-05-01;1;STA_LIKVIDACE;NA;val;val;ne;lok;nezaznamenána;nezaznamenána;nezaznamenána;1
2023;CZ0624100;Milovický les;Eriogaster catax;Motýli;MOTYLI2237;Liščí vrch;7266a;RP Jižní Morava;AOPK ČR - RP Jižní Morava;2023-04-19;2023-04-19;12800584;2023-04-19;1;CELKOVE_HODNOCENI;NA;NA;NA;NA;lok;NA;NA;špatný;0
2023;CZ0624100;Milovický les;Eriogaster catax;Motýli;MOTYLI2237;Liščí vrch;7266a;RP Jižní Morava;AOPK ČR - RP Jižní Morava;2023-04-19;2023-04-19;12800584;2023-04-19;1;CELKOVE_SUM;NA;NA;NA;NA;NA;;;1;NA
2023;CZ0624100;Milovický les;Eriogaster catax;Motýli;MOTYLI2237;Liščí vrch;7266a;RP Jižní Morava;AOPK ČR - RP Jižní Morava;2023-04-19;2023-04-19;12800584;2023-04-19;1;POP_POCETSUMLOKAL;hnízda housenek;min;minmax;ano;lok;10;alespoň 10 hnízda housenek;0;0
2023;CZ0624100;Milovický les;Eriogaster catax;Motýli;MOTYLI2237;Liščí vrch;7266a;RP Jižní Morava;AOPK ČR - RP Jižní Morava;2023-04-19;2023-04-19;12800584;2023-04-19;1;POP_PRESENCE;NA;val;val;ano;lok;ano;ano;ne;0
2023;CZ0624100;Milovický les;Eriogaster catax;Motýli;MOTYLI2237;Liščí vrch;7266a;RP Jižní Morava;AOPK ČR - RP Jižní Morava;2023-04-19;2023-04-19;12800584;2023-04-19;1;STA_LIKVIDACE;NA;val;val;ne;lok;nezaznamenána;nezaznamenána;nezaznamenána;1
2024;CZ0624100;Milovický les;Eriogaster catax;Motýli;MOTYLI2282;Mikulova - cvičák;7166c;RP Jižní Morava;AOPK ČR - RP Jižní Morava;2024-04-09;2024-04-09;12958996, 12958997, 12959001;2024-04-09;1;CELKOVE_HODNOCENI;NA;NA;NA;NA;lok;NA;NA;špatný;0
2024;CZ0624100;Milovický les;Eriogaster catax;Motýli;MOTYLI2282;Mikulova - cvičák;7166c;RP Jižní Morava;AOPK ČR - RP Jižní Morava;2024-04-09;2024-04-09;12958996, 12958997, 12959001;2024-04-09;1;CELKOVE_SUM;NA;NA;NA;NA;NA;;;2;NA
2024;CZ0624100;Milovický les;Eriogaster catax;Motýli;MOTYLI2282;Mikulova - cvičák;7166c;RP Jižní Morava;AOPK ČR - RP Jižní Morava;2024-04-09;2024-04-09;12958996, 12958997, 12959001;2024-04-09;1;POP_POCETSUMLOKAL;hnízda housenek;min;minmax;ano;lok;10;alespoň 10 hnízda housenek;3;0
2024;CZ0624100;Milovický les;Eriogaster catax;Motýli;MOTYLI2282;Mikulova - cvičák;7166c;RP Jižní Morava;AOPK ČR - RP Jižní Morava;2024-04-09;2024-04-09;12958996, 12958997, 12959001;2024-04-09;1;POP_PRESENCE;NA;val;val;ano;lok;ano;ano;ano;1
2024;CZ0624100;Milovický les;Eriogaster catax;Motýli;MOTYLI2282;Mikulova - cvičák;7166c;RP Jižní Morava;AOPK ČR - RP Jižní Morava;2024-04-09;2024-04-09;12958996, 12958997, 12959001;2024-04-09;1;STA_LIKVIDACE;NA;val;val;ne;lok;nezaznamenána;nezaznamenána;nezaznamenána;1
2024;CZ0624100;Milovický les;Eriogaster catax;Motýli;Mikulov;Mikulov;7166c;RP Jižní Morava;AOPK ČR - RP Jižní Morava;2001-09-02;2024-04-15;12965538, 12965539;2024-04-15;0;CELKOVE_HODNOCENI;NA;NA;NA;NA;lok;NA;NA;špatný;0
2024;CZ0624100;Milovický les;Eriogaster catax;Motýli;Mikulov;Mikulov;7166c;RP Jižní Morava;AOPK ČR - RP Jižní Morava;2001-09-02;2024-04-15;12965538, 12965539;2024-04-15;0;CELKOVE_SUM;NA;NA;NA;NA;NA;;;1;NA
2024;CZ0624100;Milovický les;Eriogaster catax;Motýli;Mikulov;Mikulov;7166c;RP Jižní Morava;AOPK ČR - RP Jižní Morava;2001-09-02;2024-04-15;12965538, 12965539;2024-04-15;0;POP_POCETSUMLOKAL;hnízda housenek;min;minmax;ano;lok;10;alespoň 10 hnízda housenek;2;0
2024;CZ0624100;Milovický les;Eriogaster catax;Motýli;Mikulov;Mikulov;7166c;RP Jižní Morava;AOPK ČR - RP Jižní Morava;2001-09-02;2024-04-15;12965538, 12965539;2024-04-15;0;POP_PRESENCE;NA;val;val;ano;lok;ano;ano;ano;1
2024;CZ0624100;Milovický les;Eriogaster catax;Motýli;Mikulov;Mikulov;7166c;RP Jižní Morava;AOPK ČR - RP Jižní Morava;2001-09-02;2024-04-15;12965538, 12965539;2024-04-15;0;STA_LIKVIDACE;NA;val;val;ne;lok;nezaznamenána;nezaznamenána;neznámý;NA
2023;CZ0624100;Milovický les;Eriogaster catax;Motýli;Mikulov - Mikulov na Moravě;Mikulov - Mikulov na Moravě;7166c;RP Jižní Morava;AOPK ČR - RP Jižní Morava;2020-04-18;2023-05-15;12500629, 12500476, 12500963, 12500859;2023-05-15;0;CELKOVE_HODNOCENI;NA;NA;NA;NA;lok;NA;NA;špatný;0
2023;CZ0624100;Milovický les;Eriogaster catax;Motýli;Mikulov - Mikulov na Moravě;Mikulov - Mikulov na Moravě;7166c;RP Jižní Morava;AOPK ČR - RP Jižní Morava;2020-04-18;2023-05-15;12500629, 12500476, 12500963, 12500859;2023-05-15;0;CELKOVE_SUM;NA;NA;NA;NA;NA;;;1;NA
2023;CZ0624100;Milovický les;Eriogaster catax;Motýli;Mikulov - Mikulov na Moravě;Mikulov - Mikulov na Moravě;7166c;RP Jižní Morava;AOPK ČR - RP Jižní Morava;2020-04-18;2023-05-15;12500629, 12500476, 12500963, 12500859;2023-05-15;0;POP_POCETSUMLOKAL;hnízda housenek;min;minmax;ano;lok;10;alespoň 10 hnízda housenek;0;0
2023;CZ0624100;Milovický les;Eriogaster catax;Motýli;Mikulov - Mikulov na Moravě;Mikulov - Mikulov na Moravě;7166c;RP Jižní Morava;AOPK ČR - RP Jižní Morava;2020-04-18;2023-05-15;12500629, 12500476, 12500963, 12500859;2023-05-15;0;POP_PRESENCE;NA;val;val;ano;lok;ano;ano;ano;1
2023;CZ0624100;Milovický les;Eriogaster catax;Motýli;Mikulov - Mikulov na Moravě;Mikulov - Mikulov na Moravě;7166c;RP Jižní Morava;AOPK ČR - RP Jižní Morava;2020-04-18;2023-05-15;12500629, 12500476, 12500963, 12500859;2023-05-15;0;STA_LIKVIDACE;NA;val;val;ne;lok;nezaznamenána;nezaznamenána;neznámý;NA
2016;CZ0624100;Milovický les;Eriogaster catax;Motýli;Mikulov - cvičiště B;Mikulov - cvičiště B;7166c;RP Jižní Morava;AOPK ČR - RP Jižní Morava;2016-04-16;2016-04-16;9662633, 9662635;2016-04-16;0;CELKOVE_HODNOCENI;NA;NA;NA;NA;lok;NA;NA;špatný;0
2016;CZ0624100;Milovický les;Eriogaster catax;Motýli;Mikulov - cvičiště B;Mikulov - cvičiště B;7166c;RP Jižní Morava;AOPK ČR - RP Jižní Morava;2016-04-16;2016-04-16;9662633, 9662635;2016-04-16;0;CELKOVE_SUM;NA;NA;NA;NA;NA;;;1;NA
2016;CZ0624100;Milovický les;Eriogaster catax;Motýli;Mikulov - cvičiště B;Mikulov - cvičiště B;7166c;RP Jižní Morava;AOPK ČR - RP Jižní Morava;2016-04-16;2016-04-16;9662633, 9662635;2016-04-16;0;POP_POCETSUMLOKAL;hnízda housenek;min;minmax;ano;lok;10;alespoň 10 hnízda housenek;2;0
2016;CZ0624100;Milovický les;Eriogaster catax;Motýli;Mikulov - cvičiště B;Mikulov - cvičiště B;7166c;RP Jižní Morava;AOPK ČR - RP Jižní Morava;2016-04-16;2016-04-16;9662633, 9662635;2016-04-16;0;POP_PRESENCE;NA;val;val;ano;lok;ano;ano;ano;1
2016;CZ0624100;Milovický les;Eriogaster catax;Motýli;Mikulov - cvičiště B;Mikulov - cvičiště B;7166c;RP Jižní Morava;AOPK ČR - RP Jižní Morava;2016-04-16;2016-04-16;9662633, 9662635;2016-04-16;0;STA_LIKVIDACE;NA;val;val;ne;lok;nezaznamenána;nezaznamenána;neznámý;NA
2017;CZ0624100;Milovický les;Eriogaster catax;Motýli;Mikulov na Moravě - PP Na cvičišti;Mikulov na Moravě - PP Na cvičišti;7166c;RP Jižní Morava;AOPK ČR - RP Jižní Morava;2017-05-08;2017-05-08;9831736;2017-05-08;0;CELKOVE_HODNOCENI;NA;NA;NA;NA;lok;NA;NA;špatný;0
2017;CZ0624100;Milovický les;Eriogaster catax;Motýli;Mikulov na Moravě - PP Na cvičišti;Mikulov na Moravě - PP Na cvičišti;7166c;RP Jižní Morava;AOPK ČR - RP Jižní Morava;2017-05-08;2017-05-08;9831736;2017-05-08;0;CELKOVE_SUM;NA;NA;NA;NA;NA;;;1;NA
2017;CZ0624100;Milovický les;Eriogaster catax;Motýli;Mikulov na Moravě - PP Na cvičišti;Mikulov na Moravě - PP Na cvičišti;7166c;RP Jižní Morava;AOPK ČR - RP Jižní Morava;2017-05-08;2017-05-08;9831736;2017-05-08;0;POP_POCETSUMLOKAL;hnízda housenek;min;minmax;ano;lok;10;alespoň 10 hnízda housenek;7;0
2017;CZ0624100;Milovický les;Eriogaster catax;Motýli;Mikulov na Moravě - PP Na cvičišti;Mikulov na Moravě - PP Na cvičišti;7166c;RP Jižní Morava;AOPK ČR - RP Jižní Morava;2017-05-08;2017-05-08;9831736;2017-05-08;0;POP_PRESENCE;NA;val;val;ano;lok;ano;ano;ano;1
2017;CZ0624100;Milovický les;Eriogaster catax;Motýli;Mikulov na Moravě - PP Na cvičišti;Mikulov na Moravě - PP Na cvičišti;7166c;RP Jižní Morava;AOPK ČR - RP Jižní Morava;2017-05-08;2017-05-08;9831736;2017-05-08;0;STA_LIKVIDACE;NA;val;val;ne;lok;nezaznamenána;nezaznamenána;neznámý;NA
2023;CZ0624100;Milovický les;Eriogaster catax;Motýli;Mikulov, 421;Mikulov, 421;7166c;RP Jižní Morava;AOPK ČR - RP Jižní Morava;2022-04-14;2023-04-26;12496516, 12496517;2023-04-26;0;CELKOVE_HODNOCENI;NA;NA;NA;NA;lok;NA;NA;špatný;0
2023;CZ0624100;Milovický les;Eriogaster catax;Motýli;Mikulov, 421;Mikulov, 421;7166c;RP Jižní Morava;AOPK ČR - RP Jižní Morava;2022-04-14;2023-04-26;12496516, 12496517;2023-04-26;0;CELKOVE_SUM;NA;NA;NA;NA;NA;;;1;NA
2023;CZ0624100;Milovický les;Eriogaster catax;Motýli;Mikulov, 421;Mikulov, 421;7166c;RP Jižní Morava;AOPK ČR - RP Jižní Morava;2022-04-14;2023-04-26;12496516, 12496517;2023-04-26;0;POP_POCETSUMLOKAL;hnízda housenek;min;minmax;ano;lok;10;alespoň 10 hnízda housenek;2;0
2023;CZ0624100;Milovický les;Eriogaster catax;Motýli;Mikulov, 421;Mikulov, 421;7166c;RP Jižní Morava;AOPK ČR - RP Jižní Morava;2022-04-14;2023-04-26;12496516, 12496517;2023-04-26;0;POP_PRESENCE;NA;val;val;ano;lok;ano;ano;ano;1
2023;CZ0624100;Milovický les;Eriogaster catax;Motýli;Mikulov, 421;Mikulov, 421;7166c;RP Jižní Morava;AOPK ČR - RP Jižní Morava;2022-04-14;2023-04-26;12496516, 12496517;2023-04-26;0;STA_LIKVIDACE;NA;val;val;ne;lok;nezaznamenána;nezaznamenána;neznámý;NA
2023;CZ0624100;Milovický les;Eriogaster catax;Motýli;Mikulov, Silnice bez názvu;Mikulov, Silnice bez názvu;7166c;RP Jižní Morava;AOPK ČR - RP Jižní Morava;2023-04-26;2023-04-26;12496518, 12496519;2023-04-26;0;CELKOVE_HODNOCENI;NA;NA;NA;NA;lok;NA;NA;špatný;0
2023;CZ0624100;Milovický les;Eriogaster catax;Motýli;Mikulov, Silnice bez názvu;Mikulov, Silnice bez názvu;7166c;RP Jižní Morava;AOPK ČR - RP Jižní Morava;2023-04-26;2023-04-26;12496518, 12496519;2023-04-26;0;CELKOVE_SUM;NA;NA;NA;NA;NA;;;1;NA
2023;CZ0624100;Milovický les;Eriogaster catax;Motýli;Mikulov, Silnice bez názvu;Mikulov, Silnice bez názvu;7166c;RP Jižní Morava;AOPK ČR - RP Jižní Morava;2023-04-26;2023-04-26;12496518, 12496519;2023-04-26;0;POP_POCETSUMLOKAL;hnízda housenek;min;minmax;ano;lok;10;alespoň 10 hnízda housenek;2;0
2023;CZ0624100;Milovický les;Eriogaster catax;Motýli;Mikulov, Silnice bez názvu;Mikulov, Silnice bez názvu;7166c;RP Jižní Morava;AOPK ČR - RP Jižní Morava;2023-04-26;2023-04-26;12496518, 12496519;2023-04-26;0;POP_PRESENCE;NA;val;val;ano;lok;ano;ano;ano;1
2023;CZ0624100;Milovický les;Eriogaster catax;Motýli;Mikulov, Silnice bez názvu;Mikulov, Silnice bez názvu;7166c;RP Jižní Morava;AOPK ČR - RP Jižní Morava;2023-04-26;2023-04-26;12496518, 12496519;2023-04-26;0;STA_LIKVIDACE;NA;val;val;ne;lok;nezaznamenána;nezaznamenána;neznámý;NA
2024;CZ0624100;Milovický les;Eriogaster catax;Motýli;Mikulov-Mikulov na Moravě;Mikulov-Mikulov na Moravě;7166c;RP Jižní Morava;AOPK ČR - RP Jižní Morava;2024-04-09;2024-04-09;12963543;2024-04-09;0;CELKOVE_HODNOCENI;NA;NA;NA;NA;lok;NA;NA;špatný;0
2024;CZ0624100;Milovický les;Eriogaster catax;Motýli;Mikulov-Mikulov na Moravě;Mikulov-Mikulov na Moravě;7166c;RP Jižní Morava;AOPK ČR - RP Jižní Morava;2024-04-09;2024-04-09;12963543;2024-04-09;0;CELKOVE_SUM;NA;NA;NA;NA;NA;;;1;NA
2024;CZ0624100;Milovický les;Eriogaster catax;Motýli;Mikulov-Mikulov na Moravě;Mikulov-Mikulov na Moravě;7166c;RP Jižní Morava;AOPK ČR - RP Jižní Morava;2024-04-09;2024-04-09;12963543;2024-04-09;0;POP_POCETSUMLOKAL;hnízda housenek;min;minmax;ano;lok;10;alespoň 10 hnízda housenek;0;0
2024;CZ0624100;Milovický les;Eriogaster catax;Motýli;Mikulov-Mikulov na Moravě;Mikulov-Mikulov na Moravě;7166c;RP Jižní Morava;AOPK ČR - RP Jižní Morava;2024-04-09;2024-04-09;12963543;2024-04-09;0;POP_PRESENCE;NA;val;val;ano;lok;ano;ano;ano;1
2024;CZ0624100;Milovický les;Eriogaster catax;Motýli;Mikulov-Mikulov na Moravě;Mikulov-Mikulov na Moravě;7166c;RP Jižní Morava;AOPK ČR - RP Jižní Morava;2024-04-09;2024-04-09;12963543;2024-04-09;0;STA_LIKVIDACE;NA;val;val;ne;lok;nezaznamenána;nezaznamenána;neznámý;NA
2024;CZ0624100;Milovický les;Eriogaster catax;Motýli;Mikulov-Mikulov na Moravě, 421;Mikulov-Mikulov na Moravě, 421;7166c;RP Jižní Morava;AOPK ČR - RP Jižní Morava;2024-04-15;2024-04-15;12965540, 12965541;2024-04-15;0;CELKOVE_HODNOCENI;NA;NA;NA;NA;lok;NA;NA;špatný;0
2024;CZ0624100;Milovický les;Eriogaster catax;Motýli;Mikulov-Mikulov na Moravě, 421;Mikulov-Mikulov na Moravě, 421;7166c;RP Jižní Morava;AOPK ČR - RP Jižní Morava;2024-04-15;2024-04-15;12965540, 12965541;2024-04-15;0;CELKOVE_SUM;NA;NA;NA;NA;NA;;;1;NA
2024;CZ0624100;Milovický les;Eriogaster catax;Motýli;Mikulov-Mikulov na Moravě, 421;Mikulov-Mikulov na Moravě, 421;7166c;RP Jižní Morava;AOPK ČR - RP Jižní Morava;2024-04-15;2024-04-15;12965540, 12965541;2024-04-15;0;POP_POCETSUMLOKAL;hnízda housenek;min;minmax;ano;lok;10;alespoň 10 hnízda housenek;2;0
2024;CZ0624100;Milovický les;Eriogaster catax;Motýli;Mikulov-Mikulov na Moravě, 421;Mikulov-Mikulov na Moravě, 421;7166c;RP Jižní Morava;AOPK ČR - RP Jižní Morava;2024-04-15;2024-04-15;12965540, 12965541;2024-04-15;0;POP_PRESENCE;NA;val;val;ano;lok;ano;ano;ano;1
2024;CZ0624100;Milovický les;Eriogaster catax;Motýli;Mikulov-Mikulov na Moravě, 421;Mikulov-Mikulov na Moravě, 421;7166c;RP Jižní Morava;AOPK ČR - RP Jižní Morava;2024-04-15;2024-04-15;12965540, 12965541;2024-04-15;0;STA_LIKVIDACE;NA;val;val;ne;lok;nezaznamenána;nezaznamenána;neznámý;NA
2017;CZ0624100;Milovický les;Eriogaster catax;Motýli;PP  Na cvičišti;PP  Na cvičišti;7166c;RP Jižní Morava;AOPK ČR - RP Jižní Morava;2017-04-02;2017-04-02;9820750;2017-04-02;0;CELKOVE_HODNOCENI;NA;NA;NA;NA;lok;NA;NA;špatný;0
2017;CZ0624100;Milovický les;Eriogaster catax;Motýli;PP  Na cvičišti;PP  Na cvičišti;7166c;RP Jižní Morava;AOPK ČR - RP Jižní Morava;2017-04-02;2017-04-02;9820750;2017-04-02;0;CELKOVE_SUM;NA;NA;NA;NA;NA;;;1;NA
2017;CZ0624100;Milovický les;Eriogaster catax;Motýli;PP  Na cvičišti;PP  Na cvičišti;7166c;RP Jižní Morava;AOPK ČR - RP Jižní Morava;2017-04-02;2017-04-02;9820750;2017-04-02;0;POP_POCETSUMLOKAL;hnízda housenek;min;minmax;ano;lok;10;alespoň 10 hnízda housenek;1;0
2017;CZ0624100;Milovický les;Eriogaster catax;Motýli;PP  Na cvičišti;PP  Na cvičišti;7166c;RP Jižní Morava;AOPK ČR - RP Jižní Morava;2017-04-02;2017-04-02;9820750;2017-04-02;0;POP_PRESENCE;NA;val;val;ano;lok;ano;ano;ano;1
2017;CZ0624100;Milovický les;Eriogaster catax;Motýli;PP  Na cvičišti;PP  Na cvičišti;7166c;RP Jižní Morava;AOPK ČR - RP Jižní Morava;2017-04-02;2017-04-02;9820750;2017-04-02;0;STA_LIKVIDACE;NA;val;val;ne;lok;nezaznamenána;nezaznamenána;neznámý;NA
2019;CZ0624100;Milovický les;Eriogaster catax;Motýli;PP Na Cvičišti;PP Na Cvičišti;7166c;RP Jižní Morava;AOPK ČR - RP Jižní Morava;2019-04-19;2019-04-19;10870095, 10870096, 10870097, 10870098, 10870099, 10870102, 10870103, 10870106, 10870107, 10870108, 10870109, 10870110, 10870111, 10870112, 10870113, 10870114, 10870115, 10870116, 10870117, 10870118, 10870119, 10870120;2019-04-19;0;CELKOVE_HODNOCENI;NA;NA;NA;NA;lok;NA;NA;dobrý;1
2019;CZ0624100;Milovický les;Eriogaster catax;Motýli;PP Na Cvičišti;PP Na Cvičišti;7166c;RP Jižní Morava;AOPK ČR - RP Jižní Morava;2019-04-19;2019-04-19;10870095, 10870096, 10870097, 10870098, 10870099, 10870102, 10870103, 10870106, 10870107, 10870108, 10870109, 10870110, 10870111, 10870112, 10870113, 10870114, 10870115, 10870116, 10870117, 10870118, 10870119, 10870120;2019-04-19;0;CELKOVE_SUM;NA;NA;NA;NA;NA;;;2;NA
2019;CZ0624100;Milovický les;Eriogaster catax;Motýli;PP Na Cvičišti;PP Na Cvičišti;7166c;RP Jižní Morava;AOPK ČR - RP Jižní Morava;2019-04-19;2019-04-19;10870095, 10870096, 10870097, 10870098, 10870099, 10870102, 10870103, 10870106, 10870107, 10870108, 10870109, 10870110, 10870111, 10870112, 10870113, 10870114, 10870115, 10870116, 10870117, 10870118, 10870119, 10870120;2019-04-19;0;POP_POCETSUMLOKAL;hnízda housenek;min;minmax;ano;lok;10;alespoň 10 hnízda housenek;21;1
2019;CZ0624100;Milovický les;Eriogaster catax;Motýli;PP Na Cvičišti;PP Na Cvičišti;7166c;RP Jižní Morava;AOPK ČR - RP Jižní Morava;2019-04-19;2019-04-19;10870095, 10870096, 10870097, 10870098, 10870099, 10870102, 10870103, 10870106, 10870107, 10870108, 10870109, 10870110, 10870111, 10870112, 10870113, 10870114, 10870115, 10870116, 10870117, 10870118, 10870119, 10870120;2019-04-19;0;POP_PRESENCE;NA;val;val;ano;lok;ano;ano;ano;1
2019;CZ0624100;Milovický les;Eriogaster catax;Motýli;PP Na Cvičišti;PP Na Cvičišti;7166c;RP Jižní Morava;AOPK ČR - RP Jižní Morava;2019-04-19;2019-04-19;10870095, 10870096, 10870097, 10870098, 10870099, 10870102, 10870103, 10870106, 10870107, 10870108, 10870109, 10870110, 10870111, 10870112, 10870113, 10870114, 10870115, 10870116, 10870117, 10870118, 10870119, 10870120;2019-04-19;0;STA_LIKVIDACE;NA;val;val;ne;lok;nezaznamenána;nezaznamenána;neznámý;NA
2024;CZ0624100;Milovický les;Eriogaster catax;Motýli;PP Na cvičišti;PP Na cvičišti;7166c;RP Jižní Morava;AOPK ČR - RP Jižní Morava;2017-05-01;2024-04-17;12965967;2024-04-17;0;CELKOVE_HODNOCENI;NA;NA;NA;NA;lok;NA;NA;špatný;0
2024;CZ0624100;Milovický les;Eriogaster catax;Motýli;PP Na cvičišti;PP Na cvičišti;7166c;RP Jižní Morava;AOPK ČR - RP Jižní Morava;2017-05-01;2024-04-17;12965967;2024-04-17;0;CELKOVE_SUM;NA;NA;NA;NA;NA;;;1;NA
2024;CZ0624100;Milovický les;Eriogaster catax;Motýli;PP Na cvičišti;PP Na cvičišti;7166c;RP Jižní Morava;AOPK ČR - RP Jižní Morava;2017-05-01;2024-04-17;12965967;2024-04-17;0;POP_POCETSUMLOKAL;hnízda housenek;min;minmax;ano;lok;10;alespoň 10 hnízda housenek;1;0
2024;CZ0624100;Milovický les;Eriogaster catax;Motýli;PP Na cvičišti;PP Na cvičišti;7166c;RP Jižní Morava;AOPK ČR - RP Jižní Morava;2017-05-01;2024-04-17;12965967;2024-04-17;0;POP_PRESENCE;NA;val;val;ano;lok;ano;ano;ano;1
2024;CZ0624100;Milovický les;Eriogaster catax;Motýli;PP Na cvičišti;PP Na cvičišti;7166c;RP Jižní Morava;AOPK ČR - RP Jižní Morava;2017-05-01;2024-04-17;12965967;2024-04-17;0;STA_LIKVIDACE;NA;val;val;ne;lok;nezaznamenána;nezaznamenána;neznámý;NA
2019;CZ0624100;Milovický les;Eriogaster catax;Motýli;PP Na cvičišti, Mikulov;PP Na cvičišti, Mikulov;7166c;RP Jižní Morava;AOPK ČR - RP Jižní Morava;2018-05-05;2019-04-19;10612996;2019-04-19;0;CELKOVE_HODNOCENI;NA;NA;NA;NA;lok;NA;NA;dobrý;1
2019;CZ0624100;Milovický les;Eriogaster catax;Motýli;PP Na cvičišti, Mikulov;PP Na cvičišti, Mikulov;7166c;RP Jižní Morava;AOPK ČR - RP Jižní Morava;2018-05-05;2019-04-19;10612996;2019-04-19;0;CELKOVE_SUM;NA;NA;NA;NA;NA;;;2;NA
2019;CZ0624100;Milovický les;Eriogaster catax;Motýli;PP Na cvičišti, Mikulov;PP Na cvičišti, Mikulov;7166c;RP Jižní Morava;AOPK ČR - RP Jižní Morava;2018-05-05;2019-04-19;10612996;2019-04-19;0;POP_POCETSUMLOKAL;hnízda housenek;min;minmax;ano;lok;10;alespoň 10 hnízda housenek;40;1
2019;CZ0624100;Milovický les;Eriogaster catax;Motýli;PP Na cvičišti, Mikulov;PP Na cvičišti, Mikulov;7166c;RP Jižní Morava;AOPK ČR - RP Jižní Morava;2018-05-05;2019-04-19;10612996;2019-04-19;0;POP_PRESENCE;NA;val;val;ano;lok;ano;ano;ano;1
2019;CZ0624100;Milovický les;Eriogaster catax;Motýli;PP Na cvičišti, Mikulov;PP Na cvičišti, Mikulov;7166c;RP Jižní Morava;AOPK ČR - RP Jižní Morava;2018-05-05;2019-04-19;10612996;2019-04-19;0;STA_LIKVIDACE;NA;val;val;ne;lok;nezaznamenána;nezaznamenána;neznámý;NA
2023;CZ0624100;Milovický les;Eriogaster catax;Motýli;PP Na cvičišti, Mikulov - Mikulov na Moravě;PP Na cvičišti, Mikulov - Mikulov na Moravě;7166c;RP Jižní Morava;AOPK ČR - RP Jižní Morava;2023-10-13;2023-10-13;12721912;2023-10-13;0;CELKOVE_HODNOCENI;NA;NA;NA;NA;lok;NA;NA;špatný;0
2023;CZ0624100;Milovický les;Eriogaster catax;Motýli;PP Na cvičišti, Mikulov - Mikulov na Moravě;PP Na cvičišti, Mikulov - Mikulov na Moravě;7166c;RP Jižní Morava;AOPK ČR - RP Jižní Morava;2023-10-13;2023-10-13;12721912;2023-10-13;0;CELKOVE_SUM;NA;NA;NA;NA;NA;;;1;NA
2023;CZ0624100;Milovický les;Eriogaster catax;Motýli;PP Na cvičišti, Mikulov - Mikulov na Moravě;PP Na cvičišti, Mikulov - Mikulov na Moravě;7166c;RP Jižní Morava;AOPK ČR - RP Jižní Morava;2023-10-13;2023-10-13;12721912;2023-10-13;0;POP_POCETSUMLOKAL;hnízda housenek;min;minmax;ano;lok;10;alespoň 10 hnízda housenek;0;0
2023;CZ0624100;Milovický les;Eriogaster catax;Motýli;PP Na cvičišti, Mikulov - Mikulov na Moravě;PP Na cvičišti, Mikulov - Mikulov na Moravě;7166c;RP Jižní Morava;AOPK ČR - RP Jižní Morava;2023-10-13;2023-10-13;12721912;2023-10-13;0;POP_PRESENCE;NA;val;val;ano;lok;ano;ano;ano;1
2023;CZ0624100;Milovický les;Eriogaster catax;Motýli;PP Na cvičišti, Mikulov - Mikulov na Moravě;PP Na cvičišti, Mikulov - Mikulov na Moravě;7166c;RP Jižní Morava;AOPK ČR - RP Jižní Morava;2023-10-13;2023-10-13;12721912;2023-10-13;0;STA_LIKVIDACE;NA;val;val;ne;lok;nezaznamenána;nezaznamenána;neznámý;NA
2022;CZ0624104;Děvín;Eriogaster catax;Motýli;MOTYLI1066;Kaple;7165b;RP Jižní Morava;AOPK ČR - RP Jižní Morava;2022-05-12;2022-05-12;12239959;2022-05-12;1;CELKOVE_HODNOCENI;NA;NA;NA;NA;lok;NA;NA;špatný;0
2022;CZ0624104;Děvín;Eriogaster catax;Motýli;MOTYLI1066;Kaple;7165b;RP Jižní Morava;AOPK ČR - RP Jižní Morava;2022-05-12;2022-05-12;12239959;2022-05-12;1;CELKOVE_SUM;NA;NA;NA;NA;NA;;;1;NA
2022;CZ0624104;Děvín;Eriogaster catax;Motýli;MOTYLI1066;Kaple;7165b;RP Jižní Morava;AOPK ČR - RP Jižní Morava;2022-05-12;2022-05-12;12239959;2022-05-12;1;POP_POCETSUMLOKAL;hnízda housenek;min;minmax;ano;lok;10;alespoň 10 hnízda housenek;0;0
2022;CZ0624104;Děvín;Eriogaster catax;Motýli;MOTYLI1066;Kaple;7165b;RP Jižní Morava;AOPK ČR - RP Jižní Morava;2022-05-12;2022-05-12;12239959;2022-05-12;1;POP_PRESENCE;NA;val;val;ano;lok;ano;ano;ne;0
2022;CZ0624104;Děvín;Eriogaster catax;Motýli;MOTYLI1066;Kaple;7165b;RP Jižní Morava;AOPK ČR - RP Jižní Morava;2022-05-12;2022-05-12;12239959;2022-05-12;1;STA_LIKVIDACE;NA;val;val;ne;lok;nezaznamenána;nezaznamenána;nezaznamenána;1
2023;CZ0624104;Děvín;Eriogaster catax;Motýli;MOTYLI2234;Děvín - Kaple;7165b;RP Jižní Morava;AOPK ČR - RP Jižní Morava;2023-04-19;2023-04-19;12800611;2023-04-19;1;CELKOVE_HODNOCENI;NA;NA;NA;NA;lok;NA;NA;špatný;0
2023;CZ0624104;Děvín;Eriogaster catax;Motýli;MOTYLI2234;Děvín - Kaple;7165b;RP Jižní Morava;AOPK ČR - RP Jižní Morava;2023-04-19;2023-04-19;12800611;2023-04-19;1;CELKOVE_SUM;NA;NA;NA;NA;NA;;;1;NA
2023;CZ0624104;Děvín;Eriogaster catax;Motýli;MOTYLI2234;Děvín - Kaple;7165b;RP Jižní Morava;AOPK ČR - RP Jižní Morava;2023-04-19;2023-04-19;12800611;2023-04-19;1;POP_POCETSUMLOKAL;hnízda housenek;min;minmax;ano;lok;10;alespoň 10 hnízda housenek;0;0
2023;CZ0624104;Děvín;Eriogaster catax;Motýli;MOTYLI2234;Děvín - Kaple;7165b;RP Jižní Morava;AOPK ČR - RP Jižní Morava;2023-04-19;2023-04-19;12800611;2023-04-19;1;POP_PRESENCE;NA;val;val;ano;lok;ano;ano;ne;0
2023;CZ0624104;Děvín;Eriogaster catax;Motýli;MOTYLI2234;Děvín - Kaple;7165b;RP Jižní Morava;AOPK ČR - RP Jižní Morava;2023-04-19;2023-04-19;12800611;2023-04-19;1;STA_LIKVIDACE;NA;val;val;ne;lok;nezaznamenána;nezaznamenána;nezaznamenána;1
2024;CZ0624104;Děvín;Eriogaster catax;Motýli;MOTYLI3123;Děvín;7165b;RP Jižní Morava;AOPK ČR - RP Jižní Morava;2024-09-24;2024-09-24;13747453;2024-09-24;1;CELKOVE_HODNOCENI;NA;NA;NA;NA;lok;NA;NA;špatný;0
2024;CZ0624104;Děvín;Eriogaster catax;Motýli;MOTYLI3123;Děvín;7165b;RP Jižní Morava;AOPK ČR - RP Jižní Morava;2024-09-24;2024-09-24;13747453;2024-09-24;1;CELKOVE_SUM;NA;NA;NA;NA;NA;;;1;NA
2024;CZ0624104;Děvín;Eriogaster catax;Motýli;MOTYLI3123;Děvín;7165b;RP Jižní Morava;AOPK ČR - RP Jižní Morava;2024-09-24;2024-09-24;13747453;2024-09-24;1;POP_POCETSUMLOKAL;hnízda housenek;min;minmax;ano;lok;10;alespoň 10 hnízda housenek;0;0
2024;CZ0624104;Děvín;Eriogaster catax;Motýli;MOTYLI3123;Děvín;7165b;RP Jižní Morava;AOPK ČR - RP Jižní Morava;2024-09-24;2024-09-24;13747453;2024-09-24;1;POP_PRESENCE;NA;val;val;ano;lok;ano;ano;ne;0
2024;CZ0624104;Děvín;Eriogaster catax;Motýli;MOTYLI3123;Děvín;7165b;RP Jižní Morava;AOPK ČR - RP Jižní Morava;2024-09-24;2024-09-24;13747453;2024-09-24;1;STA_LIKVIDACE;NA;val;val;ne;lok;nezaznamenána;nezaznamenána;nezaznamenána;1
2019;CZ0624118;Skalky u Havraníků;Eriogaster catax;Motýli;Havraníky - PP Skalky u Havraníků;Havraníky - PP Skalky u Havraníků;7162c;RP Jižní Morava;Krajský úřad Jihomoravského kraje;2019-04-05;2019-04-05;10605746;2019-04-05;0;CELKOVE_HODNOCENI;NA;NA;NA;NA;lok;NA;NA;špatný;0
2019;CZ0624118;Skalky u Havraníků;Eriogaster catax;Motýli;Havraníky - PP Skalky u Havraníků;Havraníky - PP Skalky u Havraníků;7162c;RP Jižní Morava;Krajský úřad Jihomoravského kraje;2019-04-05;2019-04-05;10605746;2019-04-05;0;CELKOVE_SUM;NA;NA;NA;NA;NA;;;1;NA
2019;CZ0624118;Skalky u Havraníků;Eriogaster catax;Motýli;Havraníky - PP Skalky u Havraníků;Havraníky - PP Skalky u Havraníků;7162c;RP Jižní Morava;Krajský úřad Jihomoravského kraje;2019-04-05;2019-04-05;10605746;2019-04-05;0;POP_POCETSUMLOKAL;hnízda housenek;min;minmax;ano;lok;10;alespoň 10 hnízda housenek;1;0
2019;CZ0624118;Skalky u Havraníků;Eriogaster catax;Motýli;Havraníky - PP Skalky u Havraníků;Havraníky - PP Skalky u Havraníků;7162c;RP Jižní Morava;Krajský úřad Jihomoravského kraje;2019-04-05;2019-04-05;10605746;2019-04-05;0;POP_PRESENCE;NA;val;val;ano;lok;ano;ano;ano;1
2019;CZ0624118;Skalky u Havraníků;Eriogaster catax;Motýli;Havraníky - PP Skalky u Havraníků;Havraníky - PP Skalky u Havraníků;7162c;RP Jižní Morava;Krajský úřad Jihomoravského kraje;2019-04-05;2019-04-05;10605746;2019-04-05;0;STA_LIKVIDACE;NA;val;val;ne;lok;nezaznamenána;nezaznamenána;neznámý;NA
2018;CZ0624118;Skalky u Havraníků;Eriogaster catax;Motýli;Havraníky-PP Skalky u Havraníků;Havraníky-PP Skalky u Havraníků;7162c;RP Jižní Morava;Krajský úřad Jihomoravského kraje;2018-04-29;2018-04-29;10389949;2018-04-29;0;CELKOVE_HODNOCENI;NA;NA;NA;NA;lok;NA;NA;špatný;0
2018;CZ0624118;Skalky u Havraníků;Eriogaster catax;Motýli;Havraníky-PP Skalky u Havraníků;Havraníky-PP Skalky u Havraníků;7162c;RP Jižní Morava;Krajský úřad Jihomoravského kraje;2018-04-29;2018-04-29;10389949;2018-04-29;0;CELKOVE_SUM;NA;NA;NA;NA;NA;;;1;NA
2018;CZ0624118;Skalky u Havraníků;Eriogaster catax;Motýli;Havraníky-PP Skalky u Havraníků;Havraníky-PP Skalky u Havraníků;7162c;RP Jižní Morava;Krajský úřad Jihomoravského kraje;2018-04-29;2018-04-29;10389949;2018-04-29;0;POP_POCETSUMLOKAL;hnízda housenek;min;minmax;ano;lok;10;alespoň 10 hnízda housenek;1;0
2018;CZ0624118;Skalky u Havraníků;Eriogaster catax;Motýli;Havraníky-PP Skalky u Havraníků;Havraníky-PP Skalky u Havraníků;7162c;RP Jižní Morava;Krajský úřad Jihomoravského kraje;2018-04-29;2018-04-29;10389949;2018-04-29;0;POP_PRESENCE;NA;val;val;ano;lok;ano;ano;ano;1
2018;CZ0624118;Skalky u Havraníků;Eriogaster catax;Motýli;Havraníky-PP Skalky u Havraníků;Havraníky-PP Skalky u Havraníků;7162c;RP Jižní Morava;Krajský úřad Jihomoravského kraje;2018-04-29;2018-04-29;10389949;2018-04-29;0;STA_LIKVIDACE;NA;val;val;ne;lok;nezaznamenána;nezaznamenána;neznámý;NA
2022;CZ0624118;Skalky u Havraníků;Eriogaster catax;Motýli;MOTYLI1076;Skalky u Havraníků;7162c;RP Jižní Morava;Krajský úřad Jihomoravského kraje;2022-04-15;2022-04-15;12800577;2022-04-15;1;CELKOVE_HODNOCENI;NA;NA;NA;NA;lok;NA;NA;špatný;0
2022;CZ0624118;Skalky u Havraníků;Eriogaster catax;Motýli;MOTYLI1076;Skalky u Havraníků;7162c;RP Jižní Morava;Krajský úřad Jihomoravského kraje;2022-04-15;2022-04-15;12800577;2022-04-15;1;CELKOVE_SUM;NA;NA;NA;NA;NA;;;1;NA
2022;CZ0624118;Skalky u Havraníků;Eriogaster catax;Motýli;MOTYLI1076;Skalky u Havraníků;7162c;RP Jižní Morava;Krajský úřad Jihomoravského kraje;2022-04-15;2022-04-15;12800577;2022-04-15;1;POP_POCETSUMLOKAL;hnízda housenek;min;minmax;ano;lok;10;alespoň 10 hnízda housenek;0;0
2022;CZ0624118;Skalky u Havraníků;Eriogaster catax;Motýli;MOTYLI1076;Skalky u Havraníků;7162c;RP Jižní Morava;Krajský úřad Jihomoravského kraje;2022-04-15;2022-04-15;12800577;2022-04-15;1;POP_PRESENCE;NA;val;val;ano;lok;ano;ano;ne;0
2022;CZ0624118;Skalky u Havraníků;Eriogaster catax;Motýli;MOTYLI1076;Skalky u Havraníků;7162c;RP Jižní Morava;Krajský úřad Jihomoravského kraje;2022-04-15;2022-04-15;12800577;2022-04-15;1;STA_LIKVIDACE;NA;val;val;ne;lok;nezaznamenána;nezaznamenána;nezaznamenána;1
2023;CZ0624118;Skalky u Havraníků;Eriogaster catax;Motýli;MOTYLI2244;Skalky u Havraníků;7162c;RP Jižní Morava;Krajský úřad Jihomoravského kraje;2023-04-20;2023-04-20;13747448;2023-04-20;1;CELKOVE_HODNOCENI;NA;NA;NA;NA;lok;NA;NA;špatný;0
2023;CZ0624118;Skalky u Havraníků;Eriogaster catax;Motýli;MOTYLI2244;Skalky u Havraníků;7162c;RP Jižní Morava;Krajský úřad Jihomoravského kraje;2023-04-20;2023-04-20;13747448;2023-04-20;1;CELKOVE_SUM;NA;NA;NA;NA;NA;;;1;NA
2023;CZ0624118;Skalky u Havraníků;Eriogaster catax;Motýli;MOTYLI2244;Skalky u Havraníků;7162c;RP Jižní Morava;Krajský úřad Jihomoravského kraje;2023-04-20;2023-04-20;13747448;2023-04-20;1;POP_POCETSUMLOKAL;hnízda housenek;min;minmax;ano;lok;10;alespoň 10 hnízda housenek;0;0
2023;CZ0624118;Skalky u Havraníků;Eriogaster catax;Motýli;MOTYLI2244;Skalky u Havraníků;7162c;RP Jižní Morava;Krajský úřad Jihomoravského kraje;2023-04-20;2023-04-20;13747448;2023-04-20;1;POP_PRESENCE;NA;val;val;ano;lok;ano;ano;ne;0
2023;CZ0624118;Skalky u Havraníků;Eriogaster catax;Motýli;MOTYLI2244;Skalky u Havraníků;7162c;RP Jižní Morava;Krajský úřad Jihomoravského kraje;2023-04-20;2023-04-20;13747448;2023-04-20;1;STA_LIKVIDACE;NA;val;val;ne;lok;nezaznamenána;nezaznamenána;nezaznamenána;1
2013;CZ0624119;Soutok - Podluží;Eriogaster catax;Motýli;Břeclav;Břeclav;7267d;RP Jižní Morava;AOPK ČR - RP Jižní Morava, Krajský úřad Jihomoravského kraje;2013-05-10;2013-05-13;8892778, 8892780;2013-05-13;0;CELKOVE_HODNOCENI;NA;NA;NA;NA;lok;NA;NA;špatný;0
2013;CZ0624119;Soutok - Podluží;Eriogaster catax;Motýli;Břeclav;Břeclav;7267d;RP Jižní Morava;AOPK ČR - RP Jižní Morava, Krajský úřad Jihomoravského kraje;2013-05-10;2013-05-13;8892778, 8892780;2013-05-13;0;CELKOVE_SUM;NA;NA;NA;NA;NA;;;1;NA
2013;CZ0624119;Soutok - Podluží;Eriogaster catax;Motýli;Břeclav;Břeclav;7267d;RP Jižní Morava;AOPK ČR - RP Jižní Morava, Krajský úřad Jihomoravského kraje;2013-05-10;2013-05-13;8892778, 8892780;2013-05-13;0;POP_POCETSUMLOKAL;hnízda housenek;min;minmax;ano;lok;10;alespoň 10 hnízda housenek;1;0
2013;CZ0624119;Soutok - Podluží;Eriogaster catax;Motýli;Břeclav;Břeclav;7267d;RP Jižní Morava;AOPK ČR - RP Jižní Morava, Krajský úřad Jihomoravského kraje;2013-05-10;2013-05-13;8892778, 8892780;2013-05-13;0;POP_PRESENCE;NA;val;val;ano;lok;ano;ano;ano;1
2013;CZ0624119;Soutok - Podluží;Eriogaster catax;Motýli;Břeclav;Břeclav;7267d;RP Jižní Morava;AOPK ČR - RP Jižní Morava, Krajský úřad Jihomoravského kraje;2013-05-10;2013-05-13;8892778, 8892780;2013-05-13;0;STA_LIKVIDACE;NA;val;val;ne;lok;nezaznamenána;nezaznamenána;neznámý;NA
2013;CZ0624119;Soutok - Podluží;Eriogaster catax;Motýli;Lanžhot - Lány;Lanžhot - Lány;7267d;RP Jižní Morava;AOPK ČR - RP Jižní Morava, Krajský úřad Jihomoravského kraje;2013-05-10;2013-05-13;10585435, 10585436;2013-05-13;0;CELKOVE_HODNOCENI;NA;NA;NA;NA;lok;NA;NA;špatný;0
2013;CZ0624119;Soutok - Podluží;Eriogaster catax;Motýli;Lanžhot - Lány;Lanžhot - Lány;7267d;RP Jižní Morava;AOPK ČR - RP Jižní Morava, Krajský úřad Jihomoravského kraje;2013-05-10;2013-05-13;10585435, 10585436;2013-05-13;0;CELKOVE_SUM;NA;NA;NA;NA;NA;;;1;NA
2013;CZ0624119;Soutok - Podluží;Eriogaster catax;Motýli;Lanžhot - Lány;Lanžhot - Lány;7267d;RP Jižní Morava;AOPK ČR - RP Jižní Morava, Krajský úřad Jihomoravského kraje;2013-05-10;2013-05-13;10585435, 10585436;2013-05-13;0;POP_POCETSUMLOKAL;hnízda housenek;min;minmax;ano;lok;10;alespoň 10 hnízda housenek;0;0
2013;CZ0624119;Soutok - Podluží;Eriogaster catax;Motýli;Lanžhot - Lány;Lanžhot - Lány;7267d;RP Jižní Morava;AOPK ČR - RP Jižní Morava, Krajský úřad Jihomoravského kraje;2013-05-10;2013-05-13;10585435, 10585436;2013-05-13;0;POP_PRESENCE;NA;val;val;ano;lok;ano;ano;ano;1
2013;CZ0624119;Soutok - Podluží;Eriogaster catax;Motýli;Lanžhot - Lány;Lanžhot - Lány;7267d;RP Jižní Morava;AOPK ČR - RP Jižní Morava, Krajský úřad Jihomoravského kraje;2013-05-10;2013-05-13;10585435, 10585436;2013-05-13;0;STA_LIKVIDACE;NA;val;val;ne;lok;nezaznamenána;nezaznamenána;neznámý;NA
2016;CZ0624119;Soutok - Podluží;Eriogaster catax;Motýli;Lanžhot - Soutok;Lanžhot - Soutok;7267d;RP Jižní Morava;AOPK ČR - RP Jižní Morava, Krajský úřad Jihomoravského kraje;2016-04-25;2016-04-25;9664103;2016-04-25;0;CELKOVE_HODNOCENI;NA;NA;NA;NA;lok;NA;NA;špatný;0
2016;CZ0624119;Soutok - Podluží;Eriogaster catax;Motýli;Lanžhot - Soutok;Lanžhot - Soutok;7267d;RP Jižní Morava;AOPK ČR - RP Jižní Morava, Krajský úřad Jihomoravského kraje;2016-04-25;2016-04-25;9664103;2016-04-25;0;CELKOVE_SUM;NA;NA;NA;NA;NA;;;1;NA
2016;CZ0624119;Soutok - Podluží;Eriogaster catax;Motýli;Lanžhot - Soutok;Lanžhot - Soutok;7267d;RP Jižní Morava;AOPK ČR - RP Jižní Morava, Krajský úřad Jihomoravského kraje;2016-04-25;2016-04-25;9664103;2016-04-25;0;POP_POCETSUMLOKAL;hnízda housenek;min;minmax;ano;lok;10;alespoň 10 hnízda housenek;1;0
2016;CZ0624119;Soutok - Podluží;Eriogaster catax;Motýli;Lanžhot - Soutok;Lanžhot - Soutok;7267d;RP Jižní Morava;AOPK ČR - RP Jižní Morava, Krajský úřad Jihomoravského kraje;2016-04-25;2016-04-25;9664103;2016-04-25;0;POP_PRESENCE;NA;val;val;ano;lok;ano;ano;ano;1
2016;CZ0624119;Soutok - Podluží;Eriogaster catax;Motýli;Lanžhot - Soutok;Lanžhot - Soutok;7267d;RP Jižní Morava;AOPK ČR - RP Jižní Morava, Krajský úřad Jihomoravského kraje;2016-04-25;2016-04-25;9664103;2016-04-25;0;STA_LIKVIDACE;NA;val;val;ne;lok;nezaznamenána;nezaznamenána;neznámý;NA
2020;CZ0624119;Soutok - Podluží;Eriogaster catax;Motýli;Lanžhot-Lány;Lanžhot-Lány;7267d;RP Jižní Morava;AOPK ČR - RP Jižní Morava, Krajský úřad Jihomoravského kraje;2020-04-21;2020-04-21;11082506;2020-04-21;0;CELKOVE_HODNOCENI;NA;NA;NA;NA;lok;NA;NA;špatný;0
2020;CZ0624119;Soutok - Podluží;Eriogaster catax;Motýli;Lanžhot-Lány;Lanžhot-Lány;7267d;RP Jižní Morava;AOPK ČR - RP Jižní Morava, Krajský úřad Jihomoravského kraje;2020-04-21;2020-04-21;11082506;2020-04-21;0;CELKOVE_SUM;NA;NA;NA;NA;NA;;;1;NA
2020;CZ0624119;Soutok - Podluží;Eriogaster catax;Motýli;Lanžhot-Lány;Lanžhot-Lány;7267d;RP Jižní Morava;AOPK ČR - RP Jižní Morava, Krajský úřad Jihomoravského kraje;2020-04-21;2020-04-21;11082506;2020-04-21;0;POP_POCETSUMLOKAL;hnízda housenek;min;minmax;ano;lok;10;alespoň 10 hnízda housenek;0;0
2020;CZ0624119;Soutok - Podluží;Eriogaster catax;Motýli;Lanžhot-Lány;Lanžhot-Lány;7267d;RP Jižní Morava;AOPK ČR - RP Jižní Morava, Krajský úřad Jihomoravského kraje;2020-04-21;2020-04-21;11082506;2020-04-21;0;POP_PRESENCE;NA;val;val;ano;lok;ano;ano;ano;1
2020;CZ0624119;Soutok - Podluží;Eriogaster catax;Motýli;Lanžhot-Lány;Lanžhot-Lány;7267d;RP Jižní Morava;AOPK ČR - RP Jižní Morava, Krajský úřad Jihomoravského kraje;2020-04-21;2020-04-21;11082506;2020-04-21;0;STA_LIKVIDACE;NA;val;val;ne;lok;nezaznamenána;nezaznamenána;neznámý;NA
2022;CZ0624119;Soutok - Podluží;Eriogaster catax;Motýli;MOTYLI1073;Lány;7267d;RP Jižní Morava;AOPK ČR - RP Jižní Morava, Krajský úřad Jihomoravského kraje;2022-11-05;2022-11-05;12543669;2022-11-05;1;CELKOVE_HODNOCENI;NA;NA;NA;NA;lok;NA;NA;špatný;0
2022;CZ0624119;Soutok - Podluží;Eriogaster catax;Motýli;MOTYLI1073;Lány;7267d;RP Jižní Morava;AOPK ČR - RP Jižní Morava, Krajský úřad Jihomoravského kraje;2022-11-05;2022-11-05;12543669;2022-11-05;1;CELKOVE_SUM;NA;NA;NA;NA;NA;;;1;NA
2022;CZ0624119;Soutok - Podluží;Eriogaster catax;Motýli;MOTYLI1073;Lány;7267d;RP Jižní Morava;AOPK ČR - RP Jižní Morava, Krajský úřad Jihomoravského kraje;2022-11-05;2022-11-05;12543669;2022-11-05;1;POP_POCETSUMLOKAL;hnízda housenek;min;minmax;ano;lok;10;alespoň 10 hnízda housenek;0;0
2022;CZ0624119;Soutok - Podluží;Eriogaster catax;Motýli;MOTYLI1073;Lány;7267d;RP Jižní Morava;AOPK ČR - RP Jižní Morava, Krajský úřad Jihomoravského kraje;2022-11-05;2022-11-05;12543669;2022-11-05;1;POP_PRESENCE;NA;val;val;ano;lok;ano;ano;ne;0
2022;CZ0624119;Soutok - Podluží;Eriogaster catax;Motýli;MOTYLI1073;Lány;7267d;RP Jižní Morava;AOPK ČR - RP Jižní Morava, Krajský úřad Jihomoravského kraje;2022-11-05;2022-11-05;12543669;2022-11-05;1;STA_LIKVIDACE;NA;val;val;ne;lok;nezaznamenána;nezaznamenána;nezaznamenána;1
2023;CZ0624119;Soutok - Podluží;Eriogaster catax;Motýli;MOTYLI2241;Lány;7267d;RP Jižní Morava;AOPK ČR - RP Jižní Morava, Krajský úřad Jihomoravského kraje;2023-12-19;2023-12-19;13747454;2023-12-19;1;CELKOVE_HODNOCENI;NA;NA;NA;NA;lok;NA;NA;špatný;0
2023;CZ0624119;Soutok - Podluží;Eriogaster catax;Motýli;MOTYLI2241;Lány;7267d;RP Jižní Morava;AOPK ČR - RP Jižní Morava, Krajský úřad Jihomoravského kraje;2023-12-19;2023-12-19;13747454;2023-12-19;1;CELKOVE_SUM;NA;NA;NA;NA;NA;;;1;NA
2023;CZ0624119;Soutok - Podluží;Eriogaster catax;Motýli;MOTYLI2241;Lány;7267d;RP Jižní Morava;AOPK ČR - RP Jižní Morava, Krajský úřad Jihomoravského kraje;2023-12-19;2023-12-19;13747454;2023-12-19;1;POP_POCETSUMLOKAL;hnízda housenek;min;minmax;ano;lok;10;alespoň 10 hnízda housenek;0;0
2023;CZ0624119;Soutok - Podluží;Eriogaster catax;Motýli;MOTYLI2241;Lány;7267d;RP Jižní Morava;AOPK ČR - RP Jižní Morava, Krajský úřad Jihomoravského kraje;2023-12-19;2023-12-19;13747454;2023-12-19;1;POP_PRESENCE;NA;val;val;ano;lok;ano;ano;ne;0
2023;CZ0624119;Soutok - Podluží;Eriogaster catax;Motýli;MOTYLI2241;Lány;7267d;RP Jižní Morava;AOPK ČR - RP Jižní Morava, Krajský úřad Jihomoravského kraje;2023-12-19;2023-12-19;13747454;2023-12-19;1;STA_LIKVIDACE;NA;val;val;ne;lok;nezaznamenána;nezaznamenána;nezaznamenána;1
2021;CZ0723020;Údolí Okluky;Eriogaster catax;Motýli;Ostrožské Předměstí - Obora;Ostrožské Předměstí - Obora;7070b;RP SCHKO Bílé Karpaty;Krajský úřad Zlínského kraje;2021-05-01;2021-05-01;12755471;2021-05-01;0;CELKOVE_HODNOCENI;NA;NA;NA;NA;lok;NA;NA;špatný;0
2021;CZ0723020;Údolí Okluky;Eriogaster catax;Motýli;Ostrožské Předměstí - Obora;Ostrožské Předměstí - Obora;7070b;RP SCHKO Bílé Karpaty;Krajský úřad Zlínského kraje;2021-05-01;2021-05-01;12755471;2021-05-01;0;CELKOVE_SUM;NA;NA;NA;NA;NA;;;1;NA
2021;CZ0723020;Údolí Okluky;Eriogaster catax;Motýli;Ostrožské Předměstí - Obora;Ostrožské Předměstí - Obora;7070b;RP SCHKO Bílé Karpaty;Krajský úřad Zlínského kraje;2021-05-01;2021-05-01;12755471;2021-05-01;0;POP_POCETSUMLOKAL;hnízda housenek;min;minmax;ano;lok;10;alespoň 10 hnízda housenek;0;0
2021;CZ0723020;Údolí Okluky;Eriogaster catax;Motýli;Ostrožské Předměstí - Obora;Ostrožské Předměstí - Obora;7070b;RP SCHKO Bílé Karpaty;Krajský úřad Zlínského kraje;2021-05-01;2021-05-01;12755471;2021-05-01;0;POP_PRESENCE;NA;val;val;ano;lok;ano;ano;ano;1
2021;CZ0723020;Údolí Okluky;Eriogaster catax;Motýli;Ostrožské Předměstí - Obora;Ostrožské Předměstí - Obora;7070b;RP SCHKO Bílé Karpaty;Krajský úřad Zlínského kraje;2021-05-01;2021-05-01;12755471;2021-05-01;0;STA_LIKVIDACE;NA;val;val;ne;lok;nezaznamenána;nezaznamenána;neznámý;NA
2012;CZ0723024;Rochus;Eriogaster catax;Motýli;CZ0723024;EVL Rochus;6970b;RP SCHKO Bílé Karpaty;Krajský úřad Zlínského kraje;2008-01-01;2012-04-14;8282769;2012-04-14;0;CELKOVE_HODNOCENI;NA;NA;NA;NA;lok;NA;NA;špatný;0
2012;CZ0723024;Rochus;Eriogaster catax;Motýli;CZ0723024;EVL Rochus;6970b;RP SCHKO Bílé Karpaty;Krajský úřad Zlínského kraje;2008-01-01;2012-04-14;8282769;2012-04-14;0;CELKOVE_SUM;NA;NA;NA;NA;NA;;;1;NA
2012;CZ0723024;Rochus;Eriogaster catax;Motýli;CZ0723024;EVL Rochus;6970b;RP SCHKO Bílé Karpaty;Krajský úřad Zlínského kraje;2008-01-01;2012-04-14;8282769;2012-04-14;0;POP_POCETSUMLOKAL;hnízda housenek;min;minmax;ano;lok;10;alespoň 10 hnízda housenek;1;0
2012;CZ0723024;Rochus;Eriogaster catax;Motýli;CZ0723024;EVL Rochus;6970b;RP SCHKO Bílé Karpaty;Krajský úřad Zlínského kraje;2008-01-01;2012-04-14;8282769;2012-04-14;0;POP_PRESENCE;NA;val;val;ano;lok;ano;ano;ano;1
2012;CZ0723024;Rochus;Eriogaster catax;Motýli;CZ0723024;EVL Rochus;6970b;RP SCHKO Bílé Karpaty;Krajský úřad Zlínského kraje;2008-01-01;2012-04-14;8282769;2012-04-14;0;STA_LIKVIDACE;NA;val;val;ne;lok;nezaznamenána;nezaznamenána;neznámý;NA
2015;CZ0723024;Rochus;Eriogaster catax;Motýli;Jarošov u Uherského Hradiště;Jarošov u Uherského Hradiště;6970b;RP SCHKO Bílé Karpaty;Krajský úřad Zlínského kraje;2015-04-27;2015-04-27;9533899;2015-04-27;0;CELKOVE_HODNOCENI;NA;NA;NA;NA;lok;NA;NA;špatný;0
2015;CZ0723024;Rochus;Eriogaster catax;Motýli;Jarošov u Uherského Hradiště;Jarošov u Uherského Hradiště;6970b;RP SCHKO Bílé Karpaty;Krajský úřad Zlínského kraje;2015-04-27;2015-04-27;9533899;2015-04-27;0;CELKOVE_SUM;NA;NA;NA;NA;NA;;;1;NA
2015;CZ0723024;Rochus;Eriogaster catax;Motýli;Jarošov u Uherského Hradiště;Jarošov u Uherského Hradiště;6970b;RP SCHKO Bílé Karpaty;Krajský úřad Zlínského kraje;2015-04-27;2015-04-27;9533899;2015-04-27;0;POP_POCETSUMLOKAL;hnízda housenek;min;minmax;ano;lok;10;alespoň 10 hnízda housenek;0;0
2015;CZ0723024;Rochus;Eriogaster catax;Motýli;Jarošov u Uherského Hradiště;Jarošov u Uherského Hradiště;6970b;RP SCHKO Bílé Karpaty;Krajský úřad Zlínského kraje;2015-04-27;2015-04-27;9533899;2015-04-27;0;POP_PRESENCE;NA;val;val;ano;lok;ano;ano;ano;1
2015;CZ0723024;Rochus;Eriogaster catax;Motýli;Jarošov u Uherského Hradiště;Jarošov u Uherského Hradiště;6970b;RP SCHKO Bílé Karpaty;Krajský úřad Zlínského kraje;2015-04-27;2015-04-27;9533899;2015-04-27;0;STA_LIKVIDACE;NA;val;val;ne;lok;nezaznamenána;nezaznamenána;neznámý;NA
2022;CZ0723024;Rochus;Eriogaster catax;Motýli;MOTYLI1077;Rochus;6970b;RP SCHKO Bílé Karpaty;Krajský úřad Zlínského kraje;2022-04-15;2022-04-15;12800398;2022-04-15;1;CELKOVE_HODNOCENI;NA;NA;NA;NA;lok;NA;NA;špatný;0
2022;CZ0723024;Rochus;Eriogaster catax;Motýli;MOTYLI1077;Rochus;6970b;RP SCHKO Bílé Karpaty;Krajský úřad Zlínského kraje;2022-04-15;2022-04-15;12800398;2022-04-15;1;CELKOVE_SUM;NA;NA;NA;NA;NA;;;1;NA
2022;CZ0723024;Rochus;Eriogaster catax;Motýli;MOTYLI1077;Rochus;6970b;RP SCHKO Bílé Karpaty;Krajský úřad Zlínského kraje;2022-04-15;2022-04-15;12800398;2022-04-15;1;POP_POCETSUMLOKAL;hnízda housenek;min;minmax;ano;lok;10;alespoň 10 hnízda housenek;0;0
2022;CZ0723024;Rochus;Eriogaster catax;Motýli;MOTYLI1077;Rochus;6970b;RP SCHKO Bílé Karpaty;Krajský úřad Zlínského kraje;2022-04-15;2022-04-15;12800398;2022-04-15;1;POP_PRESENCE;NA;val;val;ano;lok;ano;ano;ne;0
2022;CZ0723024;Rochus;Eriogaster catax;Motýli;MOTYLI1077;Rochus;6970b;RP SCHKO Bílé Karpaty;Krajský úřad Zlínského kraje;2022-04-15;2022-04-15;12800398;2022-04-15;1;STA_LIKVIDACE;NA;val;val;ne;lok;nezaznamenána;nezaznamenána;nezaznamenána;1
2023;CZ0723024;Rochus;Eriogaster catax;Motýli;MOTYLI2219;Uherské Hradiště, Rochus;6970b;RP SCHKO Bílé Karpaty;Krajský úřad Zlínského kraje;2023-05-01;2023-05-01;12800712, 12800725;2023-05-01;1;CELKOVE_HODNOCENI;NA;NA;NA;NA;lok;NA;NA;špatný;0
2023;CZ0723024;Rochus;Eriogaster catax;Motýli;MOTYLI2219;Uherské Hradiště, Rochus;6970b;RP SCHKO Bílé Karpaty;Krajský úřad Zlínského kraje;2023-05-01;2023-05-01;12800712, 12800725;2023-05-01;1;CELKOVE_SUM;NA;NA;NA;NA;NA;;;2;NA
2023;CZ0723024;Rochus;Eriogaster catax;Motýli;MOTYLI2219;Uherské Hradiště, Rochus;6970b;RP SCHKO Bílé Karpaty;Krajský úřad Zlínského kraje;2023-05-01;2023-05-01;12800712, 12800725;2023-05-01;1;POP_POCETSUMLOKAL;hnízda housenek;min;minmax;ano;lok;10;alespoň 10 hnízda housenek;3;0
2023;CZ0723024;Rochus;Eriogaster catax;Motýli;MOTYLI2219;Uherské Hradiště, Rochus;6970b;RP SCHKO Bílé Karpaty;Krajský úřad Zlínského kraje;2023-05-01;2023-05-01;12800712, 12800725;2023-05-01;1;POP_PRESENCE;NA;val;val;ano;lok;ano;ano;ano;1
2023;CZ0723024;Rochus;Eriogaster catax;Motýli;MOTYLI2219;Uherské Hradiště, Rochus;6970b;RP SCHKO Bílé Karpaty;Krajský úřad Zlínského kraje;2023-05-01;2023-05-01;12800712, 12800725;2023-05-01;1;STA_LIKVIDACE;NA;val;val;ne;lok;nezaznamenána;nezaznamenána;nezaznamenána;1
2024;CZ0723024;Rochus;Eriogaster catax;Motýli;MOTYLI2289;Rochus;6970b;RP SCHKO Bílé Karpaty;Krajský úřad Zlínského kraje;2024-04-12;2024-04-12;13747455;2024-04-12;1;CELKOVE_HODNOCENI;NA;NA;NA;NA;lok;NA;NA;špatný;0
2024;CZ0723024;Rochus;Eriogaster catax;Motýli;MOTYLI2289;Rochus;6970b;RP SCHKO Bílé Karpaty;Krajský úřad Zlínského kraje;2024-04-12;2024-04-12;13747455;2024-04-12;1;CELKOVE_SUM;NA;NA;NA;NA;NA;;;1;NA
2024;CZ0723024;Rochus;Eriogaster catax;Motýli;MOTYLI2289;Rochus;6970b;RP SCHKO Bílé Karpaty;Krajský úřad Zlínského kraje;2024-04-12;2024-04-12;13747455;2024-04-12;1;POP_POCETSUMLOKAL;hnízda housenek;min;minmax;ano;lok;10;alespoň 10 hnízda housenek;0;0
2024;CZ0723024;Rochus;Eriogaster catax;Motýli;MOTYLI2289;Rochus;6970b;RP SCHKO Bílé Karpaty;Krajský úřad Zlínského kraje;2024-04-12;2024-04-12;13747455;2024-04-12;1;POP_PRESENCE;NA;val;val;ano;lok;ano;ano;ne;0
2024;CZ0723024;Rochus;Eriogaster catax;Motýli;MOTYLI2289;Rochus;6970b;RP SCHKO Bílé Karpaty;Krajský úřad Zlínského kraje;2024-04-12;2024-04-12;13747455;2024-04-12;1;STA_LIKVIDACE;NA;val;val;ne;lok;nezaznamenána;nezaznamenána;nezaznamenána;1
2013;CZ0723024;Rochus;Eriogaster catax;Motýli;Mařatice - Rochus;Mařatice - Rochus;6970b;RP SCHKO Bílé Karpaty;Krajský úřad Zlínského kraje;2013-05-01;2013-05-01;8893484;2013-05-01;0;CELKOVE_HODNOCENI;NA;NA;NA;NA;lok;NA;NA;špatný;0
2013;CZ0723024;Rochus;Eriogaster catax;Motýli;Mařatice - Rochus;Mařatice - Rochus;6970b;RP SCHKO Bílé Karpaty;Krajský úřad Zlínského kraje;2013-05-01;2013-05-01;8893484;2013-05-01;0;CELKOVE_SUM;NA;NA;NA;NA;NA;;;1;NA
2013;CZ0723024;Rochus;Eriogaster catax;Motýli;Mařatice - Rochus;Mařatice - Rochus;6970b;RP SCHKO Bílé Karpaty;Krajský úřad Zlínského kraje;2013-05-01;2013-05-01;8893484;2013-05-01;0;POP_POCETSUMLOKAL;hnízda housenek;min;minmax;ano;lok;10;alespoň 10 hnízda housenek;7;0
2013;CZ0723024;Rochus;Eriogaster catax;Motýli;Mařatice - Rochus;Mařatice - Rochus;6970b;RP SCHKO Bílé Karpaty;Krajský úřad Zlínského kraje;2013-05-01;2013-05-01;8893484;2013-05-01;0;POP_PRESENCE;NA;val;val;ano;lok;ano;ano;ano;1
2013;CZ0723024;Rochus;Eriogaster catax;Motýli;Mařatice - Rochus;Mařatice - Rochus;6970b;RP SCHKO Bílé Karpaty;Krajský úřad Zlínského kraje;2013-05-01;2013-05-01;8893484;2013-05-01;0;STA_LIKVIDACE;NA;val;val;ne;lok;nezaznamenána;nezaznamenána;neznámý;NA
2019;CZ0723024;Rochus;Eriogaster catax;Motýli;Stezka pokladnic Slovácka, Uherské Hradiště - Mařatice;Stezka pokladnic Slovácka, Uherské Hradiště - Mařatice;6970b;RP SCHKO Bílé Karpaty;Krajský úřad Zlínského kraje;2019-04-09;2019-04-09;10616017;2019-04-09;0;CELKOVE_HODNOCENI;NA;NA;NA;NA;lok;NA;NA;špatný;0
2019;CZ0723024;Rochus;Eriogaster catax;Motýli;Stezka pokladnic Slovácka, Uherské Hradiště - Mařatice;Stezka pokladnic Slovácka, Uherské Hradiště - Mařatice;6970b;RP SCHKO Bílé Karpaty;Krajský úřad Zlínského kraje;2019-04-09;2019-04-09;10616017;2019-04-09;0;CELKOVE_SUM;NA;NA;NA;NA;NA;;;1;NA
2019;CZ0723024;Rochus;Eriogaster catax;Motýli;Stezka pokladnic Slovácka, Uherské Hradiště - Mařatice;Stezka pokladnic Slovácka, Uherské Hradiště - Mařatice;6970b;RP SCHKO Bílé Karpaty;Krajský úřad Zlínského kraje;2019-04-09;2019-04-09;10616017;2019-04-09;0;POP_POCETSUMLOKAL;hnízda housenek;min;minmax;ano;lok;10;alespoň 10 hnízda housenek;7;0
2019;CZ0723024;Rochus;Eriogaster catax;Motýli;Stezka pokladnic Slovácka, Uherské Hradiště - Mařatice;Stezka pokladnic Slovácka, Uherské Hradiště - Mařatice;6970b;RP SCHKO Bílé Karpaty;Krajský úřad Zlínského kraje;2019-04-09;2019-04-09;10616017;2019-04-09;0;POP_PRESENCE;NA;val;val;ano;lok;ano;ano;ano;1
2019;CZ0723024;Rochus;Eriogaster catax;Motýli;Stezka pokladnic Slovácka, Uherské Hradiště - Mařatice;Stezka pokladnic Slovácka, Uherské Hradiště - Mařatice;6970b;RP SCHKO Bílé Karpaty;Krajský úřad Zlínského kraje;2019-04-09;2019-04-09;10616017;2019-04-09;0;STA_LIKVIDACE;NA;val;val;ne;lok;nezaznamenána;nezaznamenána;neznámý;NA
2021;CZ0723024;Rochus;Eriogaster catax;Motýli;Uherské Hradiště;Uherské Hradiště;6970b;RP SCHKO Bílé Karpaty;Krajský úřad Zlínského kraje;2015-04-27;2021-05-05;11478156;2021-05-05;0;CELKOVE_HODNOCENI;NA;NA;NA;NA;lok;NA;NA;špatný;0
2021;CZ0723024;Rochus;Eriogaster catax;Motýli;Uherské Hradiště;Uherské Hradiště;6970b;RP SCHKO Bílé Karpaty;Krajský úřad Zlínského kraje;2015-04-27;2021-05-05;11478156;2021-05-05;0;CELKOVE_SUM;NA;NA;NA;NA;NA;;;1;NA
2021;CZ0723024;Rochus;Eriogaster catax;Motýli;Uherské Hradiště;Uherské Hradiště;6970b;RP SCHKO Bílé Karpaty;Krajský úřad Zlínského kraje;2015-04-27;2021-05-05;11478156;2021-05-05;0;POP_POCETSUMLOKAL;hnízda housenek;min;minmax;ano;lok;10;alespoň 10 hnízda housenek;1;0
2021;CZ0723024;Rochus;Eriogaster catax;Motýli;Uherské Hradiště;Uherské Hradiště;6970b;RP SCHKO Bílé Karpaty;Krajský úřad Zlínského kraje;2015-04-27;2021-05-05;11478156;2021-05-05;0;POP_PRESENCE;NA;val;val;ano;lok;ano;ano;ano;1
2021;CZ0723024;Rochus;Eriogaster catax;Motýli;Uherské Hradiště;Uherské Hradiště;6970b;RP SCHKO Bílé Karpaty;Krajský úřad Zlínského kraje;2015-04-27;2021-05-05;11478156;2021-05-05;0;STA_LIKVIDACE;NA;val;val;ne;lok;nezaznamenána;nezaznamenána;neznámý;NA
2018;CZ0723024;Rochus;Eriogaster catax;Motýli;Uherské Hradiště - PP Rochus;Uherské Hradiště - PP Rochus;6970b;RP SCHKO Bílé Karpaty;Krajský úřad Zlínského kraje;2018-04-22;2018-04-22;10263248;2018-04-22;0;CELKOVE_HODNOCENI;NA;NA;NA;NA;lok;NA;NA;špatný;0
2018;CZ0723024;Rochus;Eriogaster catax;Motýli;Uherské Hradiště - PP Rochus;Uherské Hradiště - PP Rochus;6970b;RP SCHKO Bílé Karpaty;Krajský úřad Zlínského kraje;2018-04-22;2018-04-22;10263248;2018-04-22;0;CELKOVE_SUM;NA;NA;NA;NA;NA;;;1;NA
2018;CZ0723024;Rochus;Eriogaster catax;Motýli;Uherské Hradiště - PP Rochus;Uherské Hradiště - PP Rochus;6970b;RP SCHKO Bílé Karpaty;Krajský úřad Zlínského kraje;2018-04-22;2018-04-22;10263248;2018-04-22;0;POP_POCETSUMLOKAL;hnízda housenek;min;minmax;ano;lok;10;alespoň 10 hnízda housenek;7;0
2018;CZ0723024;Rochus;Eriogaster catax;Motýli;Uherské Hradiště - PP Rochus;Uherské Hradiště - PP Rochus;6970b;RP SCHKO Bílé Karpaty;Krajský úřad Zlínského kraje;2018-04-22;2018-04-22;10263248;2018-04-22;0;POP_PRESENCE;NA;val;val;ano;lok;ano;ano;ano;1
2018;CZ0723024;Rochus;Eriogaster catax;Motýli;Uherské Hradiště - PP Rochus;Uherské Hradiště - PP Rochus;6970b;RP SCHKO Bílé Karpaty;Krajský úřad Zlínského kraje;2018-04-22;2018-04-22;10263248;2018-04-22;0;STA_LIKVIDACE;NA;val;val;ne;lok;nezaznamenána;nezaznamenána;neznámý;NA
2023;CZ0723024;Rochus;Eriogaster catax;Motýli;Uherské Hradiště, Silnice bez názvu;Uherské Hradiště, Silnice bez názvu;6970b;RP SCHKO Bílé Karpaty;Krajský úřad Zlínského kraje;2023-04-23;2023-05-01;12491328, 12754996, 12754997;2023-05-01;0;CELKOVE_HODNOCENI;NA;NA;NA;NA;lok;NA;NA;špatný;0
2023;CZ0723024;Rochus;Eriogaster catax;Motýli;Uherské Hradiště, Silnice bez názvu;Uherské Hradiště, Silnice bez názvu;6970b;RP SCHKO Bílé Karpaty;Krajský úřad Zlínského kraje;2023-04-23;2023-05-01;12491328, 12754996, 12754997;2023-05-01;0;CELKOVE_SUM;NA;NA;NA;NA;NA;;;1;NA
2023;CZ0723024;Rochus;Eriogaster catax;Motýli;Uherské Hradiště, Silnice bez názvu;Uherské Hradiště, Silnice bez názvu;6970b;RP SCHKO Bílé Karpaty;Krajský úřad Zlínského kraje;2023-04-23;2023-05-01;12491328, 12754996, 12754997;2023-05-01;0;POP_POCETSUMLOKAL;hnízda housenek;min;minmax;ano;lok;10;alespoň 10 hnízda housenek;3;0
2023;CZ0723024;Rochus;Eriogaster catax;Motýli;Uherské Hradiště, Silnice bez názvu;Uherské Hradiště, Silnice bez názvu;6970b;RP SCHKO Bílé Karpaty;Krajský úřad Zlínského kraje;2023-04-23;2023-05-01;12491328, 12754996, 12754997;2023-05-01;0;POP_PRESENCE;NA;val;val;ano;lok;ano;ano;ano;1
2023;CZ0723024;Rochus;Eriogaster catax;Motýli;Uherské Hradiště, Silnice bez názvu;Uherské Hradiště, Silnice bez názvu;6970b;RP SCHKO Bílé Karpaty;Krajský úřad Zlínského kraje;2023-04-23;2023-05-01;12491328, 12754996, 12754997;2023-05-01;0;STA_LIKVIDACE;NA;val;val;ne;lok;nezaznamenána;nezaznamenána;neznámý;NA
2021;CZ0723024;Rochus;Eriogaster catax;Motýli;Uherské Hradiště, Unnamed Road;Uherské Hradiště, Unnamed Road;6970b;RP SCHKO Bílé Karpaty;Krajský úřad Zlínského kraje;2021-05-04;2021-05-04;11466230;2021-05-04;0;CELKOVE_HODNOCENI;NA;NA;NA;NA;lok;NA;NA;špatný;0
2021;CZ0723024;Rochus;Eriogaster catax;Motýli;Uherské Hradiště, Unnamed Road;Uherské Hradiště, Unnamed Road;6970b;RP SCHKO Bílé Karpaty;Krajský úřad Zlínského kraje;2021-05-04;2021-05-04;11466230;2021-05-04;0;CELKOVE_SUM;NA;NA;NA;NA;NA;;;1;NA
2021;CZ0723024;Rochus;Eriogaster catax;Motýli;Uherské Hradiště, Unnamed Road;Uherské Hradiště, Unnamed Road;6970b;RP SCHKO Bílé Karpaty;Krajský úřad Zlínského kraje;2021-05-04;2021-05-04;11466230;2021-05-04;0;POP_POCETSUMLOKAL;hnízda housenek;min;minmax;ano;lok;10;alespoň 10 hnízda housenek;1;0
2021;CZ0723024;Rochus;Eriogaster catax;Motýli;Uherské Hradiště, Unnamed Road;Uherské Hradiště, Unnamed Road;6970b;RP SCHKO Bílé Karpaty;Krajský úřad Zlínského kraje;2021-05-04;2021-05-04;11466230;2021-05-04;0;POP_PRESENCE;NA;val;val;ano;lok;ano;ano;ano;1
2021;CZ0723024;Rochus;Eriogaster catax;Motýli;Uherské Hradiště, Unnamed Road;Uherské Hradiště, Unnamed Road;6970b;RP SCHKO Bílé Karpaty;Krajský úřad Zlínského kraje;2021-05-04;2021-05-04;11466230;2021-05-04;0;STA_LIKVIDACE;NA;val;val;ne;lok;nezaznamenána;nezaznamenána;neznámý;NA
2012;CZ0723416;Popovické rybníky;Eriogaster catax;Motýli;Popovice u Uherského Hradiště;Popovice u Uherského Hradiště;6971a;RP SCHKO Bílé Karpaty;Krajský úřad Zlínského kraje;2011-04-10;2012-04-14;8282772, 8282773;2012-04-14;0;CELKOVE_HODNOCENI;NA;NA;NA;NA;lok;NA;NA;špatný;0
2012;CZ0723416;Popovické rybníky;Eriogaster catax;Motýli;Popovice u Uherského Hradiště;Popovice u Uherského Hradiště;6971a;RP SCHKO Bílé Karpaty;Krajský úřad Zlínského kraje;2011-04-10;2012-04-14;8282772, 8282773;2012-04-14;0;CELKOVE_SUM;NA;NA;NA;NA;NA;;;1;NA
2012;CZ0723416;Popovické rybníky;Eriogaster catax;Motýli;Popovice u Uherského Hradiště;Popovice u Uherského Hradiště;6971a;RP SCHKO Bílé Karpaty;Krajský úřad Zlínského kraje;2011-04-10;2012-04-14;8282772, 8282773;2012-04-14;0;POP_POCETSUMLOKAL;hnízda housenek;min;minmax;ano;lok;10;alespoň 10 hnízda housenek;2;0
2012;CZ0723416;Popovické rybníky;Eriogaster catax;Motýli;Popovice u Uherského Hradiště;Popovice u Uherského Hradiště;6971a;RP SCHKO Bílé Karpaty;Krajský úřad Zlínského kraje;2011-04-10;2012-04-14;8282772, 8282773;2012-04-14;0;POP_PRESENCE;NA;val;val;ano;lok;ano;ano;ano;1
2012;CZ0723416;Popovické rybníky;Eriogaster catax;Motýli;Popovice u Uherského Hradiště;Popovice u Uherského Hradiště;6971a;RP SCHKO Bílé Karpaty;Krajský úřad Zlínského kraje;2011-04-10;2012-04-14;8282772, 8282773;2012-04-14;0;STA_LIKVIDACE;NA;val;val;ne;lok;nezaznamenána;nezaznamenána;neznámý;NA
2014;CZ0723425;Stráně u Popovic;Eriogaster catax;Motýli;EVL Stráně u Popovic;EVL Stráně u Popovic;6971c;RP SCHKO Bílé Karpaty;Krajský úřad Zlínského kraje;2009-04-10;2014-04-09;9057205, 9057206, 9057209;2014-04-09;0;CELKOVE_HODNOCENI;NA;NA;NA;NA;lok;NA;NA;dobrý;1
2014;CZ0723425;Stráně u Popovic;Eriogaster catax;Motýli;EVL Stráně u Popovic;EVL Stráně u Popovic;6971c;RP SCHKO Bílé Karpaty;Krajský úřad Zlínského kraje;2009-04-10;2014-04-09;9057205, 9057206, 9057209;2014-04-09;0;CELKOVE_SUM;NA;NA;NA;NA;NA;;;2;NA
2014;CZ0723425;Stráně u Popovic;Eriogaster catax;Motýli;EVL Stráně u Popovic;EVL Stráně u Popovic;6971c;RP SCHKO Bílé Karpaty;Krajský úřad Zlínského kraje;2009-04-10;2014-04-09;9057205, 9057206, 9057209;2014-04-09;0;POP_POCETSUMLOKAL;hnízda housenek;min;minmax;ano;lok;10;alespoň 10 hnízda housenek;10;1
2014;CZ0723425;Stráně u Popovic;Eriogaster catax;Motýli;EVL Stráně u Popovic;EVL Stráně u Popovic;6971c;RP SCHKO Bílé Karpaty;Krajský úřad Zlínského kraje;2009-04-10;2014-04-09;9057205, 9057206, 9057209;2014-04-09;0;POP_PRESENCE;NA;val;val;ano;lok;ano;ano;ano;1
2014;CZ0723425;Stráně u Popovic;Eriogaster catax;Motýli;EVL Stráně u Popovic;EVL Stráně u Popovic;6971c;RP SCHKO Bílé Karpaty;Krajský úřad Zlínského kraje;2009-04-10;2014-04-09;9057205, 9057206, 9057209;2014-04-09;0;STA_LIKVIDACE;NA;val;val;ne;lok;nezaznamenána;nezaznamenána;neznámý;NA
2021;CZ0723425;Stráně u Popovic;Eriogaster catax;Motýli;Popovice;Popovice;6971c;RP SCHKO Bílé Karpaty;Krajský úřad Zlínského kraje;2019-04-18;2021-05-11;11475076;2021-05-11;0;CELKOVE_HODNOCENI;NA;NA;NA;NA;lok;NA;NA;špatný;0
2021;CZ0723425;Stráně u Popovic;Eriogaster catax;Motýli;Popovice;Popovice;6971c;RP SCHKO Bílé Karpaty;Krajský úřad Zlínského kraje;2019-04-18;2021-05-11;11475076;2021-05-11;0;CELKOVE_SUM;NA;NA;NA;NA;NA;;;1;NA
2021;CZ0723425;Stráně u Popovic;Eriogaster catax;Motýli;Popovice;Popovice;6971c;RP SCHKO Bílé Karpaty;Krajský úřad Zlínského kraje;2019-04-18;2021-05-11;11475076;2021-05-11;0;POP_POCETSUMLOKAL;hnízda housenek;min;minmax;ano;lok;10;alespoň 10 hnízda housenek;1;0
2021;CZ0723425;Stráně u Popovic;Eriogaster catax;Motýli;Popovice;Popovice;6971c;RP SCHKO Bílé Karpaty;Krajský úřad Zlínského kraje;2019-04-18;2021-05-11;11475076;2021-05-11;0;POP_PRESENCE;NA;val;val;ano;lok;ano;ano;ano;1
2021;CZ0723425;Stráně u Popovic;Eriogaster catax;Motýli;Popovice;Popovice;6971c;RP SCHKO Bílé Karpaty;Krajský úřad Zlínského kraje;2019-04-18;2021-05-11;11475076;2021-05-11;0;STA_LIKVIDACE;NA;val;val;ne;lok;nezaznamenána;nezaznamenána;neznámý;NA
2014;CZ0723430;Údolí Bánovského potoka;Eriogaster catax;Motýli;EVL Údolí Bánovského potoka;EVL Údolí Bánovského potoka;6972c;RP SCHKO Bílé Karpaty;Krajský úřad Zlínského kraje;2014-04-09;2014-04-09;9057203;2014-04-09;0;CELKOVE_HODNOCENI;NA;NA;NA;NA;lok;NA;NA;špatný;0
2014;CZ0723430;Údolí Bánovského potoka;Eriogaster catax;Motýli;EVL Údolí Bánovského potoka;EVL Údolí Bánovského potoka;6972c;RP SCHKO Bílé Karpaty;Krajský úřad Zlínského kraje;2014-04-09;2014-04-09;9057203;2014-04-09;0;CELKOVE_SUM;NA;NA;NA;NA;NA;;;1;NA
2014;CZ0723430;Údolí Bánovského potoka;Eriogaster catax;Motýli;EVL Údolí Bánovského potoka;EVL Údolí Bánovského potoka;6972c;RP SCHKO Bílé Karpaty;Krajský úřad Zlínského kraje;2014-04-09;2014-04-09;9057203;2014-04-09;0;POP_POCETSUMLOKAL;hnízda housenek;min;minmax;ano;lok;10;alespoň 10 hnízda housenek;2;0
2014;CZ0723430;Údolí Bánovského potoka;Eriogaster catax;Motýli;EVL Údolí Bánovského potoka;EVL Údolí Bánovského potoka;6972c;RP SCHKO Bílé Karpaty;Krajský úřad Zlínského kraje;2014-04-09;2014-04-09;9057203;2014-04-09;0;POP_PRESENCE;NA;val;val;ano;lok;ano;ano;ano;1
2014;CZ0723430;Údolí Bánovského potoka;Eriogaster catax;Motýli;EVL Údolí Bánovského potoka;EVL Údolí Bánovského potoka;6972c;RP SCHKO Bílé Karpaty;Krajský úřad Zlínského kraje;2014-04-09;2014-04-09;9057203;2014-04-09;0;STA_LIKVIDACE;NA;val;val;ne;lok;nezaznamenána;nezaznamenána;neznámý;NA
2017;CZ0723430;Údolí Bánovského potoka;Eriogaster catax;Motýli;KÚ: Šumice u Uherského Brodu;KÚ: Šumice u Uherského Brodu;6972c;RP SCHKO Bílé Karpaty;Krajský úřad Zlínského kraje;2017-04-23;2017-04-23;10123370;2017-04-23;0;CELKOVE_HODNOCENI;NA;NA;NA;NA;lok;NA;NA;špatný;0
2017;CZ0723430;Údolí Bánovského potoka;Eriogaster catax;Motýli;KÚ: Šumice u Uherského Brodu;KÚ: Šumice u Uherského Brodu;6972c;RP SCHKO Bílé Karpaty;Krajský úřad Zlínského kraje;2017-04-23;2017-04-23;10123370;2017-04-23;0;CELKOVE_SUM;NA;NA;NA;NA;NA;;;1;NA
2017;CZ0723430;Údolí Bánovského potoka;Eriogaster catax;Motýli;KÚ: Šumice u Uherského Brodu;KÚ: Šumice u Uherského Brodu;6972c;RP SCHKO Bílé Karpaty;Krajský úřad Zlínského kraje;2017-04-23;2017-04-23;10123370;2017-04-23;0;POP_POCETSUMLOKAL;hnízda housenek;min;minmax;ano;lok;10;alespoň 10 hnízda housenek;1;0
2017;CZ0723430;Údolí Bánovského potoka;Eriogaster catax;Motýli;KÚ: Šumice u Uherského Brodu;KÚ: Šumice u Uherského Brodu;6972c;RP SCHKO Bílé Karpaty;Krajský úřad Zlínského kraje;2017-04-23;2017-04-23;10123370;2017-04-23;0;POP_PRESENCE;NA;val;val;ano;lok;ano;ano;ano;1
2017;CZ0723430;Údolí Bánovského potoka;Eriogaster catax;Motýli;KÚ: Šumice u Uherského Brodu;KÚ: Šumice u Uherského Brodu;6972c;RP SCHKO Bílé Karpaty;Krajský úřad Zlínského kraje;2017-04-23;2017-04-23;10123370;2017-04-23;0;STA_LIKVIDACE;NA;val;val;ne;lok;nezaznamenána;nezaznamenána;neznámý;NA
2013;CZ0724087;Újezdecký les;Eriogaster catax;Motýli;9110_567;Újezdecký les;6972c;RP SCHKO Bílé Karpaty;Krajský úřad Zlínského kraje;2013-01-01;2013-01-01;9677109;2013-01-01;0;CELKOVE_HODNOCENI;NA;NA;NA;NA;lok;NA;NA;špatný;0
2013;CZ0724087;Újezdecký les;Eriogaster catax;Motýli;9110_567;Újezdecký les;6972c;RP SCHKO Bílé Karpaty;Krajský úřad Zlínského kraje;2013-01-01;2013-01-01;9677109;2013-01-01;0;CELKOVE_SUM;NA;NA;NA;NA;NA;;;1;NA
2013;CZ0724087;Újezdecký les;Eriogaster catax;Motýli;9110_567;Újezdecký les;6972c;RP SCHKO Bílé Karpaty;Krajský úřad Zlínského kraje;2013-01-01;2013-01-01;9677109;2013-01-01;0;POP_POCETSUMLOKAL;hnízda housenek;min;minmax;ano;lok;10;alespoň 10 hnízda housenek;0;0
2013;CZ0724087;Újezdecký les;Eriogaster catax;Motýli;9110_567;Újezdecký les;6972c;RP SCHKO Bílé Karpaty;Krajský úřad Zlínského kraje;2013-01-01;2013-01-01;9677109;2013-01-01;0;POP_PRESENCE;NA;val;val;ano;lok;ano;ano;ano;1
2013;CZ0724087;Újezdecký les;Eriogaster catax;Motýli;9110_567;Újezdecký les;6972c;RP SCHKO Bílé Karpaty;Krajský úřad Zlínského kraje;2013-01-01;2013-01-01;9677109;2013-01-01;0;STA_LIKVIDACE;NA;val;val;ne;lok;nezaznamenána;nezaznamenána;neznámý;NA
2017;CZ0724087;Újezdecký les;Eriogaster catax;Motýli;KÚ: Újezdec u Luhačovic;KÚ: Újezdec u Luhačovic;6972a, 6972c;RP SCHKO Bílé Karpaty;Krajský úřad Zlínského kraje;NA;NA;10123371;2017-04-16;0;CELKOVE_HODNOCENI;NA;NA;NA;NA;lok;NA;NA;špatný;0
2017;CZ0724087;Újezdecký les;Eriogaster catax;Motýli;KÚ: Újezdec u Luhačovic;KÚ: Újezdec u Luhačovic;6972a, 6972c;RP SCHKO Bílé Karpaty;Krajský úřad Zlínského kraje;NA;NA;10123371;2017-04-16;0;CELKOVE_SUM;NA;NA;NA;NA;NA;;;1;NA
2017;CZ0724087;Újezdecký les;Eriogaster catax;Motýli;KÚ: Újezdec u Luhačovic;KÚ: Újezdec u Luhačovic;6972a, 6972c;RP SCHKO Bílé Karpaty;Krajský úřad Zlínského kraje;NA;NA;10123371;2017-04-16;0;POP_POCETSUMLOKAL;hnízda housenek;min;minmax;ano;lok;10;alespoň 10 hnízda housenek;4;0
2017;CZ0724087;Újezdecký les;Eriogaster catax;Motýli;KÚ: Újezdec u Luhačovic;KÚ: Újezdec u Luhačovic;6972a, 6972c;RP SCHKO Bílé Karpaty;Krajský úřad Zlínského kraje;NA;NA;10123371;2017-04-16;0;POP_PRESENCE;NA;val;val;ano;lok;ano;ano;ano;1
2017;CZ0724087;Újezdecký les;Eriogaster catax;Motýli;KÚ: Újezdec u Luhačovic;KÚ: Újezdec u Luhačovic;6972a, 6972c;RP SCHKO Bílé Karpaty;Krajský úřad Zlínského kraje;NA;NA;10123371;2017-04-16;0;STA_LIKVIDACE;NA;val;val;ne;lok;nezaznamenána;nezaznamenána;neznámý;NA
2022;CZ0724087;Újezdecký les;Eriogaster catax;Motýli;MOTYLI1052;Újezdec;6972c;RP SCHKO Bílé Karpaty;Krajský úřad Zlínského kraje;2022-04-13;2022-04-13;12800434;2022-04-13;1;CELKOVE_HODNOCENI;NA;NA;NA;NA;lok;NA;NA;špatný;0
2022;CZ0724087;Újezdecký les;Eriogaster catax;Motýli;MOTYLI1052;Újezdec;6972c;RP SCHKO Bílé Karpaty;Krajský úřad Zlínského kraje;2022-04-13;2022-04-13;12800434;2022-04-13;1;CELKOVE_SUM;NA;NA;NA;NA;NA;;;0;NA
2022;CZ0724087;Újezdecký les;Eriogaster catax;Motýli;MOTYLI1052;Újezdec;6972c;RP SCHKO Bílé Karpaty;Krajský úřad Zlínského kraje;2022-04-13;2022-04-13;12800434;2022-04-13;1;POP_POCETSUMLOKAL;hnízda housenek;min;minmax;ano;lok;10;alespoň 10 hnízda housenek;0;0
2022;CZ0724087;Újezdecký les;Eriogaster catax;Motýli;MOTYLI1052;Újezdec;6972c;RP SCHKO Bílé Karpaty;Krajský úřad Zlínského kraje;2022-04-13;2022-04-13;12800434;2022-04-13;1;POP_PRESENCE;NA;val;val;ano;lok;ano;ano;ne;0
2022;CZ0724087;Újezdecký les;Eriogaster catax;Motýli;MOTYLI1052;Újezdec;6972c;RP SCHKO Bílé Karpaty;Krajský úřad Zlínského kraje;2022-04-13;2022-04-13;12800434;2022-04-13;1;STA_LIKVIDACE;NA;val;val;ne;lok;nezaznamenána;nezaznamenána;zaznamenána;0
2022;CZ0724087;Újezdecký les;Eriogaster catax;Motýli;MOTYLI1053;Těšov;6972c;RP SCHKO Bílé Karpaty;Krajský úřad Zlínského kraje;2022-04-14;2022-04-14;12800472;2022-04-14;1;CELKOVE_HODNOCENI;NA;NA;NA;NA;lok;NA;NA;špatný;0
2022;CZ0724087;Újezdecký les;Eriogaster catax;Motýli;MOTYLI1053;Těšov;6972c;RP SCHKO Bílé Karpaty;Krajský úřad Zlínského kraje;2022-04-14;2022-04-14;12800472;2022-04-14;1;CELKOVE_SUM;NA;NA;NA;NA;NA;;;0;NA
2022;CZ0724087;Újezdecký les;Eriogaster catax;Motýli;MOTYLI1053;Těšov;6972c;RP SCHKO Bílé Karpaty;Krajský úřad Zlínského kraje;2022-04-14;2022-04-14;12800472;2022-04-14;1;POP_POCETSUMLOKAL;hnízda housenek;min;minmax;ano;lok;10;alespoň 10 hnízda housenek;0;0
2022;CZ0724087;Újezdecký les;Eriogaster catax;Motýli;MOTYLI1053;Těšov;6972c;RP SCHKO Bílé Karpaty;Krajský úřad Zlínského kraje;2022-04-14;2022-04-14;12800472;2022-04-14;1;POP_PRESENCE;NA;val;val;ano;lok;ano;ano;ne;0
2022;CZ0724087;Újezdecký les;Eriogaster catax;Motýli;MOTYLI1053;Těšov;6972c;RP SCHKO Bílé Karpaty;Krajský úřad Zlínského kraje;2022-04-14;2022-04-14;12800472;2022-04-14;1;STA_LIKVIDACE;NA;val;val;ne;lok;nezaznamenána;nezaznamenána;zaznamenána;0
2023;CZ0724087;Újezdecký les;Eriogaster catax;Motýli;MOTYLI2224;Újezdec;6972c;RP SCHKO Bílé Karpaty;Krajský úřad Zlínského kraje;2023-05-01;2023-05-01;12800542;2023-05-01;1;CELKOVE_HODNOCENI;NA;NA;NA;NA;lok;NA;NA;špatný;0
2023;CZ0724087;Újezdecký les;Eriogaster catax;Motýli;MOTYLI2224;Újezdec;6972c;RP SCHKO Bílé Karpaty;Krajský úřad Zlínského kraje;2023-05-01;2023-05-01;12800542;2023-05-01;1;CELKOVE_SUM;NA;NA;NA;NA;NA;;;1;NA
2023;CZ0724087;Újezdecký les;Eriogaster catax;Motýli;MOTYLI2224;Újezdec;6972c;RP SCHKO Bílé Karpaty;Krajský úřad Zlínského kraje;2023-05-01;2023-05-01;12800542;2023-05-01;1;POP_POCETSUMLOKAL;hnízda housenek;min;minmax;ano;lok;10;alespoň 10 hnízda housenek;0;0
2023;CZ0724087;Újezdecký les;Eriogaster catax;Motýli;MOTYLI2224;Újezdec;6972c;RP SCHKO Bílé Karpaty;Krajský úřad Zlínského kraje;2023-05-01;2023-05-01;12800542;2023-05-01;1;POP_PRESENCE;NA;val;val;ano;lok;ano;ano;ne;0
2023;CZ0724087;Újezdecký les;Eriogaster catax;Motýli;MOTYLI2224;Újezdec;6972c;RP SCHKO Bílé Karpaty;Krajský úřad Zlínského kraje;2023-05-01;2023-05-01;12800542;2023-05-01;1;STA_LIKVIDACE;NA;val;val;ne;lok;nezaznamenána;nezaznamenána;nezaznamenána;1
2023;CZ0724087;Újezdecký les;Eriogaster catax;Motýli;MOTYLI2225;Těšov;6972c;RP SCHKO Bílé Karpaty;Krajský úřad Zlínského kraje;2023-05-01;2023-05-01;12800544;2023-05-01;1;CELKOVE_HODNOCENI;NA;NA;NA;NA;lok;NA;NA;špatný;0
2023;CZ0724087;Újezdecký les;Eriogaster catax;Motýli;MOTYLI2225;Těšov;6972c;RP SCHKO Bílé Karpaty;Krajský úřad Zlínského kraje;2023-05-01;2023-05-01;12800544;2023-05-01;1;CELKOVE_SUM;NA;NA;NA;NA;NA;;;1;NA
2023;CZ0724087;Újezdecký les;Eriogaster catax;Motýli;MOTYLI2225;Těšov;6972c;RP SCHKO Bílé Karpaty;Krajský úřad Zlínského kraje;2023-05-01;2023-05-01;12800544;2023-05-01;1;POP_POCETSUMLOKAL;hnízda housenek;min;minmax;ano;lok;10;alespoň 10 hnízda housenek;0;0
2023;CZ0724087;Újezdecký les;Eriogaster catax;Motýli;MOTYLI2225;Těšov;6972c;RP SCHKO Bílé Karpaty;Krajský úřad Zlínského kraje;2023-05-01;2023-05-01;12800544;2023-05-01;1;POP_PRESENCE;NA;val;val;ano;lok;ano;ano;ne;0
2023;CZ0724087;Újezdecký les;Eriogaster catax;Motýli;MOTYLI2225;Těšov;6972c;RP SCHKO Bílé Karpaty;Krajský úřad Zlínského kraje;2023-05-01;2023-05-01;12800544;2023-05-01;1;STA_LIKVIDACE;NA;val;val;ne;lok;nezaznamenána;nezaznamenána;nezaznamenána;1
2024;CZ0724087;Újezdecký les;Eriogaster catax;Motýli;MOTYLI3136;Těšov;6972c;RP SCHKO Bílé Karpaty;Krajský úřad Zlínského kraje;2024-04-10;2024-04-10;13747443;2024-04-10;1;CELKOVE_HODNOCENI;NA;NA;NA;NA;lok;NA;NA;špatný;0
2024;CZ0724087;Újezdecký les;Eriogaster catax;Motýli;MOTYLI3136;Těšov;6972c;RP SCHKO Bílé Karpaty;Krajský úřad Zlínského kraje;2024-04-10;2024-04-10;13747443;2024-04-10;1;CELKOVE_SUM;NA;NA;NA;NA;NA;;;1;NA
2024;CZ0724087;Újezdecký les;Eriogaster catax;Motýli;MOTYLI3136;Těšov;6972c;RP SCHKO Bílé Karpaty;Krajský úřad Zlínského kraje;2024-04-10;2024-04-10;13747443;2024-04-10;1;POP_POCETSUMLOKAL;hnízda housenek;min;minmax;ano;lok;10;alespoň 10 hnízda housenek;0;0
2024;CZ0724087;Újezdecký les;Eriogaster catax;Motýli;MOTYLI3136;Těšov;6972c;RP SCHKO Bílé Karpaty;Krajský úřad Zlínského kraje;2024-04-10;2024-04-10;13747443;2024-04-10;1;POP_PRESENCE;NA;val;val;ano;lok;ano;ano;ne;0
2024;CZ0724087;Újezdecký les;Eriogaster catax;Motýli;MOTYLI3136;Těšov;6972c;RP SCHKO Bílé Karpaty;Krajský úřad Zlínského kraje;2024-04-10;2024-04-10;13747443;2024-04-10;1;STA_LIKVIDACE;NA;val;val;ne;lok;nezaznamenána;nezaznamenána;nezaznamenána;1
2024;CZ0724087;Újezdecký les;Eriogaster catax;Motýli;MOTYLI3137;Újezdec;6972c;RP SCHKO Bílé Karpaty;Krajský úřad Zlínského kraje;2024-10-11;2024-10-11;13747447;2024-10-11;1;CELKOVE_HODNOCENI;NA;NA;NA;NA;lok;NA;NA;špatný;0
2024;CZ0724087;Újezdecký les;Eriogaster catax;Motýli;MOTYLI3137;Újezdec;6972c;RP SCHKO Bílé Karpaty;Krajský úřad Zlínského kraje;2024-10-11;2024-10-11;13747447;2024-10-11;1;CELKOVE_SUM;NA;NA;NA;NA;NA;;;1;NA
2024;CZ0724087;Újezdecký les;Eriogaster catax;Motýli;MOTYLI3137;Újezdec;6972c;RP SCHKO Bílé Karpaty;Krajský úřad Zlínského kraje;2024-10-11;2024-10-11;13747447;2024-10-11;1;POP_POCETSUMLOKAL;hnízda housenek;min;minmax;ano;lok;10;alespoň 10 hnízda housenek;0;0
2024;CZ0724087;Újezdecký les;Eriogaster catax;Motýli;MOTYLI3137;Újezdec;6972c;RP SCHKO Bílé Karpaty;Krajský úřad Zlínského kraje;2024-10-11;2024-10-11;13747447;2024-10-11;1;POP_PRESENCE;NA;val;val;ano;lok;ano;ano;ne;0
2024;CZ0724087;Újezdecký les;Eriogaster catax;Motýli;MOTYLI3137;Újezdec;6972c;RP SCHKO Bílé Karpaty;Krajský úřad Zlínského kraje;2024-10-11;2024-10-11;13747447;2024-10-11;1;STA_LIKVIDACE;NA;val;val;ne;lok;nezaznamenána;nezaznamenána;nezaznamenána;1
2019;CZ0724087;Újezdecký les;Eriogaster catax;Motýli;Uherský Brod, Újezdec;Uherský Brod, Újezdec;6972c;RP SCHKO Bílé Karpaty;Krajský úřad Zlínského kraje;2019-04-16;2019-04-16;10613658;2019-04-16;0;CELKOVE_HODNOCENI;NA;NA;NA;NA;lok;NA;NA;dobrý;1
2019;CZ0724087;Újezdecký les;Eriogaster catax;Motýli;Uherský Brod, Újezdec;Uherský Brod, Újezdec;6972c;RP SCHKO Bílé Karpaty;Krajský úřad Zlínského kraje;2019-04-16;2019-04-16;10613658;2019-04-16;0;CELKOVE_SUM;NA;NA;NA;NA;NA;;;2;NA
2019;CZ0724087;Újezdecký les;Eriogaster catax;Motýli;Uherský Brod, Újezdec;Uherský Brod, Újezdec;6972c;RP SCHKO Bílé Karpaty;Krajský úřad Zlínského kraje;2019-04-16;2019-04-16;10613658;2019-04-16;0;POP_POCETSUMLOKAL;hnízda housenek;min;minmax;ano;lok;10;alespoň 10 hnízda housenek;11;1
2019;CZ0724087;Újezdecký les;Eriogaster catax;Motýli;Uherský Brod, Újezdec;Uherský Brod, Újezdec;6972c;RP SCHKO Bílé Karpaty;Krajský úřad Zlínského kraje;2019-04-16;2019-04-16;10613658;2019-04-16;0;POP_PRESENCE;NA;val;val;ano;lok;ano;ano;ano;1
2019;CZ0724087;Újezdecký les;Eriogaster catax;Motýli;Uherský Brod, Újezdec;Uherský Brod, Újezdec;6972c;RP SCHKO Bílé Karpaty;Krajský úřad Zlínského kraje;2019-04-16;2019-04-16;10613658;2019-04-16;0;STA_LIKVIDACE;NA;val;val;ne;lok;nezaznamenána;nezaznamenána;neznámý;NA
2020;CZ0724087;Újezdecký les;Eriogaster catax;Motýli;Újezdec;Újezdec;6972c;RP SCHKO Bílé Karpaty;Krajský úřad Zlínského kraje;2000-01-01;2020-04-21;11228171;2020-04-21;0;CELKOVE_HODNOCENI;NA;NA;NA;NA;lok;NA;NA;špatný;0
2020;CZ0724087;Újezdecký les;Eriogaster catax;Motýli;Újezdec;Újezdec;6972c;RP SCHKO Bílé Karpaty;Krajský úřad Zlínského kraje;2000-01-01;2020-04-21;11228171;2020-04-21;0;CELKOVE_SUM;NA;NA;NA;NA;NA;;;1;NA
2020;CZ0724087;Újezdecký les;Eriogaster catax;Motýli;Újezdec;Újezdec;6972c;RP SCHKO Bílé Karpaty;Krajský úřad Zlínského kraje;2000-01-01;2020-04-21;11228171;2020-04-21;0;POP_POCETSUMLOKAL;hnízda housenek;min;minmax;ano;lok;10;alespoň 10 hnízda housenek;5;0
2020;CZ0724087;Újezdecký les;Eriogaster catax;Motýli;Újezdec;Újezdec;6972c;RP SCHKO Bílé Karpaty;Krajský úřad Zlínského kraje;2000-01-01;2020-04-21;11228171;2020-04-21;0;POP_PRESENCE;NA;val;val;ano;lok;ano;ano;ano;1
2020;CZ0724087;Újezdecký les;Eriogaster catax;Motýli;Újezdec;Újezdec;6972c;RP SCHKO Bílé Karpaty;Krajský úřad Zlínského kraje;2000-01-01;2020-04-21;11228171;2020-04-21;0;STA_LIKVIDACE;NA;val;val;ne;lok;nezaznamenána;nezaznamenána;neznámý;NA
2018;CZ0724087;Újezdecký les;Eriogaster catax;Motýli;Újezdec - PP Újezdecký les;Újezdec - PP Újezdecký les;6972c;RP SCHKO Bílé Karpaty;Krajský úřad Zlínského kraje;2018-05-01;2018-05-01;10448807;2018-05-01;0;CELKOVE_HODNOCENI;NA;NA;NA;NA;lok;NA;NA;dobrý;1
2018;CZ0724087;Újezdecký les;Eriogaster catax;Motýli;Újezdec - PP Újezdecký les;Újezdec - PP Újezdecký les;6972c;RP SCHKO Bílé Karpaty;Krajský úřad Zlínského kraje;2018-05-01;2018-05-01;10448807;2018-05-01;0;CELKOVE_SUM;NA;NA;NA;NA;NA;;;2;NA
2018;CZ0724087;Újezdecký les;Eriogaster catax;Motýli;Újezdec - PP Újezdecký les;Újezdec - PP Újezdecký les;6972c;RP SCHKO Bílé Karpaty;Krajský úřad Zlínského kraje;2018-05-01;2018-05-01;10448807;2018-05-01;0;POP_POCETSUMLOKAL;hnízda housenek;min;minmax;ano;lok;10;alespoň 10 hnízda housenek;17;1
2018;CZ0724087;Újezdecký les;Eriogaster catax;Motýli;Újezdec - PP Újezdecký les;Újezdec - PP Újezdecký les;6972c;RP SCHKO Bílé Karpaty;Krajský úřad Zlínského kraje;2018-05-01;2018-05-01;10448807;2018-05-01;0;POP_PRESENCE;NA;val;val;ano;lok;ano;ano;ano;1
2018;CZ0724087;Újezdecký les;Eriogaster catax;Motýli;Újezdec - PP Újezdecký les;Újezdec - PP Újezdecký les;6972c;RP SCHKO Bílé Karpaty;Krajský úřad Zlínského kraje;2018-05-01;2018-05-01;10448807;2018-05-01;0;STA_LIKVIDACE;NA;val;val;ne;lok;nezaznamenána;nezaznamenána;neznámý;NA
2015;CZ0724087;Újezdecký les;Eriogaster catax;Motýli;Újezdec u Luhačovic;Újezdec u Luhačovic;6972a;RP SCHKO Bílé Karpaty;Krajský úřad Zlínského kraje;2013-10-06;2015-04-19;9535971;2015-04-19;0;CELKOVE_HODNOCENI;NA;NA;NA;NA;lok;NA;NA;špatný;0
2015;CZ0724087;Újezdecký les;Eriogaster catax;Motýli;Újezdec u Luhačovic;Újezdec u Luhačovic;6972a;RP SCHKO Bílé Karpaty;Krajský úřad Zlínského kraje;2013-10-06;2015-04-19;9535971;2015-04-19;0;CELKOVE_SUM;NA;NA;NA;NA;NA;;;1;NA
2015;CZ0724087;Újezdecký les;Eriogaster catax;Motýli;Újezdec u Luhačovic;Újezdec u Luhačovic;6972a;RP SCHKO Bílé Karpaty;Krajský úřad Zlínského kraje;2013-10-06;2015-04-19;9535971;2015-04-19;0;POP_POCETSUMLOKAL;hnízda housenek;min;minmax;ano;lok;10;alespoň 10 hnízda housenek;3;0
2015;CZ0724087;Újezdecký les;Eriogaster catax;Motýli;Újezdec u Luhačovic;Újezdec u Luhačovic;6972a;RP SCHKO Bílé Karpaty;Krajský úřad Zlínského kraje;2013-10-06;2015-04-19;9535971;2015-04-19;0;POP_PRESENCE;NA;val;val;ano;lok;ano;ano;ano;1
2015;CZ0724087;Újezdecký les;Eriogaster catax;Motýli;Újezdec u Luhačovic;Újezdec u Luhačovic;6972a;RP SCHKO Bílé Karpaty;Krajský úřad Zlínského kraje;2013-10-06;2015-04-19;9535971;2015-04-19;0;STA_LIKVIDACE;NA;val;val;ne;lok;nezaznamenána;nezaznamenána;neznámý;NA
2020;CZ0724090;Bílé Karpaty;Eriogaster catax;Motýli;54, Horní Němčí;54, Horní Němčí;7071d;RP SCHKO Bílé Karpaty;AOPK ČR - RP SCHKO Bílé Karpaty;2020-04-16;2020-04-16;11228065;2020-04-16;0;CELKOVE_HODNOCENI;NA;NA;NA;NA;lok;NA;NA;dobrý;1
2020;CZ0724090;Bílé Karpaty;Eriogaster catax;Motýli;54, Horní Němčí;54, Horní Němčí;7071d;RP SCHKO Bílé Karpaty;AOPK ČR - RP SCHKO Bílé Karpaty;2020-04-16;2020-04-16;11228065;2020-04-16;0;CELKOVE_SUM;NA;NA;NA;NA;NA;;;2;NA
2020;CZ0724090;Bílé Karpaty;Eriogaster catax;Motýli;54, Horní Němčí;54, Horní Němčí;7071d;RP SCHKO Bílé Karpaty;AOPK ČR - RP SCHKO Bílé Karpaty;2020-04-16;2020-04-16;11228065;2020-04-16;0;POP_POCETSUMLOKAL;hnízda housenek;min;minmax;ano;lok;10;alespoň 10 hnízda housenek;80;1
2020;CZ0724090;Bílé Karpaty;Eriogaster catax;Motýli;54, Horní Němčí;54, Horní Němčí;7071d;RP SCHKO Bílé Karpaty;AOPK ČR - RP SCHKO Bílé Karpaty;2020-04-16;2020-04-16;11228065;2020-04-16;0;POP_PRESENCE;NA;val;val;ano;lok;ano;ano;ano;1
2020;CZ0724090;Bílé Karpaty;Eriogaster catax;Motýli;54, Horní Němčí;54, Horní Němčí;7071d;RP SCHKO Bílé Karpaty;AOPK ČR - RP SCHKO Bílé Karpaty;2020-04-16;2020-04-16;11228065;2020-04-16;0;STA_LIKVIDACE;NA;val;val;ne;lok;nezaznamenána;nezaznamenána;neznámý;NA
2015;CZ0724090;Bílé Karpaty;Eriogaster catax;Motýli;7071-34;7071-34;7071c;RP SCHKO Bílé Karpaty;AOPK ČR - RP SCHKO Bílé Karpaty;2013-05-02;2015-04-16;9653913;2015-04-16;0;CELKOVE_HODNOCENI;NA;NA;NA;NA;lok;NA;NA;špatný;0
2015;CZ0724090;Bílé Karpaty;Eriogaster catax;Motýli;7071-34;7071-34;7071c;RP SCHKO Bílé Karpaty;AOPK ČR - RP SCHKO Bílé Karpaty;2013-05-02;2015-04-16;9653913;2015-04-16;0;CELKOVE_SUM;NA;NA;NA;NA;NA;;;1;NA
2015;CZ0724090;Bílé Karpaty;Eriogaster catax;Motýli;7071-34;7071-34;7071c;RP SCHKO Bílé Karpaty;AOPK ČR - RP SCHKO Bílé Karpaty;2013-05-02;2015-04-16;9653913;2015-04-16;0;POP_POCETSUMLOKAL;hnízda housenek;min;minmax;ano;lok;10;alespoň 10 hnízda housenek;0;0
2015;CZ0724090;Bílé Karpaty;Eriogaster catax;Motýli;7071-34;7071-34;7071c;RP SCHKO Bílé Karpaty;AOPK ČR - RP SCHKO Bílé Karpaty;2013-05-02;2015-04-16;9653913;2015-04-16;0;POP_PRESENCE;NA;val;val;ano;lok;ano;ano;ano;1
2015;CZ0724090;Bílé Karpaty;Eriogaster catax;Motýli;7071-34;7071-34;7071c;RP SCHKO Bílé Karpaty;AOPK ČR - RP SCHKO Bílé Karpaty;2013-05-02;2015-04-16;9653913;2015-04-16;0;STA_LIKVIDACE;NA;val;val;ne;lok;nezaznamenána;nezaznamenána;neznámý;NA
2015;CZ0724090;Bílé Karpaty;Eriogaster catax;Motýli;7071-42;7071-42;7071d;RP SCHKO Bílé Karpaty;AOPK ČR - RP SCHKO Bílé Karpaty;2015-04-23;2015-04-23;9654118;2015-04-23;0;CELKOVE_HODNOCENI;NA;NA;NA;NA;lok;NA;NA;špatný;0
2015;CZ0724090;Bílé Karpaty;Eriogaster catax;Motýli;7071-42;7071-42;7071d;RP SCHKO Bílé Karpaty;AOPK ČR - RP SCHKO Bílé Karpaty;2015-04-23;2015-04-23;9654118;2015-04-23;0;CELKOVE_SUM;NA;NA;NA;NA;NA;;;1;NA
2015;CZ0724090;Bílé Karpaty;Eriogaster catax;Motýli;7071-42;7071-42;7071d;RP SCHKO Bílé Karpaty;AOPK ČR - RP SCHKO Bílé Karpaty;2015-04-23;2015-04-23;9654118;2015-04-23;0;POP_POCETSUMLOKAL;hnízda housenek;min;minmax;ano;lok;10;alespoň 10 hnízda housenek;0;0
2015;CZ0724090;Bílé Karpaty;Eriogaster catax;Motýli;7071-42;7071-42;7071d;RP SCHKO Bílé Karpaty;AOPK ČR - RP SCHKO Bílé Karpaty;2015-04-23;2015-04-23;9654118;2015-04-23;0;POP_PRESENCE;NA;val;val;ano;lok;ano;ano;ano;1
2015;CZ0724090;Bílé Karpaty;Eriogaster catax;Motýli;7071-42;7071-42;7071d;RP SCHKO Bílé Karpaty;AOPK ČR - RP SCHKO Bílé Karpaty;2015-04-23;2015-04-23;9654118;2015-04-23;0;STA_LIKVIDACE;NA;val;val;ne;lok;nezaznamenána;nezaznamenána;neznámý;NA
2013;CZ0724090;Bílé Karpaty;Eriogaster catax;Motýli;7071-43;7071-43;7071d;RP SCHKO Bílé Karpaty;AOPK ČR - RP SCHKO Bílé Karpaty;2013-05-01;2013-05-01;9654018;2013-05-01;0;CELKOVE_HODNOCENI;NA;NA;NA;NA;lok;NA;NA;špatný;0
2013;CZ0724090;Bílé Karpaty;Eriogaster catax;Motýli;7071-43;7071-43;7071d;RP SCHKO Bílé Karpaty;AOPK ČR - RP SCHKO Bílé Karpaty;2013-05-01;2013-05-01;9654018;2013-05-01;0;CELKOVE_SUM;NA;NA;NA;NA;NA;;;1;NA
2013;CZ0724090;Bílé Karpaty;Eriogaster catax;Motýli;7071-43;7071-43;7071d;RP SCHKO Bílé Karpaty;AOPK ČR - RP SCHKO Bílé Karpaty;2013-05-01;2013-05-01;9654018;2013-05-01;0;POP_POCETSUMLOKAL;hnízda housenek;min;minmax;ano;lok;10;alespoň 10 hnízda housenek;0;0
2013;CZ0724090;Bílé Karpaty;Eriogaster catax;Motýli;7071-43;7071-43;7071d;RP SCHKO Bílé Karpaty;AOPK ČR - RP SCHKO Bílé Karpaty;2013-05-01;2013-05-01;9654018;2013-05-01;0;POP_PRESENCE;NA;val;val;ano;lok;ano;ano;ano;1
2013;CZ0724090;Bílé Karpaty;Eriogaster catax;Motýli;7071-43;7071-43;7071d;RP SCHKO Bílé Karpaty;AOPK ČR - RP SCHKO Bílé Karpaty;2013-05-01;2013-05-01;9654018;2013-05-01;0;STA_LIKVIDACE;NA;val;val;ne;lok;nezaznamenána;nezaznamenána;neznámý;NA
2015;CZ0724090;Bílé Karpaty;Eriogaster catax;Motýli;7171-13;7171-13;7171a;RP SCHKO Bílé Karpaty;AOPK ČR - RP SCHKO Bílé Karpaty;2013-05-05;2015-05-02;9653707;2015-05-02;0;CELKOVE_HODNOCENI;NA;NA;NA;NA;lok;NA;NA;špatný;0
2015;CZ0724090;Bílé Karpaty;Eriogaster catax;Motýli;7171-13;7171-13;7171a;RP SCHKO Bílé Karpaty;AOPK ČR - RP SCHKO Bílé Karpaty;2013-05-05;2015-05-02;9653707;2015-05-02;0;CELKOVE_SUM;NA;NA;NA;NA;NA;;;1;NA
2015;CZ0724090;Bílé Karpaty;Eriogaster catax;Motýli;7171-13;7171-13;7171a;RP SCHKO Bílé Karpaty;AOPK ČR - RP SCHKO Bílé Karpaty;2013-05-05;2015-05-02;9653707;2015-05-02;0;POP_POCETSUMLOKAL;hnízda housenek;min;minmax;ano;lok;10;alespoň 10 hnízda housenek;0;0
2015;CZ0724090;Bílé Karpaty;Eriogaster catax;Motýli;7171-13;7171-13;7171a;RP SCHKO Bílé Karpaty;AOPK ČR - RP SCHKO Bílé Karpaty;2013-05-05;2015-05-02;9653707;2015-05-02;0;POP_PRESENCE;NA;val;val;ano;lok;ano;ano;ano;1
2015;CZ0724090;Bílé Karpaty;Eriogaster catax;Motýli;7171-13;7171-13;7171a;RP SCHKO Bílé Karpaty;AOPK ČR - RP SCHKO Bílé Karpaty;2013-05-05;2015-05-02;9653707;2015-05-02;0;STA_LIKVIDACE;NA;val;val;ne;lok;nezaznamenána;nezaznamenána;neznámý;NA
2015;CZ0724090;Bílé Karpaty;Eriogaster catax;Motýli;7171-14;7171-14;7171a;RP SCHKO Bílé Karpaty;AOPK ČR - RP SCHKO Bílé Karpaty;2013-05-04;2015-05-02;9653839, 9653841;2015-05-02;0;CELKOVE_HODNOCENI;NA;NA;NA;NA;lok;NA;NA;špatný;0
2015;CZ0724090;Bílé Karpaty;Eriogaster catax;Motýli;7171-14;7171-14;7171a;RP SCHKO Bílé Karpaty;AOPK ČR - RP SCHKO Bílé Karpaty;2013-05-04;2015-05-02;9653839, 9653841;2015-05-02;0;CELKOVE_SUM;NA;NA;NA;NA;NA;;;1;NA
2015;CZ0724090;Bílé Karpaty;Eriogaster catax;Motýli;7171-14;7171-14;7171a;RP SCHKO Bílé Karpaty;AOPK ČR - RP SCHKO Bílé Karpaty;2013-05-04;2015-05-02;9653839, 9653841;2015-05-02;0;POP_POCETSUMLOKAL;hnízda housenek;min;minmax;ano;lok;10;alespoň 10 hnízda housenek;0;0
2015;CZ0724090;Bílé Karpaty;Eriogaster catax;Motýli;7171-14;7171-14;7171a;RP SCHKO Bílé Karpaty;AOPK ČR - RP SCHKO Bílé Karpaty;2013-05-04;2015-05-02;9653839, 9653841;2015-05-02;0;POP_PRESENCE;NA;val;val;ano;lok;ano;ano;ano;1
2015;CZ0724090;Bílé Karpaty;Eriogaster catax;Motýli;7171-14;7171-14;7171a;RP SCHKO Bílé Karpaty;AOPK ČR - RP SCHKO Bílé Karpaty;2013-05-04;2015-05-02;9653839, 9653841;2015-05-02;0;STA_LIKVIDACE;NA;val;val;ne;lok;nezaznamenána;nezaznamenána;neznámý;NA
2013;CZ0724090;Bílé Karpaty;Eriogaster catax;Motýli;7171-23;7171-23;7171b;RP SCHKO Bílé Karpaty;AOPK ČR - RP SCHKO Bílé Karpaty;2013-05-04;2013-05-04;9653971;2013-05-04;0;CELKOVE_HODNOCENI;NA;NA;NA;NA;lok;NA;NA;špatný;0
2013;CZ0724090;Bílé Karpaty;Eriogaster catax;Motýli;7171-23;7171-23;7171b;RP SCHKO Bílé Karpaty;AOPK ČR - RP SCHKO Bílé Karpaty;2013-05-04;2013-05-04;9653971;2013-05-04;0;CELKOVE_SUM;NA;NA;NA;NA;NA;;;1;NA
2013;CZ0724090;Bílé Karpaty;Eriogaster catax;Motýli;7171-23;7171-23;7171b;RP SCHKO Bílé Karpaty;AOPK ČR - RP SCHKO Bílé Karpaty;2013-05-04;2013-05-04;9653971;2013-05-04;0;POP_POCETSUMLOKAL;hnízda housenek;min;minmax;ano;lok;10;alespoň 10 hnízda housenek;0;0
2013;CZ0724090;Bílé Karpaty;Eriogaster catax;Motýli;7171-23;7171-23;7171b;RP SCHKO Bílé Karpaty;AOPK ČR - RP SCHKO Bílé Karpaty;2013-05-04;2013-05-04;9653971;2013-05-04;0;POP_PRESENCE;NA;val;val;ano;lok;ano;ano;ano;1
2013;CZ0724090;Bílé Karpaty;Eriogaster catax;Motýli;7171-23;7171-23;7171b;RP SCHKO Bílé Karpaty;AOPK ČR - RP SCHKO Bílé Karpaty;2013-05-04;2013-05-04;9653971;2013-05-04;0;STA_LIKVIDACE;NA;val;val;ne;lok;nezaznamenána;nezaznamenána;neznámý;NA
2015;CZ0724090;Bílé Karpaty;Eriogaster catax;Motýli;7171-24;7171-24;7171b;RP SCHKO Bílé Karpaty;AOPK ČR - RP SCHKO Bílé Karpaty;2015-04-15;2015-04-15;9654062;2015-04-15;0;CELKOVE_HODNOCENI;NA;NA;NA;NA;lok;NA;NA;špatný;0
2015;CZ0724090;Bílé Karpaty;Eriogaster catax;Motýli;7171-24;7171-24;7171b;RP SCHKO Bílé Karpaty;AOPK ČR - RP SCHKO Bílé Karpaty;2015-04-15;2015-04-15;9654062;2015-04-15;0;CELKOVE_SUM;NA;NA;NA;NA;NA;;;1;NA
2015;CZ0724090;Bílé Karpaty;Eriogaster catax;Motýli;7171-24;7171-24;7171b;RP SCHKO Bílé Karpaty;AOPK ČR - RP SCHKO Bílé Karpaty;2015-04-15;2015-04-15;9654062;2015-04-15;0;POP_POCETSUMLOKAL;hnízda housenek;min;minmax;ano;lok;10;alespoň 10 hnízda housenek;0;0
2015;CZ0724090;Bílé Karpaty;Eriogaster catax;Motýli;7171-24;7171-24;7171b;RP SCHKO Bílé Karpaty;AOPK ČR - RP SCHKO Bílé Karpaty;2015-04-15;2015-04-15;9654062;2015-04-15;0;POP_PRESENCE;NA;val;val;ano;lok;ano;ano;ano;1
2015;CZ0724090;Bílé Karpaty;Eriogaster catax;Motýli;7171-24;7171-24;7171b;RP SCHKO Bílé Karpaty;AOPK ČR - RP SCHKO Bílé Karpaty;2015-04-15;2015-04-15;9654062;2015-04-15;0;STA_LIKVIDACE;NA;val;val;ne;lok;nezaznamenána;nezaznamenána;neznámý;NA
2019;CZ0724090;Bílé Karpaty;Eriogaster catax;Motýli;Horní Němčí;Horní Němčí;7071d;RP SCHKO Bílé Karpaty;AOPK ČR - RP SCHKO Bílé Karpaty;2018-04-27;2019-04-15;10613657;2019-04-15;0;CELKOVE_HODNOCENI;NA;NA;NA;NA;lok;NA;NA;dobrý;1
2019;CZ0724090;Bílé Karpaty;Eriogaster catax;Motýli;Horní Němčí;Horní Němčí;7071d;RP SCHKO Bílé Karpaty;AOPK ČR - RP SCHKO Bílé Karpaty;2018-04-27;2019-04-15;10613657;2019-04-15;0;CELKOVE_SUM;NA;NA;NA;NA;NA;;;2;NA
2019;CZ0724090;Bílé Karpaty;Eriogaster catax;Motýli;Horní Němčí;Horní Němčí;7071d;RP SCHKO Bílé Karpaty;AOPK ČR - RP SCHKO Bílé Karpaty;2018-04-27;2019-04-15;10613657;2019-04-15;0;POP_POCETSUMLOKAL;hnízda housenek;min;minmax;ano;lok;10;alespoň 10 hnízda housenek;25;1
2019;CZ0724090;Bílé Karpaty;Eriogaster catax;Motýli;Horní Němčí;Horní Němčí;7071d;RP SCHKO Bílé Karpaty;AOPK ČR - RP SCHKO Bílé Karpaty;2018-04-27;2019-04-15;10613657;2019-04-15;0;POP_PRESENCE;NA;val;val;ano;lok;ano;ano;ano;1
2019;CZ0724090;Bílé Karpaty;Eriogaster catax;Motýli;Horní Němčí;Horní Němčí;7071d;RP SCHKO Bílé Karpaty;AOPK ČR - RP SCHKO Bílé Karpaty;2018-04-27;2019-04-15;10613657;2019-04-15;0;STA_LIKVIDACE;NA;val;val;ne;lok;nezaznamenána;nezaznamenána;neznámý;NA
2023;CZ0724090;Bílé Karpaty;Eriogaster catax;Motýli;Horní Němčí, 54;Horní Němčí, 54;7071d;RP SCHKO Bílé Karpaty;AOPK ČR - RP SCHKO Bílé Karpaty;2021-05-06;2023-05-01;12754998;2023-05-01;0;CELKOVE_HODNOCENI;NA;NA;NA;NA;lok;NA;NA;špatný;0
2023;CZ0724090;Bílé Karpaty;Eriogaster catax;Motýli;Horní Němčí, 54;Horní Němčí, 54;7071d;RP SCHKO Bílé Karpaty;AOPK ČR - RP SCHKO Bílé Karpaty;2021-05-06;2023-05-01;12754998;2023-05-01;0;CELKOVE_SUM;NA;NA;NA;NA;NA;;;1;NA
2023;CZ0724090;Bílé Karpaty;Eriogaster catax;Motýli;Horní Němčí, 54;Horní Němčí, 54;7071d;RP SCHKO Bílé Karpaty;AOPK ČR - RP SCHKO Bílé Karpaty;2021-05-06;2023-05-01;12754998;2023-05-01;0;POP_POCETSUMLOKAL;hnízda housenek;min;minmax;ano;lok;10;alespoň 10 hnízda housenek;1;0
2023;CZ0724090;Bílé Karpaty;Eriogaster catax;Motýli;Horní Němčí, 54;Horní Němčí, 54;7071d;RP SCHKO Bílé Karpaty;AOPK ČR - RP SCHKO Bílé Karpaty;2021-05-06;2023-05-01;12754998;2023-05-01;0;POP_PRESENCE;NA;val;val;ano;lok;ano;ano;ano;1
2023;CZ0724090;Bílé Karpaty;Eriogaster catax;Motýli;Horní Němčí, 54;Horní Němčí, 54;7071d;RP SCHKO Bílé Karpaty;AOPK ČR - RP SCHKO Bílé Karpaty;2021-05-06;2023-05-01;12754998;2023-05-01;0;STA_LIKVIDACE;NA;val;val;ne;lok;nezaznamenána;nezaznamenána;neznámý;NA
2017;CZ0724090;Bílé Karpaty;Eriogaster catax;Motýli;KÚ: Nová Lhota u Veselí nad Moravou;KÚ: Nová Lhota u Veselí nad Moravou;7171b;RP SCHKO Bílé Karpaty;AOPK ČR - RP SCHKO Bílé Karpaty;2017-05-14;2017-05-14;10123375;2017-05-14;0;CELKOVE_HODNOCENI;NA;NA;NA;NA;lok;NA;NA;špatný;0
2017;CZ0724090;Bílé Karpaty;Eriogaster catax;Motýli;KÚ: Nová Lhota u Veselí nad Moravou;KÚ: Nová Lhota u Veselí nad Moravou;7171b;RP SCHKO Bílé Karpaty;AOPK ČR - RP SCHKO Bílé Karpaty;2017-05-14;2017-05-14;10123375;2017-05-14;0;CELKOVE_SUM;NA;NA;NA;NA;NA;;;1;NA
2017;CZ0724090;Bílé Karpaty;Eriogaster catax;Motýli;KÚ: Nová Lhota u Veselí nad Moravou;KÚ: Nová Lhota u Veselí nad Moravou;7171b;RP SCHKO Bílé Karpaty;AOPK ČR - RP SCHKO Bílé Karpaty;2017-05-14;2017-05-14;10123375;2017-05-14;0;POP_POCETSUMLOKAL;hnízda housenek;min;minmax;ano;lok;10;alespoň 10 hnízda housenek;1;0
2017;CZ0724090;Bílé Karpaty;Eriogaster catax;Motýli;KÚ: Nová Lhota u Veselí nad Moravou;KÚ: Nová Lhota u Veselí nad Moravou;7171b;RP SCHKO Bílé Karpaty;AOPK ČR - RP SCHKO Bílé Karpaty;2017-05-14;2017-05-14;10123375;2017-05-14;0;POP_PRESENCE;NA;val;val;ano;lok;ano;ano;ano;1
2017;CZ0724090;Bílé Karpaty;Eriogaster catax;Motýli;KÚ: Nová Lhota u Veselí nad Moravou;KÚ: Nová Lhota u Veselí nad Moravou;7171b;RP SCHKO Bílé Karpaty;AOPK ČR - RP SCHKO Bílé Karpaty;2017-05-14;2017-05-14;10123375;2017-05-14;0;STA_LIKVIDACE;NA;val;val;ne;lok;nezaznamenána;nezaznamenána;neznámý;NA
2022;CZ0724090;Bílé Karpaty;Eriogaster catax;Motýli;MOTYLI1051;Boršice;7071c;RP SCHKO Bílé Karpaty;AOPK ČR - RP SCHKO Bílé Karpaty;2022-12-06;2022-12-06;12800419;2022-12-06;1;CELKOVE_HODNOCENI;NA;NA;NA;NA;lok;NA;NA;špatný;0
2022;CZ0724090;Bílé Karpaty;Eriogaster catax;Motýli;MOTYLI1051;Boršice;7071c;RP SCHKO Bílé Karpaty;AOPK ČR - RP SCHKO Bílé Karpaty;2022-12-06;2022-12-06;12800419;2022-12-06;1;CELKOVE_SUM;NA;NA;NA;NA;NA;;;1;NA
2022;CZ0724090;Bílé Karpaty;Eriogaster catax;Motýli;MOTYLI1051;Boršice;7071c;RP SCHKO Bílé Karpaty;AOPK ČR - RP SCHKO Bílé Karpaty;2022-12-06;2022-12-06;12800419;2022-12-06;1;POP_POCETSUMLOKAL;hnízda housenek;min;minmax;ano;lok;10;alespoň 10 hnízda housenek;0;0
2022;CZ0724090;Bílé Karpaty;Eriogaster catax;Motýli;MOTYLI1051;Boršice;7071c;RP SCHKO Bílé Karpaty;AOPK ČR - RP SCHKO Bílé Karpaty;2022-12-06;2022-12-06;12800419;2022-12-06;1;POP_PRESENCE;NA;val;val;ano;lok;ano;ano;ne;0
2022;CZ0724090;Bílé Karpaty;Eriogaster catax;Motýli;MOTYLI1051;Boršice;7071c;RP SCHKO Bílé Karpaty;AOPK ČR - RP SCHKO Bílé Karpaty;2022-12-06;2022-12-06;12800419;2022-12-06;1;STA_LIKVIDACE;NA;val;val;ne;lok;nezaznamenána;nezaznamenána;nezaznamenána;1
2022;CZ0724090;Bílé Karpaty;Eriogaster catax;Motýli;MOTYLI1055;PR Drahy;7071d;RP SCHKO Bílé Karpaty;AOPK ČR - RP SCHKO Bílé Karpaty;2022-04-14;2022-04-14;12800525;2022-04-14;1;CELKOVE_HODNOCENI;NA;NA;NA;NA;lok;NA;NA;špatný;0
2022;CZ0724090;Bílé Karpaty;Eriogaster catax;Motýli;MOTYLI1055;PR Drahy;7071d;RP SCHKO Bílé Karpaty;AOPK ČR - RP SCHKO Bílé Karpaty;2022-04-14;2022-04-14;12800525;2022-04-14;1;CELKOVE_SUM;NA;NA;NA;NA;NA;;;1;NA
2022;CZ0724090;Bílé Karpaty;Eriogaster catax;Motýli;MOTYLI1055;PR Drahy;7071d;RP SCHKO Bílé Karpaty;AOPK ČR - RP SCHKO Bílé Karpaty;2022-04-14;2022-04-14;12800525;2022-04-14;1;POP_POCETSUMLOKAL;hnízda housenek;min;minmax;ano;lok;10;alespoň 10 hnízda housenek;0;0
2022;CZ0724090;Bílé Karpaty;Eriogaster catax;Motýli;MOTYLI1055;PR Drahy;7071d;RP SCHKO Bílé Karpaty;AOPK ČR - RP SCHKO Bílé Karpaty;2022-04-14;2022-04-14;12800525;2022-04-14;1;POP_PRESENCE;NA;val;val;ano;lok;ano;ano;ne;0
2022;CZ0724090;Bílé Karpaty;Eriogaster catax;Motýli;MOTYLI1055;PR Drahy;7071d;RP SCHKO Bílé Karpaty;AOPK ČR - RP SCHKO Bílé Karpaty;2022-04-14;2022-04-14;12800525;2022-04-14;1;STA_LIKVIDACE;NA;val;val;ne;lok;nezaznamenána;nezaznamenána;nezaznamenána;1
2022;CZ0724090;Bílé Karpaty;Eriogaster catax;Motýli;MOTYLI1056;Vinohrádky;7071d;RP SCHKO Bílé Karpaty;AOPK ČR - RP SCHKO Bílé Karpaty;2022-04-14;2022-04-14;12800659;2022-04-14;1;CELKOVE_HODNOCENI;NA;NA;NA;NA;lok;NA;NA;špatný;0
2022;CZ0724090;Bílé Karpaty;Eriogaster catax;Motýli;MOTYLI1056;Vinohrádky;7071d;RP SCHKO Bílé Karpaty;AOPK ČR - RP SCHKO Bílé Karpaty;2022-04-14;2022-04-14;12800659;2022-04-14;1;CELKOVE_SUM;NA;NA;NA;NA;NA;;;2;NA
2022;CZ0724090;Bílé Karpaty;Eriogaster catax;Motýli;MOTYLI1056;Vinohrádky;7071d;RP SCHKO Bílé Karpaty;AOPK ČR - RP SCHKO Bílé Karpaty;2022-04-14;2022-04-14;12800659;2022-04-14;1;POP_POCETSUMLOKAL;hnízda housenek;min;minmax;ano;lok;10;alespoň 10 hnízda housenek;2;0
2022;CZ0724090;Bílé Karpaty;Eriogaster catax;Motýli;MOTYLI1056;Vinohrádky;7071d;RP SCHKO Bílé Karpaty;AOPK ČR - RP SCHKO Bílé Karpaty;2022-04-14;2022-04-14;12800659;2022-04-14;1;POP_PRESENCE;NA;val;val;ano;lok;ano;ano;ano;1
2022;CZ0724090;Bílé Karpaty;Eriogaster catax;Motýli;MOTYLI1056;Vinohrádky;7071d;RP SCHKO Bílé Karpaty;AOPK ČR - RP SCHKO Bílé Karpaty;2022-04-14;2022-04-14;12800659;2022-04-14;1;STA_LIKVIDACE;NA;val;val;ne;lok;nezaznamenána;nezaznamenána;nezaznamenána;1
2022;CZ0724090;Bílé Karpaty;Eriogaster catax;Motýli;MOTYLI1058;Přední louky;7071d;RP SCHKO Bílé Karpaty;AOPK ČR - RP SCHKO Bílé Karpaty;2022-04-14;2022-04-14;12800380;2022-04-14;1;CELKOVE_HODNOCENI;NA;NA;NA;NA;lok;NA;NA;špatný;0
2022;CZ0724090;Bílé Karpaty;Eriogaster catax;Motýli;MOTYLI1058;Přední louky;7071d;RP SCHKO Bílé Karpaty;AOPK ČR - RP SCHKO Bílé Karpaty;2022-04-14;2022-04-14;12800380;2022-04-14;1;CELKOVE_SUM;NA;NA;NA;NA;NA;;;1;NA
2022;CZ0724090;Bílé Karpaty;Eriogaster catax;Motýli;MOTYLI1058;Přední louky;7071d;RP SCHKO Bílé Karpaty;AOPK ČR - RP SCHKO Bílé Karpaty;2022-04-14;2022-04-14;12800380;2022-04-14;1;POP_POCETSUMLOKAL;hnízda housenek;min;minmax;ano;lok;10;alespoň 10 hnízda housenek;0;0
2022;CZ0724090;Bílé Karpaty;Eriogaster catax;Motýli;MOTYLI1058;Přední louky;7071d;RP SCHKO Bílé Karpaty;AOPK ČR - RP SCHKO Bílé Karpaty;2022-04-14;2022-04-14;12800380;2022-04-14;1;POP_PRESENCE;NA;val;val;ano;lok;ano;ano;ne;0
2022;CZ0724090;Bílé Karpaty;Eriogaster catax;Motýli;MOTYLI1058;Přední louky;7071d;RP SCHKO Bílé Karpaty;AOPK ČR - RP SCHKO Bílé Karpaty;2022-04-14;2022-04-14;12800380;2022-04-14;1;STA_LIKVIDACE;NA;val;val;ne;lok;nezaznamenána;nezaznamenána;nezaznamenána;1
2022;CZ0724090;Bílé Karpaty;Eriogaster catax;Motýli;MOTYLI1059;Suchov;7071d;RP SCHKO Bílé Karpaty;AOPK ČR - RP SCHKO Bílé Karpaty;2022-04-13;2022-04-13;12800589;2022-04-13;1;CELKOVE_HODNOCENI;NA;NA;NA;NA;lok;NA;NA;špatný;0
2022;CZ0724090;Bílé Karpaty;Eriogaster catax;Motýli;MOTYLI1059;Suchov;7071d;RP SCHKO Bílé Karpaty;AOPK ČR - RP SCHKO Bílé Karpaty;2022-04-13;2022-04-13;12800589;2022-04-13;1;CELKOVE_SUM;NA;NA;NA;NA;NA;;;1;NA
2022;CZ0724090;Bílé Karpaty;Eriogaster catax;Motýli;MOTYLI1059;Suchov;7071d;RP SCHKO Bílé Karpaty;AOPK ČR - RP SCHKO Bílé Karpaty;2022-04-13;2022-04-13;12800589;2022-04-13;1;POP_POCETSUMLOKAL;hnízda housenek;min;minmax;ano;lok;10;alespoň 10 hnízda housenek;0;0
2022;CZ0724090;Bílé Karpaty;Eriogaster catax;Motýli;MOTYLI1059;Suchov;7071d;RP SCHKO Bílé Karpaty;AOPK ČR - RP SCHKO Bílé Karpaty;2022-04-13;2022-04-13;12800589;2022-04-13;1;POP_PRESENCE;NA;val;val;ano;lok;ano;ano;ne;0
2022;CZ0724090;Bílé Karpaty;Eriogaster catax;Motýli;MOTYLI1059;Suchov;7071d;RP SCHKO Bílé Karpaty;AOPK ČR - RP SCHKO Bílé Karpaty;2022-04-13;2022-04-13;12800589;2022-04-13;1;STA_LIKVIDACE;NA;val;val;ne;lok;nezaznamenána;nezaznamenána;nezaznamenána;1
2023;CZ0724090;Bílé Karpaty;Eriogaster catax;Motýli;MOTYLI2220;Horní Němčí;7071d;RP SCHKO Bílé Karpaty;AOPK ČR - RP SCHKO Bílé Karpaty;2023-05-01;2023-05-01;12800683;2023-05-01;1;CELKOVE_HODNOCENI;NA;NA;NA;NA;lok;NA;NA;špatný;0
2023;CZ0724090;Bílé Karpaty;Eriogaster catax;Motýli;MOTYLI2220;Horní Němčí;7071d;RP SCHKO Bílé Karpaty;AOPK ČR - RP SCHKO Bílé Karpaty;2023-05-01;2023-05-01;12800683;2023-05-01;1;CELKOVE_SUM;NA;NA;NA;NA;NA;;;2;NA
2023;CZ0724090;Bílé Karpaty;Eriogaster catax;Motýli;MOTYLI2220;Horní Němčí;7071d;RP SCHKO Bílé Karpaty;AOPK ČR - RP SCHKO Bílé Karpaty;2023-05-01;2023-05-01;12800683;2023-05-01;1;POP_POCETSUMLOKAL;hnízda housenek;min;minmax;ano;lok;10;alespoň 10 hnízda housenek;1;0
2023;CZ0724090;Bílé Karpaty;Eriogaster catax;Motýli;MOTYLI2220;Horní Němčí;7071d;RP SCHKO Bílé Karpaty;AOPK ČR - RP SCHKO Bílé Karpaty;2023-05-01;2023-05-01;12800683;2023-05-01;1;POP_PRESENCE;NA;val;val;ano;lok;ano;ano;ano;1
2023;CZ0724090;Bílé Karpaty;Eriogaster catax;Motýli;MOTYLI2220;Horní Němčí;7071d;RP SCHKO Bílé Karpaty;AOPK ČR - RP SCHKO Bílé Karpaty;2023-05-01;2023-05-01;12800683;2023-05-01;1;STA_LIKVIDACE;NA;val;val;ne;lok;nezaznamenána;nezaznamenána;nezaznamenána;1
2023;CZ0724090;Bílé Karpaty;Eriogaster catax;Motýli;MOTYLI2223;Boršice u Blatnice;7071c;RP SCHKO Bílé Karpaty;AOPK ČR - RP SCHKO Bílé Karpaty;2023-05-01;2023-05-01;12800446;2023-05-01;1;CELKOVE_HODNOCENI;NA;NA;NA;NA;lok;NA;NA;špatný;0
2023;CZ0724090;Bílé Karpaty;Eriogaster catax;Motýli;MOTYLI2223;Boršice u Blatnice;7071c;RP SCHKO Bílé Karpaty;AOPK ČR - RP SCHKO Bílé Karpaty;2023-05-01;2023-05-01;12800446;2023-05-01;1;CELKOVE_SUM;NA;NA;NA;NA;NA;;;1;NA
2023;CZ0724090;Bílé Karpaty;Eriogaster catax;Motýli;MOTYLI2223;Boršice u Blatnice;7071c;RP SCHKO Bílé Karpaty;AOPK ČR - RP SCHKO Bílé Karpaty;2023-05-01;2023-05-01;12800446;2023-05-01;1;POP_POCETSUMLOKAL;hnízda housenek;min;minmax;ano;lok;10;alespoň 10 hnízda housenek;0;0
2023;CZ0724090;Bílé Karpaty;Eriogaster catax;Motýli;MOTYLI2223;Boršice u Blatnice;7071c;RP SCHKO Bílé Karpaty;AOPK ČR - RP SCHKO Bílé Karpaty;2023-05-01;2023-05-01;12800446;2023-05-01;1;POP_PRESENCE;NA;val;val;ano;lok;ano;ano;ne;0
2023;CZ0724090;Bílé Karpaty;Eriogaster catax;Motýli;MOTYLI2223;Boršice u Blatnice;7071c;RP SCHKO Bílé Karpaty;AOPK ČR - RP SCHKO Bílé Karpaty;2023-05-01;2023-05-01;12800446;2023-05-01;1;STA_LIKVIDACE;NA;val;val;ne;lok;nezaznamenána;nezaznamenána;nezaznamenána;1
2023;CZ0724090;Bílé Karpaty;Eriogaster catax;Motýli;MOTYLI2227;Horní Němčí - Vinohrádky;7071d;RP SCHKO Bílé Karpaty;AOPK ČR - RP SCHKO Bílé Karpaty;2023-05-01;2023-05-01;12800585;2023-05-01;1;CELKOVE_HODNOCENI;NA;NA;NA;NA;lok;NA;NA;špatný;0
2023;CZ0724090;Bílé Karpaty;Eriogaster catax;Motýli;MOTYLI2227;Horní Němčí - Vinohrádky;7071d;RP SCHKO Bílé Karpaty;AOPK ČR - RP SCHKO Bílé Karpaty;2023-05-01;2023-05-01;12800585;2023-05-01;1;CELKOVE_SUM;NA;NA;NA;NA;NA;;;1;NA
2023;CZ0724090;Bílé Karpaty;Eriogaster catax;Motýli;MOTYLI2227;Horní Němčí - Vinohrádky;7071d;RP SCHKO Bílé Karpaty;AOPK ČR - RP SCHKO Bílé Karpaty;2023-05-01;2023-05-01;12800585;2023-05-01;1;POP_POCETSUMLOKAL;hnízda housenek;min;minmax;ano;lok;10;alespoň 10 hnízda housenek;0;0
2023;CZ0724090;Bílé Karpaty;Eriogaster catax;Motýli;MOTYLI2227;Horní Němčí - Vinohrádky;7071d;RP SCHKO Bílé Karpaty;AOPK ČR - RP SCHKO Bílé Karpaty;2023-05-01;2023-05-01;12800585;2023-05-01;1;POP_PRESENCE;NA;val;val;ano;lok;ano;ano;ne;0
2023;CZ0724090;Bílé Karpaty;Eriogaster catax;Motýli;MOTYLI2227;Horní Němčí - Vinohrádky;7071d;RP SCHKO Bílé Karpaty;AOPK ČR - RP SCHKO Bílé Karpaty;2023-05-01;2023-05-01;12800585;2023-05-01;1;STA_LIKVIDACE;NA;val;val;ne;lok;nezaznamenána;nezaznamenána;nezaznamenána;1
2023;CZ0724090;Bílé Karpaty;Eriogaster catax;Motýli;MOTYLI2229;Slavkov;7071d;RP SCHKO Bílé Karpaty;AOPK ČR - RP SCHKO Bílé Karpaty;2023-05-01;2023-05-01;12800470;2023-05-01;1;CELKOVE_HODNOCENI;NA;NA;NA;NA;lok;NA;NA;špatný;0
2023;CZ0724090;Bílé Karpaty;Eriogaster catax;Motýli;MOTYLI2229;Slavkov;7071d;RP SCHKO Bílé Karpaty;AOPK ČR - RP SCHKO Bílé Karpaty;2023-05-01;2023-05-01;12800470;2023-05-01;1;CELKOVE_SUM;NA;NA;NA;NA;NA;;;1;NA
2023;CZ0724090;Bílé Karpaty;Eriogaster catax;Motýli;MOTYLI2229;Slavkov;7071d;RP SCHKO Bílé Karpaty;AOPK ČR - RP SCHKO Bílé Karpaty;2023-05-01;2023-05-01;12800470;2023-05-01;1;POP_POCETSUMLOKAL;hnízda housenek;min;minmax;ano;lok;10;alespoň 10 hnízda housenek;0;0
2023;CZ0724090;Bílé Karpaty;Eriogaster catax;Motýli;MOTYLI2229;Slavkov;7071d;RP SCHKO Bílé Karpaty;AOPK ČR - RP SCHKO Bílé Karpaty;2023-05-01;2023-05-01;12800470;2023-05-01;1;POP_PRESENCE;NA;val;val;ano;lok;ano;ano;ne;0
2023;CZ0724090;Bílé Karpaty;Eriogaster catax;Motýli;MOTYLI2229;Slavkov;7071d;RP SCHKO Bílé Karpaty;AOPK ČR - RP SCHKO Bílé Karpaty;2023-05-01;2023-05-01;12800470;2023-05-01;1;STA_LIKVIDACE;NA;val;val;ne;lok;nezaznamenána;nezaznamenána;nezaznamenána;1
2023;CZ0724090;Bílé Karpaty;Eriogaster catax;Motýli;MOTYLI2230;Suchov;7071d;RP SCHKO Bílé Karpaty;AOPK ČR - RP SCHKO Bílé Karpaty;2023-05-01;2023-05-01;12800552;2023-05-01;1;CELKOVE_HODNOCENI;NA;NA;NA;NA;lok;NA;NA;špatný;0
2023;CZ0724090;Bílé Karpaty;Eriogaster catax;Motýli;MOTYLI2230;Suchov;7071d;RP SCHKO Bílé Karpaty;AOPK ČR - RP SCHKO Bílé Karpaty;2023-05-01;2023-05-01;12800552;2023-05-01;1;CELKOVE_SUM;NA;NA;NA;NA;NA;;;1;NA
2023;CZ0724090;Bílé Karpaty;Eriogaster catax;Motýli;MOTYLI2230;Suchov;7071d;RP SCHKO Bílé Karpaty;AOPK ČR - RP SCHKO Bílé Karpaty;2023-05-01;2023-05-01;12800552;2023-05-01;1;POP_POCETSUMLOKAL;hnízda housenek;min;minmax;ano;lok;10;alespoň 10 hnízda housenek;0;0
2023;CZ0724090;Bílé Karpaty;Eriogaster catax;Motýli;MOTYLI2230;Suchov;7071d;RP SCHKO Bílé Karpaty;AOPK ČR - RP SCHKO Bílé Karpaty;2023-05-01;2023-05-01;12800552;2023-05-01;1;POP_PRESENCE;NA;val;val;ano;lok;ano;ano;ne;0
2023;CZ0724090;Bílé Karpaty;Eriogaster catax;Motýli;MOTYLI2230;Suchov;7071d;RP SCHKO Bílé Karpaty;AOPK ČR - RP SCHKO Bílé Karpaty;2023-05-01;2023-05-01;12800552;2023-05-01;1;STA_LIKVIDACE;NA;val;val;ne;lok;nezaznamenána;nezaznamenána;nezaznamenána;1
2024;CZ0724090;Bílé Karpaty;Eriogaster catax;Motýli;MOTYLI2286;Horni Němčî;7071d;RP SCHKO Bílé Karpaty;AOPK ČR - RP SCHKO Bílé Karpaty;2024-04-12;2024-04-12;13747434;2024-04-12;1;CELKOVE_HODNOCENI;NA;NA;NA;NA;lok;NA;NA;špatný;0
2024;CZ0724090;Bílé Karpaty;Eriogaster catax;Motýli;MOTYLI2286;Horni Němčî;7071d;RP SCHKO Bílé Karpaty;AOPK ČR - RP SCHKO Bílé Karpaty;2024-04-12;2024-04-12;13747434;2024-04-12;1;CELKOVE_SUM;NA;NA;NA;NA;NA;;;1;NA
2024;CZ0724090;Bílé Karpaty;Eriogaster catax;Motýli;MOTYLI2286;Horni Němčî;7071d;RP SCHKO Bílé Karpaty;AOPK ČR - RP SCHKO Bílé Karpaty;2024-04-12;2024-04-12;13747434;2024-04-12;1;POP_POCETSUMLOKAL;hnízda housenek;min;minmax;ano;lok;10;alespoň 10 hnízda housenek;0;0
2024;CZ0724090;Bílé Karpaty;Eriogaster catax;Motýli;MOTYLI2286;Horni Němčî;7071d;RP SCHKO Bílé Karpaty;AOPK ČR - RP SCHKO Bílé Karpaty;2024-04-12;2024-04-12;13747434;2024-04-12;1;POP_PRESENCE;NA;val;val;ano;lok;ano;ano;ne;0
2024;CZ0724090;Bílé Karpaty;Eriogaster catax;Motýli;MOTYLI2286;Horni Němčî;7071d;RP SCHKO Bílé Karpaty;AOPK ČR - RP SCHKO Bílé Karpaty;2024-04-12;2024-04-12;13747434;2024-04-12;1;STA_LIKVIDACE;NA;val;val;ne;lok;nezaznamenána;nezaznamenána;nezaznamenána;1
2024;CZ0724090;Bílé Karpaty;Eriogaster catax;Motýli;MOTYLI3132;Suchov;7071d;RP SCHKO Bílé Karpaty;AOPK ČR - RP SCHKO Bílé Karpaty;2024-10-11;2024-10-11;13747451;2024-10-11;1;CELKOVE_HODNOCENI;NA;NA;NA;NA;lok;NA;NA;špatný;0
2024;CZ0724090;Bílé Karpaty;Eriogaster catax;Motýli;MOTYLI3132;Suchov;7071d;RP SCHKO Bílé Karpaty;AOPK ČR - RP SCHKO Bílé Karpaty;2024-10-11;2024-10-11;13747451;2024-10-11;1;CELKOVE_SUM;NA;NA;NA;NA;NA;;;1;NA
2024;CZ0724090;Bílé Karpaty;Eriogaster catax;Motýli;MOTYLI3132;Suchov;7071d;RP SCHKO Bílé Karpaty;AOPK ČR - RP SCHKO Bílé Karpaty;2024-10-11;2024-10-11;13747451;2024-10-11;1;POP_POCETSUMLOKAL;hnízda housenek;min;minmax;ano;lok;10;alespoň 10 hnízda housenek;0;0
2024;CZ0724090;Bílé Karpaty;Eriogaster catax;Motýli;MOTYLI3132;Suchov;7071d;RP SCHKO Bílé Karpaty;AOPK ČR - RP SCHKO Bílé Karpaty;2024-10-11;2024-10-11;13747451;2024-10-11;1;POP_PRESENCE;NA;val;val;ano;lok;ano;ano;ne;0
2024;CZ0724090;Bílé Karpaty;Eriogaster catax;Motýli;MOTYLI3132;Suchov;7071d;RP SCHKO Bílé Karpaty;AOPK ČR - RP SCHKO Bílé Karpaty;2024-10-11;2024-10-11;13747451;2024-10-11;1;STA_LIKVIDACE;NA;val;val;ne;lok;nezaznamenána;nezaznamenána;nezaznamenána;1
2024;CZ0724090;Bílé Karpaty;Eriogaster catax;Motýli;MOTYLI3133;Slavkov;7071d;RP SCHKO Bílé Karpaty;AOPK ČR - RP SCHKO Bílé Karpaty;2024-10-11;2024-10-11;13747452;2024-10-11;1;CELKOVE_HODNOCENI;NA;NA;NA;NA;lok;NA;NA;špatný;0
2024;CZ0724090;Bílé Karpaty;Eriogaster catax;Motýli;MOTYLI3133;Slavkov;7071d;RP SCHKO Bílé Karpaty;AOPK ČR - RP SCHKO Bílé Karpaty;2024-10-11;2024-10-11;13747452;2024-10-11;1;CELKOVE_SUM;NA;NA;NA;NA;NA;;;1;NA
2024;CZ0724090;Bílé Karpaty;Eriogaster catax;Motýli;MOTYLI3133;Slavkov;7071d;RP SCHKO Bílé Karpaty;AOPK ČR - RP SCHKO Bílé Karpaty;2024-10-11;2024-10-11;13747452;2024-10-11;1;POP_POCETSUMLOKAL;hnízda housenek;min;minmax;ano;lok;10;alespoň 10 hnízda housenek;0;0
2024;CZ0724090;Bílé Karpaty;Eriogaster catax;Motýli;MOTYLI3133;Slavkov;7071d;RP SCHKO Bílé Karpaty;AOPK ČR - RP SCHKO Bílé Karpaty;2024-10-11;2024-10-11;13747452;2024-10-11;1;POP_PRESENCE;NA;val;val;ano;lok;ano;ano;ne;0
2024;CZ0724090;Bílé Karpaty;Eriogaster catax;Motýli;MOTYLI3133;Slavkov;7071d;RP SCHKO Bílé Karpaty;AOPK ČR - RP SCHKO Bílé Karpaty;2024-10-11;2024-10-11;13747452;2024-10-11;1;STA_LIKVIDACE;NA;val;val;ne;lok;nezaznamenána;nezaznamenána;nezaznamenána;1
2024;CZ0724090;Bílé Karpaty;Eriogaster catax;Motýli;MOTYLI3138;Boršice;7071c;RP SCHKO Bílé Karpaty;AOPK ČR - RP SCHKO Bílé Karpaty;2024-10-11;2024-10-11;13747432;2024-10-11;1;CELKOVE_HODNOCENI;NA;NA;NA;NA;lok;NA;NA;špatný;0
2024;CZ0724090;Bílé Karpaty;Eriogaster catax;Motýli;MOTYLI3138;Boršice;7071c;RP SCHKO Bílé Karpaty;AOPK ČR - RP SCHKO Bílé Karpaty;2024-10-11;2024-10-11;13747432;2024-10-11;1;CELKOVE_SUM;NA;NA;NA;NA;NA;;;1;NA
2024;CZ0724090;Bílé Karpaty;Eriogaster catax;Motýli;MOTYLI3138;Boršice;7071c;RP SCHKO Bílé Karpaty;AOPK ČR - RP SCHKO Bílé Karpaty;2024-10-11;2024-10-11;13747432;2024-10-11;1;POP_POCETSUMLOKAL;hnízda housenek;min;minmax;ano;lok;10;alespoň 10 hnízda housenek;0;0
2024;CZ0724090;Bílé Karpaty;Eriogaster catax;Motýli;MOTYLI3138;Boršice;7071c;RP SCHKO Bílé Karpaty;AOPK ČR - RP SCHKO Bílé Karpaty;2024-10-11;2024-10-11;13747432;2024-10-11;1;POP_PRESENCE;NA;val;val;ano;lok;ano;ano;ne;0
2024;CZ0724090;Bílé Karpaty;Eriogaster catax;Motýli;MOTYLI3138;Boršice;7071c;RP SCHKO Bílé Karpaty;AOPK ČR - RP SCHKO Bílé Karpaty;2024-10-11;2024-10-11;13747432;2024-10-11;1;STA_LIKVIDACE;NA;val;val;ne;lok;nezaznamenána;nezaznamenána;nezaznamenána;1
2021;CZ0724090;Bílé Karpaty;Eriogaster catax;Motýli;Nová Lhota;Nová Lhota;7171b;RP SCHKO Bílé Karpaty;AOPK ČR - RP SCHKO Bílé Karpaty;2021-05-06;2021-05-06;11466157;2021-05-06;0;CELKOVE_HODNOCENI;NA;NA;NA;NA;lok;NA;NA;špatný;0
2021;CZ0724090;Bílé Karpaty;Eriogaster catax;Motýli;Nová Lhota;Nová Lhota;7171b;RP SCHKO Bílé Karpaty;AOPK ČR - RP SCHKO Bílé Karpaty;2021-05-06;2021-05-06;11466157;2021-05-06;0;CELKOVE_SUM;NA;NA;NA;NA;NA;;;1;NA
2021;CZ0724090;Bílé Karpaty;Eriogaster catax;Motýli;Nová Lhota;Nová Lhota;7171b;RP SCHKO Bílé Karpaty;AOPK ČR - RP SCHKO Bílé Karpaty;2021-05-06;2021-05-06;11466157;2021-05-06;0;POP_POCETSUMLOKAL;hnízda housenek;min;minmax;ano;lok;10;alespoň 10 hnízda housenek;1;0
2021;CZ0724090;Bílé Karpaty;Eriogaster catax;Motýli;Nová Lhota;Nová Lhota;7171b;RP SCHKO Bílé Karpaty;AOPK ČR - RP SCHKO Bílé Karpaty;2021-05-06;2021-05-06;11466157;2021-05-06;0;POP_PRESENCE;NA;val;val;ano;lok;ano;ano;ano;1
2021;CZ0724090;Bílé Karpaty;Eriogaster catax;Motýli;Nová Lhota;Nová Lhota;7171b;RP SCHKO Bílé Karpaty;AOPK ČR - RP SCHKO Bílé Karpaty;2021-05-06;2021-05-06;11466157;2021-05-06;0;STA_LIKVIDACE;NA;val;val;ne;lok;nezaznamenána;nezaznamenána;neznámý;NA
2014;CZ0724090;Bílé Karpaty;Eriogaster catax;Motýli;Nová Lhota u Veselí nad Moravou;Nová Lhota u Veselí nad Moravou;7171a;RP SCHKO Bílé Karpaty;AOPK ČR - RP SCHKO Bílé Karpaty;2014-04-12;2014-04-12;9130334;2014-04-12;0;CELKOVE_HODNOCENI;NA;NA;NA;NA;lok;NA;NA;špatný;0
2014;CZ0724090;Bílé Karpaty;Eriogaster catax;Motýli;Nová Lhota u Veselí nad Moravou;Nová Lhota u Veselí nad Moravou;7171a;RP SCHKO Bílé Karpaty;AOPK ČR - RP SCHKO Bílé Karpaty;2014-04-12;2014-04-12;9130334;2014-04-12;0;CELKOVE_SUM;NA;NA;NA;NA;NA;;;1;NA
2014;CZ0724090;Bílé Karpaty;Eriogaster catax;Motýli;Nová Lhota u Veselí nad Moravou;Nová Lhota u Veselí nad Moravou;7171a;RP SCHKO Bílé Karpaty;AOPK ČR - RP SCHKO Bílé Karpaty;2014-04-12;2014-04-12;9130334;2014-04-12;0;POP_POCETSUMLOKAL;hnízda housenek;min;minmax;ano;lok;10;alespoň 10 hnízda housenek;0;0
2014;CZ0724090;Bílé Karpaty;Eriogaster catax;Motýli;Nová Lhota u Veselí nad Moravou;Nová Lhota u Veselí nad Moravou;7171a;RP SCHKO Bílé Karpaty;AOPK ČR - RP SCHKO Bílé Karpaty;2014-04-12;2014-04-12;9130334;2014-04-12;0;POP_PRESENCE;NA;val;val;ano;lok;ano;ano;ano;1
2014;CZ0724090;Bílé Karpaty;Eriogaster catax;Motýli;Nová Lhota u Veselí nad Moravou;Nová Lhota u Veselí nad Moravou;7171a;RP SCHKO Bílé Karpaty;AOPK ČR - RP SCHKO Bílé Karpaty;2014-04-12;2014-04-12;9130334;2014-04-12;0;STA_LIKVIDACE;NA;val;val;ne;lok;nezaznamenána;nezaznamenána;neznámý;NA
