ROK;kod_chu;NAZEV;DRUH;SKUPINA;KOD_LOKAL;NAZEV_LOK;POLE;pracoviste;oop;HODNOCENE_OBDOBI_OD;HODNOCENE_OBDOBI_DO;ID_ND_AKCE;DATUM;CILMON;ID_IND;JEDNOTKA;TYP_IND;IND_GRP;KLIC;UROVEN;LIM_IND;LIM_INDLIST;HOD_IND;STAV_IND
2021;CZ0210111;Paterovské stráně;Pulsatilla patens;Cévnaté rostliny;Bělá pod Bezdězem;Bělá pod Bezdězem;5555a;RP SCHKO Kokořínsko - Máchův kraj;Krajský úřad Středočeského kraje;2015-04-17;2021-04-15;11773089;2021-04-15;1;CELKOVE_HODNOCENI;NA;NA;NA;NA;lok;NA;NA;špatný;0
2021;CZ0210111;Paterovské stráně;Pulsatilla patens;Cévnaté rostliny;Bělá pod Bezdězem;Bělá pod Bezdězem;5555a;RP SCHKO Kokořínsko - Máchův kraj;Krajský úřad Středočeského kraje;2015-04-17;2021-04-15;11773089;2021-04-15;1;CELKOVE_SUM;NA;NA;NA;NA;NA;;;2;NA
2021;CZ0210111;Paterovské stráně;Pulsatilla patens;Cévnaté rostliny;Bělá pod Bezdězem;Bělá pod Bezdězem;5555a;RP SCHKO Kokořínsko - Máchův kraj;Krajský úřad Středočeského kraje;2015-04-17;2021-04-15;11773089;2021-04-15;1;POP_POCET;trsů;min;minmax;ano;lok;70;alespoň 70 trsů;0;0
2021;CZ0210111;Paterovské stráně;Pulsatilla patens;Cévnaté rostliny;Bělá pod Bezdězem;Bělá pod Bezdězem;5555a;RP SCHKO Kokořínsko - Máchův kraj;Krajský úřad Středočeského kraje;2015-04-17;2021-04-15;11773089;2021-04-15;1;POP_POSKPERC;počet trsů;max;minmax;ne;lok;1;nejvýš 1 počet trsů;0;1
2021;CZ0210111;Paterovské stráně;Pulsatilla patens;Cévnaté rostliny;Bělá pod Bezdězem;Bělá pod Bezdězem;5555a;RP SCHKO Kokořínsko - Máchův kraj;Krajský úřad Středočeského kraje;2015-04-17;2021-04-15;11773089;2021-04-15;1;POP_POSKPOC;počet typů poškození rostlin;max;minmax;ne;lok;2;nejvýš 2 počet typů poškození rostlin;0;1
2021;CZ0210111;Paterovské stráně;Pulsatilla patens;Cévnaté rostliny;Bělá pod Bezdězem;Bělá pod Bezdězem;5555a;RP SCHKO Kokořínsko - Máchův kraj;Krajský úřad Středočeského kraje;2015-04-17;2021-04-15;11773089;2021-04-15;1;POP_TREND;posledních dvou let s menším počtem jedinců než je referenční hodnota;max;minmax;ano;lok;1;nejvýš 1 posledních dvou let s menším počtem jedinců než je referenční hodnota;2;0
2021;CZ0210111;Paterovské stráně;Pulsatilla patens;Cévnaté rostliny;Bělá pod Bezdězem;Bělá pod Bezdězem;5555a;RP SCHKO Kokořínsko - Máchův kraj;Krajský úřad Středočeského kraje;2015-04-17;2021-04-15;11773089;2021-04-15;1;POP_VITAL;% počtu trsů;min;minmax;ano;lok;30;alespoň 30 % počtu trsů;neznámý;NA
2021;CZ0210111;Paterovské stráně;Pulsatilla patens;Cévnaté rostliny;Bělá pod Bezdězem;Bělá pod Bezdězem;5555a;RP SCHKO Kokořínsko - Máchův kraj;Krajský úřad Středočeského kraje;2015-04-17;2021-04-15;11773089;2021-04-15;1;STA_POKRDREV;NA;val;val;ne;lok;0;0, do 5 %, 5-25 %;neznámý;NA
2021;CZ0210111;Paterovské stráně;Pulsatilla patens;Cévnaté rostliny;Bělá pod Bezdězem;Bělá pod Bezdězem;5555a;RP SCHKO Kokořínsko - Máchův kraj;Krajský úřad Středočeského kraje;2015-04-17;2021-04-15;11773089;2021-04-15;1;STA_POKRSTAR;NA;val;val;ne;lok;0;0, do 5 %, 5-25 %;neznámý;NA
2021;CZ0210111;Paterovské stráně;Pulsatilla patens;Cévnaté rostliny;Bělá pod Bezdězem;Bělá pod Bezdězem;5555a;RP SCHKO Kokořínsko - Máchův kraj;Krajský úřad Středočeského kraje;2015-04-17;2021-04-15;11773089;2021-04-15;1;STA_POKRYVNOSTEXPANZNI;NA;val;val;ne;lok;0;0, do 5 %, 5-25 %;neznámý;NA
2021;CZ0210111;Paterovské stráně;Pulsatilla patens;Cévnaté rostliny;Bělá pod Bezdězem;Bělá pod Bezdězem;5555a;RP SCHKO Kokořínsko - Máchův kraj;Krajský úřad Středočeského kraje;2015-04-17;2021-04-15;11773089;2021-04-15;1;STA_POKRYVNOSTINVAZNI;NA;val;val;ne;lok;0;0, do 5 %;neznámý;NA
2018;CZ0210111;Paterovské stráně;Pulsatilla patens;Cévnaté rostliny;PP Paterovské stráně, bor při zatáčce silnice do Hrdlořez;PP Paterovské stráně, bor při zatáčce silnice do Hrdlořez;5555a;RP SCHKO Kokořínsko - Máchův kraj;Krajský úřad Středočeského kraje;2018-04-27;2018-04-27;10447875;2018-04-27;0;CELKOVE_HODNOCENI;NA;NA;NA;NA;lok;NA;NA;špatný;0
2018;CZ0210111;Paterovské stráně;Pulsatilla patens;Cévnaté rostliny;PP Paterovské stráně, bor při zatáčce silnice do Hrdlořez;PP Paterovské stráně, bor při zatáčce silnice do Hrdlořez;5555a;RP SCHKO Kokořínsko - Máchův kraj;Krajský úřad Středočeského kraje;2018-04-27;2018-04-27;10447875;2018-04-27;0;CELKOVE_SUM;NA;NA;NA;NA;NA;;;3;NA
2018;CZ0210111;Paterovské stráně;Pulsatilla patens;Cévnaté rostliny;PP Paterovské stráně, bor při zatáčce silnice do Hrdlořez;PP Paterovské stráně, bor při zatáčce silnice do Hrdlořez;5555a;RP SCHKO Kokořínsko - Máchův kraj;Krajský úřad Středočeského kraje;2018-04-27;2018-04-27;10447875;2018-04-27;0;POP_POCET;trsů;min;minmax;ano;lok;70;alespoň 70 trsů;0;0
2018;CZ0210111;Paterovské stráně;Pulsatilla patens;Cévnaté rostliny;PP Paterovské stráně, bor při zatáčce silnice do Hrdlořez;PP Paterovské stráně, bor při zatáčce silnice do Hrdlořez;5555a;RP SCHKO Kokořínsko - Máchův kraj;Krajský úřad Středočeského kraje;2018-04-27;2018-04-27;10447875;2018-04-27;0;POP_POSKPERC;počet trsů;max;minmax;ne;lok;1;nejvýš 1 počet trsů;0;1
2018;CZ0210111;Paterovské stráně;Pulsatilla patens;Cévnaté rostliny;PP Paterovské stráně, bor při zatáčce silnice do Hrdlořez;PP Paterovské stráně, bor při zatáčce silnice do Hrdlořez;5555a;RP SCHKO Kokořínsko - Máchův kraj;Krajský úřad Středočeského kraje;2018-04-27;2018-04-27;10447875;2018-04-27;0;POP_POSKPOC;počet typů poškození rostlin;max;minmax;ne;lok;2;nejvýš 2 počet typů poškození rostlin;0;1
2018;CZ0210111;Paterovské stráně;Pulsatilla patens;Cévnaté rostliny;PP Paterovské stráně, bor při zatáčce silnice do Hrdlořez;PP Paterovské stráně, bor při zatáčce silnice do Hrdlořez;5555a;RP SCHKO Kokořínsko - Máchův kraj;Krajský úřad Středočeského kraje;2018-04-27;2018-04-27;10447875;2018-04-27;0;POP_TREND;posledních dvou let s menším počtem jedinců než je referenční hodnota;max;minmax;ano;lok;1;nejvýš 1 posledních dvou let s menším počtem jedinců než je referenční hodnota;0;1
2018;CZ0210111;Paterovské stráně;Pulsatilla patens;Cévnaté rostliny;PP Paterovské stráně, bor při zatáčce silnice do Hrdlořez;PP Paterovské stráně, bor při zatáčce silnice do Hrdlořez;5555a;RP SCHKO Kokořínsko - Máchův kraj;Krajský úřad Středočeského kraje;2018-04-27;2018-04-27;10447875;2018-04-27;0;POP_VITAL;% počtu trsů;min;minmax;ano;lok;30;alespoň 30 % počtu trsů;neznámý;NA
2018;CZ0210111;Paterovské stráně;Pulsatilla patens;Cévnaté rostliny;PP Paterovské stráně, bor při zatáčce silnice do Hrdlořez;PP Paterovské stráně, bor při zatáčce silnice do Hrdlořez;5555a;RP SCHKO Kokořínsko - Máchův kraj;Krajský úřad Středočeského kraje;2018-04-27;2018-04-27;10447875;2018-04-27;0;STA_POKRDREV;NA;val;val;ne;lok;0;0, do 5 %, 5-25 %;neznámý;NA
2018;CZ0210111;Paterovské stráně;Pulsatilla patens;Cévnaté rostliny;PP Paterovské stráně, bor při zatáčce silnice do Hrdlořez;PP Paterovské stráně, bor při zatáčce silnice do Hrdlořez;5555a;RP SCHKO Kokořínsko - Máchův kraj;Krajský úřad Středočeského kraje;2018-04-27;2018-04-27;10447875;2018-04-27;0;STA_POKRSTAR;NA;val;val;ne;lok;0;0, do 5 %, 5-25 %;neznámý;NA
2018;CZ0210111;Paterovské stráně;Pulsatilla patens;Cévnaté rostliny;PP Paterovské stráně, bor při zatáčce silnice do Hrdlořez;PP Paterovské stráně, bor při zatáčce silnice do Hrdlořez;5555a;RP SCHKO Kokořínsko - Máchův kraj;Krajský úřad Středočeského kraje;2018-04-27;2018-04-27;10447875;2018-04-27;0;STA_POKRYVNOSTEXPANZNI;NA;val;val;ne;lok;0;0, do 5 %, 5-25 %;neznámý;NA
2018;CZ0210111;Paterovské stráně;Pulsatilla patens;Cévnaté rostliny;PP Paterovské stráně, bor při zatáčce silnice do Hrdlořez;PP Paterovské stráně, bor při zatáčce silnice do Hrdlořez;5555a;RP SCHKO Kokořínsko - Máchův kraj;Krajský úřad Středočeského kraje;2018-04-27;2018-04-27;10447875;2018-04-27;0;STA_POKRYVNOSTINVAZNI;NA;val;val;ne;lok;0;0, do 5 %;neznámý;NA
2024;CZ0210111;Paterovské stráně;Pulsatilla patens;Cévnaté rostliny;Ppat020;Bělá pod Bezdězem;5555a;RP SCHKO Kokořínsko - Máchův kraj;Krajský úřad Středočeského kraje;2022-04-07;2024-04-04;13029321;2024-04-04;1;CELKOVE_HODNOCENI;NA;NA;NA;NA;lok;NA;NA;špatný;0
2024;CZ0210111;Paterovské stráně;Pulsatilla patens;Cévnaté rostliny;Ppat020;Bělá pod Bezdězem;5555a;RP SCHKO Kokořínsko - Máchův kraj;Krajský úřad Středočeského kraje;2022-04-07;2024-04-04;13029321;2024-04-04;1;CELKOVE_SUM;NA;NA;NA;NA;NA;;;5;NA
2024;CZ0210111;Paterovské stráně;Pulsatilla patens;Cévnaté rostliny;Ppat020;Bělá pod Bezdězem;5555a;RP SCHKO Kokořínsko - Máchův kraj;Krajský úřad Středočeského kraje;2022-04-07;2024-04-04;13029321;2024-04-04;1;POP_POCET;trsů;min;minmax;ano;lok;70;alespoň 70 trsů;12;0
2024;CZ0210111;Paterovské stráně;Pulsatilla patens;Cévnaté rostliny;Ppat020;Bělá pod Bezdězem;5555a;RP SCHKO Kokořínsko - Máchův kraj;Krajský úřad Středočeského kraje;2022-04-07;2024-04-04;13029321;2024-04-04;1;POP_POSKPERC;počet trsů;max;minmax;ne;lok;1;nejvýš 1 počet trsů;0;1
2024;CZ0210111;Paterovské stráně;Pulsatilla patens;Cévnaté rostliny;Ppat020;Bělá pod Bezdězem;5555a;RP SCHKO Kokořínsko - Máchův kraj;Krajský úřad Středočeského kraje;2022-04-07;2024-04-04;13029321;2024-04-04;1;POP_POSKPOC;počet typů poškození rostlin;max;minmax;ne;lok;2;nejvýš 2 počet typů poškození rostlin;0;1
2024;CZ0210111;Paterovské stráně;Pulsatilla patens;Cévnaté rostliny;Ppat020;Bělá pod Bezdězem;5555a;RP SCHKO Kokořínsko - Máchův kraj;Krajský úřad Středočeského kraje;2022-04-07;2024-04-04;13029321;2024-04-04;1;POP_TREND;posledních dvou let s menším počtem jedinců než je referenční hodnota;max;minmax;ano;lok;1;nejvýš 1 posledních dvou let s menším počtem jedinců než je referenční hodnota;2;0
2024;CZ0210111;Paterovské stráně;Pulsatilla patens;Cévnaté rostliny;Ppat020;Bělá pod Bezdězem;5555a;RP SCHKO Kokořínsko - Máchův kraj;Krajský úřad Středočeského kraje;2022-04-07;2024-04-04;13029321;2024-04-04;1;POP_VITAL;% počtu trsů;min;minmax;ano;lok;30;alespoň 30 % počtu trsů;58.3333333333333;1
2024;CZ0210111;Paterovské stráně;Pulsatilla patens;Cévnaté rostliny;Ppat020;Bělá pod Bezdězem;5555a;RP SCHKO Kokořínsko - Máchův kraj;Krajský úřad Středočeského kraje;2022-04-07;2024-04-04;13029321;2024-04-04;1;STA_POKRDREV;NA;val;val;ne;lok;0;0, do 5 %, 5-25 %;50-75 %;0
2024;CZ0210111;Paterovské stráně;Pulsatilla patens;Cévnaté rostliny;Ppat020;Bělá pod Bezdězem;5555a;RP SCHKO Kokořínsko - Máchův kraj;Krajský úřad Středočeského kraje;2022-04-07;2024-04-04;13029321;2024-04-04;1;STA_POKRSTAR;NA;val;val;ne;lok;0;0, do 5 %, 5-25 %;25-50 %;0
2024;CZ0210111;Paterovské stráně;Pulsatilla patens;Cévnaté rostliny;Ppat020;Bělá pod Bezdězem;5555a;RP SCHKO Kokořínsko - Máchův kraj;Krajský úřad Středočeského kraje;2022-04-07;2024-04-04;13029321;2024-04-04;1;STA_POKRYVNOSTEXPANZNI;NA;val;val;ne;lok;0;0, do 5 %, 5-25 %;5-25 %;1
2024;CZ0210111;Paterovské stráně;Pulsatilla patens;Cévnaté rostliny;Ppat020;Bělá pod Bezdězem;5555a;RP SCHKO Kokořínsko - Máchův kraj;Krajský úřad Středočeského kraje;2022-04-07;2024-04-04;13029321;2024-04-04;1;STA_POKRYVNOSTINVAZNI;NA;val;val;ne;lok;0;0, do 5 %;0;1
2022;CZ0414127;Hradiště;Pulsatilla patens;Cévnaté rostliny;32070178;Žďár u Hradiště_32070178;5645c;RP SCHKO Slavkovský les;Krajský úřad Ústeckého kraje, Újezdní úřad Hradiště, Krajský úřad Karlovarského kraje, AOPK ČR - RP SCHKO Slavkovský les;2022-06-28;2022-06-28;12675506;2022-06-28;0;CELKOVE_HODNOCENI;NA;NA;NA;NA;lok;NA;NA;špatný;0
2022;CZ0414127;Hradiště;Pulsatilla patens;Cévnaté rostliny;32070178;Žďár u Hradiště_32070178;5645c;RP SCHKO Slavkovský les;Krajský úřad Ústeckého kraje, Újezdní úřad Hradiště, Krajský úřad Karlovarského kraje, AOPK ČR - RP SCHKO Slavkovský les;2022-06-28;2022-06-28;12675506;2022-06-28;0;CELKOVE_SUM;NA;NA;NA;NA;NA;;;3;NA
2022;CZ0414127;Hradiště;Pulsatilla patens;Cévnaté rostliny;32070178;Žďár u Hradiště_32070178;5645c;RP SCHKO Slavkovský les;Krajský úřad Ústeckého kraje, Újezdní úřad Hradiště, Krajský úřad Karlovarského kraje, AOPK ČR - RP SCHKO Slavkovský les;2022-06-28;2022-06-28;12675506;2022-06-28;0;POP_POCET;trsů;min;minmax;ano;lok;70;alespoň 70 trsů;0;0
2022;CZ0414127;Hradiště;Pulsatilla patens;Cévnaté rostliny;32070178;Žďár u Hradiště_32070178;5645c;RP SCHKO Slavkovský les;Krajský úřad Ústeckého kraje, Újezdní úřad Hradiště, Krajský úřad Karlovarského kraje, AOPK ČR - RP SCHKO Slavkovský les;2022-06-28;2022-06-28;12675506;2022-06-28;0;POP_POSKPERC;počet trsů;max;minmax;ne;lok;1;nejvýš 1 počet trsů;0;1
2022;CZ0414127;Hradiště;Pulsatilla patens;Cévnaté rostliny;32070178;Žďár u Hradiště_32070178;5645c;RP SCHKO Slavkovský les;Krajský úřad Ústeckého kraje, Újezdní úřad Hradiště, Krajský úřad Karlovarského kraje, AOPK ČR - RP SCHKO Slavkovský les;2022-06-28;2022-06-28;12675506;2022-06-28;0;POP_POSKPOC;počet typů poškození rostlin;max;minmax;ne;lok;2;nejvýš 2 počet typů poškození rostlin;0;1
2022;CZ0414127;Hradiště;Pulsatilla patens;Cévnaté rostliny;32070178;Žďár u Hradiště_32070178;5645c;RP SCHKO Slavkovský les;Krajský úřad Ústeckého kraje, Újezdní úřad Hradiště, Krajský úřad Karlovarského kraje, AOPK ČR - RP SCHKO Slavkovský les;2022-06-28;2022-06-28;12675506;2022-06-28;0;POP_TREND;posledních dvou let s menším počtem jedinců než je referenční hodnota;max;minmax;ano;lok;1;nejvýš 1 posledních dvou let s menším počtem jedinců než je referenční hodnota;0;1
2022;CZ0414127;Hradiště;Pulsatilla patens;Cévnaté rostliny;32070178;Žďár u Hradiště_32070178;5645c;RP SCHKO Slavkovský les;Krajský úřad Ústeckého kraje, Újezdní úřad Hradiště, Krajský úřad Karlovarského kraje, AOPK ČR - RP SCHKO Slavkovský les;2022-06-28;2022-06-28;12675506;2022-06-28;0;POP_VITAL;% počtu trsů;min;minmax;ano;lok;30;alespoň 30 % počtu trsů;neznámý;NA
2022;CZ0414127;Hradiště;Pulsatilla patens;Cévnaté rostliny;32070178;Žďár u Hradiště_32070178;5645c;RP SCHKO Slavkovský les;Krajský úřad Ústeckého kraje, Újezdní úřad Hradiště, Krajský úřad Karlovarského kraje, AOPK ČR - RP SCHKO Slavkovský les;2022-06-28;2022-06-28;12675506;2022-06-28;0;STA_POKRDREV;NA;val;val;ne;lok;0;0, do 5 %, 5-25 %;neznámý;NA
2022;CZ0414127;Hradiště;Pulsatilla patens;Cévnaté rostliny;32070178;Žďár u Hradiště_32070178;5645c;RP SCHKO Slavkovský les;Krajský úřad Ústeckého kraje, Újezdní úřad Hradiště, Krajský úřad Karlovarského kraje, AOPK ČR - RP SCHKO Slavkovský les;2022-06-28;2022-06-28;12675506;2022-06-28;0;STA_POKRSTAR;NA;val;val;ne;lok;0;0, do 5 %, 5-25 %;neznámý;NA
2022;CZ0414127;Hradiště;Pulsatilla patens;Cévnaté rostliny;32070178;Žďár u Hradiště_32070178;5645c;RP SCHKO Slavkovský les;Krajský úřad Ústeckého kraje, Újezdní úřad Hradiště, Krajský úřad Karlovarského kraje, AOPK ČR - RP SCHKO Slavkovský les;2022-06-28;2022-06-28;12675506;2022-06-28;0;STA_POKRYVNOSTEXPANZNI;NA;val;val;ne;lok;0;0, do 5 %, 5-25 %;neznámý;NA
2022;CZ0414127;Hradiště;Pulsatilla patens;Cévnaté rostliny;32070178;Žďár u Hradiště_32070178;5645c;RP SCHKO Slavkovský les;Krajský úřad Ústeckého kraje, Újezdní úřad Hradiště, Krajský úřad Karlovarského kraje, AOPK ČR - RP SCHKO Slavkovský les;2022-06-28;2022-06-28;12675506;2022-06-28;0;STA_POKRYVNOSTINVAZNI;NA;val;val;ne;lok;0;0, do 5 %;neznámý;NA
2022;CZ0414127;Hradiště;Pulsatilla patens;Cévnaté rostliny;32070201;Žďár u Hradiště_32070201;5645c;RP SCHKO Slavkovský les;Krajský úřad Ústeckého kraje, Újezdní úřad Hradiště, Krajský úřad Karlovarského kraje, AOPK ČR - RP SCHKO Slavkovský les;2022-06-23;2022-06-23;12675574;2022-06-23;0;CELKOVE_HODNOCENI;NA;NA;NA;NA;lok;NA;NA;špatný;0
2022;CZ0414127;Hradiště;Pulsatilla patens;Cévnaté rostliny;32070201;Žďár u Hradiště_32070201;5645c;RP SCHKO Slavkovský les;Krajský úřad Ústeckého kraje, Újezdní úřad Hradiště, Krajský úřad Karlovarského kraje, AOPK ČR - RP SCHKO Slavkovský les;2022-06-23;2022-06-23;12675574;2022-06-23;0;CELKOVE_SUM;NA;NA;NA;NA;NA;;;3;NA
2022;CZ0414127;Hradiště;Pulsatilla patens;Cévnaté rostliny;32070201;Žďár u Hradiště_32070201;5645c;RP SCHKO Slavkovský les;Krajský úřad Ústeckého kraje, Újezdní úřad Hradiště, Krajský úřad Karlovarského kraje, AOPK ČR - RP SCHKO Slavkovský les;2022-06-23;2022-06-23;12675574;2022-06-23;0;POP_POCET;trsů;min;minmax;ano;lok;70;alespoň 70 trsů;0;0
2022;CZ0414127;Hradiště;Pulsatilla patens;Cévnaté rostliny;32070201;Žďár u Hradiště_32070201;5645c;RP SCHKO Slavkovský les;Krajský úřad Ústeckého kraje, Újezdní úřad Hradiště, Krajský úřad Karlovarského kraje, AOPK ČR - RP SCHKO Slavkovský les;2022-06-23;2022-06-23;12675574;2022-06-23;0;POP_POSKPERC;počet trsů;max;minmax;ne;lok;1;nejvýš 1 počet trsů;0;1
2022;CZ0414127;Hradiště;Pulsatilla patens;Cévnaté rostliny;32070201;Žďár u Hradiště_32070201;5645c;RP SCHKO Slavkovský les;Krajský úřad Ústeckého kraje, Újezdní úřad Hradiště, Krajský úřad Karlovarského kraje, AOPK ČR - RP SCHKO Slavkovský les;2022-06-23;2022-06-23;12675574;2022-06-23;0;POP_POSKPOC;počet typů poškození rostlin;max;minmax;ne;lok;2;nejvýš 2 počet typů poškození rostlin;0;1
2022;CZ0414127;Hradiště;Pulsatilla patens;Cévnaté rostliny;32070201;Žďár u Hradiště_32070201;5645c;RP SCHKO Slavkovský les;Krajský úřad Ústeckého kraje, Újezdní úřad Hradiště, Krajský úřad Karlovarského kraje, AOPK ČR - RP SCHKO Slavkovský les;2022-06-23;2022-06-23;12675574;2022-06-23;0;POP_TREND;posledních dvou let s menším počtem jedinců než je referenční hodnota;max;minmax;ano;lok;1;nejvýš 1 posledních dvou let s menším počtem jedinců než je referenční hodnota;0;1
2022;CZ0414127;Hradiště;Pulsatilla patens;Cévnaté rostliny;32070201;Žďár u Hradiště_32070201;5645c;RP SCHKO Slavkovský les;Krajský úřad Ústeckého kraje, Újezdní úřad Hradiště, Krajský úřad Karlovarského kraje, AOPK ČR - RP SCHKO Slavkovský les;2022-06-23;2022-06-23;12675574;2022-06-23;0;POP_VITAL;% počtu trsů;min;minmax;ano;lok;30;alespoň 30 % počtu trsů;neznámý;NA
2022;CZ0414127;Hradiště;Pulsatilla patens;Cévnaté rostliny;32070201;Žďár u Hradiště_32070201;5645c;RP SCHKO Slavkovský les;Krajský úřad Ústeckého kraje, Újezdní úřad Hradiště, Krajský úřad Karlovarského kraje, AOPK ČR - RP SCHKO Slavkovský les;2022-06-23;2022-06-23;12675574;2022-06-23;0;STA_POKRDREV;NA;val;val;ne;lok;0;0, do 5 %, 5-25 %;neznámý;NA
2022;CZ0414127;Hradiště;Pulsatilla patens;Cévnaté rostliny;32070201;Žďár u Hradiště_32070201;5645c;RP SCHKO Slavkovský les;Krajský úřad Ústeckého kraje, Újezdní úřad Hradiště, Krajský úřad Karlovarského kraje, AOPK ČR - RP SCHKO Slavkovský les;2022-06-23;2022-06-23;12675574;2022-06-23;0;STA_POKRSTAR;NA;val;val;ne;lok;0;0, do 5 %, 5-25 %;neznámý;NA
2022;CZ0414127;Hradiště;Pulsatilla patens;Cévnaté rostliny;32070201;Žďár u Hradiště_32070201;5645c;RP SCHKO Slavkovský les;Krajský úřad Ústeckého kraje, Újezdní úřad Hradiště, Krajský úřad Karlovarského kraje, AOPK ČR - RP SCHKO Slavkovský les;2022-06-23;2022-06-23;12675574;2022-06-23;0;STA_POKRYVNOSTEXPANZNI;NA;val;val;ne;lok;0;0, do 5 %, 5-25 %;neznámý;NA
2022;CZ0414127;Hradiště;Pulsatilla patens;Cévnaté rostliny;32070201;Žďár u Hradiště_32070201;5645c;RP SCHKO Slavkovský les;Krajský úřad Ústeckého kraje, Újezdní úřad Hradiště, Krajský úřad Karlovarského kraje, AOPK ČR - RP SCHKO Slavkovský les;2022-06-23;2022-06-23;12675574;2022-06-23;0;STA_POKRYVNOSTINVAZNI;NA;val;val;ne;lok;0;0, do 5 %;neznámý;NA
2022;CZ0414127;Hradiště;Pulsatilla patens;Cévnaté rostliny;32070247;Žďár u Hradiště_32070247;5645c;RP SCHKO Slavkovský les;Krajský úřad Ústeckého kraje, Újezdní úřad Hradiště, Krajský úřad Karlovarského kraje, AOPK ČR - RP SCHKO Slavkovský les;2022-06-28;2022-06-28;12675578;2022-06-28;0;CELKOVE_HODNOCENI;NA;NA;NA;NA;lok;NA;NA;špatný;0
2022;CZ0414127;Hradiště;Pulsatilla patens;Cévnaté rostliny;32070247;Žďár u Hradiště_32070247;5645c;RP SCHKO Slavkovský les;Krajský úřad Ústeckého kraje, Újezdní úřad Hradiště, Krajský úřad Karlovarského kraje, AOPK ČR - RP SCHKO Slavkovský les;2022-06-28;2022-06-28;12675578;2022-06-28;0;CELKOVE_SUM;NA;NA;NA;NA;NA;;;3;NA
2022;CZ0414127;Hradiště;Pulsatilla patens;Cévnaté rostliny;32070247;Žďár u Hradiště_32070247;5645c;RP SCHKO Slavkovský les;Krajský úřad Ústeckého kraje, Újezdní úřad Hradiště, Krajský úřad Karlovarského kraje, AOPK ČR - RP SCHKO Slavkovský les;2022-06-28;2022-06-28;12675578;2022-06-28;0;POP_POCET;trsů;min;minmax;ano;lok;70;alespoň 70 trsů;0;0
2022;CZ0414127;Hradiště;Pulsatilla patens;Cévnaté rostliny;32070247;Žďár u Hradiště_32070247;5645c;RP SCHKO Slavkovský les;Krajský úřad Ústeckého kraje, Újezdní úřad Hradiště, Krajský úřad Karlovarského kraje, AOPK ČR - RP SCHKO Slavkovský les;2022-06-28;2022-06-28;12675578;2022-06-28;0;POP_POSKPERC;počet trsů;max;minmax;ne;lok;1;nejvýš 1 počet trsů;0;1
2022;CZ0414127;Hradiště;Pulsatilla patens;Cévnaté rostliny;32070247;Žďár u Hradiště_32070247;5645c;RP SCHKO Slavkovský les;Krajský úřad Ústeckého kraje, Újezdní úřad Hradiště, Krajský úřad Karlovarského kraje, AOPK ČR - RP SCHKO Slavkovský les;2022-06-28;2022-06-28;12675578;2022-06-28;0;POP_POSKPOC;počet typů poškození rostlin;max;minmax;ne;lok;2;nejvýš 2 počet typů poškození rostlin;0;1
2022;CZ0414127;Hradiště;Pulsatilla patens;Cévnaté rostliny;32070247;Žďár u Hradiště_32070247;5645c;RP SCHKO Slavkovský les;Krajský úřad Ústeckého kraje, Újezdní úřad Hradiště, Krajský úřad Karlovarského kraje, AOPK ČR - RP SCHKO Slavkovský les;2022-06-28;2022-06-28;12675578;2022-06-28;0;POP_TREND;posledních dvou let s menším počtem jedinců než je referenční hodnota;max;minmax;ano;lok;1;nejvýš 1 posledních dvou let s menším počtem jedinců než je referenční hodnota;0;1
2022;CZ0414127;Hradiště;Pulsatilla patens;Cévnaté rostliny;32070247;Žďár u Hradiště_32070247;5645c;RP SCHKO Slavkovský les;Krajský úřad Ústeckého kraje, Újezdní úřad Hradiště, Krajský úřad Karlovarského kraje, AOPK ČR - RP SCHKO Slavkovský les;2022-06-28;2022-06-28;12675578;2022-06-28;0;POP_VITAL;% počtu trsů;min;minmax;ano;lok;30;alespoň 30 % počtu trsů;neznámý;NA
2022;CZ0414127;Hradiště;Pulsatilla patens;Cévnaté rostliny;32070247;Žďár u Hradiště_32070247;5645c;RP SCHKO Slavkovský les;Krajský úřad Ústeckého kraje, Újezdní úřad Hradiště, Krajský úřad Karlovarského kraje, AOPK ČR - RP SCHKO Slavkovský les;2022-06-28;2022-06-28;12675578;2022-06-28;0;STA_POKRDREV;NA;val;val;ne;lok;0;0, do 5 %, 5-25 %;neznámý;NA
2022;CZ0414127;Hradiště;Pulsatilla patens;Cévnaté rostliny;32070247;Žďár u Hradiště_32070247;5645c;RP SCHKO Slavkovský les;Krajský úřad Ústeckého kraje, Újezdní úřad Hradiště, Krajský úřad Karlovarského kraje, AOPK ČR - RP SCHKO Slavkovský les;2022-06-28;2022-06-28;12675578;2022-06-28;0;STA_POKRSTAR;NA;val;val;ne;lok;0;0, do 5 %, 5-25 %;neznámý;NA
2022;CZ0414127;Hradiště;Pulsatilla patens;Cévnaté rostliny;32070247;Žďár u Hradiště_32070247;5645c;RP SCHKO Slavkovský les;Krajský úřad Ústeckého kraje, Újezdní úřad Hradiště, Krajský úřad Karlovarského kraje, AOPK ČR - RP SCHKO Slavkovský les;2022-06-28;2022-06-28;12675578;2022-06-28;0;STA_POKRYVNOSTEXPANZNI;NA;val;val;ne;lok;0;0, do 5 %, 5-25 %;neznámý;NA
2022;CZ0414127;Hradiště;Pulsatilla patens;Cévnaté rostliny;32070247;Žďár u Hradiště_32070247;5645c;RP SCHKO Slavkovský les;Krajský úřad Ústeckého kraje, Újezdní úřad Hradiště, Krajský úřad Karlovarského kraje, AOPK ČR - RP SCHKO Slavkovský les;2022-06-28;2022-06-28;12675578;2022-06-28;0;STA_POKRYVNOSTINVAZNI;NA;val;val;ne;lok;0;0, do 5 %;neznámý;NA
2022;CZ0414127;Hradiště;Pulsatilla patens;Cévnaté rostliny;32070249;Žďár u Hradiště_32070249;5645c;RP SCHKO Slavkovský les;Krajský úřad Ústeckého kraje, Újezdní úřad Hradiště, Krajský úřad Karlovarského kraje, AOPK ČR - RP SCHKO Slavkovský les;2022-06-23;2022-06-23;12675867;2022-06-23;0;CELKOVE_HODNOCENI;NA;NA;NA;NA;lok;NA;NA;špatný;0
2022;CZ0414127;Hradiště;Pulsatilla patens;Cévnaté rostliny;32070249;Žďár u Hradiště_32070249;5645c;RP SCHKO Slavkovský les;Krajský úřad Ústeckého kraje, Újezdní úřad Hradiště, Krajský úřad Karlovarského kraje, AOPK ČR - RP SCHKO Slavkovský les;2022-06-23;2022-06-23;12675867;2022-06-23;0;CELKOVE_SUM;NA;NA;NA;NA;NA;;;3;NA
2022;CZ0414127;Hradiště;Pulsatilla patens;Cévnaté rostliny;32070249;Žďár u Hradiště_32070249;5645c;RP SCHKO Slavkovský les;Krajský úřad Ústeckého kraje, Újezdní úřad Hradiště, Krajský úřad Karlovarského kraje, AOPK ČR - RP SCHKO Slavkovský les;2022-06-23;2022-06-23;12675867;2022-06-23;0;POP_POCET;trsů;min;minmax;ano;lok;70;alespoň 70 trsů;0;0
2022;CZ0414127;Hradiště;Pulsatilla patens;Cévnaté rostliny;32070249;Žďár u Hradiště_32070249;5645c;RP SCHKO Slavkovský les;Krajský úřad Ústeckého kraje, Újezdní úřad Hradiště, Krajský úřad Karlovarského kraje, AOPK ČR - RP SCHKO Slavkovský les;2022-06-23;2022-06-23;12675867;2022-06-23;0;POP_POSKPERC;počet trsů;max;minmax;ne;lok;1;nejvýš 1 počet trsů;0;1
2022;CZ0414127;Hradiště;Pulsatilla patens;Cévnaté rostliny;32070249;Žďár u Hradiště_32070249;5645c;RP SCHKO Slavkovský les;Krajský úřad Ústeckého kraje, Újezdní úřad Hradiště, Krajský úřad Karlovarského kraje, AOPK ČR - RP SCHKO Slavkovský les;2022-06-23;2022-06-23;12675867;2022-06-23;0;POP_POSKPOC;počet typů poškození rostlin;max;minmax;ne;lok;2;nejvýš 2 počet typů poškození rostlin;0;1
2022;CZ0414127;Hradiště;Pulsatilla patens;Cévnaté rostliny;32070249;Žďár u Hradiště_32070249;5645c;RP SCHKO Slavkovský les;Krajský úřad Ústeckého kraje, Újezdní úřad Hradiště, Krajský úřad Karlovarského kraje, AOPK ČR - RP SCHKO Slavkovský les;2022-06-23;2022-06-23;12675867;2022-06-23;0;POP_TREND;posledních dvou let s menším počtem jedinců než je referenční hodnota;max;minmax;ano;lok;1;nejvýš 1 posledních dvou let s menším počtem jedinců než je referenční hodnota;0;1
2022;CZ0414127;Hradiště;Pulsatilla patens;Cévnaté rostliny;32070249;Žďár u Hradiště_32070249;5645c;RP SCHKO Slavkovský les;Krajský úřad Ústeckého kraje, Újezdní úřad Hradiště, Krajský úřad Karlovarského kraje, AOPK ČR - RP SCHKO Slavkovský les;2022-06-23;2022-06-23;12675867;2022-06-23;0;POP_VITAL;% počtu trsů;min;minmax;ano;lok;30;alespoň 30 % počtu trsů;neznámý;NA
2022;CZ0414127;Hradiště;Pulsatilla patens;Cévnaté rostliny;32070249;Žďár u Hradiště_32070249;5645c;RP SCHKO Slavkovský les;Krajský úřad Ústeckého kraje, Újezdní úřad Hradiště, Krajský úřad Karlovarského kraje, AOPK ČR - RP SCHKO Slavkovský les;2022-06-23;2022-06-23;12675867;2022-06-23;0;STA_POKRDREV;NA;val;val;ne;lok;0;0, do 5 %, 5-25 %;neznámý;NA
2022;CZ0414127;Hradiště;Pulsatilla patens;Cévnaté rostliny;32070249;Žďár u Hradiště_32070249;5645c;RP SCHKO Slavkovský les;Krajský úřad Ústeckého kraje, Újezdní úřad Hradiště, Krajský úřad Karlovarského kraje, AOPK ČR - RP SCHKO Slavkovský les;2022-06-23;2022-06-23;12675867;2022-06-23;0;STA_POKRSTAR;NA;val;val;ne;lok;0;0, do 5 %, 5-25 %;neznámý;NA
2022;CZ0414127;Hradiště;Pulsatilla patens;Cévnaté rostliny;32070249;Žďár u Hradiště_32070249;5645c;RP SCHKO Slavkovský les;Krajský úřad Ústeckého kraje, Újezdní úřad Hradiště, Krajský úřad Karlovarského kraje, AOPK ČR - RP SCHKO Slavkovský les;2022-06-23;2022-06-23;12675867;2022-06-23;0;STA_POKRYVNOSTEXPANZNI;NA;val;val;ne;lok;0;0, do 5 %, 5-25 %;neznámý;NA
2022;CZ0414127;Hradiště;Pulsatilla patens;Cévnaté rostliny;32070249;Žďár u Hradiště_32070249;5645c;RP SCHKO Slavkovský les;Krajský úřad Ústeckého kraje, Újezdní úřad Hradiště, Krajský úřad Karlovarského kraje, AOPK ČR - RP SCHKO Slavkovský les;2022-06-23;2022-06-23;12675867;2022-06-23;0;STA_POKRYVNOSTINVAZNI;NA;val;val;ne;lok;0;0, do 5 %;neznámý;NA
2020;CZ0414127;Hradiště;Pulsatilla patens;Cévnaté rostliny;Dubina - západ;Dubina - západ;5645c;RP SCHKO Slavkovský les;Krajský úřad Ústeckého kraje, Újezdní úřad Hradiště, Krajský úřad Karlovarského kraje, AOPK ČR - RP SCHKO Slavkovský les;2020-04-23;2020-04-23;11080663;2020-04-23;0;CELKOVE_HODNOCENI;NA;NA;NA;NA;lok;NA;NA;špatný;0
2020;CZ0414127;Hradiště;Pulsatilla patens;Cévnaté rostliny;Dubina - západ;Dubina - západ;5645c;RP SCHKO Slavkovský les;Krajský úřad Ústeckého kraje, Újezdní úřad Hradiště, Krajský úřad Karlovarského kraje, AOPK ČR - RP SCHKO Slavkovský les;2020-04-23;2020-04-23;11080663;2020-04-23;0;CELKOVE_SUM;NA;NA;NA;NA;NA;;;3;NA
2020;CZ0414127;Hradiště;Pulsatilla patens;Cévnaté rostliny;Dubina - západ;Dubina - západ;5645c;RP SCHKO Slavkovský les;Krajský úřad Ústeckého kraje, Újezdní úřad Hradiště, Krajský úřad Karlovarského kraje, AOPK ČR - RP SCHKO Slavkovský les;2020-04-23;2020-04-23;11080663;2020-04-23;0;POP_POCET;trsů;min;minmax;ano;lok;70;alespoň 70 trsů;0;0
2020;CZ0414127;Hradiště;Pulsatilla patens;Cévnaté rostliny;Dubina - západ;Dubina - západ;5645c;RP SCHKO Slavkovský les;Krajský úřad Ústeckého kraje, Újezdní úřad Hradiště, Krajský úřad Karlovarského kraje, AOPK ČR - RP SCHKO Slavkovský les;2020-04-23;2020-04-23;11080663;2020-04-23;0;POP_POSKPERC;počet trsů;max;minmax;ne;lok;1;nejvýš 1 počet trsů;0;1
2020;CZ0414127;Hradiště;Pulsatilla patens;Cévnaté rostliny;Dubina - západ;Dubina - západ;5645c;RP SCHKO Slavkovský les;Krajský úřad Ústeckého kraje, Újezdní úřad Hradiště, Krajský úřad Karlovarského kraje, AOPK ČR - RP SCHKO Slavkovský les;2020-04-23;2020-04-23;11080663;2020-04-23;0;POP_POSKPOC;počet typů poškození rostlin;max;minmax;ne;lok;2;nejvýš 2 počet typů poškození rostlin;0;1
2020;CZ0414127;Hradiště;Pulsatilla patens;Cévnaté rostliny;Dubina - západ;Dubina - západ;5645c;RP SCHKO Slavkovský les;Krajský úřad Ústeckého kraje, Újezdní úřad Hradiště, Krajský úřad Karlovarského kraje, AOPK ČR - RP SCHKO Slavkovský les;2020-04-23;2020-04-23;11080663;2020-04-23;0;POP_TREND;posledních dvou let s menším počtem jedinců než je referenční hodnota;max;minmax;ano;lok;1;nejvýš 1 posledních dvou let s menším počtem jedinců než je referenční hodnota;0;1
2020;CZ0414127;Hradiště;Pulsatilla patens;Cévnaté rostliny;Dubina - západ;Dubina - západ;5645c;RP SCHKO Slavkovský les;Krajský úřad Ústeckého kraje, Újezdní úřad Hradiště, Krajský úřad Karlovarského kraje, AOPK ČR - RP SCHKO Slavkovský les;2020-04-23;2020-04-23;11080663;2020-04-23;0;POP_VITAL;% počtu trsů;min;minmax;ano;lok;30;alespoň 30 % počtu trsů;neznámý;NA
2020;CZ0414127;Hradiště;Pulsatilla patens;Cévnaté rostliny;Dubina - západ;Dubina - západ;5645c;RP SCHKO Slavkovský les;Krajský úřad Ústeckého kraje, Újezdní úřad Hradiště, Krajský úřad Karlovarského kraje, AOPK ČR - RP SCHKO Slavkovský les;2020-04-23;2020-04-23;11080663;2020-04-23;0;STA_POKRDREV;NA;val;val;ne;lok;0;0, do 5 %, 5-25 %;neznámý;NA
2020;CZ0414127;Hradiště;Pulsatilla patens;Cévnaté rostliny;Dubina - západ;Dubina - západ;5645c;RP SCHKO Slavkovský les;Krajský úřad Ústeckého kraje, Újezdní úřad Hradiště, Krajský úřad Karlovarského kraje, AOPK ČR - RP SCHKO Slavkovský les;2020-04-23;2020-04-23;11080663;2020-04-23;0;STA_POKRSTAR;NA;val;val;ne;lok;0;0, do 5 %, 5-25 %;neznámý;NA
2020;CZ0414127;Hradiště;Pulsatilla patens;Cévnaté rostliny;Dubina - západ;Dubina - západ;5645c;RP SCHKO Slavkovský les;Krajský úřad Ústeckého kraje, Újezdní úřad Hradiště, Krajský úřad Karlovarského kraje, AOPK ČR - RP SCHKO Slavkovský les;2020-04-23;2020-04-23;11080663;2020-04-23;0;STA_POKRYVNOSTEXPANZNI;NA;val;val;ne;lok;0;0, do 5 %, 5-25 %;neznámý;NA
2020;CZ0414127;Hradiště;Pulsatilla patens;Cévnaté rostliny;Dubina - západ;Dubina - západ;5645c;RP SCHKO Slavkovský les;Krajský úřad Ústeckého kraje, Újezdní úřad Hradiště, Krajský úřad Karlovarského kraje, AOPK ČR - RP SCHKO Slavkovský les;2020-04-23;2020-04-23;11080663;2020-04-23;0;STA_POKRYVNOSTINVAZNI;NA;val;val;ne;lok;0;0, do 5 %;neznámý;NA
2022;CZ0414127;Hradiště;Pulsatilla patens;Cévnaté rostliny;Dubový vrch 4;Dubový vrch 4;5645c;RP SCHKO Slavkovský les;Krajský úřad Ústeckého kraje, Újezdní úřad Hradiště, Krajský úřad Karlovarského kraje, AOPK ČR - RP SCHKO Slavkovský les;2009-04-20;2022-04-21;12988758;2022-04-21;1;CELKOVE_HODNOCENI;NA;NA;NA;NA;lok;NA;NA;špatný;0
2022;CZ0414127;Hradiště;Pulsatilla patens;Cévnaté rostliny;Dubový vrch 4;Dubový vrch 4;5645c;RP SCHKO Slavkovský les;Krajský úřad Ústeckého kraje, Újezdní úřad Hradiště, Krajský úřad Karlovarského kraje, AOPK ČR - RP SCHKO Slavkovský les;2009-04-20;2022-04-21;12988758;2022-04-21;1;CELKOVE_SUM;NA;NA;NA;NA;NA;;;2;NA
2022;CZ0414127;Hradiště;Pulsatilla patens;Cévnaté rostliny;Dubový vrch 4;Dubový vrch 4;5645c;RP SCHKO Slavkovský les;Krajský úřad Ústeckého kraje, Újezdní úřad Hradiště, Krajský úřad Karlovarského kraje, AOPK ČR - RP SCHKO Slavkovský les;2009-04-20;2022-04-21;12988758;2022-04-21;1;POP_POCET;trsů;min;minmax;ano;lok;70;alespoň 70 trsů;0;0
2022;CZ0414127;Hradiště;Pulsatilla patens;Cévnaté rostliny;Dubový vrch 4;Dubový vrch 4;5645c;RP SCHKO Slavkovský les;Krajský úřad Ústeckého kraje, Újezdní úřad Hradiště, Krajský úřad Karlovarského kraje, AOPK ČR - RP SCHKO Slavkovský les;2009-04-20;2022-04-21;12988758;2022-04-21;1;POP_POSKPERC;počet trsů;max;minmax;ne;lok;1;nejvýš 1 počet trsů;0;1
2022;CZ0414127;Hradiště;Pulsatilla patens;Cévnaté rostliny;Dubový vrch 4;Dubový vrch 4;5645c;RP SCHKO Slavkovský les;Krajský úřad Ústeckého kraje, Újezdní úřad Hradiště, Krajský úřad Karlovarského kraje, AOPK ČR - RP SCHKO Slavkovský les;2009-04-20;2022-04-21;12988758;2022-04-21;1;POP_POSKPOC;počet typů poškození rostlin;max;minmax;ne;lok;2;nejvýš 2 počet typů poškození rostlin;0;1
2022;CZ0414127;Hradiště;Pulsatilla patens;Cévnaté rostliny;Dubový vrch 4;Dubový vrch 4;5645c;RP SCHKO Slavkovský les;Krajský úřad Ústeckého kraje, Újezdní úřad Hradiště, Krajský úřad Karlovarského kraje, AOPK ČR - RP SCHKO Slavkovský les;2009-04-20;2022-04-21;12988758;2022-04-21;1;POP_TREND;posledních dvou let s menším počtem jedinců než je referenční hodnota;max;minmax;ano;lok;1;nejvýš 1 posledních dvou let s menším počtem jedinců než je referenční hodnota;2;0
2022;CZ0414127;Hradiště;Pulsatilla patens;Cévnaté rostliny;Dubový vrch 4;Dubový vrch 4;5645c;RP SCHKO Slavkovský les;Krajský úřad Ústeckého kraje, Újezdní úřad Hradiště, Krajský úřad Karlovarského kraje, AOPK ČR - RP SCHKO Slavkovský les;2009-04-20;2022-04-21;12988758;2022-04-21;1;POP_VITAL;% počtu trsů;min;minmax;ano;lok;30;alespoň 30 % počtu trsů;neznámý;NA
2022;CZ0414127;Hradiště;Pulsatilla patens;Cévnaté rostliny;Dubový vrch 4;Dubový vrch 4;5645c;RP SCHKO Slavkovský les;Krajský úřad Ústeckého kraje, Újezdní úřad Hradiště, Krajský úřad Karlovarského kraje, AOPK ČR - RP SCHKO Slavkovský les;2009-04-20;2022-04-21;12988758;2022-04-21;1;STA_POKRDREV;NA;val;val;ne;lok;0;0, do 5 %, 5-25 %;neznámý;NA
2022;CZ0414127;Hradiště;Pulsatilla patens;Cévnaté rostliny;Dubový vrch 4;Dubový vrch 4;5645c;RP SCHKO Slavkovský les;Krajský úřad Ústeckého kraje, Újezdní úřad Hradiště, Krajský úřad Karlovarského kraje, AOPK ČR - RP SCHKO Slavkovský les;2009-04-20;2022-04-21;12988758;2022-04-21;1;STA_POKRSTAR;NA;val;val;ne;lok;0;0, do 5 %, 5-25 %;neznámý;NA
2022;CZ0414127;Hradiště;Pulsatilla patens;Cévnaté rostliny;Dubový vrch 4;Dubový vrch 4;5645c;RP SCHKO Slavkovský les;Krajský úřad Ústeckého kraje, Újezdní úřad Hradiště, Krajský úřad Karlovarského kraje, AOPK ČR - RP SCHKO Slavkovský les;2009-04-20;2022-04-21;12988758;2022-04-21;1;STA_POKRYVNOSTEXPANZNI;NA;val;val;ne;lok;0;0, do 5 %, 5-25 %;neznámý;NA
2022;CZ0414127;Hradiště;Pulsatilla patens;Cévnaté rostliny;Dubový vrch 4;Dubový vrch 4;5645c;RP SCHKO Slavkovský les;Krajský úřad Ústeckého kraje, Újezdní úřad Hradiště, Krajský úřad Karlovarského kraje, AOPK ČR - RP SCHKO Slavkovský les;2009-04-20;2022-04-21;12988758;2022-04-21;1;STA_POKRYVNOSTINVAZNI;NA;val;val;ne;lok;0;0, do 5 %;neznámý;NA
2022;CZ0414127;Hradiště;Pulsatilla patens;Cévnaté rostliny;Havraň;Havraň;5644d;RP SCHKO Slavkovský les;Krajský úřad Ústeckého kraje, Újezdní úřad Hradiště, Krajský úřad Karlovarského kraje, AOPK ČR - RP SCHKO Slavkovský les;2009-05-02;2022-04-29;11777916, 12988769;2022-04-29;1;CELKOVE_HODNOCENI;NA;NA;NA;NA;lok;NA;NA;špatný;0
2022;CZ0414127;Hradiště;Pulsatilla patens;Cévnaté rostliny;Havraň;Havraň;5644d;RP SCHKO Slavkovský les;Krajský úřad Ústeckého kraje, Újezdní úřad Hradiště, Krajský úřad Karlovarského kraje, AOPK ČR - RP SCHKO Slavkovský les;2009-05-02;2022-04-29;11777916, 12988769;2022-04-29;1;CELKOVE_SUM;NA;NA;NA;NA;NA;;;2;NA
2022;CZ0414127;Hradiště;Pulsatilla patens;Cévnaté rostliny;Havraň;Havraň;5644d;RP SCHKO Slavkovský les;Krajský úřad Ústeckého kraje, Újezdní úřad Hradiště, Krajský úřad Karlovarského kraje, AOPK ČR - RP SCHKO Slavkovský les;2009-05-02;2022-04-29;11777916, 12988769;2022-04-29;1;POP_POCET;trsů;min;minmax;ano;lok;70;alespoň 70 trsů;0;0
2022;CZ0414127;Hradiště;Pulsatilla patens;Cévnaté rostliny;Havraň;Havraň;5644d;RP SCHKO Slavkovský les;Krajský úřad Ústeckého kraje, Újezdní úřad Hradiště, Krajský úřad Karlovarského kraje, AOPK ČR - RP SCHKO Slavkovský les;2009-05-02;2022-04-29;11777916, 12988769;2022-04-29;1;POP_POSKPERC;počet trsů;max;minmax;ne;lok;1;nejvýš 1 počet trsů;0;1
2022;CZ0414127;Hradiště;Pulsatilla patens;Cévnaté rostliny;Havraň;Havraň;5644d;RP SCHKO Slavkovský les;Krajský úřad Ústeckého kraje, Újezdní úřad Hradiště, Krajský úřad Karlovarského kraje, AOPK ČR - RP SCHKO Slavkovský les;2009-05-02;2022-04-29;11777916, 12988769;2022-04-29;1;POP_POSKPOC;počet typů poškození rostlin;max;minmax;ne;lok;2;nejvýš 2 počet typů poškození rostlin;0;1
2022;CZ0414127;Hradiště;Pulsatilla patens;Cévnaté rostliny;Havraň;Havraň;5644d;RP SCHKO Slavkovský les;Krajský úřad Ústeckého kraje, Újezdní úřad Hradiště, Krajský úřad Karlovarského kraje, AOPK ČR - RP SCHKO Slavkovský les;2009-05-02;2022-04-29;11777916, 12988769;2022-04-29;1;POP_TREND;posledních dvou let s menším počtem jedinců než je referenční hodnota;max;minmax;ano;lok;1;nejvýš 1 posledních dvou let s menším počtem jedinců než je referenční hodnota;2;0
2022;CZ0414127;Hradiště;Pulsatilla patens;Cévnaté rostliny;Havraň;Havraň;5644d;RP SCHKO Slavkovský les;Krajský úřad Ústeckého kraje, Újezdní úřad Hradiště, Krajský úřad Karlovarského kraje, AOPK ČR - RP SCHKO Slavkovský les;2009-05-02;2022-04-29;11777916, 12988769;2022-04-29;1;POP_VITAL;% počtu trsů;min;minmax;ano;lok;30;alespoň 30 % počtu trsů;neznámý;NA
2022;CZ0414127;Hradiště;Pulsatilla patens;Cévnaté rostliny;Havraň;Havraň;5644d;RP SCHKO Slavkovský les;Krajský úřad Ústeckého kraje, Újezdní úřad Hradiště, Krajský úřad Karlovarského kraje, AOPK ČR - RP SCHKO Slavkovský les;2009-05-02;2022-04-29;11777916, 12988769;2022-04-29;1;STA_POKRDREV;NA;val;val;ne;lok;0;0, do 5 %, 5-25 %;neznámý;NA
2022;CZ0414127;Hradiště;Pulsatilla patens;Cévnaté rostliny;Havraň;Havraň;5644d;RP SCHKO Slavkovský les;Krajský úřad Ústeckého kraje, Újezdní úřad Hradiště, Krajský úřad Karlovarského kraje, AOPK ČR - RP SCHKO Slavkovský les;2009-05-02;2022-04-29;11777916, 12988769;2022-04-29;1;STA_POKRSTAR;NA;val;val;ne;lok;0;0, do 5 %, 5-25 %;neznámý;NA
2022;CZ0414127;Hradiště;Pulsatilla patens;Cévnaté rostliny;Havraň;Havraň;5644d;RP SCHKO Slavkovský les;Krajský úřad Ústeckého kraje, Újezdní úřad Hradiště, Krajský úřad Karlovarského kraje, AOPK ČR - RP SCHKO Slavkovský les;2009-05-02;2022-04-29;11777916, 12988769;2022-04-29;1;STA_POKRYVNOSTEXPANZNI;NA;val;val;ne;lok;0;0, do 5 %, 5-25 %;neznámý;NA
2022;CZ0414127;Hradiště;Pulsatilla patens;Cévnaté rostliny;Havraň;Havraň;5644d;RP SCHKO Slavkovský les;Krajský úřad Ústeckého kraje, Újezdní úřad Hradiště, Krajský úřad Karlovarského kraje, AOPK ČR - RP SCHKO Slavkovský les;2009-05-02;2022-04-29;11777916, 12988769;2022-04-29;1;STA_POKRYVNOSTINVAZNI;NA;val;val;ne;lok;0;0, do 5 %;neznámý;NA
2022;CZ0414127;Hradiště;Pulsatilla patens;Cévnaté rostliny;Humnický vrch;Humnický vrch;5644d;RP SCHKO Slavkovský les;Krajský úřad Ústeckého kraje, Újezdní úřad Hradiště, Krajský úřad Karlovarského kraje, AOPK ČR - RP SCHKO Slavkovský les;2009-05-02;2022-04-29;11777135, 12988736;2022-04-29;1;CELKOVE_HODNOCENI;NA;NA;NA;NA;lok;NA;NA;špatný;0
2022;CZ0414127;Hradiště;Pulsatilla patens;Cévnaté rostliny;Humnický vrch;Humnický vrch;5644d;RP SCHKO Slavkovský les;Krajský úřad Ústeckého kraje, Újezdní úřad Hradiště, Krajský úřad Karlovarského kraje, AOPK ČR - RP SCHKO Slavkovský les;2009-05-02;2022-04-29;11777135, 12988736;2022-04-29;1;CELKOVE_SUM;NA;NA;NA;NA;NA;;;2;NA
2022;CZ0414127;Hradiště;Pulsatilla patens;Cévnaté rostliny;Humnický vrch;Humnický vrch;5644d;RP SCHKO Slavkovský les;Krajský úřad Ústeckého kraje, Újezdní úřad Hradiště, Krajský úřad Karlovarského kraje, AOPK ČR - RP SCHKO Slavkovský les;2009-05-02;2022-04-29;11777135, 12988736;2022-04-29;1;POP_POCET;trsů;min;minmax;ano;lok;70;alespoň 70 trsů;0;0
2022;CZ0414127;Hradiště;Pulsatilla patens;Cévnaté rostliny;Humnický vrch;Humnický vrch;5644d;RP SCHKO Slavkovský les;Krajský úřad Ústeckého kraje, Újezdní úřad Hradiště, Krajský úřad Karlovarského kraje, AOPK ČR - RP SCHKO Slavkovský les;2009-05-02;2022-04-29;11777135, 12988736;2022-04-29;1;POP_POSKPERC;počet trsů;max;minmax;ne;lok;1;nejvýš 1 počet trsů;0;1
2022;CZ0414127;Hradiště;Pulsatilla patens;Cévnaté rostliny;Humnický vrch;Humnický vrch;5644d;RP SCHKO Slavkovský les;Krajský úřad Ústeckého kraje, Újezdní úřad Hradiště, Krajský úřad Karlovarského kraje, AOPK ČR - RP SCHKO Slavkovský les;2009-05-02;2022-04-29;11777135, 12988736;2022-04-29;1;POP_POSKPOC;počet typů poškození rostlin;max;minmax;ne;lok;2;nejvýš 2 počet typů poškození rostlin;0;1
2022;CZ0414127;Hradiště;Pulsatilla patens;Cévnaté rostliny;Humnický vrch;Humnický vrch;5644d;RP SCHKO Slavkovský les;Krajský úřad Ústeckého kraje, Újezdní úřad Hradiště, Krajský úřad Karlovarského kraje, AOPK ČR - RP SCHKO Slavkovský les;2009-05-02;2022-04-29;11777135, 12988736;2022-04-29;1;POP_TREND;posledních dvou let s menším počtem jedinců než je referenční hodnota;max;minmax;ano;lok;1;nejvýš 1 posledních dvou let s menším počtem jedinců než je referenční hodnota;2;0
2022;CZ0414127;Hradiště;Pulsatilla patens;Cévnaté rostliny;Humnický vrch;Humnický vrch;5644d;RP SCHKO Slavkovský les;Krajský úřad Ústeckého kraje, Újezdní úřad Hradiště, Krajský úřad Karlovarského kraje, AOPK ČR - RP SCHKO Slavkovský les;2009-05-02;2022-04-29;11777135, 12988736;2022-04-29;1;POP_VITAL;% počtu trsů;min;minmax;ano;lok;30;alespoň 30 % počtu trsů;neznámý;NA
2022;CZ0414127;Hradiště;Pulsatilla patens;Cévnaté rostliny;Humnický vrch;Humnický vrch;5644d;RP SCHKO Slavkovský les;Krajský úřad Ústeckého kraje, Újezdní úřad Hradiště, Krajský úřad Karlovarského kraje, AOPK ČR - RP SCHKO Slavkovský les;2009-05-02;2022-04-29;11777135, 12988736;2022-04-29;1;STA_POKRDREV;NA;val;val;ne;lok;0;0, do 5 %, 5-25 %;neznámý;NA
2022;CZ0414127;Hradiště;Pulsatilla patens;Cévnaté rostliny;Humnický vrch;Humnický vrch;5644d;RP SCHKO Slavkovský les;Krajský úřad Ústeckého kraje, Újezdní úřad Hradiště, Krajský úřad Karlovarského kraje, AOPK ČR - RP SCHKO Slavkovský les;2009-05-02;2022-04-29;11777135, 12988736;2022-04-29;1;STA_POKRSTAR;NA;val;val;ne;lok;0;0, do 5 %, 5-25 %;neznámý;NA
2022;CZ0414127;Hradiště;Pulsatilla patens;Cévnaté rostliny;Humnický vrch;Humnický vrch;5644d;RP SCHKO Slavkovský les;Krajský úřad Ústeckého kraje, Újezdní úřad Hradiště, Krajský úřad Karlovarského kraje, AOPK ČR - RP SCHKO Slavkovský les;2009-05-02;2022-04-29;11777135, 12988736;2022-04-29;1;STA_POKRYVNOSTEXPANZNI;NA;val;val;ne;lok;0;0, do 5 %, 5-25 %;neznámý;NA
2022;CZ0414127;Hradiště;Pulsatilla patens;Cévnaté rostliny;Humnický vrch;Humnický vrch;5644d;RP SCHKO Slavkovský les;Krajský úřad Ústeckého kraje, Újezdní úřad Hradiště, Krajský úřad Karlovarského kraje, AOPK ČR - RP SCHKO Slavkovský les;2009-05-02;2022-04-29;11777135, 12988736;2022-04-29;1;STA_POKRYVNOSTINVAZNI;NA;val;val;ne;lok;0;0, do 5 %;neznámý;NA
2022;CZ0414127;Hradiště;Pulsatilla patens;Cévnaté rostliny;Jindřichov 1;Jindřichov 1;5645c;RP SCHKO Slavkovský les;Krajský úřad Ústeckého kraje, Újezdní úřad Hradiště, Krajský úřad Karlovarského kraje, AOPK ČR - RP SCHKO Slavkovský les;2009-04-25;2022-04-23;12988784;2022-04-23;1;CELKOVE_HODNOCENI;NA;NA;NA;NA;lok;NA;NA;špatný;0
2022;CZ0414127;Hradiště;Pulsatilla patens;Cévnaté rostliny;Jindřichov 1;Jindřichov 1;5645c;RP SCHKO Slavkovský les;Krajský úřad Ústeckého kraje, Újezdní úřad Hradiště, Krajský úřad Karlovarského kraje, AOPK ČR - RP SCHKO Slavkovský les;2009-04-25;2022-04-23;12988784;2022-04-23;1;CELKOVE_SUM;NA;NA;NA;NA;NA;;;2;NA
2022;CZ0414127;Hradiště;Pulsatilla patens;Cévnaté rostliny;Jindřichov 1;Jindřichov 1;5645c;RP SCHKO Slavkovský les;Krajský úřad Ústeckého kraje, Újezdní úřad Hradiště, Krajský úřad Karlovarského kraje, AOPK ČR - RP SCHKO Slavkovský les;2009-04-25;2022-04-23;12988784;2022-04-23;1;POP_POCET;trsů;min;minmax;ano;lok;70;alespoň 70 trsů;0;0
2022;CZ0414127;Hradiště;Pulsatilla patens;Cévnaté rostliny;Jindřichov 1;Jindřichov 1;5645c;RP SCHKO Slavkovský les;Krajský úřad Ústeckého kraje, Újezdní úřad Hradiště, Krajský úřad Karlovarského kraje, AOPK ČR - RP SCHKO Slavkovský les;2009-04-25;2022-04-23;12988784;2022-04-23;1;POP_POSKPERC;počet trsů;max;minmax;ne;lok;1;nejvýš 1 počet trsů;0;1
2022;CZ0414127;Hradiště;Pulsatilla patens;Cévnaté rostliny;Jindřichov 1;Jindřichov 1;5645c;RP SCHKO Slavkovský les;Krajský úřad Ústeckého kraje, Újezdní úřad Hradiště, Krajský úřad Karlovarského kraje, AOPK ČR - RP SCHKO Slavkovský les;2009-04-25;2022-04-23;12988784;2022-04-23;1;POP_POSKPOC;počet typů poškození rostlin;max;minmax;ne;lok;2;nejvýš 2 počet typů poškození rostlin;0;1
2022;CZ0414127;Hradiště;Pulsatilla patens;Cévnaté rostliny;Jindřichov 1;Jindřichov 1;5645c;RP SCHKO Slavkovský les;Krajský úřad Ústeckého kraje, Újezdní úřad Hradiště, Krajský úřad Karlovarského kraje, AOPK ČR - RP SCHKO Slavkovský les;2009-04-25;2022-04-23;12988784;2022-04-23;1;POP_TREND;posledních dvou let s menším počtem jedinců než je referenční hodnota;max;minmax;ano;lok;1;nejvýš 1 posledních dvou let s menším počtem jedinců než je referenční hodnota;2;0
2022;CZ0414127;Hradiště;Pulsatilla patens;Cévnaté rostliny;Jindřichov 1;Jindřichov 1;5645c;RP SCHKO Slavkovský les;Krajský úřad Ústeckého kraje, Újezdní úřad Hradiště, Krajský úřad Karlovarského kraje, AOPK ČR - RP SCHKO Slavkovský les;2009-04-25;2022-04-23;12988784;2022-04-23;1;POP_VITAL;% počtu trsů;min;minmax;ano;lok;30;alespoň 30 % počtu trsů;neznámý;NA
2022;CZ0414127;Hradiště;Pulsatilla patens;Cévnaté rostliny;Jindřichov 1;Jindřichov 1;5645c;RP SCHKO Slavkovský les;Krajský úřad Ústeckého kraje, Újezdní úřad Hradiště, Krajský úřad Karlovarského kraje, AOPK ČR - RP SCHKO Slavkovský les;2009-04-25;2022-04-23;12988784;2022-04-23;1;STA_POKRDREV;NA;val;val;ne;lok;0;0, do 5 %, 5-25 %;neznámý;NA
2022;CZ0414127;Hradiště;Pulsatilla patens;Cévnaté rostliny;Jindřichov 1;Jindřichov 1;5645c;RP SCHKO Slavkovský les;Krajský úřad Ústeckého kraje, Újezdní úřad Hradiště, Krajský úřad Karlovarského kraje, AOPK ČR - RP SCHKO Slavkovský les;2009-04-25;2022-04-23;12988784;2022-04-23;1;STA_POKRSTAR;NA;val;val;ne;lok;0;0, do 5 %, 5-25 %;neznámý;NA
2022;CZ0414127;Hradiště;Pulsatilla patens;Cévnaté rostliny;Jindřichov 1;Jindřichov 1;5645c;RP SCHKO Slavkovský les;Krajský úřad Ústeckého kraje, Újezdní úřad Hradiště, Krajský úřad Karlovarského kraje, AOPK ČR - RP SCHKO Slavkovský les;2009-04-25;2022-04-23;12988784;2022-04-23;1;STA_POKRYVNOSTEXPANZNI;NA;val;val;ne;lok;0;0, do 5 %, 5-25 %;neznámý;NA
2022;CZ0414127;Hradiště;Pulsatilla patens;Cévnaté rostliny;Jindřichov 1;Jindřichov 1;5645c;RP SCHKO Slavkovský les;Krajský úřad Ústeckého kraje, Újezdní úřad Hradiště, Krajský úřad Karlovarského kraje, AOPK ČR - RP SCHKO Slavkovský les;2009-04-25;2022-04-23;12988784;2022-04-23;1;STA_POKRYVNOSTINVAZNI;NA;val;val;ne;lok;0;0, do 5 %;neznámý;NA
2022;CZ0414127;Hradiště;Pulsatilla patens;Cévnaté rostliny;Jindřichov 2;Jindřichov 2;5645c;RP SCHKO Slavkovský les;Krajský úřad Ústeckého kraje, Újezdní úřad Hradiště, Krajský úřad Karlovarského kraje, AOPK ČR - RP SCHKO Slavkovský les;2009-04-25;2022-04-23;12988755;2022-04-23;1;CELKOVE_HODNOCENI;NA;NA;NA;NA;lok;NA;NA;špatný;0
2022;CZ0414127;Hradiště;Pulsatilla patens;Cévnaté rostliny;Jindřichov 2;Jindřichov 2;5645c;RP SCHKO Slavkovský les;Krajský úřad Ústeckého kraje, Újezdní úřad Hradiště, Krajský úřad Karlovarského kraje, AOPK ČR - RP SCHKO Slavkovský les;2009-04-25;2022-04-23;12988755;2022-04-23;1;CELKOVE_SUM;NA;NA;NA;NA;NA;;;2;NA
2022;CZ0414127;Hradiště;Pulsatilla patens;Cévnaté rostliny;Jindřichov 2;Jindřichov 2;5645c;RP SCHKO Slavkovský les;Krajský úřad Ústeckého kraje, Újezdní úřad Hradiště, Krajský úřad Karlovarského kraje, AOPK ČR - RP SCHKO Slavkovský les;2009-04-25;2022-04-23;12988755;2022-04-23;1;POP_POCET;trsů;min;minmax;ano;lok;70;alespoň 70 trsů;0;0
2022;CZ0414127;Hradiště;Pulsatilla patens;Cévnaté rostliny;Jindřichov 2;Jindřichov 2;5645c;RP SCHKO Slavkovský les;Krajský úřad Ústeckého kraje, Újezdní úřad Hradiště, Krajský úřad Karlovarského kraje, AOPK ČR - RP SCHKO Slavkovský les;2009-04-25;2022-04-23;12988755;2022-04-23;1;POP_POSKPERC;počet trsů;max;minmax;ne;lok;1;nejvýš 1 počet trsů;0;1
2022;CZ0414127;Hradiště;Pulsatilla patens;Cévnaté rostliny;Jindřichov 2;Jindřichov 2;5645c;RP SCHKO Slavkovský les;Krajský úřad Ústeckého kraje, Újezdní úřad Hradiště, Krajský úřad Karlovarského kraje, AOPK ČR - RP SCHKO Slavkovský les;2009-04-25;2022-04-23;12988755;2022-04-23;1;POP_POSKPOC;počet typů poškození rostlin;max;minmax;ne;lok;2;nejvýš 2 počet typů poškození rostlin;0;1
2022;CZ0414127;Hradiště;Pulsatilla patens;Cévnaté rostliny;Jindřichov 2;Jindřichov 2;5645c;RP SCHKO Slavkovský les;Krajský úřad Ústeckého kraje, Újezdní úřad Hradiště, Krajský úřad Karlovarského kraje, AOPK ČR - RP SCHKO Slavkovský les;2009-04-25;2022-04-23;12988755;2022-04-23;1;POP_TREND;posledních dvou let s menším počtem jedinců než je referenční hodnota;max;minmax;ano;lok;1;nejvýš 1 posledních dvou let s menším počtem jedinců než je referenční hodnota;2;0
2022;CZ0414127;Hradiště;Pulsatilla patens;Cévnaté rostliny;Jindřichov 2;Jindřichov 2;5645c;RP SCHKO Slavkovský les;Krajský úřad Ústeckého kraje, Újezdní úřad Hradiště, Krajský úřad Karlovarského kraje, AOPK ČR - RP SCHKO Slavkovský les;2009-04-25;2022-04-23;12988755;2022-04-23;1;POP_VITAL;% počtu trsů;min;minmax;ano;lok;30;alespoň 30 % počtu trsů;neznámý;NA
2022;CZ0414127;Hradiště;Pulsatilla patens;Cévnaté rostliny;Jindřichov 2;Jindřichov 2;5645c;RP SCHKO Slavkovský les;Krajský úřad Ústeckého kraje, Újezdní úřad Hradiště, Krajský úřad Karlovarského kraje, AOPK ČR - RP SCHKO Slavkovský les;2009-04-25;2022-04-23;12988755;2022-04-23;1;STA_POKRDREV;NA;val;val;ne;lok;0;0, do 5 %, 5-25 %;neznámý;NA
2022;CZ0414127;Hradiště;Pulsatilla patens;Cévnaté rostliny;Jindřichov 2;Jindřichov 2;5645c;RP SCHKO Slavkovský les;Krajský úřad Ústeckého kraje, Újezdní úřad Hradiště, Krajský úřad Karlovarského kraje, AOPK ČR - RP SCHKO Slavkovský les;2009-04-25;2022-04-23;12988755;2022-04-23;1;STA_POKRSTAR;NA;val;val;ne;lok;0;0, do 5 %, 5-25 %;neznámý;NA
2022;CZ0414127;Hradiště;Pulsatilla patens;Cévnaté rostliny;Jindřichov 2;Jindřichov 2;5645c;RP SCHKO Slavkovský les;Krajský úřad Ústeckého kraje, Újezdní úřad Hradiště, Krajský úřad Karlovarského kraje, AOPK ČR - RP SCHKO Slavkovský les;2009-04-25;2022-04-23;12988755;2022-04-23;1;STA_POKRYVNOSTEXPANZNI;NA;val;val;ne;lok;0;0, do 5 %, 5-25 %;neznámý;NA
2022;CZ0414127;Hradiště;Pulsatilla patens;Cévnaté rostliny;Jindřichov 2;Jindřichov 2;5645c;RP SCHKO Slavkovský les;Krajský úřad Ústeckého kraje, Újezdní úřad Hradiště, Krajský úřad Karlovarského kraje, AOPK ČR - RP SCHKO Slavkovský les;2009-04-25;2022-04-23;12988755;2022-04-23;1;STA_POKRYVNOSTINVAZNI;NA;val;val;ne;lok;0;0, do 5 %;neznámý;NA
2022;CZ0414127;Hradiště;Pulsatilla patens;Cévnaté rostliny;Jindřichov 3;Jindřichov 3;5645c;RP SCHKO Slavkovský les;Krajský úřad Ústeckého kraje, Újezdní úřad Hradiště, Krajský úřad Karlovarského kraje, AOPK ČR - RP SCHKO Slavkovský les;2009-04-25;2022-04-23;12988751;2022-04-23;1;CELKOVE_HODNOCENI;NA;NA;NA;NA;lok;NA;NA;špatný;0
2022;CZ0414127;Hradiště;Pulsatilla patens;Cévnaté rostliny;Jindřichov 3;Jindřichov 3;5645c;RP SCHKO Slavkovský les;Krajský úřad Ústeckého kraje, Újezdní úřad Hradiště, Krajský úřad Karlovarského kraje, AOPK ČR - RP SCHKO Slavkovský les;2009-04-25;2022-04-23;12988751;2022-04-23;1;CELKOVE_SUM;NA;NA;NA;NA;NA;;;2;NA
2022;CZ0414127;Hradiště;Pulsatilla patens;Cévnaté rostliny;Jindřichov 3;Jindřichov 3;5645c;RP SCHKO Slavkovský les;Krajský úřad Ústeckého kraje, Újezdní úřad Hradiště, Krajský úřad Karlovarského kraje, AOPK ČR - RP SCHKO Slavkovský les;2009-04-25;2022-04-23;12988751;2022-04-23;1;POP_POCET;trsů;min;minmax;ano;lok;70;alespoň 70 trsů;0;0
2022;CZ0414127;Hradiště;Pulsatilla patens;Cévnaté rostliny;Jindřichov 3;Jindřichov 3;5645c;RP SCHKO Slavkovský les;Krajský úřad Ústeckého kraje, Újezdní úřad Hradiště, Krajský úřad Karlovarského kraje, AOPK ČR - RP SCHKO Slavkovský les;2009-04-25;2022-04-23;12988751;2022-04-23;1;POP_POSKPERC;počet trsů;max;minmax;ne;lok;1;nejvýš 1 počet trsů;0;1
2022;CZ0414127;Hradiště;Pulsatilla patens;Cévnaté rostliny;Jindřichov 3;Jindřichov 3;5645c;RP SCHKO Slavkovský les;Krajský úřad Ústeckého kraje, Újezdní úřad Hradiště, Krajský úřad Karlovarského kraje, AOPK ČR - RP SCHKO Slavkovský les;2009-04-25;2022-04-23;12988751;2022-04-23;1;POP_POSKPOC;počet typů poškození rostlin;max;minmax;ne;lok;2;nejvýš 2 počet typů poškození rostlin;0;1
2022;CZ0414127;Hradiště;Pulsatilla patens;Cévnaté rostliny;Jindřichov 3;Jindřichov 3;5645c;RP SCHKO Slavkovský les;Krajský úřad Ústeckého kraje, Újezdní úřad Hradiště, Krajský úřad Karlovarského kraje, AOPK ČR - RP SCHKO Slavkovský les;2009-04-25;2022-04-23;12988751;2022-04-23;1;POP_TREND;posledních dvou let s menším počtem jedinců než je referenční hodnota;max;minmax;ano;lok;1;nejvýš 1 posledních dvou let s menším počtem jedinců než je referenční hodnota;2;0
2022;CZ0414127;Hradiště;Pulsatilla patens;Cévnaté rostliny;Jindřichov 3;Jindřichov 3;5645c;RP SCHKO Slavkovský les;Krajský úřad Ústeckého kraje, Újezdní úřad Hradiště, Krajský úřad Karlovarského kraje, AOPK ČR - RP SCHKO Slavkovský les;2009-04-25;2022-04-23;12988751;2022-04-23;1;POP_VITAL;% počtu trsů;min;minmax;ano;lok;30;alespoň 30 % počtu trsů;neznámý;NA
2022;CZ0414127;Hradiště;Pulsatilla patens;Cévnaté rostliny;Jindřichov 3;Jindřichov 3;5645c;RP SCHKO Slavkovský les;Krajský úřad Ústeckého kraje, Újezdní úřad Hradiště, Krajský úřad Karlovarského kraje, AOPK ČR - RP SCHKO Slavkovský les;2009-04-25;2022-04-23;12988751;2022-04-23;1;STA_POKRDREV;NA;val;val;ne;lok;0;0, do 5 %, 5-25 %;neznámý;NA
2022;CZ0414127;Hradiště;Pulsatilla patens;Cévnaté rostliny;Jindřichov 3;Jindřichov 3;5645c;RP SCHKO Slavkovský les;Krajský úřad Ústeckého kraje, Újezdní úřad Hradiště, Krajský úřad Karlovarského kraje, AOPK ČR - RP SCHKO Slavkovský les;2009-04-25;2022-04-23;12988751;2022-04-23;1;STA_POKRSTAR;NA;val;val;ne;lok;0;0, do 5 %, 5-25 %;neznámý;NA
2022;CZ0414127;Hradiště;Pulsatilla patens;Cévnaté rostliny;Jindřichov 3;Jindřichov 3;5645c;RP SCHKO Slavkovský les;Krajský úřad Ústeckého kraje, Újezdní úřad Hradiště, Krajský úřad Karlovarského kraje, AOPK ČR - RP SCHKO Slavkovský les;2009-04-25;2022-04-23;12988751;2022-04-23;1;STA_POKRYVNOSTEXPANZNI;NA;val;val;ne;lok;0;0, do 5 %, 5-25 %;neznámý;NA
2022;CZ0414127;Hradiště;Pulsatilla patens;Cévnaté rostliny;Jindřichov 3;Jindřichov 3;5645c;RP SCHKO Slavkovský les;Krajský úřad Ústeckého kraje, Újezdní úřad Hradiště, Krajský úřad Karlovarského kraje, AOPK ČR - RP SCHKO Slavkovský les;2009-04-25;2022-04-23;12988751;2022-04-23;1;STA_POKRYVNOSTINVAZNI;NA;val;val;ne;lok;0;0, do 5 %;neznámý;NA
2017;CZ0414127;Hradiště;Pulsatilla patens;Cévnaté rostliny;Jindřichov 4;Jindřichov 4;5645c;RP SCHKO Slavkovský les;Krajský úřad Ústeckého kraje, Újezdní úřad Hradiště, Krajský úřad Karlovarského kraje, AOPK ČR - RP SCHKO Slavkovský les;2009-04-25;2017-04-15;11275268;2017-04-15;1;CELKOVE_HODNOCENI;NA;NA;NA;NA;lok;NA;NA;špatný;0
2017;CZ0414127;Hradiště;Pulsatilla patens;Cévnaté rostliny;Jindřichov 4;Jindřichov 4;5645c;RP SCHKO Slavkovský les;Krajský úřad Ústeckého kraje, Újezdní úřad Hradiště, Krajský úřad Karlovarského kraje, AOPK ČR - RP SCHKO Slavkovský les;2009-04-25;2017-04-15;11275268;2017-04-15;1;CELKOVE_SUM;NA;NA;NA;NA;NA;;;2;NA
2017;CZ0414127;Hradiště;Pulsatilla patens;Cévnaté rostliny;Jindřichov 4;Jindřichov 4;5645c;RP SCHKO Slavkovský les;Krajský úřad Ústeckého kraje, Újezdní úřad Hradiště, Krajský úřad Karlovarského kraje, AOPK ČR - RP SCHKO Slavkovský les;2009-04-25;2017-04-15;11275268;2017-04-15;1;POP_POCET;trsů;min;minmax;ano;lok;70;alespoň 70 trsů;0;0
2017;CZ0414127;Hradiště;Pulsatilla patens;Cévnaté rostliny;Jindřichov 4;Jindřichov 4;5645c;RP SCHKO Slavkovský les;Krajský úřad Ústeckého kraje, Újezdní úřad Hradiště, Krajský úřad Karlovarského kraje, AOPK ČR - RP SCHKO Slavkovský les;2009-04-25;2017-04-15;11275268;2017-04-15;1;POP_POSKPERC;počet trsů;max;minmax;ne;lok;1;nejvýš 1 počet trsů;0;1
2017;CZ0414127;Hradiště;Pulsatilla patens;Cévnaté rostliny;Jindřichov 4;Jindřichov 4;5645c;RP SCHKO Slavkovský les;Krajský úřad Ústeckého kraje, Újezdní úřad Hradiště, Krajský úřad Karlovarského kraje, AOPK ČR - RP SCHKO Slavkovský les;2009-04-25;2017-04-15;11275268;2017-04-15;1;POP_POSKPOC;počet typů poškození rostlin;max;minmax;ne;lok;2;nejvýš 2 počet typů poškození rostlin;0;1
2017;CZ0414127;Hradiště;Pulsatilla patens;Cévnaté rostliny;Jindřichov 4;Jindřichov 4;5645c;RP SCHKO Slavkovský les;Krajský úřad Ústeckého kraje, Újezdní úřad Hradiště, Krajský úřad Karlovarského kraje, AOPK ČR - RP SCHKO Slavkovský les;2009-04-25;2017-04-15;11275268;2017-04-15;1;POP_TREND;posledních dvou let s menším počtem jedinců než je referenční hodnota;max;minmax;ano;lok;1;nejvýš 1 posledních dvou let s menším počtem jedinců než je referenční hodnota;2;0
2017;CZ0414127;Hradiště;Pulsatilla patens;Cévnaté rostliny;Jindřichov 4;Jindřichov 4;5645c;RP SCHKO Slavkovský les;Krajský úřad Ústeckého kraje, Újezdní úřad Hradiště, Krajský úřad Karlovarského kraje, AOPK ČR - RP SCHKO Slavkovský les;2009-04-25;2017-04-15;11275268;2017-04-15;1;POP_VITAL;% počtu trsů;min;minmax;ano;lok;30;alespoň 30 % počtu trsů;NaN;NA
2017;CZ0414127;Hradiště;Pulsatilla patens;Cévnaté rostliny;Jindřichov 4;Jindřichov 4;5645c;RP SCHKO Slavkovský les;Krajský úřad Ústeckého kraje, Újezdní úřad Hradiště, Krajský úřad Karlovarského kraje, AOPK ČR - RP SCHKO Slavkovský les;2009-04-25;2017-04-15;11275268;2017-04-15;1;STA_POKRDREV;NA;val;val;ne;lok;0;0, do 5 %, 5-25 %;neznámý;NA
2017;CZ0414127;Hradiště;Pulsatilla patens;Cévnaté rostliny;Jindřichov 4;Jindřichov 4;5645c;RP SCHKO Slavkovský les;Krajský úřad Ústeckého kraje, Újezdní úřad Hradiště, Krajský úřad Karlovarského kraje, AOPK ČR - RP SCHKO Slavkovský les;2009-04-25;2017-04-15;11275268;2017-04-15;1;STA_POKRSTAR;NA;val;val;ne;lok;0;0, do 5 %, 5-25 %;neznámý;NA
2017;CZ0414127;Hradiště;Pulsatilla patens;Cévnaté rostliny;Jindřichov 4;Jindřichov 4;5645c;RP SCHKO Slavkovský les;Krajský úřad Ústeckého kraje, Újezdní úřad Hradiště, Krajský úřad Karlovarského kraje, AOPK ČR - RP SCHKO Slavkovský les;2009-04-25;2017-04-15;11275268;2017-04-15;1;STA_POKRYVNOSTEXPANZNI;NA;val;val;ne;lok;0;0, do 5 %, 5-25 %;neznámý;NA
2017;CZ0414127;Hradiště;Pulsatilla patens;Cévnaté rostliny;Jindřichov 4;Jindřichov 4;5645c;RP SCHKO Slavkovský les;Krajský úřad Ústeckého kraje, Újezdní úřad Hradiště, Krajský úřad Karlovarského kraje, AOPK ČR - RP SCHKO Slavkovský les;2009-04-25;2017-04-15;11275268;2017-04-15;1;STA_POKRYVNOSTINVAZNI;NA;val;val;ne;lok;0;0, do 5 %;neznámý;NA
2015;CZ0414127;Hradiště;Pulsatilla patens;Cévnaté rostliny;Lesná;Lesná;5644d;RP SCHKO Slavkovský les;Krajský úřad Ústeckého kraje, Újezdní úřad Hradiště, Krajský úřad Karlovarského kraje, AOPK ČR - RP SCHKO Slavkovský les;2014-04-27;2015-04-29;9813687;2015-04-29;1;CELKOVE_HODNOCENI;NA;NA;NA;NA;lok;NA;NA;špatný;0
2015;CZ0414127;Hradiště;Pulsatilla patens;Cévnaté rostliny;Lesná;Lesná;5644d;RP SCHKO Slavkovský les;Krajský úřad Ústeckého kraje, Újezdní úřad Hradiště, Krajský úřad Karlovarského kraje, AOPK ČR - RP SCHKO Slavkovský les;2014-04-27;2015-04-29;9813687;2015-04-29;1;CELKOVE_SUM;NA;NA;NA;NA;NA;;;3;NA
2015;CZ0414127;Hradiště;Pulsatilla patens;Cévnaté rostliny;Lesná;Lesná;5644d;RP SCHKO Slavkovský les;Krajský úřad Ústeckého kraje, Újezdní úřad Hradiště, Krajský úřad Karlovarského kraje, AOPK ČR - RP SCHKO Slavkovský les;2014-04-27;2015-04-29;9813687;2015-04-29;1;POP_POCET;trsů;min;minmax;ano;lok;70;alespoň 70 trsů;0;0
2015;CZ0414127;Hradiště;Pulsatilla patens;Cévnaté rostliny;Lesná;Lesná;5644d;RP SCHKO Slavkovský les;Krajský úřad Ústeckého kraje, Újezdní úřad Hradiště, Krajský úřad Karlovarského kraje, AOPK ČR - RP SCHKO Slavkovský les;2014-04-27;2015-04-29;9813687;2015-04-29;1;POP_POSKPERC;počet trsů;max;minmax;ne;lok;1;nejvýš 1 počet trsů;0;1
2015;CZ0414127;Hradiště;Pulsatilla patens;Cévnaté rostliny;Lesná;Lesná;5644d;RP SCHKO Slavkovský les;Krajský úřad Ústeckého kraje, Újezdní úřad Hradiště, Krajský úřad Karlovarského kraje, AOPK ČR - RP SCHKO Slavkovský les;2014-04-27;2015-04-29;9813687;2015-04-29;1;POP_POSKPOC;počet typů poškození rostlin;max;minmax;ne;lok;2;nejvýš 2 počet typů poškození rostlin;0;1
2015;CZ0414127;Hradiště;Pulsatilla patens;Cévnaté rostliny;Lesná;Lesná;5644d;RP SCHKO Slavkovský les;Krajský úřad Ústeckého kraje, Újezdní úřad Hradiště, Krajský úřad Karlovarského kraje, AOPK ČR - RP SCHKO Slavkovský les;2014-04-27;2015-04-29;9813687;2015-04-29;1;POP_TREND;posledních dvou let s menším počtem jedinců než je referenční hodnota;max;minmax;ano;lok;1;nejvýš 1 posledních dvou let s menším počtem jedinců než je referenční hodnota;0;1
2015;CZ0414127;Hradiště;Pulsatilla patens;Cévnaté rostliny;Lesná;Lesná;5644d;RP SCHKO Slavkovský les;Krajský úřad Ústeckého kraje, Újezdní úřad Hradiště, Krajský úřad Karlovarského kraje, AOPK ČR - RP SCHKO Slavkovský les;2014-04-27;2015-04-29;9813687;2015-04-29;1;POP_VITAL;% počtu trsů;min;minmax;ano;lok;30;alespoň 30 % počtu trsů;NaN;NA
2015;CZ0414127;Hradiště;Pulsatilla patens;Cévnaté rostliny;Lesná;Lesná;5644d;RP SCHKO Slavkovský les;Krajský úřad Ústeckého kraje, Újezdní úřad Hradiště, Krajský úřad Karlovarského kraje, AOPK ČR - RP SCHKO Slavkovský les;2014-04-27;2015-04-29;9813687;2015-04-29;1;STA_POKRDREV;NA;val;val;ne;lok;0;0, do 5 %, 5-25 %;neznámý;NA
2015;CZ0414127;Hradiště;Pulsatilla patens;Cévnaté rostliny;Lesná;Lesná;5644d;RP SCHKO Slavkovský les;Krajský úřad Ústeckého kraje, Újezdní úřad Hradiště, Krajský úřad Karlovarského kraje, AOPK ČR - RP SCHKO Slavkovský les;2014-04-27;2015-04-29;9813687;2015-04-29;1;STA_POKRSTAR;NA;val;val;ne;lok;0;0, do 5 %, 5-25 %;neznámý;NA
2015;CZ0414127;Hradiště;Pulsatilla patens;Cévnaté rostliny;Lesná;Lesná;5644d;RP SCHKO Slavkovský les;Krajský úřad Ústeckého kraje, Újezdní úřad Hradiště, Krajský úřad Karlovarského kraje, AOPK ČR - RP SCHKO Slavkovský les;2014-04-27;2015-04-29;9813687;2015-04-29;1;STA_POKRYVNOSTEXPANZNI;NA;val;val;ne;lok;0;0, do 5 %, 5-25 %;neznámý;NA
2015;CZ0414127;Hradiště;Pulsatilla patens;Cévnaté rostliny;Lesná;Lesná;5644d;RP SCHKO Slavkovský les;Krajský úřad Ústeckého kraje, Újezdní úřad Hradiště, Krajský úřad Karlovarského kraje, AOPK ČR - RP SCHKO Slavkovský les;2014-04-27;2015-04-29;9813687;2015-04-29;1;STA_POKRYVNOSTINVAZNI;NA;val;val;ne;lok;0;0, do 5 %;neznámý;NA
2023;CZ0414127;Hradiště;Pulsatilla patens;Cévnaté rostliny;Ppat010;Dubový vrch 4;5645c;RP SCHKO Slavkovský les;Krajský úřad Ústeckého kraje, Újezdní úřad Hradiště, Krajský úřad Karlovarského kraje, AOPK ČR - RP SCHKO Slavkovský les;2023-04-26;2023-04-26;12968132;2023-04-26;1;CELKOVE_HODNOCENI;NA;NA;NA;NA;lok;NA;NA;špatný;0
2023;CZ0414127;Hradiště;Pulsatilla patens;Cévnaté rostliny;Ppat010;Dubový vrch 4;5645c;RP SCHKO Slavkovský les;Krajský úřad Ústeckého kraje, Újezdní úřad Hradiště, Krajský úřad Karlovarského kraje, AOPK ČR - RP SCHKO Slavkovský les;2023-04-26;2023-04-26;12968132;2023-04-26;1;CELKOVE_SUM;NA;NA;NA;NA;NA;;;4;NA
2023;CZ0414127;Hradiště;Pulsatilla patens;Cévnaté rostliny;Ppat010;Dubový vrch 4;5645c;RP SCHKO Slavkovský les;Krajský úřad Ústeckého kraje, Újezdní úřad Hradiště, Krajský úřad Karlovarského kraje, AOPK ČR - RP SCHKO Slavkovský les;2023-04-26;2023-04-26;12968132;2023-04-26;1;POP_POCET;trsů;min;minmax;ano;lok;70;alespoň 70 trsů;10;0
2023;CZ0414127;Hradiště;Pulsatilla patens;Cévnaté rostliny;Ppat010;Dubový vrch 4;5645c;RP SCHKO Slavkovský les;Krajský úřad Ústeckého kraje, Újezdní úřad Hradiště, Krajský úřad Karlovarského kraje, AOPK ČR - RP SCHKO Slavkovský les;2023-04-26;2023-04-26;12968132;2023-04-26;1;POP_POSKPERC;počet trsů;max;minmax;ne;lok;1;nejvýš 1 počet trsů;7;0
2023;CZ0414127;Hradiště;Pulsatilla patens;Cévnaté rostliny;Ppat010;Dubový vrch 4;5645c;RP SCHKO Slavkovský les;Krajský úřad Ústeckého kraje, Újezdní úřad Hradiště, Krajský úřad Karlovarského kraje, AOPK ČR - RP SCHKO Slavkovský les;2023-04-26;2023-04-26;12968132;2023-04-26;1;POP_POSKPOC;počet typů poškození rostlin;max;minmax;ne;lok;2;nejvýš 2 počet typů poškození rostlin;3;0
2023;CZ0414127;Hradiště;Pulsatilla patens;Cévnaté rostliny;Ppat010;Dubový vrch 4;5645c;RP SCHKO Slavkovský les;Krajský úřad Ústeckého kraje, Újezdní úřad Hradiště, Krajský úřad Karlovarského kraje, AOPK ČR - RP SCHKO Slavkovský les;2023-04-26;2023-04-26;12968132;2023-04-26;1;POP_TREND;posledních dvou let s menším počtem jedinců než je referenční hodnota;max;minmax;ano;lok;1;nejvýš 1 posledních dvou let s menším počtem jedinců než je referenční hodnota;2;0
2023;CZ0414127;Hradiště;Pulsatilla patens;Cévnaté rostliny;Ppat010;Dubový vrch 4;5645c;RP SCHKO Slavkovský les;Krajský úřad Ústeckého kraje, Újezdní úřad Hradiště, Krajský úřad Karlovarského kraje, AOPK ČR - RP SCHKO Slavkovský les;2023-04-26;2023-04-26;12968132;2023-04-26;1;POP_VITAL;% počtu trsů;min;minmax;ano;lok;30;alespoň 30 % počtu trsů;80;1
2023;CZ0414127;Hradiště;Pulsatilla patens;Cévnaté rostliny;Ppat010;Dubový vrch 4;5645c;RP SCHKO Slavkovský les;Krajský úřad Ústeckého kraje, Újezdní úřad Hradiště, Krajský úřad Karlovarského kraje, AOPK ČR - RP SCHKO Slavkovský les;2023-04-26;2023-04-26;12968132;2023-04-26;1;STA_POKRDREV;NA;val;val;ne;lok;0;0, do 5 %, 5-25 %;5-25 %;1
2023;CZ0414127;Hradiště;Pulsatilla patens;Cévnaté rostliny;Ppat010;Dubový vrch 4;5645c;RP SCHKO Slavkovský les;Krajský úřad Ústeckého kraje, Újezdní úřad Hradiště, Krajský úřad Karlovarského kraje, AOPK ČR - RP SCHKO Slavkovský les;2023-04-26;2023-04-26;12968132;2023-04-26;1;STA_POKRSTAR;NA;val;val;ne;lok;0;0, do 5 %, 5-25 %;0;1
2023;CZ0414127;Hradiště;Pulsatilla patens;Cévnaté rostliny;Ppat010;Dubový vrch 4;5645c;RP SCHKO Slavkovský les;Krajský úřad Ústeckého kraje, Újezdní úřad Hradiště, Krajský úřad Karlovarského kraje, AOPK ČR - RP SCHKO Slavkovský les;2023-04-26;2023-04-26;12968132;2023-04-26;1;STA_POKRYVNOSTEXPANZNI;NA;val;val;ne;lok;0;0, do 5 %, 5-25 %;0;1
2023;CZ0414127;Hradiště;Pulsatilla patens;Cévnaté rostliny;Ppat010;Dubový vrch 4;5645c;RP SCHKO Slavkovský les;Krajský úřad Ústeckého kraje, Újezdní úřad Hradiště, Krajský úřad Karlovarského kraje, AOPK ČR - RP SCHKO Slavkovský les;2023-04-26;2023-04-26;12968132;2023-04-26;1;STA_POKRYVNOSTINVAZNI;NA;val;val;ne;lok;0;0, do 5 %;0;1
2023;CZ0414127;Hradiště;Pulsatilla patens;Cévnaté rostliny;Ppat011;Jindřichov 1;5645c;RP SCHKO Slavkovský les;Krajský úřad Ústeckého kraje, Újezdní úřad Hradiště, Krajský úřad Karlovarského kraje, AOPK ČR - RP SCHKO Slavkovský les;2023-04-26;2023-04-26;12968134;2023-04-26;1;CELKOVE_HODNOCENI;NA;NA;NA;NA;lok;NA;NA;špatný;0
2023;CZ0414127;Hradiště;Pulsatilla patens;Cévnaté rostliny;Ppat011;Jindřichov 1;5645c;RP SCHKO Slavkovský les;Krajský úřad Ústeckého kraje, Újezdní úřad Hradiště, Krajský úřad Karlovarského kraje, AOPK ČR - RP SCHKO Slavkovský les;2023-04-26;2023-04-26;12968134;2023-04-26;1;CELKOVE_SUM;NA;NA;NA;NA;NA;;;6;NA
2023;CZ0414127;Hradiště;Pulsatilla patens;Cévnaté rostliny;Ppat011;Jindřichov 1;5645c;RP SCHKO Slavkovský les;Krajský úřad Ústeckého kraje, Újezdní úřad Hradiště, Krajský úřad Karlovarského kraje, AOPK ČR - RP SCHKO Slavkovský les;2023-04-26;2023-04-26;12968134;2023-04-26;1;POP_POCET;trsů;min;minmax;ano;lok;70;alespoň 70 trsů;109;1
2023;CZ0414127;Hradiště;Pulsatilla patens;Cévnaté rostliny;Ppat011;Jindřichov 1;5645c;RP SCHKO Slavkovský les;Krajský úřad Ústeckého kraje, Újezdní úřad Hradiště, Krajský úřad Karlovarského kraje, AOPK ČR - RP SCHKO Slavkovský les;2023-04-26;2023-04-26;12968134;2023-04-26;1;POP_POSKPERC;počet trsů;max;minmax;ne;lok;1;nejvýš 1 počet trsů;4;0
2023;CZ0414127;Hradiště;Pulsatilla patens;Cévnaté rostliny;Ppat011;Jindřichov 1;5645c;RP SCHKO Slavkovský les;Krajský úřad Ústeckého kraje, Újezdní úřad Hradiště, Krajský úřad Karlovarského kraje, AOPK ČR - RP SCHKO Slavkovský les;2023-04-26;2023-04-26;12968134;2023-04-26;1;POP_POSKPOC;počet typů poškození rostlin;max;minmax;ne;lok;2;nejvýš 2 počet typů poškození rostlin;3;0
2023;CZ0414127;Hradiště;Pulsatilla patens;Cévnaté rostliny;Ppat011;Jindřichov 1;5645c;RP SCHKO Slavkovský les;Krajský úřad Ústeckého kraje, Újezdní úřad Hradiště, Krajský úřad Karlovarského kraje, AOPK ČR - RP SCHKO Slavkovský les;2023-04-26;2023-04-26;12968134;2023-04-26;1;POP_TREND;posledních dvou let s menším počtem jedinců než je referenční hodnota;max;minmax;ano;lok;1;nejvýš 1 posledních dvou let s menším počtem jedinců než je referenční hodnota;2;0
2023;CZ0414127;Hradiště;Pulsatilla patens;Cévnaté rostliny;Ppat011;Jindřichov 1;5645c;RP SCHKO Slavkovský les;Krajský úřad Ústeckého kraje, Újezdní úřad Hradiště, Krajský úřad Karlovarského kraje, AOPK ČR - RP SCHKO Slavkovský les;2023-04-26;2023-04-26;12968134;2023-04-26;1;POP_VITAL;% počtu trsů;min;minmax;ano;lok;30;alespoň 30 % počtu trsů;53.2110091743119;1
2023;CZ0414127;Hradiště;Pulsatilla patens;Cévnaté rostliny;Ppat011;Jindřichov 1;5645c;RP SCHKO Slavkovský les;Krajský úřad Ústeckého kraje, Újezdní úřad Hradiště, Krajský úřad Karlovarského kraje, AOPK ČR - RP SCHKO Slavkovský les;2023-04-26;2023-04-26;12968134;2023-04-26;1;STA_POKRDREV;NA;val;val;ne;lok;0;0, do 5 %, 5-25 %;do 5 %;1
2023;CZ0414127;Hradiště;Pulsatilla patens;Cévnaté rostliny;Ppat011;Jindřichov 1;5645c;RP SCHKO Slavkovský les;Krajský úřad Ústeckého kraje, Újezdní úřad Hradiště, Krajský úřad Karlovarského kraje, AOPK ČR - RP SCHKO Slavkovský les;2023-04-26;2023-04-26;12968134;2023-04-26;1;STA_POKRSTAR;NA;val;val;ne;lok;0;0, do 5 %, 5-25 %;do 5 %;1
2023;CZ0414127;Hradiště;Pulsatilla patens;Cévnaté rostliny;Ppat011;Jindřichov 1;5645c;RP SCHKO Slavkovský les;Krajský úřad Ústeckého kraje, Újezdní úřad Hradiště, Krajský úřad Karlovarského kraje, AOPK ČR - RP SCHKO Slavkovský les;2023-04-26;2023-04-26;12968134;2023-04-26;1;STA_POKRYVNOSTEXPANZNI;NA;val;val;ne;lok;0;0, do 5 %, 5-25 %;0;1
2023;CZ0414127;Hradiště;Pulsatilla patens;Cévnaté rostliny;Ppat011;Jindřichov 1;5645c;RP SCHKO Slavkovský les;Krajský úřad Ústeckého kraje, Újezdní úřad Hradiště, Krajský úřad Karlovarského kraje, AOPK ČR - RP SCHKO Slavkovský les;2023-04-26;2023-04-26;12968134;2023-04-26;1;STA_POKRYVNOSTINVAZNI;NA;val;val;ne;lok;0;0, do 5 %;0;1
2023;CZ0414127;Hradiště;Pulsatilla patens;Cévnaté rostliny;Ppat012;Jindřichov 2;5645c;RP SCHKO Slavkovský les;Krajský úřad Ústeckého kraje, Újezdní úřad Hradiště, Krajský úřad Karlovarského kraje, AOPK ČR - RP SCHKO Slavkovský les;2023-04-26;2023-04-26;12968137;2023-04-26;1;CELKOVE_HODNOCENI;NA;NA;NA;NA;lok;NA;NA;špatný;0
2023;CZ0414127;Hradiště;Pulsatilla patens;Cévnaté rostliny;Ppat012;Jindřichov 2;5645c;RP SCHKO Slavkovský les;Krajský úřad Ústeckého kraje, Újezdní úřad Hradiště, Krajský úřad Karlovarského kraje, AOPK ČR - RP SCHKO Slavkovský les;2023-04-26;2023-04-26;12968137;2023-04-26;1;CELKOVE_SUM;NA;NA;NA;NA;NA;;;5;NA
2023;CZ0414127;Hradiště;Pulsatilla patens;Cévnaté rostliny;Ppat012;Jindřichov 2;5645c;RP SCHKO Slavkovský les;Krajský úřad Ústeckého kraje, Újezdní úřad Hradiště, Krajský úřad Karlovarského kraje, AOPK ČR - RP SCHKO Slavkovský les;2023-04-26;2023-04-26;12968137;2023-04-26;1;POP_POCET;trsů;min;minmax;ano;lok;70;alespoň 70 trsů;85;1
2023;CZ0414127;Hradiště;Pulsatilla patens;Cévnaté rostliny;Ppat012;Jindřichov 2;5645c;RP SCHKO Slavkovský les;Krajský úřad Ústeckého kraje, Újezdní úřad Hradiště, Krajský úřad Karlovarského kraje, AOPK ČR - RP SCHKO Slavkovský les;2023-04-26;2023-04-26;12968137;2023-04-26;1;POP_POSKPERC;počet trsů;max;minmax;ne;lok;1;nejvýš 1 počet trsů;5;0
2023;CZ0414127;Hradiště;Pulsatilla patens;Cévnaté rostliny;Ppat012;Jindřichov 2;5645c;RP SCHKO Slavkovský les;Krajský úřad Ústeckého kraje, Újezdní úřad Hradiště, Krajský úřad Karlovarského kraje, AOPK ČR - RP SCHKO Slavkovský les;2023-04-26;2023-04-26;12968137;2023-04-26;1;POP_POSKPOC;počet typů poškození rostlin;max;minmax;ne;lok;2;nejvýš 2 počet typů poškození rostlin;2;1
2023;CZ0414127;Hradiště;Pulsatilla patens;Cévnaté rostliny;Ppat012;Jindřichov 2;5645c;RP SCHKO Slavkovský les;Krajský úřad Ústeckého kraje, Újezdní úřad Hradiště, Krajský úřad Karlovarského kraje, AOPK ČR - RP SCHKO Slavkovský les;2023-04-26;2023-04-26;12968137;2023-04-26;1;POP_TREND;posledních dvou let s menším počtem jedinců než je referenční hodnota;max;minmax;ano;lok;1;nejvýš 1 posledních dvou let s menším počtem jedinců než je referenční hodnota;2;0
2023;CZ0414127;Hradiště;Pulsatilla patens;Cévnaté rostliny;Ppat012;Jindřichov 2;5645c;RP SCHKO Slavkovský les;Krajský úřad Ústeckého kraje, Újezdní úřad Hradiště, Krajský úřad Karlovarského kraje, AOPK ČR - RP SCHKO Slavkovský les;2023-04-26;2023-04-26;12968137;2023-04-26;1;POP_VITAL;% počtu trsů;min;minmax;ano;lok;30;alespoň 30 % počtu trsů;22.3529411764706;0
2023;CZ0414127;Hradiště;Pulsatilla patens;Cévnaté rostliny;Ppat012;Jindřichov 2;5645c;RP SCHKO Slavkovský les;Krajský úřad Ústeckého kraje, Újezdní úřad Hradiště, Krajský úřad Karlovarského kraje, AOPK ČR - RP SCHKO Slavkovský les;2023-04-26;2023-04-26;12968137;2023-04-26;1;STA_POKRDREV;NA;val;val;ne;lok;0;0, do 5 %, 5-25 %;do 5 %;1
2023;CZ0414127;Hradiště;Pulsatilla patens;Cévnaté rostliny;Ppat012;Jindřichov 2;5645c;RP SCHKO Slavkovský les;Krajský úřad Ústeckého kraje, Újezdní úřad Hradiště, Krajský úřad Karlovarského kraje, AOPK ČR - RP SCHKO Slavkovský les;2023-04-26;2023-04-26;12968137;2023-04-26;1;STA_POKRSTAR;NA;val;val;ne;lok;0;0, do 5 %, 5-25 %;25-50 %;0
2023;CZ0414127;Hradiště;Pulsatilla patens;Cévnaté rostliny;Ppat012;Jindřichov 2;5645c;RP SCHKO Slavkovský les;Krajský úřad Ústeckého kraje, Újezdní úřad Hradiště, Krajský úřad Karlovarského kraje, AOPK ČR - RP SCHKO Slavkovský les;2023-04-26;2023-04-26;12968137;2023-04-26;1;STA_POKRYVNOSTEXPANZNI;NA;val;val;ne;lok;0;0, do 5 %, 5-25 %;0;1
2023;CZ0414127;Hradiště;Pulsatilla patens;Cévnaté rostliny;Ppat012;Jindřichov 2;5645c;RP SCHKO Slavkovský les;Krajský úřad Ústeckého kraje, Újezdní úřad Hradiště, Krajský úřad Karlovarského kraje, AOPK ČR - RP SCHKO Slavkovský les;2023-04-26;2023-04-26;12968137;2023-04-26;1;STA_POKRYVNOSTINVAZNI;NA;val;val;ne;lok;0;0, do 5 %;0;1
2023;CZ0414127;Hradiště;Pulsatilla patens;Cévnaté rostliny;Ppat013;Jindřichov 3;5645c;RP SCHKO Slavkovský les;Krajský úřad Ústeckého kraje, Újezdní úřad Hradiště, Krajský úřad Karlovarského kraje, AOPK ČR - RP SCHKO Slavkovský les;2023-04-26;2023-04-26;12968128;2023-04-26;1;CELKOVE_HODNOCENI;NA;NA;NA;NA;lok;NA;NA;špatný;0
2023;CZ0414127;Hradiště;Pulsatilla patens;Cévnaté rostliny;Ppat013;Jindřichov 3;5645c;RP SCHKO Slavkovský les;Krajský úřad Ústeckého kraje, Újezdní úřad Hradiště, Krajský úřad Karlovarského kraje, AOPK ČR - RP SCHKO Slavkovský les;2023-04-26;2023-04-26;12968128;2023-04-26;1;CELKOVE_SUM;NA;NA;NA;NA;NA;;;6;NA
2023;CZ0414127;Hradiště;Pulsatilla patens;Cévnaté rostliny;Ppat013;Jindřichov 3;5645c;RP SCHKO Slavkovský les;Krajský úřad Ústeckého kraje, Újezdní úřad Hradiště, Krajský úřad Karlovarského kraje, AOPK ČR - RP SCHKO Slavkovský les;2023-04-26;2023-04-26;12968128;2023-04-26;1;POP_POCET;trsů;min;minmax;ano;lok;70;alespoň 70 trsů;0;0
2023;CZ0414127;Hradiště;Pulsatilla patens;Cévnaté rostliny;Ppat013;Jindřichov 3;5645c;RP SCHKO Slavkovský les;Krajský úřad Ústeckého kraje, Újezdní úřad Hradiště, Krajský úřad Karlovarského kraje, AOPK ČR - RP SCHKO Slavkovský les;2023-04-26;2023-04-26;12968128;2023-04-26;1;POP_POSKPERC;počet trsů;max;minmax;ne;lok;1;nejvýš 1 počet trsů;0;1
2023;CZ0414127;Hradiště;Pulsatilla patens;Cévnaté rostliny;Ppat013;Jindřichov 3;5645c;RP SCHKO Slavkovský les;Krajský úřad Ústeckého kraje, Újezdní úřad Hradiště, Krajský úřad Karlovarského kraje, AOPK ČR - RP SCHKO Slavkovský les;2023-04-26;2023-04-26;12968128;2023-04-26;1;POP_POSKPOC;počet typů poškození rostlin;max;minmax;ne;lok;2;nejvýš 2 počet typů poškození rostlin;0;1
2023;CZ0414127;Hradiště;Pulsatilla patens;Cévnaté rostliny;Ppat013;Jindřichov 3;5645c;RP SCHKO Slavkovský les;Krajský úřad Ústeckého kraje, Újezdní úřad Hradiště, Krajský úřad Karlovarského kraje, AOPK ČR - RP SCHKO Slavkovský les;2023-04-26;2023-04-26;12968128;2023-04-26;1;POP_TREND;posledních dvou let s menším počtem jedinců než je referenční hodnota;max;minmax;ano;lok;1;nejvýš 1 posledních dvou let s menším počtem jedinců než je referenční hodnota;0;1
2023;CZ0414127;Hradiště;Pulsatilla patens;Cévnaté rostliny;Ppat013;Jindřichov 3;5645c;RP SCHKO Slavkovský les;Krajský úřad Ústeckého kraje, Újezdní úřad Hradiště, Krajský úřad Karlovarského kraje, AOPK ČR - RP SCHKO Slavkovský les;2023-04-26;2023-04-26;12968128;2023-04-26;1;POP_VITAL;% počtu trsů;min;minmax;ano;lok;30;alespoň 30 % počtu trsů;NaN;NA
2023;CZ0414127;Hradiště;Pulsatilla patens;Cévnaté rostliny;Ppat013;Jindřichov 3;5645c;RP SCHKO Slavkovský les;Krajský úřad Ústeckého kraje, Újezdní úřad Hradiště, Krajský úřad Karlovarského kraje, AOPK ČR - RP SCHKO Slavkovský les;2023-04-26;2023-04-26;12968128;2023-04-26;1;STA_POKRDREV;NA;val;val;ne;lok;0;0, do 5 %, 5-25 %;do 5 %;1
2023;CZ0414127;Hradiště;Pulsatilla patens;Cévnaté rostliny;Ppat013;Jindřichov 3;5645c;RP SCHKO Slavkovský les;Krajský úřad Ústeckého kraje, Újezdní úřad Hradiště, Krajský úřad Karlovarského kraje, AOPK ČR - RP SCHKO Slavkovský les;2023-04-26;2023-04-26;12968128;2023-04-26;1;STA_POKRSTAR;NA;val;val;ne;lok;0;0, do 5 %, 5-25 %;50-75 %;0
2023;CZ0414127;Hradiště;Pulsatilla patens;Cévnaté rostliny;Ppat013;Jindřichov 3;5645c;RP SCHKO Slavkovský les;Krajský úřad Ústeckého kraje, Újezdní úřad Hradiště, Krajský úřad Karlovarského kraje, AOPK ČR - RP SCHKO Slavkovský les;2023-04-26;2023-04-26;12968128;2023-04-26;1;STA_POKRYVNOSTEXPANZNI;NA;val;val;ne;lok;0;0, do 5 %, 5-25 %;0;1
2023;CZ0414127;Hradiště;Pulsatilla patens;Cévnaté rostliny;Ppat013;Jindřichov 3;5645c;RP SCHKO Slavkovský les;Krajský úřad Ústeckého kraje, Újezdní úřad Hradiště, Krajský úřad Karlovarského kraje, AOPK ČR - RP SCHKO Slavkovský les;2023-04-26;2023-04-26;12968128;2023-04-26;1;STA_POKRYVNOSTINVAZNI;NA;val;val;ne;lok;0;0, do 5 %;0;1
2023;CZ0414127;Hradiště;Pulsatilla patens;Cévnaté rostliny;Ppat014;Jindřichov 4;5645c;RP SCHKO Slavkovský les;Krajský úřad Ústeckého kraje, Újezdní úřad Hradiště, Krajský úřad Karlovarského kraje, AOPK ČR - RP SCHKO Slavkovský les;2023-05-01;2023-05-01;12968130;2023-05-01;1;CELKOVE_HODNOCENI;NA;NA;NA;NA;lok;NA;NA;špatný;0
2023;CZ0414127;Hradiště;Pulsatilla patens;Cévnaté rostliny;Ppat014;Jindřichov 4;5645c;RP SCHKO Slavkovský les;Krajský úřad Ústeckého kraje, Újezdní úřad Hradiště, Krajský úřad Karlovarského kraje, AOPK ČR - RP SCHKO Slavkovský les;2023-05-01;2023-05-01;12968130;2023-05-01;1;CELKOVE_SUM;NA;NA;NA;NA;NA;;;5;NA
2023;CZ0414127;Hradiště;Pulsatilla patens;Cévnaté rostliny;Ppat014;Jindřichov 4;5645c;RP SCHKO Slavkovský les;Krajský úřad Ústeckého kraje, Újezdní úřad Hradiště, Krajský úřad Karlovarského kraje, AOPK ČR - RP SCHKO Slavkovský les;2023-05-01;2023-05-01;12968130;2023-05-01;1;POP_POCET;trsů;min;minmax;ano;lok;70;alespoň 70 trsů;0;0
2023;CZ0414127;Hradiště;Pulsatilla patens;Cévnaté rostliny;Ppat014;Jindřichov 4;5645c;RP SCHKO Slavkovský les;Krajský úřad Ústeckého kraje, Újezdní úřad Hradiště, Krajský úřad Karlovarského kraje, AOPK ČR - RP SCHKO Slavkovský les;2023-05-01;2023-05-01;12968130;2023-05-01;1;POP_POSKPERC;počet trsů;max;minmax;ne;lok;1;nejvýš 1 počet trsů;0;1
2023;CZ0414127;Hradiště;Pulsatilla patens;Cévnaté rostliny;Ppat014;Jindřichov 4;5645c;RP SCHKO Slavkovský les;Krajský úřad Ústeckého kraje, Újezdní úřad Hradiště, Krajský úřad Karlovarského kraje, AOPK ČR - RP SCHKO Slavkovský les;2023-05-01;2023-05-01;12968130;2023-05-01;1;POP_POSKPOC;počet typů poškození rostlin;max;minmax;ne;lok;2;nejvýš 2 počet typů poškození rostlin;0;1
2023;CZ0414127;Hradiště;Pulsatilla patens;Cévnaté rostliny;Ppat014;Jindřichov 4;5645c;RP SCHKO Slavkovský les;Krajský úřad Ústeckého kraje, Újezdní úřad Hradiště, Krajský úřad Karlovarského kraje, AOPK ČR - RP SCHKO Slavkovský les;2023-05-01;2023-05-01;12968130;2023-05-01;1;POP_TREND;posledních dvou let s menším počtem jedinců než je referenční hodnota;max;minmax;ano;lok;1;nejvýš 1 posledních dvou let s menším počtem jedinců než je referenční hodnota;0;1
2023;CZ0414127;Hradiště;Pulsatilla patens;Cévnaté rostliny;Ppat014;Jindřichov 4;5645c;RP SCHKO Slavkovský les;Krajský úřad Ústeckého kraje, Újezdní úřad Hradiště, Krajský úřad Karlovarského kraje, AOPK ČR - RP SCHKO Slavkovský les;2023-05-01;2023-05-01;12968130;2023-05-01;1;POP_VITAL;% počtu trsů;min;minmax;ano;lok;30;alespoň 30 % počtu trsů;NaN;NA
2023;CZ0414127;Hradiště;Pulsatilla patens;Cévnaté rostliny;Ppat014;Jindřichov 4;5645c;RP SCHKO Slavkovský les;Krajský úřad Ústeckého kraje, Újezdní úřad Hradiště, Krajský úřad Karlovarského kraje, AOPK ČR - RP SCHKO Slavkovský les;2023-05-01;2023-05-01;12968130;2023-05-01;1;STA_POKRDREV;NA;val;val;ne;lok;0;0, do 5 %, 5-25 %;25-50 %;0
2023;CZ0414127;Hradiště;Pulsatilla patens;Cévnaté rostliny;Ppat014;Jindřichov 4;5645c;RP SCHKO Slavkovský les;Krajský úřad Ústeckého kraje, Újezdní úřad Hradiště, Krajský úřad Karlovarského kraje, AOPK ČR - RP SCHKO Slavkovský les;2023-05-01;2023-05-01;12968130;2023-05-01;1;STA_POKRSTAR;NA;val;val;ne;lok;0;0, do 5 %, 5-25 %;25-50 %;0
2023;CZ0414127;Hradiště;Pulsatilla patens;Cévnaté rostliny;Ppat014;Jindřichov 4;5645c;RP SCHKO Slavkovský les;Krajský úřad Ústeckého kraje, Újezdní úřad Hradiště, Krajský úřad Karlovarského kraje, AOPK ČR - RP SCHKO Slavkovský les;2023-05-01;2023-05-01;12968130;2023-05-01;1;STA_POKRYVNOSTEXPANZNI;NA;val;val;ne;lok;0;0, do 5 %, 5-25 %;0;1
2023;CZ0414127;Hradiště;Pulsatilla patens;Cévnaté rostliny;Ppat014;Jindřichov 4;5645c;RP SCHKO Slavkovský les;Krajský úřad Ústeckého kraje, Újezdní úřad Hradiště, Krajský úřad Karlovarského kraje, AOPK ČR - RP SCHKO Slavkovský les;2023-05-01;2023-05-01;12968130;2023-05-01;1;STA_POKRYVNOSTINVAZNI;NA;val;val;ne;lok;0;0, do 5 %;0;1
2023;CZ0414127;Hradiště;Pulsatilla patens;Cévnaté rostliny;Ppat015;Humnický vrch;5644d;RP SCHKO Slavkovský les;Krajský úřad Ústeckého kraje, Újezdní úřad Hradiště, Krajský úřad Karlovarského kraje, AOPK ČR - RP SCHKO Slavkovský les;2023-05-01;2023-05-01;12968131;2023-05-01;1;CELKOVE_HODNOCENI;NA;NA;NA;NA;lok;NA;NA;špatný;0
2023;CZ0414127;Hradiště;Pulsatilla patens;Cévnaté rostliny;Ppat015;Humnický vrch;5644d;RP SCHKO Slavkovský les;Krajský úřad Ústeckého kraje, Újezdní úřad Hradiště, Krajský úřad Karlovarského kraje, AOPK ČR - RP SCHKO Slavkovský les;2023-05-01;2023-05-01;12968131;2023-05-01;1;CELKOVE_SUM;NA;NA;NA;NA;NA;;;6;NA
2023;CZ0414127;Hradiště;Pulsatilla patens;Cévnaté rostliny;Ppat015;Humnický vrch;5644d;RP SCHKO Slavkovský les;Krajský úřad Ústeckého kraje, Újezdní úřad Hradiště, Krajský úřad Karlovarského kraje, AOPK ČR - RP SCHKO Slavkovský les;2023-05-01;2023-05-01;12968131;2023-05-01;1;POP_POCET;trsů;min;minmax;ano;lok;70;alespoň 70 trsů;284;1
2023;CZ0414127;Hradiště;Pulsatilla patens;Cévnaté rostliny;Ppat015;Humnický vrch;5644d;RP SCHKO Slavkovský les;Krajský úřad Ústeckého kraje, Újezdní úřad Hradiště, Krajský úřad Karlovarského kraje, AOPK ČR - RP SCHKO Slavkovský les;2023-05-01;2023-05-01;12968131;2023-05-01;1;POP_POSKPERC;počet trsů;max;minmax;ne;lok;1;nejvýš 1 počet trsů;5;0
2023;CZ0414127;Hradiště;Pulsatilla patens;Cévnaté rostliny;Ppat015;Humnický vrch;5644d;RP SCHKO Slavkovský les;Krajský úřad Ústeckého kraje, Újezdní úřad Hradiště, Krajský úřad Karlovarského kraje, AOPK ČR - RP SCHKO Slavkovský les;2023-05-01;2023-05-01;12968131;2023-05-01;1;POP_POSKPOC;počet typů poškození rostlin;max;minmax;ne;lok;2;nejvýš 2 počet typů poškození rostlin;3;0
2023;CZ0414127;Hradiště;Pulsatilla patens;Cévnaté rostliny;Ppat015;Humnický vrch;5644d;RP SCHKO Slavkovský les;Krajský úřad Ústeckého kraje, Újezdní úřad Hradiště, Krajský úřad Karlovarského kraje, AOPK ČR - RP SCHKO Slavkovský les;2023-05-01;2023-05-01;12968131;2023-05-01;1;POP_TREND;posledních dvou let s menším počtem jedinců než je referenční hodnota;max;minmax;ano;lok;1;nejvýš 1 posledních dvou let s menším počtem jedinců než je referenční hodnota;2;0
2023;CZ0414127;Hradiště;Pulsatilla patens;Cévnaté rostliny;Ppat015;Humnický vrch;5644d;RP SCHKO Slavkovský les;Krajský úřad Ústeckého kraje, Újezdní úřad Hradiště, Krajský úřad Karlovarského kraje, AOPK ČR - RP SCHKO Slavkovský les;2023-05-01;2023-05-01;12968131;2023-05-01;1;POP_VITAL;% počtu trsů;min;minmax;ano;lok;30;alespoň 30 % počtu trsů;38.0281690140845;1
2023;CZ0414127;Hradiště;Pulsatilla patens;Cévnaté rostliny;Ppat015;Humnický vrch;5644d;RP SCHKO Slavkovský les;Krajský úřad Ústeckého kraje, Újezdní úřad Hradiště, Krajský úřad Karlovarského kraje, AOPK ČR - RP SCHKO Slavkovský les;2023-05-01;2023-05-01;12968131;2023-05-01;1;STA_POKRDREV;NA;val;val;ne;lok;0;0, do 5 %, 5-25 %;do 5 %;1
2023;CZ0414127;Hradiště;Pulsatilla patens;Cévnaté rostliny;Ppat015;Humnický vrch;5644d;RP SCHKO Slavkovský les;Krajský úřad Ústeckého kraje, Újezdní úřad Hradiště, Krajský úřad Karlovarského kraje, AOPK ČR - RP SCHKO Slavkovský les;2023-05-01;2023-05-01;12968131;2023-05-01;1;STA_POKRSTAR;NA;val;val;ne;lok;0;0, do 5 %, 5-25 %;do 5 %;1
2023;CZ0414127;Hradiště;Pulsatilla patens;Cévnaté rostliny;Ppat015;Humnický vrch;5644d;RP SCHKO Slavkovský les;Krajský úřad Ústeckého kraje, Újezdní úřad Hradiště, Krajský úřad Karlovarského kraje, AOPK ČR - RP SCHKO Slavkovský les;2023-05-01;2023-05-01;12968131;2023-05-01;1;STA_POKRYVNOSTEXPANZNI;NA;val;val;ne;lok;0;0, do 5 %, 5-25 %;0;1
2023;CZ0414127;Hradiště;Pulsatilla patens;Cévnaté rostliny;Ppat015;Humnický vrch;5644d;RP SCHKO Slavkovský les;Krajský úřad Ústeckého kraje, Újezdní úřad Hradiště, Krajský úřad Karlovarského kraje, AOPK ČR - RP SCHKO Slavkovský les;2023-05-01;2023-05-01;12968131;2023-05-01;1;STA_POKRYVNOSTINVAZNI;NA;val;val;ne;lok;0;0, do 5 %;0;1
2023;CZ0414127;Hradiště;Pulsatilla patens;Cévnaté rostliny;Ppat016;Havraň;5644d;RP SCHKO Slavkovský les;Krajský úřad Ústeckého kraje, Újezdní úřad Hradiště, Krajský úřad Karlovarského kraje, AOPK ČR - RP SCHKO Slavkovský les;2023-05-01;2023-05-01;12968135;2023-05-01;1;CELKOVE_HODNOCENI;NA;NA;NA;NA;lok;NA;NA;špatný;0
2023;CZ0414127;Hradiště;Pulsatilla patens;Cévnaté rostliny;Ppat016;Havraň;5644d;RP SCHKO Slavkovský les;Krajský úřad Ústeckého kraje, Újezdní úřad Hradiště, Krajský úřad Karlovarského kraje, AOPK ČR - RP SCHKO Slavkovský les;2023-05-01;2023-05-01;12968135;2023-05-01;1;CELKOVE_SUM;NA;NA;NA;NA;NA;;;6;NA
2023;CZ0414127;Hradiště;Pulsatilla patens;Cévnaté rostliny;Ppat016;Havraň;5644d;RP SCHKO Slavkovský les;Krajský úřad Ústeckého kraje, Újezdní úřad Hradiště, Krajský úřad Karlovarského kraje, AOPK ČR - RP SCHKO Slavkovský les;2023-05-01;2023-05-01;12968135;2023-05-01;1;POP_POCET;trsů;min;minmax;ano;lok;70;alespoň 70 trsů;143;1
2023;CZ0414127;Hradiště;Pulsatilla patens;Cévnaté rostliny;Ppat016;Havraň;5644d;RP SCHKO Slavkovský les;Krajský úřad Ústeckého kraje, Újezdní úřad Hradiště, Krajský úřad Karlovarského kraje, AOPK ČR - RP SCHKO Slavkovský les;2023-05-01;2023-05-01;12968135;2023-05-01;1;POP_POSKPERC;počet trsů;max;minmax;ne;lok;1;nejvýš 1 počet trsů;6;0
2023;CZ0414127;Hradiště;Pulsatilla patens;Cévnaté rostliny;Ppat016;Havraň;5644d;RP SCHKO Slavkovský les;Krajský úřad Ústeckého kraje, Újezdní úřad Hradiště, Krajský úřad Karlovarského kraje, AOPK ČR - RP SCHKO Slavkovský les;2023-05-01;2023-05-01;12968135;2023-05-01;1;POP_POSKPOC;počet typů poškození rostlin;max;minmax;ne;lok;2;nejvýš 2 počet typů poškození rostlin;3;0
2023;CZ0414127;Hradiště;Pulsatilla patens;Cévnaté rostliny;Ppat016;Havraň;5644d;RP SCHKO Slavkovský les;Krajský úřad Ústeckého kraje, Újezdní úřad Hradiště, Krajský úřad Karlovarského kraje, AOPK ČR - RP SCHKO Slavkovský les;2023-05-01;2023-05-01;12968135;2023-05-01;1;POP_TREND;posledních dvou let s menším počtem jedinců než je referenční hodnota;max;minmax;ano;lok;1;nejvýš 1 posledních dvou let s menším počtem jedinců než je referenční hodnota;2;0
2023;CZ0414127;Hradiště;Pulsatilla patens;Cévnaté rostliny;Ppat016;Havraň;5644d;RP SCHKO Slavkovský les;Krajský úřad Ústeckého kraje, Újezdní úřad Hradiště, Krajský úřad Karlovarského kraje, AOPK ČR - RP SCHKO Slavkovský les;2023-05-01;2023-05-01;12968135;2023-05-01;1;POP_VITAL;% počtu trsů;min;minmax;ano;lok;30;alespoň 30 % počtu trsů;46.8531468531469;1
2023;CZ0414127;Hradiště;Pulsatilla patens;Cévnaté rostliny;Ppat016;Havraň;5644d;RP SCHKO Slavkovský les;Krajský úřad Ústeckého kraje, Újezdní úřad Hradiště, Krajský úřad Karlovarského kraje, AOPK ČR - RP SCHKO Slavkovský les;2023-05-01;2023-05-01;12968135;2023-05-01;1;STA_POKRDREV;NA;val;val;ne;lok;0;0, do 5 %, 5-25 %;do 5 %;1
2023;CZ0414127;Hradiště;Pulsatilla patens;Cévnaté rostliny;Ppat016;Havraň;5644d;RP SCHKO Slavkovský les;Krajský úřad Ústeckého kraje, Újezdní úřad Hradiště, Krajský úřad Karlovarského kraje, AOPK ČR - RP SCHKO Slavkovský les;2023-05-01;2023-05-01;12968135;2023-05-01;1;STA_POKRSTAR;NA;val;val;ne;lok;0;0, do 5 %, 5-25 %;do 5 %;1
2023;CZ0414127;Hradiště;Pulsatilla patens;Cévnaté rostliny;Ppat016;Havraň;5644d;RP SCHKO Slavkovský les;Krajský úřad Ústeckého kraje, Újezdní úřad Hradiště, Krajský úřad Karlovarského kraje, AOPK ČR - RP SCHKO Slavkovský les;2023-05-01;2023-05-01;12968135;2023-05-01;1;STA_POKRYVNOSTEXPANZNI;NA;val;val;ne;lok;0;0, do 5 %, 5-25 %;0;1
2023;CZ0414127;Hradiště;Pulsatilla patens;Cévnaté rostliny;Ppat016;Havraň;5644d;RP SCHKO Slavkovský les;Krajský úřad Ústeckého kraje, Újezdní úřad Hradiště, Krajský úřad Karlovarského kraje, AOPK ČR - RP SCHKO Slavkovský les;2023-05-01;2023-05-01;12968135;2023-05-01;1;STA_POKRYVNOSTINVAZNI;NA;val;val;ne;lok;0;0, do 5 %;0;1
2020;CZ0414127;Hradiště;Pulsatilla patens;Cévnaté rostliny;U Dubiny;U Dubiny;5645c;RP SCHKO Slavkovský les;Krajský úřad Ústeckého kraje, Újezdní úřad Hradiště, Krajský úřad Karlovarského kraje, AOPK ČR - RP SCHKO Slavkovský les;2020-04-23;2020-04-23;11080666;2020-04-23;0;CELKOVE_HODNOCENI;NA;NA;NA;NA;lok;NA;NA;špatný;0
2020;CZ0414127;Hradiště;Pulsatilla patens;Cévnaté rostliny;U Dubiny;U Dubiny;5645c;RP SCHKO Slavkovský les;Krajský úřad Ústeckého kraje, Újezdní úřad Hradiště, Krajský úřad Karlovarského kraje, AOPK ČR - RP SCHKO Slavkovský les;2020-04-23;2020-04-23;11080666;2020-04-23;0;CELKOVE_SUM;NA;NA;NA;NA;NA;;;3;NA
2020;CZ0414127;Hradiště;Pulsatilla patens;Cévnaté rostliny;U Dubiny;U Dubiny;5645c;RP SCHKO Slavkovský les;Krajský úřad Ústeckého kraje, Újezdní úřad Hradiště, Krajský úřad Karlovarského kraje, AOPK ČR - RP SCHKO Slavkovský les;2020-04-23;2020-04-23;11080666;2020-04-23;0;POP_POCET;trsů;min;minmax;ano;lok;70;alespoň 70 trsů;0;0
2020;CZ0414127;Hradiště;Pulsatilla patens;Cévnaté rostliny;U Dubiny;U Dubiny;5645c;RP SCHKO Slavkovský les;Krajský úřad Ústeckého kraje, Újezdní úřad Hradiště, Krajský úřad Karlovarského kraje, AOPK ČR - RP SCHKO Slavkovský les;2020-04-23;2020-04-23;11080666;2020-04-23;0;POP_POSKPERC;počet trsů;max;minmax;ne;lok;1;nejvýš 1 počet trsů;0;1
2020;CZ0414127;Hradiště;Pulsatilla patens;Cévnaté rostliny;U Dubiny;U Dubiny;5645c;RP SCHKO Slavkovský les;Krajský úřad Ústeckého kraje, Újezdní úřad Hradiště, Krajský úřad Karlovarského kraje, AOPK ČR - RP SCHKO Slavkovský les;2020-04-23;2020-04-23;11080666;2020-04-23;0;POP_POSKPOC;počet typů poškození rostlin;max;minmax;ne;lok;2;nejvýš 2 počet typů poškození rostlin;0;1
2020;CZ0414127;Hradiště;Pulsatilla patens;Cévnaté rostliny;U Dubiny;U Dubiny;5645c;RP SCHKO Slavkovský les;Krajský úřad Ústeckého kraje, Újezdní úřad Hradiště, Krajský úřad Karlovarského kraje, AOPK ČR - RP SCHKO Slavkovský les;2020-04-23;2020-04-23;11080666;2020-04-23;0;POP_TREND;posledních dvou let s menším počtem jedinců než je referenční hodnota;max;minmax;ano;lok;1;nejvýš 1 posledních dvou let s menším počtem jedinců než je referenční hodnota;0;1
2020;CZ0414127;Hradiště;Pulsatilla patens;Cévnaté rostliny;U Dubiny;U Dubiny;5645c;RP SCHKO Slavkovský les;Krajský úřad Ústeckého kraje, Újezdní úřad Hradiště, Krajský úřad Karlovarského kraje, AOPK ČR - RP SCHKO Slavkovský les;2020-04-23;2020-04-23;11080666;2020-04-23;0;POP_VITAL;% počtu trsů;min;minmax;ano;lok;30;alespoň 30 % počtu trsů;neznámý;NA
2020;CZ0414127;Hradiště;Pulsatilla patens;Cévnaté rostliny;U Dubiny;U Dubiny;5645c;RP SCHKO Slavkovský les;Krajský úřad Ústeckého kraje, Újezdní úřad Hradiště, Krajský úřad Karlovarského kraje, AOPK ČR - RP SCHKO Slavkovský les;2020-04-23;2020-04-23;11080666;2020-04-23;0;STA_POKRDREV;NA;val;val;ne;lok;0;0, do 5 %, 5-25 %;neznámý;NA
2020;CZ0414127;Hradiště;Pulsatilla patens;Cévnaté rostliny;U Dubiny;U Dubiny;5645c;RP SCHKO Slavkovský les;Krajský úřad Ústeckého kraje, Újezdní úřad Hradiště, Krajský úřad Karlovarského kraje, AOPK ČR - RP SCHKO Slavkovský les;2020-04-23;2020-04-23;11080666;2020-04-23;0;STA_POKRSTAR;NA;val;val;ne;lok;0;0, do 5 %, 5-25 %;neznámý;NA
2020;CZ0414127;Hradiště;Pulsatilla patens;Cévnaté rostliny;U Dubiny;U Dubiny;5645c;RP SCHKO Slavkovský les;Krajský úřad Ústeckého kraje, Újezdní úřad Hradiště, Krajský úřad Karlovarského kraje, AOPK ČR - RP SCHKO Slavkovský les;2020-04-23;2020-04-23;11080666;2020-04-23;0;STA_POKRYVNOSTEXPANZNI;NA;val;val;ne;lok;0;0, do 5 %, 5-25 %;neznámý;NA
2020;CZ0414127;Hradiště;Pulsatilla patens;Cévnaté rostliny;U Dubiny;U Dubiny;5645c;RP SCHKO Slavkovský les;Krajský úřad Ústeckého kraje, Újezdní úřad Hradiště, Krajský úřad Karlovarského kraje, AOPK ČR - RP SCHKO Slavkovský les;2020-04-23;2020-04-23;11080666;2020-04-23;0;STA_POKRYVNOSTINVAZNI;NA;val;val;ne;lok;0;0, do 5 %;neznámý;NA
2021;CZ0414127;Hradiště;Pulsatilla patens;Cévnaté rostliny;Žďár u Hradiště;Žďár u Hradiště;5645c;RP SCHKO Slavkovský les;Krajský úřad Ústeckého kraje, Újezdní úřad Hradiště, Krajský úřad Karlovarského kraje, AOPK ČR - RP SCHKO Slavkovský les;2011-04-15;2021-04-09;11450763, 11450764, 11450765;2021-04-09;0;CELKOVE_HODNOCENI;NA;NA;NA;NA;lok;NA;NA;špatný;0
2021;CZ0414127;Hradiště;Pulsatilla patens;Cévnaté rostliny;Žďár u Hradiště;Žďár u Hradiště;5645c;RP SCHKO Slavkovský les;Krajský úřad Ústeckého kraje, Újezdní úřad Hradiště, Krajský úřad Karlovarského kraje, AOPK ČR - RP SCHKO Slavkovský les;2011-04-15;2021-04-09;11450763, 11450764, 11450765;2021-04-09;0;CELKOVE_SUM;NA;NA;NA;NA;NA;;;2;NA
2021;CZ0414127;Hradiště;Pulsatilla patens;Cévnaté rostliny;Žďár u Hradiště;Žďár u Hradiště;5645c;RP SCHKO Slavkovský les;Krajský úřad Ústeckého kraje, Újezdní úřad Hradiště, Krajský úřad Karlovarského kraje, AOPK ČR - RP SCHKO Slavkovský les;2011-04-15;2021-04-09;11450763, 11450764, 11450765;2021-04-09;0;POP_POCET;trsů;min;minmax;ano;lok;70;alespoň 70 trsů;0;0
2021;CZ0414127;Hradiště;Pulsatilla patens;Cévnaté rostliny;Žďár u Hradiště;Žďár u Hradiště;5645c;RP SCHKO Slavkovský les;Krajský úřad Ústeckého kraje, Újezdní úřad Hradiště, Krajský úřad Karlovarského kraje, AOPK ČR - RP SCHKO Slavkovský les;2011-04-15;2021-04-09;11450763, 11450764, 11450765;2021-04-09;0;POP_POSKPERC;počet trsů;max;minmax;ne;lok;1;nejvýš 1 počet trsů;0;1
2021;CZ0414127;Hradiště;Pulsatilla patens;Cévnaté rostliny;Žďár u Hradiště;Žďár u Hradiště;5645c;RP SCHKO Slavkovský les;Krajský úřad Ústeckého kraje, Újezdní úřad Hradiště, Krajský úřad Karlovarského kraje, AOPK ČR - RP SCHKO Slavkovský les;2011-04-15;2021-04-09;11450763, 11450764, 11450765;2021-04-09;0;POP_POSKPOC;počet typů poškození rostlin;max;minmax;ne;lok;2;nejvýš 2 počet typů poškození rostlin;0;1
2021;CZ0414127;Hradiště;Pulsatilla patens;Cévnaté rostliny;Žďár u Hradiště;Žďár u Hradiště;5645c;RP SCHKO Slavkovský les;Krajský úřad Ústeckého kraje, Újezdní úřad Hradiště, Krajský úřad Karlovarského kraje, AOPK ČR - RP SCHKO Slavkovský les;2011-04-15;2021-04-09;11450763, 11450764, 11450765;2021-04-09;0;POP_TREND;posledních dvou let s menším počtem jedinců než je referenční hodnota;max;minmax;ano;lok;1;nejvýš 1 posledních dvou let s menším počtem jedinců než je referenční hodnota;2;0
2021;CZ0414127;Hradiště;Pulsatilla patens;Cévnaté rostliny;Žďár u Hradiště;Žďár u Hradiště;5645c;RP SCHKO Slavkovský les;Krajský úřad Ústeckého kraje, Újezdní úřad Hradiště, Krajský úřad Karlovarského kraje, AOPK ČR - RP SCHKO Slavkovský les;2011-04-15;2021-04-09;11450763, 11450764, 11450765;2021-04-09;0;POP_VITAL;% počtu trsů;min;minmax;ano;lok;30;alespoň 30 % počtu trsů;neznámý;NA
2021;CZ0414127;Hradiště;Pulsatilla patens;Cévnaté rostliny;Žďár u Hradiště;Žďár u Hradiště;5645c;RP SCHKO Slavkovský les;Krajský úřad Ústeckého kraje, Újezdní úřad Hradiště, Krajský úřad Karlovarského kraje, AOPK ČR - RP SCHKO Slavkovský les;2011-04-15;2021-04-09;11450763, 11450764, 11450765;2021-04-09;0;STA_POKRDREV;NA;val;val;ne;lok;0;0, do 5 %, 5-25 %;neznámý;NA
2021;CZ0414127;Hradiště;Pulsatilla patens;Cévnaté rostliny;Žďár u Hradiště;Žďár u Hradiště;5645c;RP SCHKO Slavkovský les;Krajský úřad Ústeckého kraje, Újezdní úřad Hradiště, Krajský úřad Karlovarského kraje, AOPK ČR - RP SCHKO Slavkovský les;2011-04-15;2021-04-09;11450763, 11450764, 11450765;2021-04-09;0;STA_POKRSTAR;NA;val;val;ne;lok;0;0, do 5 %, 5-25 %;neznámý;NA
2021;CZ0414127;Hradiště;Pulsatilla patens;Cévnaté rostliny;Žďár u Hradiště;Žďár u Hradiště;5645c;RP SCHKO Slavkovský les;Krajský úřad Ústeckého kraje, Újezdní úřad Hradiště, Krajský úřad Karlovarského kraje, AOPK ČR - RP SCHKO Slavkovský les;2011-04-15;2021-04-09;11450763, 11450764, 11450765;2021-04-09;0;STA_POKRYVNOSTEXPANZNI;NA;val;val;ne;lok;0;0, do 5 %, 5-25 %;neznámý;NA
2021;CZ0414127;Hradiště;Pulsatilla patens;Cévnaté rostliny;Žďár u Hradiště;Žďár u Hradiště;5645c;RP SCHKO Slavkovský les;Krajský úřad Ústeckého kraje, Újezdní úřad Hradiště, Krajský úřad Karlovarského kraje, AOPK ČR - RP SCHKO Slavkovský les;2011-04-15;2021-04-09;11450763, 11450764, 11450765;2021-04-09;0;STA_POKRYVNOSTINVAZNI;NA;val;val;ne;lok;0;0, do 5 %;neznámý;NA
2022;CZ0422075;Borečský vrch;Pulsatilla patens;Cévnaté rostliny;2587, Bílinka;2587, Bílinka;5449d;RP SCHKO České středohoří;AOPK ČR - RP SCHKO České středohoří;2022-04-27;2022-04-27;11795831;2022-04-27;0;CELKOVE_HODNOCENI;NA;NA;NA;NA;lok;NA;NA;špatný;0
2022;CZ0422075;Borečský vrch;Pulsatilla patens;Cévnaté rostliny;2587, Bílinka;2587, Bílinka;5449d;RP SCHKO České středohoří;AOPK ČR - RP SCHKO České středohoří;2022-04-27;2022-04-27;11795831;2022-04-27;0;CELKOVE_SUM;NA;NA;NA;NA;NA;;;3;NA
2022;CZ0422075;Borečský vrch;Pulsatilla patens;Cévnaté rostliny;2587, Bílinka;2587, Bílinka;5449d;RP SCHKO České středohoří;AOPK ČR - RP SCHKO České středohoří;2022-04-27;2022-04-27;11795831;2022-04-27;0;POP_POCET;trsů;min;minmax;ano;lok;70;alespoň 70 trsů;0;0
2022;CZ0422075;Borečský vrch;Pulsatilla patens;Cévnaté rostliny;2587, Bílinka;2587, Bílinka;5449d;RP SCHKO České středohoří;AOPK ČR - RP SCHKO České středohoří;2022-04-27;2022-04-27;11795831;2022-04-27;0;POP_POSKPERC;počet trsů;max;minmax;ne;lok;1;nejvýš 1 počet trsů;0;1
2022;CZ0422075;Borečský vrch;Pulsatilla patens;Cévnaté rostliny;2587, Bílinka;2587, Bílinka;5449d;RP SCHKO České středohoří;AOPK ČR - RP SCHKO České středohoří;2022-04-27;2022-04-27;11795831;2022-04-27;0;POP_POSKPOC;počet typů poškození rostlin;max;minmax;ne;lok;2;nejvýš 2 počet typů poškození rostlin;0;1
2022;CZ0422075;Borečský vrch;Pulsatilla patens;Cévnaté rostliny;2587, Bílinka;2587, Bílinka;5449d;RP SCHKO České středohoří;AOPK ČR - RP SCHKO České středohoří;2022-04-27;2022-04-27;11795831;2022-04-27;0;POP_TREND;posledních dvou let s menším počtem jedinců než je referenční hodnota;max;minmax;ano;lok;1;nejvýš 1 posledních dvou let s menším počtem jedinců než je referenční hodnota;0;1
2022;CZ0422075;Borečský vrch;Pulsatilla patens;Cévnaté rostliny;2587, Bílinka;2587, Bílinka;5449d;RP SCHKO České středohoří;AOPK ČR - RP SCHKO České středohoří;2022-04-27;2022-04-27;11795831;2022-04-27;0;POP_VITAL;% počtu trsů;min;minmax;ano;lok;30;alespoň 30 % počtu trsů;neznámý;NA
2022;CZ0422075;Borečský vrch;Pulsatilla patens;Cévnaté rostliny;2587, Bílinka;2587, Bílinka;5449d;RP SCHKO České středohoří;AOPK ČR - RP SCHKO České středohoří;2022-04-27;2022-04-27;11795831;2022-04-27;0;STA_POKRDREV;NA;val;val;ne;lok;0;0, do 5 %, 5-25 %;neznámý;NA
2022;CZ0422075;Borečský vrch;Pulsatilla patens;Cévnaté rostliny;2587, Bílinka;2587, Bílinka;5449d;RP SCHKO České středohoří;AOPK ČR - RP SCHKO České středohoří;2022-04-27;2022-04-27;11795831;2022-04-27;0;STA_POKRSTAR;NA;val;val;ne;lok;0;0, do 5 %, 5-25 %;neznámý;NA
2022;CZ0422075;Borečský vrch;Pulsatilla patens;Cévnaté rostliny;2587, Bílinka;2587, Bílinka;5449d;RP SCHKO České středohoří;AOPK ČR - RP SCHKO České středohoří;2022-04-27;2022-04-27;11795831;2022-04-27;0;STA_POKRYVNOSTEXPANZNI;NA;val;val;ne;lok;0;0, do 5 %, 5-25 %;neznámý;NA
2022;CZ0422075;Borečský vrch;Pulsatilla patens;Cévnaté rostliny;2587, Bílinka;2587, Bílinka;5449d;RP SCHKO České středohoří;AOPK ČR - RP SCHKO České středohoří;2022-04-27;2022-04-27;11795831;2022-04-27;0;STA_POKRYVNOSTINVAZNI;NA;val;val;ne;lok;0;0, do 5 %;neznámý;NA
2020;CZ0422075;Borečský vrch;Pulsatilla patens;Cévnaté rostliny;Boreč;Boreč;5449d;RP SCHKO České středohoří;AOPK ČR - RP SCHKO České středohoří;2020-05-19;2020-05-19;11092083;2020-05-19;0;CELKOVE_HODNOCENI;NA;NA;NA;NA;lok;NA;NA;špatný;0
2020;CZ0422075;Borečský vrch;Pulsatilla patens;Cévnaté rostliny;Boreč;Boreč;5449d;RP SCHKO České středohoří;AOPK ČR - RP SCHKO České středohoří;2020-05-19;2020-05-19;11092083;2020-05-19;0;CELKOVE_SUM;NA;NA;NA;NA;NA;;;3;NA
2020;CZ0422075;Borečský vrch;Pulsatilla patens;Cévnaté rostliny;Boreč;Boreč;5449d;RP SCHKO České středohoří;AOPK ČR - RP SCHKO České středohoří;2020-05-19;2020-05-19;11092083;2020-05-19;0;POP_POCET;trsů;min;minmax;ano;lok;70;alespoň 70 trsů;0;0
2020;CZ0422075;Borečský vrch;Pulsatilla patens;Cévnaté rostliny;Boreč;Boreč;5449d;RP SCHKO České středohoří;AOPK ČR - RP SCHKO České středohoří;2020-05-19;2020-05-19;11092083;2020-05-19;0;POP_POSKPERC;počet trsů;max;minmax;ne;lok;1;nejvýš 1 počet trsů;0;1
2020;CZ0422075;Borečský vrch;Pulsatilla patens;Cévnaté rostliny;Boreč;Boreč;5449d;RP SCHKO České středohoří;AOPK ČR - RP SCHKO České středohoří;2020-05-19;2020-05-19;11092083;2020-05-19;0;POP_POSKPOC;počet typů poškození rostlin;max;minmax;ne;lok;2;nejvýš 2 počet typů poškození rostlin;0;1
2020;CZ0422075;Borečský vrch;Pulsatilla patens;Cévnaté rostliny;Boreč;Boreč;5449d;RP SCHKO České středohoří;AOPK ČR - RP SCHKO České středohoří;2020-05-19;2020-05-19;11092083;2020-05-19;0;POP_TREND;posledních dvou let s menším počtem jedinců než je referenční hodnota;max;minmax;ano;lok;1;nejvýš 1 posledních dvou let s menším počtem jedinců než je referenční hodnota;0;1
2020;CZ0422075;Borečský vrch;Pulsatilla patens;Cévnaté rostliny;Boreč;Boreč;5449d;RP SCHKO České středohoří;AOPK ČR - RP SCHKO České středohoří;2020-05-19;2020-05-19;11092083;2020-05-19;0;POP_VITAL;% počtu trsů;min;minmax;ano;lok;30;alespoň 30 % počtu trsů;neznámý;NA
2020;CZ0422075;Borečský vrch;Pulsatilla patens;Cévnaté rostliny;Boreč;Boreč;5449d;RP SCHKO České středohoří;AOPK ČR - RP SCHKO České středohoří;2020-05-19;2020-05-19;11092083;2020-05-19;0;STA_POKRDREV;NA;val;val;ne;lok;0;0, do 5 %, 5-25 %;neznámý;NA
2020;CZ0422075;Borečský vrch;Pulsatilla patens;Cévnaté rostliny;Boreč;Boreč;5449d;RP SCHKO České středohoří;AOPK ČR - RP SCHKO České středohoří;2020-05-19;2020-05-19;11092083;2020-05-19;0;STA_POKRSTAR;NA;val;val;ne;lok;0;0, do 5 %, 5-25 %;neznámý;NA
2020;CZ0422075;Borečský vrch;Pulsatilla patens;Cévnaté rostliny;Boreč;Boreč;5449d;RP SCHKO České středohoří;AOPK ČR - RP SCHKO České středohoří;2020-05-19;2020-05-19;11092083;2020-05-19;0;STA_POKRYVNOSTEXPANZNI;NA;val;val;ne;lok;0;0, do 5 %, 5-25 %;neznámý;NA
2020;CZ0422075;Borečský vrch;Pulsatilla patens;Cévnaté rostliny;Boreč;Boreč;5449d;RP SCHKO České středohoří;AOPK ČR - RP SCHKO České středohoří;2020-05-19;2020-05-19;11092083;2020-05-19;0;STA_POKRYVNOSTINVAZNI;NA;val;val;ne;lok;0;0, do 5 %;neznámý;NA
2018;CZ0422075;Borečský vrch;Pulsatilla patens;Cévnaté rostliny;Boreč u Lovosic;Boreč u Lovosic;5449d;RP SCHKO České středohoří;AOPK ČR - RP SCHKO České středohoří;2018-04-23;2018-04-23;10548321;2018-04-23;0;CELKOVE_HODNOCENI;NA;NA;NA;NA;lok;NA;NA;špatný;0
2018;CZ0422075;Borečský vrch;Pulsatilla patens;Cévnaté rostliny;Boreč u Lovosic;Boreč u Lovosic;5449d;RP SCHKO České středohoří;AOPK ČR - RP SCHKO České středohoří;2018-04-23;2018-04-23;10548321;2018-04-23;0;CELKOVE_SUM;NA;NA;NA;NA;NA;;;3;NA
2018;CZ0422075;Borečský vrch;Pulsatilla patens;Cévnaté rostliny;Boreč u Lovosic;Boreč u Lovosic;5449d;RP SCHKO České středohoří;AOPK ČR - RP SCHKO České středohoří;2018-04-23;2018-04-23;10548321;2018-04-23;0;POP_POCET;trsů;min;minmax;ano;lok;70;alespoň 70 trsů;0;0
2018;CZ0422075;Borečský vrch;Pulsatilla patens;Cévnaté rostliny;Boreč u Lovosic;Boreč u Lovosic;5449d;RP SCHKO České středohoří;AOPK ČR - RP SCHKO České středohoří;2018-04-23;2018-04-23;10548321;2018-04-23;0;POP_POSKPERC;počet trsů;max;minmax;ne;lok;1;nejvýš 1 počet trsů;0;1
2018;CZ0422075;Borečský vrch;Pulsatilla patens;Cévnaté rostliny;Boreč u Lovosic;Boreč u Lovosic;5449d;RP SCHKO České středohoří;AOPK ČR - RP SCHKO České středohoří;2018-04-23;2018-04-23;10548321;2018-04-23;0;POP_POSKPOC;počet typů poškození rostlin;max;minmax;ne;lok;2;nejvýš 2 počet typů poškození rostlin;0;1
2018;CZ0422075;Borečský vrch;Pulsatilla patens;Cévnaté rostliny;Boreč u Lovosic;Boreč u Lovosic;5449d;RP SCHKO České středohoří;AOPK ČR - RP SCHKO České středohoří;2018-04-23;2018-04-23;10548321;2018-04-23;0;POP_TREND;posledních dvou let s menším počtem jedinců než je referenční hodnota;max;minmax;ano;lok;1;nejvýš 1 posledních dvou let s menším počtem jedinců než je referenční hodnota;0;1
2018;CZ0422075;Borečský vrch;Pulsatilla patens;Cévnaté rostliny;Boreč u Lovosic;Boreč u Lovosic;5449d;RP SCHKO České středohoří;AOPK ČR - RP SCHKO České středohoří;2018-04-23;2018-04-23;10548321;2018-04-23;0;POP_VITAL;% počtu trsů;min;minmax;ano;lok;30;alespoň 30 % počtu trsů;neznámý;NA
2018;CZ0422075;Borečský vrch;Pulsatilla patens;Cévnaté rostliny;Boreč u Lovosic;Boreč u Lovosic;5449d;RP SCHKO České středohoří;AOPK ČR - RP SCHKO České středohoří;2018-04-23;2018-04-23;10548321;2018-04-23;0;STA_POKRDREV;NA;val;val;ne;lok;0;0, do 5 %, 5-25 %;neznámý;NA
2018;CZ0422075;Borečský vrch;Pulsatilla patens;Cévnaté rostliny;Boreč u Lovosic;Boreč u Lovosic;5449d;RP SCHKO České středohoří;AOPK ČR - RP SCHKO České středohoří;2018-04-23;2018-04-23;10548321;2018-04-23;0;STA_POKRSTAR;NA;val;val;ne;lok;0;0, do 5 %, 5-25 %;neznámý;NA
2018;CZ0422075;Borečský vrch;Pulsatilla patens;Cévnaté rostliny;Boreč u Lovosic;Boreč u Lovosic;5449d;RP SCHKO České středohoří;AOPK ČR - RP SCHKO České středohoří;2018-04-23;2018-04-23;10548321;2018-04-23;0;STA_POKRYVNOSTEXPANZNI;NA;val;val;ne;lok;0;0, do 5 %, 5-25 %;neznámý;NA
2018;CZ0422075;Borečský vrch;Pulsatilla patens;Cévnaté rostliny;Boreč u Lovosic;Boreč u Lovosic;5449d;RP SCHKO České středohoří;AOPK ČR - RP SCHKO České středohoří;2018-04-23;2018-04-23;10548321;2018-04-23;0;STA_POKRYVNOSTINVAZNI;NA;val;val;ne;lok;0;0, do 5 %;neznámý;NA
2015;CZ0422075;Borečský vrch;Pulsatilla patens;Cévnaté rostliny;Boreč u Lovosic_33220352;Boreč u Lovosic_33220352;5449d;RP SCHKO České středohoří;AOPK ČR - RP SCHKO České středohoří;2015-04-19;2015-04-19;9765532;2015-04-19;0;CELKOVE_HODNOCENI;NA;NA;NA;NA;lok;NA;NA;špatný;0
2015;CZ0422075;Borečský vrch;Pulsatilla patens;Cévnaté rostliny;Boreč u Lovosic_33220352;Boreč u Lovosic_33220352;5449d;RP SCHKO České středohoří;AOPK ČR - RP SCHKO České středohoří;2015-04-19;2015-04-19;9765532;2015-04-19;0;CELKOVE_SUM;NA;NA;NA;NA;NA;;;3;NA
2015;CZ0422075;Borečský vrch;Pulsatilla patens;Cévnaté rostliny;Boreč u Lovosic_33220352;Boreč u Lovosic_33220352;5449d;RP SCHKO České středohoří;AOPK ČR - RP SCHKO České středohoří;2015-04-19;2015-04-19;9765532;2015-04-19;0;POP_POCET;trsů;min;minmax;ano;lok;70;alespoň 70 trsů;0;0
2015;CZ0422075;Borečský vrch;Pulsatilla patens;Cévnaté rostliny;Boreč u Lovosic_33220352;Boreč u Lovosic_33220352;5449d;RP SCHKO České středohoří;AOPK ČR - RP SCHKO České středohoří;2015-04-19;2015-04-19;9765532;2015-04-19;0;POP_POSKPERC;počet trsů;max;minmax;ne;lok;1;nejvýš 1 počet trsů;0;1
2015;CZ0422075;Borečský vrch;Pulsatilla patens;Cévnaté rostliny;Boreč u Lovosic_33220352;Boreč u Lovosic_33220352;5449d;RP SCHKO České středohoří;AOPK ČR - RP SCHKO České středohoří;2015-04-19;2015-04-19;9765532;2015-04-19;0;POP_POSKPOC;počet typů poškození rostlin;max;minmax;ne;lok;2;nejvýš 2 počet typů poškození rostlin;0;1
2015;CZ0422075;Borečský vrch;Pulsatilla patens;Cévnaté rostliny;Boreč u Lovosic_33220352;Boreč u Lovosic_33220352;5449d;RP SCHKO České středohoří;AOPK ČR - RP SCHKO České středohoří;2015-04-19;2015-04-19;9765532;2015-04-19;0;POP_TREND;posledních dvou let s menším počtem jedinců než je referenční hodnota;max;minmax;ano;lok;1;nejvýš 1 posledních dvou let s menším počtem jedinců než je referenční hodnota;0;1
2015;CZ0422075;Borečský vrch;Pulsatilla patens;Cévnaté rostliny;Boreč u Lovosic_33220352;Boreč u Lovosic_33220352;5449d;RP SCHKO České středohoří;AOPK ČR - RP SCHKO České středohoří;2015-04-19;2015-04-19;9765532;2015-04-19;0;POP_VITAL;% počtu trsů;min;minmax;ano;lok;30;alespoň 30 % počtu trsů;neznámý;NA
2015;CZ0422075;Borečský vrch;Pulsatilla patens;Cévnaté rostliny;Boreč u Lovosic_33220352;Boreč u Lovosic_33220352;5449d;RP SCHKO České středohoří;AOPK ČR - RP SCHKO České středohoří;2015-04-19;2015-04-19;9765532;2015-04-19;0;STA_POKRDREV;NA;val;val;ne;lok;0;0, do 5 %, 5-25 %;neznámý;NA
2015;CZ0422075;Borečský vrch;Pulsatilla patens;Cévnaté rostliny;Boreč u Lovosic_33220352;Boreč u Lovosic_33220352;5449d;RP SCHKO České středohoří;AOPK ČR - RP SCHKO České středohoří;2015-04-19;2015-04-19;9765532;2015-04-19;0;STA_POKRSTAR;NA;val;val;ne;lok;0;0, do 5 %, 5-25 %;neznámý;NA
2015;CZ0422075;Borečský vrch;Pulsatilla patens;Cévnaté rostliny;Boreč u Lovosic_33220352;Boreč u Lovosic_33220352;5449d;RP SCHKO České středohoří;AOPK ČR - RP SCHKO České středohoří;2015-04-19;2015-04-19;9765532;2015-04-19;0;STA_POKRYVNOSTEXPANZNI;NA;val;val;ne;lok;0;0, do 5 %, 5-25 %;neznámý;NA
2015;CZ0422075;Borečský vrch;Pulsatilla patens;Cévnaté rostliny;Boreč u Lovosic_33220352;Boreč u Lovosic_33220352;5449d;RP SCHKO České středohoří;AOPK ČR - RP SCHKO České středohoří;2015-04-19;2015-04-19;9765532;2015-04-19;0;STA_POKRYVNOSTINVAZNI;NA;val;val;ne;lok;0;0, do 5 %;neznámý;NA
2015;CZ0422075;Borečský vrch;Pulsatilla patens;Cévnaté rostliny;Boreč u Lovosic_33220358;Boreč u Lovosic_33220358;5449d;RP SCHKO České středohoří;AOPK ČR - RP SCHKO České středohoří;2015-04-19;2015-04-19;9765538;2015-04-19;0;CELKOVE_HODNOCENI;NA;NA;NA;NA;lok;NA;NA;špatný;0
2015;CZ0422075;Borečský vrch;Pulsatilla patens;Cévnaté rostliny;Boreč u Lovosic_33220358;Boreč u Lovosic_33220358;5449d;RP SCHKO České středohoří;AOPK ČR - RP SCHKO České středohoří;2015-04-19;2015-04-19;9765538;2015-04-19;0;CELKOVE_SUM;NA;NA;NA;NA;NA;;;3;NA
2015;CZ0422075;Borečský vrch;Pulsatilla patens;Cévnaté rostliny;Boreč u Lovosic_33220358;Boreč u Lovosic_33220358;5449d;RP SCHKO České středohoří;AOPK ČR - RP SCHKO České středohoří;2015-04-19;2015-04-19;9765538;2015-04-19;0;POP_POCET;trsů;min;minmax;ano;lok;70;alespoň 70 trsů;0;0
2015;CZ0422075;Borečský vrch;Pulsatilla patens;Cévnaté rostliny;Boreč u Lovosic_33220358;Boreč u Lovosic_33220358;5449d;RP SCHKO České středohoří;AOPK ČR - RP SCHKO České středohoří;2015-04-19;2015-04-19;9765538;2015-04-19;0;POP_POSKPERC;počet trsů;max;minmax;ne;lok;1;nejvýš 1 počet trsů;0;1
2015;CZ0422075;Borečský vrch;Pulsatilla patens;Cévnaté rostliny;Boreč u Lovosic_33220358;Boreč u Lovosic_33220358;5449d;RP SCHKO České středohoří;AOPK ČR - RP SCHKO České středohoří;2015-04-19;2015-04-19;9765538;2015-04-19;0;POP_POSKPOC;počet typů poškození rostlin;max;minmax;ne;lok;2;nejvýš 2 počet typů poškození rostlin;0;1
2015;CZ0422075;Borečský vrch;Pulsatilla patens;Cévnaté rostliny;Boreč u Lovosic_33220358;Boreč u Lovosic_33220358;5449d;RP SCHKO České středohoří;AOPK ČR - RP SCHKO České středohoří;2015-04-19;2015-04-19;9765538;2015-04-19;0;POP_TREND;posledních dvou let s menším počtem jedinců než je referenční hodnota;max;minmax;ano;lok;1;nejvýš 1 posledních dvou let s menším počtem jedinců než je referenční hodnota;0;1
2015;CZ0422075;Borečský vrch;Pulsatilla patens;Cévnaté rostliny;Boreč u Lovosic_33220358;Boreč u Lovosic_33220358;5449d;RP SCHKO České středohoří;AOPK ČR - RP SCHKO České středohoří;2015-04-19;2015-04-19;9765538;2015-04-19;0;POP_VITAL;% počtu trsů;min;minmax;ano;lok;30;alespoň 30 % počtu trsů;neznámý;NA
2015;CZ0422075;Borečský vrch;Pulsatilla patens;Cévnaté rostliny;Boreč u Lovosic_33220358;Boreč u Lovosic_33220358;5449d;RP SCHKO České středohoří;AOPK ČR - RP SCHKO České středohoří;2015-04-19;2015-04-19;9765538;2015-04-19;0;STA_POKRDREV;NA;val;val;ne;lok;0;0, do 5 %, 5-25 %;neznámý;NA
2015;CZ0422075;Borečský vrch;Pulsatilla patens;Cévnaté rostliny;Boreč u Lovosic_33220358;Boreč u Lovosic_33220358;5449d;RP SCHKO České středohoří;AOPK ČR - RP SCHKO České středohoří;2015-04-19;2015-04-19;9765538;2015-04-19;0;STA_POKRSTAR;NA;val;val;ne;lok;0;0, do 5 %, 5-25 %;neznámý;NA
2015;CZ0422075;Borečský vrch;Pulsatilla patens;Cévnaté rostliny;Boreč u Lovosic_33220358;Boreč u Lovosic_33220358;5449d;RP SCHKO České středohoří;AOPK ČR - RP SCHKO České středohoří;2015-04-19;2015-04-19;9765538;2015-04-19;0;STA_POKRYVNOSTEXPANZNI;NA;val;val;ne;lok;0;0, do 5 %, 5-25 %;neznámý;NA
2015;CZ0422075;Borečský vrch;Pulsatilla patens;Cévnaté rostliny;Boreč u Lovosic_33220358;Boreč u Lovosic_33220358;5449d;RP SCHKO České středohoří;AOPK ČR - RP SCHKO České středohoří;2015-04-19;2015-04-19;9765538;2015-04-19;0;STA_POKRYVNOSTINVAZNI;NA;val;val;ne;lok;0;0, do 5 %;neznámý;NA
2021;CZ0422075;Borečský vrch;Pulsatilla patens;Cévnaté rostliny;Borečský vrch;Borečský vrch;5449d;RP SCHKO České středohoří;AOPK ČR - RP SCHKO České středohoří;2009-04-21;2021-05-21;11772536;2021-05-21;1;CELKOVE_HODNOCENI;NA;NA;NA;NA;lok;NA;NA;špatný;0
2021;CZ0422075;Borečský vrch;Pulsatilla patens;Cévnaté rostliny;Borečský vrch;Borečský vrch;5449d;RP SCHKO České středohoří;AOPK ČR - RP SCHKO České středohoří;2009-04-21;2021-05-21;11772536;2021-05-21;1;CELKOVE_SUM;NA;NA;NA;NA;NA;;;2;NA
2021;CZ0422075;Borečský vrch;Pulsatilla patens;Cévnaté rostliny;Borečský vrch;Borečský vrch;5449d;RP SCHKO České středohoří;AOPK ČR - RP SCHKO České středohoří;2009-04-21;2021-05-21;11772536;2021-05-21;1;POP_POCET;trsů;min;minmax;ano;lok;70;alespoň 70 trsů;0;0
2021;CZ0422075;Borečský vrch;Pulsatilla patens;Cévnaté rostliny;Borečský vrch;Borečský vrch;5449d;RP SCHKO České středohoří;AOPK ČR - RP SCHKO České středohoří;2009-04-21;2021-05-21;11772536;2021-05-21;1;POP_POSKPERC;počet trsů;max;minmax;ne;lok;1;nejvýš 1 počet trsů;0;1
2021;CZ0422075;Borečský vrch;Pulsatilla patens;Cévnaté rostliny;Borečský vrch;Borečský vrch;5449d;RP SCHKO České středohoří;AOPK ČR - RP SCHKO České středohoří;2009-04-21;2021-05-21;11772536;2021-05-21;1;POP_POSKPOC;počet typů poškození rostlin;max;minmax;ne;lok;2;nejvýš 2 počet typů poškození rostlin;0;1
2021;CZ0422075;Borečský vrch;Pulsatilla patens;Cévnaté rostliny;Borečský vrch;Borečský vrch;5449d;RP SCHKO České středohoří;AOPK ČR - RP SCHKO České středohoří;2009-04-21;2021-05-21;11772536;2021-05-21;1;POP_TREND;posledních dvou let s menším počtem jedinců než je referenční hodnota;max;minmax;ano;lok;1;nejvýš 1 posledních dvou let s menším počtem jedinců než je referenční hodnota;2;0
2021;CZ0422075;Borečský vrch;Pulsatilla patens;Cévnaté rostliny;Borečský vrch;Borečský vrch;5449d;RP SCHKO České středohoří;AOPK ČR - RP SCHKO České středohoří;2009-04-21;2021-05-21;11772536;2021-05-21;1;POP_VITAL;% počtu trsů;min;minmax;ano;lok;30;alespoň 30 % počtu trsů;neznámý;NA
2021;CZ0422075;Borečský vrch;Pulsatilla patens;Cévnaté rostliny;Borečský vrch;Borečský vrch;5449d;RP SCHKO České středohoří;AOPK ČR - RP SCHKO České středohoří;2009-04-21;2021-05-21;11772536;2021-05-21;1;STA_POKRDREV;NA;val;val;ne;lok;0;0, do 5 %, 5-25 %;neznámý;NA
2021;CZ0422075;Borečský vrch;Pulsatilla patens;Cévnaté rostliny;Borečský vrch;Borečský vrch;5449d;RP SCHKO České středohoří;AOPK ČR - RP SCHKO České středohoří;2009-04-21;2021-05-21;11772536;2021-05-21;1;STA_POKRSTAR;NA;val;val;ne;lok;0;0, do 5 %, 5-25 %;neznámý;NA
2021;CZ0422075;Borečský vrch;Pulsatilla patens;Cévnaté rostliny;Borečský vrch;Borečský vrch;5449d;RP SCHKO České středohoří;AOPK ČR - RP SCHKO České středohoří;2009-04-21;2021-05-21;11772536;2021-05-21;1;STA_POKRYVNOSTEXPANZNI;NA;val;val;ne;lok;0;0, do 5 %, 5-25 %;neznámý;NA
2021;CZ0422075;Borečský vrch;Pulsatilla patens;Cévnaté rostliny;Borečský vrch;Borečský vrch;5449d;RP SCHKO České středohoří;AOPK ČR - RP SCHKO České středohoří;2009-04-21;2021-05-21;11772536;2021-05-21;1;STA_POKRYVNOSTINVAZNI;NA;val;val;ne;lok;0;0, do 5 %;neznámý;NA
2019;CZ0422075;Borečský vrch;Pulsatilla patens;Cévnaté rostliny;EVL Borečský vrch, snímek 2 - plocha v lomu s P. patens;EVL Borečský vrch, snímek 2 - plocha v lomu s P. patens;5449d;RP SCHKO České středohoří;AOPK ČR - RP SCHKO České středohoří;2018-07-24;2019-08-08;12029694;2019-08-08;0;CELKOVE_HODNOCENI;NA;NA;NA;NA;lok;NA;NA;špatný;0
2019;CZ0422075;Borečský vrch;Pulsatilla patens;Cévnaté rostliny;EVL Borečský vrch, snímek 2 - plocha v lomu s P. patens;EVL Borečský vrch, snímek 2 - plocha v lomu s P. patens;5449d;RP SCHKO České středohoří;AOPK ČR - RP SCHKO České středohoří;2018-07-24;2019-08-08;12029694;2019-08-08;0;CELKOVE_SUM;NA;NA;NA;NA;NA;;;3;NA
2019;CZ0422075;Borečský vrch;Pulsatilla patens;Cévnaté rostliny;EVL Borečský vrch, snímek 2 - plocha v lomu s P. patens;EVL Borečský vrch, snímek 2 - plocha v lomu s P. patens;5449d;RP SCHKO České středohoří;AOPK ČR - RP SCHKO České středohoří;2018-07-24;2019-08-08;12029694;2019-08-08;0;POP_POCET;trsů;min;minmax;ano;lok;70;alespoň 70 trsů;0;0
2019;CZ0422075;Borečský vrch;Pulsatilla patens;Cévnaté rostliny;EVL Borečský vrch, snímek 2 - plocha v lomu s P. patens;EVL Borečský vrch, snímek 2 - plocha v lomu s P. patens;5449d;RP SCHKO České středohoří;AOPK ČR - RP SCHKO České středohoří;2018-07-24;2019-08-08;12029694;2019-08-08;0;POP_POSKPERC;počet trsů;max;minmax;ne;lok;1;nejvýš 1 počet trsů;0;1
2019;CZ0422075;Borečský vrch;Pulsatilla patens;Cévnaté rostliny;EVL Borečský vrch, snímek 2 - plocha v lomu s P. patens;EVL Borečský vrch, snímek 2 - plocha v lomu s P. patens;5449d;RP SCHKO České středohoří;AOPK ČR - RP SCHKO České středohoří;2018-07-24;2019-08-08;12029694;2019-08-08;0;POP_POSKPOC;počet typů poškození rostlin;max;minmax;ne;lok;2;nejvýš 2 počet typů poškození rostlin;0;1
2019;CZ0422075;Borečský vrch;Pulsatilla patens;Cévnaté rostliny;EVL Borečský vrch, snímek 2 - plocha v lomu s P. patens;EVL Borečský vrch, snímek 2 - plocha v lomu s P. patens;5449d;RP SCHKO České středohoří;AOPK ČR - RP SCHKO České středohoří;2018-07-24;2019-08-08;12029694;2019-08-08;0;POP_TREND;posledních dvou let s menším počtem jedinců než je referenční hodnota;max;minmax;ano;lok;1;nejvýš 1 posledních dvou let s menším počtem jedinců než je referenční hodnota;0;1
2019;CZ0422075;Borečský vrch;Pulsatilla patens;Cévnaté rostliny;EVL Borečský vrch, snímek 2 - plocha v lomu s P. patens;EVL Borečský vrch, snímek 2 - plocha v lomu s P. patens;5449d;RP SCHKO České středohoří;AOPK ČR - RP SCHKO České středohoří;2018-07-24;2019-08-08;12029694;2019-08-08;0;POP_VITAL;% počtu trsů;min;minmax;ano;lok;30;alespoň 30 % počtu trsů;neznámý;NA
2019;CZ0422075;Borečský vrch;Pulsatilla patens;Cévnaté rostliny;EVL Borečský vrch, snímek 2 - plocha v lomu s P. patens;EVL Borečský vrch, snímek 2 - plocha v lomu s P. patens;5449d;RP SCHKO České středohoří;AOPK ČR - RP SCHKO České středohoří;2018-07-24;2019-08-08;12029694;2019-08-08;0;STA_POKRDREV;NA;val;val;ne;lok;0;0, do 5 %, 5-25 %;neznámý;NA
2019;CZ0422075;Borečský vrch;Pulsatilla patens;Cévnaté rostliny;EVL Borečský vrch, snímek 2 - plocha v lomu s P. patens;EVL Borečský vrch, snímek 2 - plocha v lomu s P. patens;5449d;RP SCHKO České středohoří;AOPK ČR - RP SCHKO České středohoří;2018-07-24;2019-08-08;12029694;2019-08-08;0;STA_POKRSTAR;NA;val;val;ne;lok;0;0, do 5 %, 5-25 %;neznámý;NA
2019;CZ0422075;Borečský vrch;Pulsatilla patens;Cévnaté rostliny;EVL Borečský vrch, snímek 2 - plocha v lomu s P. patens;EVL Borečský vrch, snímek 2 - plocha v lomu s P. patens;5449d;RP SCHKO České středohoří;AOPK ČR - RP SCHKO České středohoří;2018-07-24;2019-08-08;12029694;2019-08-08;0;STA_POKRYVNOSTEXPANZNI;NA;val;val;ne;lok;0;0, do 5 %, 5-25 %;neznámý;NA
2019;CZ0422075;Borečský vrch;Pulsatilla patens;Cévnaté rostliny;EVL Borečský vrch, snímek 2 - plocha v lomu s P. patens;EVL Borečský vrch, snímek 2 - plocha v lomu s P. patens;5449d;RP SCHKO České středohoří;AOPK ČR - RP SCHKO České středohoří;2018-07-24;2019-08-08;12029694;2019-08-08;0;STA_POKRYVNOSTINVAZNI;NA;val;val;ne;lok;0;0, do 5 %;neznámý;NA
2020;CZ0422075;Borečský vrch;Pulsatilla patens;Cévnaté rostliny;EVL Borečský vrch, snímek 2 - plocha v lomu s P. patens - kontrolní;EVL Borečský vrch, snímek 2 - plocha v lomu s P. patens - kontrolní;5449d;RP SCHKO České středohoří;AOPK ČR - RP SCHKO České středohoří;2020-07-15;2020-07-15;12029695;2020-07-15;0;CELKOVE_HODNOCENI;NA;NA;NA;NA;lok;NA;NA;špatný;0
2020;CZ0422075;Borečský vrch;Pulsatilla patens;Cévnaté rostliny;EVL Borečský vrch, snímek 2 - plocha v lomu s P. patens - kontrolní;EVL Borečský vrch, snímek 2 - plocha v lomu s P. patens - kontrolní;5449d;RP SCHKO České středohoří;AOPK ČR - RP SCHKO České středohoří;2020-07-15;2020-07-15;12029695;2020-07-15;0;CELKOVE_SUM;NA;NA;NA;NA;NA;;;3;NA
2020;CZ0422075;Borečský vrch;Pulsatilla patens;Cévnaté rostliny;EVL Borečský vrch, snímek 2 - plocha v lomu s P. patens - kontrolní;EVL Borečský vrch, snímek 2 - plocha v lomu s P. patens - kontrolní;5449d;RP SCHKO České středohoří;AOPK ČR - RP SCHKO České středohoří;2020-07-15;2020-07-15;12029695;2020-07-15;0;POP_POCET;trsů;min;minmax;ano;lok;70;alespoň 70 trsů;0;0
2020;CZ0422075;Borečský vrch;Pulsatilla patens;Cévnaté rostliny;EVL Borečský vrch, snímek 2 - plocha v lomu s P. patens - kontrolní;EVL Borečský vrch, snímek 2 - plocha v lomu s P. patens - kontrolní;5449d;RP SCHKO České středohoří;AOPK ČR - RP SCHKO České středohoří;2020-07-15;2020-07-15;12029695;2020-07-15;0;POP_POSKPERC;počet trsů;max;minmax;ne;lok;1;nejvýš 1 počet trsů;0;1
2020;CZ0422075;Borečský vrch;Pulsatilla patens;Cévnaté rostliny;EVL Borečský vrch, snímek 2 - plocha v lomu s P. patens - kontrolní;EVL Borečský vrch, snímek 2 - plocha v lomu s P. patens - kontrolní;5449d;RP SCHKO České středohoří;AOPK ČR - RP SCHKO České středohoří;2020-07-15;2020-07-15;12029695;2020-07-15;0;POP_POSKPOC;počet typů poškození rostlin;max;minmax;ne;lok;2;nejvýš 2 počet typů poškození rostlin;0;1
2020;CZ0422075;Borečský vrch;Pulsatilla patens;Cévnaté rostliny;EVL Borečský vrch, snímek 2 - plocha v lomu s P. patens - kontrolní;EVL Borečský vrch, snímek 2 - plocha v lomu s P. patens - kontrolní;5449d;RP SCHKO České středohoří;AOPK ČR - RP SCHKO České středohoří;2020-07-15;2020-07-15;12029695;2020-07-15;0;POP_TREND;posledních dvou let s menším počtem jedinců než je referenční hodnota;max;minmax;ano;lok;1;nejvýš 1 posledních dvou let s menším počtem jedinců než je referenční hodnota;0;1
2020;CZ0422075;Borečský vrch;Pulsatilla patens;Cévnaté rostliny;EVL Borečský vrch, snímek 2 - plocha v lomu s P. patens - kontrolní;EVL Borečský vrch, snímek 2 - plocha v lomu s P. patens - kontrolní;5449d;RP SCHKO České středohoří;AOPK ČR - RP SCHKO České středohoří;2020-07-15;2020-07-15;12029695;2020-07-15;0;POP_VITAL;% počtu trsů;min;minmax;ano;lok;30;alespoň 30 % počtu trsů;neznámý;NA
2020;CZ0422075;Borečský vrch;Pulsatilla patens;Cévnaté rostliny;EVL Borečský vrch, snímek 2 - plocha v lomu s P. patens - kontrolní;EVL Borečský vrch, snímek 2 - plocha v lomu s P. patens - kontrolní;5449d;RP SCHKO České středohoří;AOPK ČR - RP SCHKO České středohoří;2020-07-15;2020-07-15;12029695;2020-07-15;0;STA_POKRDREV;NA;val;val;ne;lok;0;0, do 5 %, 5-25 %;neznámý;NA
2020;CZ0422075;Borečský vrch;Pulsatilla patens;Cévnaté rostliny;EVL Borečský vrch, snímek 2 - plocha v lomu s P. patens - kontrolní;EVL Borečský vrch, snímek 2 - plocha v lomu s P. patens - kontrolní;5449d;RP SCHKO České středohoří;AOPK ČR - RP SCHKO České středohoří;2020-07-15;2020-07-15;12029695;2020-07-15;0;STA_POKRSTAR;NA;val;val;ne;lok;0;0, do 5 %, 5-25 %;neznámý;NA
2020;CZ0422075;Borečský vrch;Pulsatilla patens;Cévnaté rostliny;EVL Borečský vrch, snímek 2 - plocha v lomu s P. patens - kontrolní;EVL Borečský vrch, snímek 2 - plocha v lomu s P. patens - kontrolní;5449d;RP SCHKO České středohoří;AOPK ČR - RP SCHKO České středohoří;2020-07-15;2020-07-15;12029695;2020-07-15;0;STA_POKRYVNOSTEXPANZNI;NA;val;val;ne;lok;0;0, do 5 %, 5-25 %;neznámý;NA
2020;CZ0422075;Borečský vrch;Pulsatilla patens;Cévnaté rostliny;EVL Borečský vrch, snímek 2 - plocha v lomu s P. patens - kontrolní;EVL Borečský vrch, snímek 2 - plocha v lomu s P. patens - kontrolní;5449d;RP SCHKO České středohoří;AOPK ČR - RP SCHKO České středohoří;2020-07-15;2020-07-15;12029695;2020-07-15;0;STA_POKRYVNOSTINVAZNI;NA;val;val;ne;lok;0;0, do 5 %;neznámý;NA
2024;CZ0422075;Borečský vrch;Pulsatilla patens;Cévnaté rostliny;Ppat017;Borečský vrch;5449d;RP SCHKO České středohoří;AOPK ČR - RP SCHKO České středohoří;2022-05-16;2024-04-29;13437599;2024-04-29;1;CELKOVE_HODNOCENI;NA;NA;NA;NA;lok;NA;NA;špatný;0
2024;CZ0422075;Borečský vrch;Pulsatilla patens;Cévnaté rostliny;Ppat017;Borečský vrch;5449d;RP SCHKO České středohoří;AOPK ČR - RP SCHKO České středohoří;2022-05-16;2024-04-29;13437599;2024-04-29;1;CELKOVE_SUM;NA;NA;NA;NA;NA;;;5;NA
2024;CZ0422075;Borečský vrch;Pulsatilla patens;Cévnaté rostliny;Ppat017;Borečský vrch;5449d;RP SCHKO České středohoří;AOPK ČR - RP SCHKO České středohoří;2022-05-16;2024-04-29;13437599;2024-04-29;1;POP_POCET;trsů;min;minmax;ano;lok;70;alespoň 70 trsů;67;0
2024;CZ0422075;Borečský vrch;Pulsatilla patens;Cévnaté rostliny;Ppat017;Borečský vrch;5449d;RP SCHKO České středohoří;AOPK ČR - RP SCHKO České středohoří;2022-05-16;2024-04-29;13437599;2024-04-29;1;POP_POSKPERC;počet trsů;max;minmax;ne;lok;1;nejvýš 1 počet trsů;2;0
2024;CZ0422075;Borečský vrch;Pulsatilla patens;Cévnaté rostliny;Ppat017;Borečský vrch;5449d;RP SCHKO České středohoří;AOPK ČR - RP SCHKO České středohoří;2022-05-16;2024-04-29;13437599;2024-04-29;1;POP_POSKPOC;počet typů poškození rostlin;max;minmax;ne;lok;2;nejvýš 2 počet typů poškození rostlin;1;1
2024;CZ0422075;Borečský vrch;Pulsatilla patens;Cévnaté rostliny;Ppat017;Borečský vrch;5449d;RP SCHKO České středohoří;AOPK ČR - RP SCHKO České středohoří;2022-05-16;2024-04-29;13437599;2024-04-29;1;POP_TREND;posledních dvou let s menším počtem jedinců než je referenční hodnota;max;minmax;ano;lok;1;nejvýš 1 posledních dvou let s menším počtem jedinců než je referenční hodnota;0;1
2024;CZ0422075;Borečský vrch;Pulsatilla patens;Cévnaté rostliny;Ppat017;Borečský vrch;5449d;RP SCHKO České středohoří;AOPK ČR - RP SCHKO České středohoří;2022-05-16;2024-04-29;13437599;2024-04-29;1;POP_VITAL;% počtu trsů;min;minmax;ano;lok;30;alespoň 30 % počtu trsů;16.4179104477612;0
2024;CZ0422075;Borečský vrch;Pulsatilla patens;Cévnaté rostliny;Ppat017;Borečský vrch;5449d;RP SCHKO České středohoří;AOPK ČR - RP SCHKO České středohoří;2022-05-16;2024-04-29;13437599;2024-04-29;1;STA_POKRDREV;NA;val;val;ne;lok;0;0, do 5 %, 5-25 %;25-50 %;0
2024;CZ0422075;Borečský vrch;Pulsatilla patens;Cévnaté rostliny;Ppat017;Borečský vrch;5449d;RP SCHKO České středohoří;AOPK ČR - RP SCHKO České středohoří;2022-05-16;2024-04-29;13437599;2024-04-29;1;STA_POKRSTAR;NA;val;val;ne;lok;0;0, do 5 %, 5-25 %;do 5 %;1
2024;CZ0422075;Borečský vrch;Pulsatilla patens;Cévnaté rostliny;Ppat017;Borečský vrch;5449d;RP SCHKO České středohoří;AOPK ČR - RP SCHKO České středohoří;2022-05-16;2024-04-29;13437599;2024-04-29;1;STA_POKRYVNOSTEXPANZNI;NA;val;val;ne;lok;0;0, do 5 %, 5-25 %;0;1
2024;CZ0422075;Borečský vrch;Pulsatilla patens;Cévnaté rostliny;Ppat017;Borečský vrch;5449d;RP SCHKO České středohoří;AOPK ČR - RP SCHKO České středohoří;2022-05-16;2024-04-29;13437599;2024-04-29;1;STA_POKRYVNOSTINVAZNI;NA;val;val;ne;lok;0;0, do 5 %;0;1
2021;CZ0424030;Bezručovo údolí;Pulsatilla patens;Cévnaté rostliny;Krásná Lípa;Krásná Lípa;5546a;RP SCHKO Slavkovský les;Krajský úřad Ústeckého kraje;2009-04-14;2021-04-22;11773343;2021-04-22;1;CELKOVE_HODNOCENI;NA;NA;NA;NA;lok;NA;NA;špatný;0
2021;CZ0424030;Bezručovo údolí;Pulsatilla patens;Cévnaté rostliny;Krásná Lípa;Krásná Lípa;5546a;RP SCHKO Slavkovský les;Krajský úřad Ústeckého kraje;2009-04-14;2021-04-22;11773343;2021-04-22;1;CELKOVE_SUM;NA;NA;NA;NA;NA;;;2;NA
2021;CZ0424030;Bezručovo údolí;Pulsatilla patens;Cévnaté rostliny;Krásná Lípa;Krásná Lípa;5546a;RP SCHKO Slavkovský les;Krajský úřad Ústeckého kraje;2009-04-14;2021-04-22;11773343;2021-04-22;1;POP_POCET;trsů;min;minmax;ano;lok;70;alespoň 70 trsů;0;0
2021;CZ0424030;Bezručovo údolí;Pulsatilla patens;Cévnaté rostliny;Krásná Lípa;Krásná Lípa;5546a;RP SCHKO Slavkovský les;Krajský úřad Ústeckého kraje;2009-04-14;2021-04-22;11773343;2021-04-22;1;POP_POSKPERC;počet trsů;max;minmax;ne;lok;1;nejvýš 1 počet trsů;0;1
2021;CZ0424030;Bezručovo údolí;Pulsatilla patens;Cévnaté rostliny;Krásná Lípa;Krásná Lípa;5546a;RP SCHKO Slavkovský les;Krajský úřad Ústeckého kraje;2009-04-14;2021-04-22;11773343;2021-04-22;1;POP_POSKPOC;počet typů poškození rostlin;max;minmax;ne;lok;2;nejvýš 2 počet typů poškození rostlin;0;1
2021;CZ0424030;Bezručovo údolí;Pulsatilla patens;Cévnaté rostliny;Krásná Lípa;Krásná Lípa;5546a;RP SCHKO Slavkovský les;Krajský úřad Ústeckého kraje;2009-04-14;2021-04-22;11773343;2021-04-22;1;POP_TREND;posledních dvou let s menším počtem jedinců než je referenční hodnota;max;minmax;ano;lok;1;nejvýš 1 posledních dvou let s menším počtem jedinců než je referenční hodnota;2;0
2021;CZ0424030;Bezručovo údolí;Pulsatilla patens;Cévnaté rostliny;Krásná Lípa;Krásná Lípa;5546a;RP SCHKO Slavkovský les;Krajský úřad Ústeckého kraje;2009-04-14;2021-04-22;11773343;2021-04-22;1;POP_VITAL;% počtu trsů;min;minmax;ano;lok;30;alespoň 30 % počtu trsů;neznámý;NA
2021;CZ0424030;Bezručovo údolí;Pulsatilla patens;Cévnaté rostliny;Krásná Lípa;Krásná Lípa;5546a;RP SCHKO Slavkovský les;Krajský úřad Ústeckého kraje;2009-04-14;2021-04-22;11773343;2021-04-22;1;STA_POKRDREV;NA;val;val;ne;lok;0;0, do 5 %, 5-25 %;neznámý;NA
2021;CZ0424030;Bezručovo údolí;Pulsatilla patens;Cévnaté rostliny;Krásná Lípa;Krásná Lípa;5546a;RP SCHKO Slavkovský les;Krajský úřad Ústeckého kraje;2009-04-14;2021-04-22;11773343;2021-04-22;1;STA_POKRSTAR;NA;val;val;ne;lok;0;0, do 5 %, 5-25 %;neznámý;NA
2021;CZ0424030;Bezručovo údolí;Pulsatilla patens;Cévnaté rostliny;Krásná Lípa;Krásná Lípa;5546a;RP SCHKO Slavkovský les;Krajský úřad Ústeckého kraje;2009-04-14;2021-04-22;11773343;2021-04-22;1;STA_POKRYVNOSTEXPANZNI;NA;val;val;ne;lok;0;0, do 5 %, 5-25 %;neznámý;NA
2021;CZ0424030;Bezručovo údolí;Pulsatilla patens;Cévnaté rostliny;Krásná Lípa;Krásná Lípa;5546a;RP SCHKO Slavkovský les;Krajský úřad Ústeckého kraje;2009-04-14;2021-04-22;11773343;2021-04-22;1;STA_POKRYVNOSTINVAZNI;NA;val;val;ne;lok;0;0, do 5 %;neznámý;NA
2014;CZ0424030;Bezručovo údolí;Pulsatilla patens;Cévnaté rostliny;Krásná Lípa u Křimova_33440275;Krásná Lípa u Křimova_33440275;5546a;RP SCHKO Slavkovský les;Krajský úřad Ústeckého kraje;2014-06-29;2014-06-29;9767314;2014-06-29;0;CELKOVE_HODNOCENI;NA;NA;NA;NA;lok;NA;NA;špatný;0
2014;CZ0424030;Bezručovo údolí;Pulsatilla patens;Cévnaté rostliny;Krásná Lípa u Křimova_33440275;Krásná Lípa u Křimova_33440275;5546a;RP SCHKO Slavkovský les;Krajský úřad Ústeckého kraje;2014-06-29;2014-06-29;9767314;2014-06-29;0;CELKOVE_SUM;NA;NA;NA;NA;NA;;;3;NA
2014;CZ0424030;Bezručovo údolí;Pulsatilla patens;Cévnaté rostliny;Krásná Lípa u Křimova_33440275;Krásná Lípa u Křimova_33440275;5546a;RP SCHKO Slavkovský les;Krajský úřad Ústeckého kraje;2014-06-29;2014-06-29;9767314;2014-06-29;0;POP_POCET;trsů;min;minmax;ano;lok;70;alespoň 70 trsů;0;0
2014;CZ0424030;Bezručovo údolí;Pulsatilla patens;Cévnaté rostliny;Krásná Lípa u Křimova_33440275;Krásná Lípa u Křimova_33440275;5546a;RP SCHKO Slavkovský les;Krajský úřad Ústeckého kraje;2014-06-29;2014-06-29;9767314;2014-06-29;0;POP_POSKPERC;počet trsů;max;minmax;ne;lok;1;nejvýš 1 počet trsů;0;1
2014;CZ0424030;Bezručovo údolí;Pulsatilla patens;Cévnaté rostliny;Krásná Lípa u Křimova_33440275;Krásná Lípa u Křimova_33440275;5546a;RP SCHKO Slavkovský les;Krajský úřad Ústeckého kraje;2014-06-29;2014-06-29;9767314;2014-06-29;0;POP_POSKPOC;počet typů poškození rostlin;max;minmax;ne;lok;2;nejvýš 2 počet typů poškození rostlin;0;1
2014;CZ0424030;Bezručovo údolí;Pulsatilla patens;Cévnaté rostliny;Krásná Lípa u Křimova_33440275;Krásná Lípa u Křimova_33440275;5546a;RP SCHKO Slavkovský les;Krajský úřad Ústeckého kraje;2014-06-29;2014-06-29;9767314;2014-06-29;0;POP_TREND;posledních dvou let s menším počtem jedinců než je referenční hodnota;max;minmax;ano;lok;1;nejvýš 1 posledních dvou let s menším počtem jedinců než je referenční hodnota;0;1
2014;CZ0424030;Bezručovo údolí;Pulsatilla patens;Cévnaté rostliny;Krásná Lípa u Křimova_33440275;Krásná Lípa u Křimova_33440275;5546a;RP SCHKO Slavkovský les;Krajský úřad Ústeckého kraje;2014-06-29;2014-06-29;9767314;2014-06-29;0;POP_VITAL;% počtu trsů;min;minmax;ano;lok;30;alespoň 30 % počtu trsů;neznámý;NA
2014;CZ0424030;Bezručovo údolí;Pulsatilla patens;Cévnaté rostliny;Krásná Lípa u Křimova_33440275;Krásná Lípa u Křimova_33440275;5546a;RP SCHKO Slavkovský les;Krajský úřad Ústeckého kraje;2014-06-29;2014-06-29;9767314;2014-06-29;0;STA_POKRDREV;NA;val;val;ne;lok;0;0, do 5 %, 5-25 %;neznámý;NA
2014;CZ0424030;Bezručovo údolí;Pulsatilla patens;Cévnaté rostliny;Krásná Lípa u Křimova_33440275;Krásná Lípa u Křimova_33440275;5546a;RP SCHKO Slavkovský les;Krajský úřad Ústeckého kraje;2014-06-29;2014-06-29;9767314;2014-06-29;0;STA_POKRSTAR;NA;val;val;ne;lok;0;0, do 5 %, 5-25 %;neznámý;NA
2014;CZ0424030;Bezručovo údolí;Pulsatilla patens;Cévnaté rostliny;Krásná Lípa u Křimova_33440275;Krásná Lípa u Křimova_33440275;5546a;RP SCHKO Slavkovský les;Krajský úřad Ústeckého kraje;2014-06-29;2014-06-29;9767314;2014-06-29;0;STA_POKRYVNOSTEXPANZNI;NA;val;val;ne;lok;0;0, do 5 %, 5-25 %;neznámý;NA
2014;CZ0424030;Bezručovo údolí;Pulsatilla patens;Cévnaté rostliny;Krásná Lípa u Křimova_33440275;Krásná Lípa u Křimova_33440275;5546a;RP SCHKO Slavkovský les;Krajský úřad Ústeckého kraje;2014-06-29;2014-06-29;9767314;2014-06-29;0;STA_POKRYVNOSTINVAZNI;NA;val;val;ne;lok;0;0, do 5 %;neznámý;NA
2023;CZ0424030;Bezručovo údolí;Pulsatilla patens;Cévnaté rostliny;Ppat004;Krásná Lípa;5546a;RP SCHKO Slavkovský les;Krajský úřad Ústeckého kraje;2023-04-16;2023-04-16;13029319;2023-04-16;1;CELKOVE_HODNOCENI;NA;NA;NA;NA;lok;NA;NA;špatný;0
2023;CZ0424030;Bezručovo údolí;Pulsatilla patens;Cévnaté rostliny;Ppat004;Krásná Lípa;5546a;RP SCHKO Slavkovský les;Krajský úřad Ústeckého kraje;2023-04-16;2023-04-16;13029319;2023-04-16;1;CELKOVE_SUM;NA;NA;NA;NA;NA;;;7;NA
2023;CZ0424030;Bezručovo údolí;Pulsatilla patens;Cévnaté rostliny;Ppat004;Krásná Lípa;5546a;RP SCHKO Slavkovský les;Krajský úřad Ústeckého kraje;2023-04-16;2023-04-16;13029319;2023-04-16;1;POP_POCET;trsů;min;minmax;ano;lok;70;alespoň 70 trsů;22;0
2023;CZ0424030;Bezručovo údolí;Pulsatilla patens;Cévnaté rostliny;Ppat004;Krásná Lípa;5546a;RP SCHKO Slavkovský les;Krajský úřad Ústeckého kraje;2023-04-16;2023-04-16;13029319;2023-04-16;1;POP_POSKPERC;počet trsů;max;minmax;ne;lok;1;nejvýš 1 počet trsů;0;1
2023;CZ0424030;Bezručovo údolí;Pulsatilla patens;Cévnaté rostliny;Ppat004;Krásná Lípa;5546a;RP SCHKO Slavkovský les;Krajský úřad Ústeckého kraje;2023-04-16;2023-04-16;13029319;2023-04-16;1;POP_POSKPOC;počet typů poškození rostlin;max;minmax;ne;lok;2;nejvýš 2 počet typů poškození rostlin;0;1
2023;CZ0424030;Bezručovo údolí;Pulsatilla patens;Cévnaté rostliny;Ppat004;Krásná Lípa;5546a;RP SCHKO Slavkovský les;Krajský úřad Ústeckého kraje;2023-04-16;2023-04-16;13029319;2023-04-16;1;POP_TREND;posledních dvou let s menším počtem jedinců než je referenční hodnota;max;minmax;ano;lok;1;nejvýš 1 posledních dvou let s menším počtem jedinců než je referenční hodnota;2;0
2023;CZ0424030;Bezručovo údolí;Pulsatilla patens;Cévnaté rostliny;Ppat004;Krásná Lípa;5546a;RP SCHKO Slavkovský les;Krajský úřad Ústeckého kraje;2023-04-16;2023-04-16;13029319;2023-04-16;1;POP_VITAL;% počtu trsů;min;minmax;ano;lok;30;alespoň 30 % počtu trsů;59.0909090909091;1
2023;CZ0424030;Bezručovo údolí;Pulsatilla patens;Cévnaté rostliny;Ppat004;Krásná Lípa;5546a;RP SCHKO Slavkovský les;Krajský úřad Ústeckého kraje;2023-04-16;2023-04-16;13029319;2023-04-16;1;STA_POKRDREV;NA;val;val;ne;lok;0;0, do 5 %, 5-25 %;0;1
2023;CZ0424030;Bezručovo údolí;Pulsatilla patens;Cévnaté rostliny;Ppat004;Krásná Lípa;5546a;RP SCHKO Slavkovský les;Krajský úřad Ústeckého kraje;2023-04-16;2023-04-16;13029319;2023-04-16;1;STA_POKRSTAR;NA;val;val;ne;lok;0;0, do 5 %, 5-25 %;do 5 %;1
2023;CZ0424030;Bezručovo údolí;Pulsatilla patens;Cévnaté rostliny;Ppat004;Krásná Lípa;5546a;RP SCHKO Slavkovský les;Krajský úřad Ústeckého kraje;2023-04-16;2023-04-16;13029319;2023-04-16;1;STA_POKRYVNOSTEXPANZNI;NA;val;val;ne;lok;0;0, do 5 %, 5-25 %;0;1
2023;CZ0424030;Bezručovo údolí;Pulsatilla patens;Cévnaté rostliny;Ppat004;Krásná Lípa;5546a;RP SCHKO Slavkovský les;Krajský úřad Ústeckého kraje;2023-04-16;2023-04-16;13029319;2023-04-16;1;STA_POKRYVNOSTINVAZNI;NA;val;val;ne;lok;0;0, do 5 %;0;1
2022;CZ0424038;Holý vrch u Hlinné;Pulsatilla patens;Cévnaté rostliny;24719, Hlinná;24719, Hlinná;5450b;RP SCHKO České středohoří;AOPK ČR - RP SCHKO České středohoří;2019-04-12;2022-04-15;11776685, 11795675;2022-04-15;0;CELKOVE_HODNOCENI;NA;NA;NA;NA;lok;NA;NA;špatný;0
2022;CZ0424038;Holý vrch u Hlinné;Pulsatilla patens;Cévnaté rostliny;24719, Hlinná;24719, Hlinná;5450b;RP SCHKO České středohoří;AOPK ČR - RP SCHKO České středohoří;2019-04-12;2022-04-15;11776685, 11795675;2022-04-15;0;CELKOVE_SUM;NA;NA;NA;NA;NA;;;2;NA
2022;CZ0424038;Holý vrch u Hlinné;Pulsatilla patens;Cévnaté rostliny;24719, Hlinná;24719, Hlinná;5450b;RP SCHKO České středohoří;AOPK ČR - RP SCHKO České středohoří;2019-04-12;2022-04-15;11776685, 11795675;2022-04-15;0;POP_POCET;trsů;min;minmax;ano;lok;70;alespoň 70 trsů;0;0
2022;CZ0424038;Holý vrch u Hlinné;Pulsatilla patens;Cévnaté rostliny;24719, Hlinná;24719, Hlinná;5450b;RP SCHKO České středohoří;AOPK ČR - RP SCHKO České středohoří;2019-04-12;2022-04-15;11776685, 11795675;2022-04-15;0;POP_POSKPERC;počet trsů;max;minmax;ne;lok;1;nejvýš 1 počet trsů;0;1
2022;CZ0424038;Holý vrch u Hlinné;Pulsatilla patens;Cévnaté rostliny;24719, Hlinná;24719, Hlinná;5450b;RP SCHKO České středohoří;AOPK ČR - RP SCHKO České středohoří;2019-04-12;2022-04-15;11776685, 11795675;2022-04-15;0;POP_POSKPOC;počet typů poškození rostlin;max;minmax;ne;lok;2;nejvýš 2 počet typů poškození rostlin;0;1
2022;CZ0424038;Holý vrch u Hlinné;Pulsatilla patens;Cévnaté rostliny;24719, Hlinná;24719, Hlinná;5450b;RP SCHKO České středohoří;AOPK ČR - RP SCHKO České středohoří;2019-04-12;2022-04-15;11776685, 11795675;2022-04-15;0;POP_TREND;posledních dvou let s menším počtem jedinců než je referenční hodnota;max;minmax;ano;lok;1;nejvýš 1 posledních dvou let s menším počtem jedinců než je referenční hodnota;2;0
2022;CZ0424038;Holý vrch u Hlinné;Pulsatilla patens;Cévnaté rostliny;24719, Hlinná;24719, Hlinná;5450b;RP SCHKO České středohoří;AOPK ČR - RP SCHKO České středohoří;2019-04-12;2022-04-15;11776685, 11795675;2022-04-15;0;POP_VITAL;% počtu trsů;min;minmax;ano;lok;30;alespoň 30 % počtu trsů;neznámý;NA
2022;CZ0424038;Holý vrch u Hlinné;Pulsatilla patens;Cévnaté rostliny;24719, Hlinná;24719, Hlinná;5450b;RP SCHKO České středohoří;AOPK ČR - RP SCHKO České středohoří;2019-04-12;2022-04-15;11776685, 11795675;2022-04-15;0;STA_POKRDREV;NA;val;val;ne;lok;0;0, do 5 %, 5-25 %;neznámý;NA
2022;CZ0424038;Holý vrch u Hlinné;Pulsatilla patens;Cévnaté rostliny;24719, Hlinná;24719, Hlinná;5450b;RP SCHKO České středohoří;AOPK ČR - RP SCHKO České středohoří;2019-04-12;2022-04-15;11776685, 11795675;2022-04-15;0;STA_POKRSTAR;NA;val;val;ne;lok;0;0, do 5 %, 5-25 %;neznámý;NA
2022;CZ0424038;Holý vrch u Hlinné;Pulsatilla patens;Cévnaté rostliny;24719, Hlinná;24719, Hlinná;5450b;RP SCHKO České středohoří;AOPK ČR - RP SCHKO České středohoří;2019-04-12;2022-04-15;11776685, 11795675;2022-04-15;0;STA_POKRYVNOSTEXPANZNI;NA;val;val;ne;lok;0;0, do 5 %, 5-25 %;neznámý;NA
2022;CZ0424038;Holý vrch u Hlinné;Pulsatilla patens;Cévnaté rostliny;24719, Hlinná;24719, Hlinná;5450b;RP SCHKO České středohoří;AOPK ČR - RP SCHKO České středohoří;2019-04-12;2022-04-15;11776685, 11795675;2022-04-15;0;STA_POKRYVNOSTINVAZNI;NA;val;val;ne;lok;0;0, do 5 %;neznámý;NA
2020;CZ0424038;Holý vrch u Hlinné;Pulsatilla patens;Cévnaté rostliny;EVL Holý vrch u Hlinné, snímek 2 - plocha s P.patens - s managementem;EVL Holý vrch u Hlinné, snímek 2 - plocha s P.patens - s managementem;5450b;RP SCHKO České středohoří;AOPK ČR - RP SCHKO České středohoří;2018-09-17;2020-08-12;12029702;2020-08-12;0;CELKOVE_HODNOCENI;NA;NA;NA;NA;lok;NA;NA;špatný;0
2020;CZ0424038;Holý vrch u Hlinné;Pulsatilla patens;Cévnaté rostliny;EVL Holý vrch u Hlinné, snímek 2 - plocha s P.patens - s managementem;EVL Holý vrch u Hlinné, snímek 2 - plocha s P.patens - s managementem;5450b;RP SCHKO České středohoří;AOPK ČR - RP SCHKO České středohoří;2018-09-17;2020-08-12;12029702;2020-08-12;0;CELKOVE_SUM;NA;NA;NA;NA;NA;;;2;NA
2020;CZ0424038;Holý vrch u Hlinné;Pulsatilla patens;Cévnaté rostliny;EVL Holý vrch u Hlinné, snímek 2 - plocha s P.patens - s managementem;EVL Holý vrch u Hlinné, snímek 2 - plocha s P.patens - s managementem;5450b;RP SCHKO České středohoří;AOPK ČR - RP SCHKO České středohoří;2018-09-17;2020-08-12;12029702;2020-08-12;0;POP_POCET;trsů;min;minmax;ano;lok;70;alespoň 70 trsů;0;0
2020;CZ0424038;Holý vrch u Hlinné;Pulsatilla patens;Cévnaté rostliny;EVL Holý vrch u Hlinné, snímek 2 - plocha s P.patens - s managementem;EVL Holý vrch u Hlinné, snímek 2 - plocha s P.patens - s managementem;5450b;RP SCHKO České středohoří;AOPK ČR - RP SCHKO České středohoří;2018-09-17;2020-08-12;12029702;2020-08-12;0;POP_POSKPERC;počet trsů;max;minmax;ne;lok;1;nejvýš 1 počet trsů;0;1
2020;CZ0424038;Holý vrch u Hlinné;Pulsatilla patens;Cévnaté rostliny;EVL Holý vrch u Hlinné, snímek 2 - plocha s P.patens - s managementem;EVL Holý vrch u Hlinné, snímek 2 - plocha s P.patens - s managementem;5450b;RP SCHKO České středohoří;AOPK ČR - RP SCHKO České středohoří;2018-09-17;2020-08-12;12029702;2020-08-12;0;POP_POSKPOC;počet typů poškození rostlin;max;minmax;ne;lok;2;nejvýš 2 počet typů poškození rostlin;0;1
2020;CZ0424038;Holý vrch u Hlinné;Pulsatilla patens;Cévnaté rostliny;EVL Holý vrch u Hlinné, snímek 2 - plocha s P.patens - s managementem;EVL Holý vrch u Hlinné, snímek 2 - plocha s P.patens - s managementem;5450b;RP SCHKO České středohoří;AOPK ČR - RP SCHKO České středohoří;2018-09-17;2020-08-12;12029702;2020-08-12;0;POP_TREND;posledních dvou let s menším počtem jedinců než je referenční hodnota;max;minmax;ano;lok;1;nejvýš 1 posledních dvou let s menším počtem jedinců než je referenční hodnota;2;0
2020;CZ0424038;Holý vrch u Hlinné;Pulsatilla patens;Cévnaté rostliny;EVL Holý vrch u Hlinné, snímek 2 - plocha s P.patens - s managementem;EVL Holý vrch u Hlinné, snímek 2 - plocha s P.patens - s managementem;5450b;RP SCHKO České středohoří;AOPK ČR - RP SCHKO České středohoří;2018-09-17;2020-08-12;12029702;2020-08-12;0;POP_VITAL;% počtu trsů;min;minmax;ano;lok;30;alespoň 30 % počtu trsů;neznámý;NA
2020;CZ0424038;Holý vrch u Hlinné;Pulsatilla patens;Cévnaté rostliny;EVL Holý vrch u Hlinné, snímek 2 - plocha s P.patens - s managementem;EVL Holý vrch u Hlinné, snímek 2 - plocha s P.patens - s managementem;5450b;RP SCHKO České středohoří;AOPK ČR - RP SCHKO České středohoří;2018-09-17;2020-08-12;12029702;2020-08-12;0;STA_POKRDREV;NA;val;val;ne;lok;0;0, do 5 %, 5-25 %;neznámý;NA
2020;CZ0424038;Holý vrch u Hlinné;Pulsatilla patens;Cévnaté rostliny;EVL Holý vrch u Hlinné, snímek 2 - plocha s P.patens - s managementem;EVL Holý vrch u Hlinné, snímek 2 - plocha s P.patens - s managementem;5450b;RP SCHKO České středohoří;AOPK ČR - RP SCHKO České středohoří;2018-09-17;2020-08-12;12029702;2020-08-12;0;STA_POKRSTAR;NA;val;val;ne;lok;0;0, do 5 %, 5-25 %;neznámý;NA
2020;CZ0424038;Holý vrch u Hlinné;Pulsatilla patens;Cévnaté rostliny;EVL Holý vrch u Hlinné, snímek 2 - plocha s P.patens - s managementem;EVL Holý vrch u Hlinné, snímek 2 - plocha s P.patens - s managementem;5450b;RP SCHKO České středohoří;AOPK ČR - RP SCHKO České středohoří;2018-09-17;2020-08-12;12029702;2020-08-12;0;STA_POKRYVNOSTEXPANZNI;NA;val;val;ne;lok;0;0, do 5 %, 5-25 %;neznámý;NA
2020;CZ0424038;Holý vrch u Hlinné;Pulsatilla patens;Cévnaté rostliny;EVL Holý vrch u Hlinné, snímek 2 - plocha s P.patens - s managementem;EVL Holý vrch u Hlinné, snímek 2 - plocha s P.patens - s managementem;5450b;RP SCHKO České středohoří;AOPK ČR - RP SCHKO České středohoří;2018-09-17;2020-08-12;12029702;2020-08-12;0;STA_POKRYVNOSTINVAZNI;NA;val;val;ne;lok;0;0, do 5 %;neznámý;NA
2023;CZ0424038;Holý vrch u Hlinné;Pulsatilla patens;Cévnaté rostliny;Hlinná;Hlinná;5450b;RP SCHKO České středohoří;AOPK ČR - RP SCHKO České středohoří;2023-04-04;2023-04-04;12255664;2023-04-04;0;CELKOVE_HODNOCENI;NA;NA;NA;NA;lok;NA;NA;špatný;0
2023;CZ0424038;Holý vrch u Hlinné;Pulsatilla patens;Cévnaté rostliny;Hlinná;Hlinná;5450b;RP SCHKO České středohoří;AOPK ČR - RP SCHKO České středohoří;2023-04-04;2023-04-04;12255664;2023-04-04;0;CELKOVE_SUM;NA;NA;NA;NA;NA;;;3;NA
2023;CZ0424038;Holý vrch u Hlinné;Pulsatilla patens;Cévnaté rostliny;Hlinná;Hlinná;5450b;RP SCHKO České středohoří;AOPK ČR - RP SCHKO České středohoří;2023-04-04;2023-04-04;12255664;2023-04-04;0;POP_POCET;trsů;min;minmax;ano;lok;70;alespoň 70 trsů;0;0
2023;CZ0424038;Holý vrch u Hlinné;Pulsatilla patens;Cévnaté rostliny;Hlinná;Hlinná;5450b;RP SCHKO České středohoří;AOPK ČR - RP SCHKO České středohoří;2023-04-04;2023-04-04;12255664;2023-04-04;0;POP_POSKPERC;počet trsů;max;minmax;ne;lok;1;nejvýš 1 počet trsů;0;1
2023;CZ0424038;Holý vrch u Hlinné;Pulsatilla patens;Cévnaté rostliny;Hlinná;Hlinná;5450b;RP SCHKO České středohoří;AOPK ČR - RP SCHKO České středohoří;2023-04-04;2023-04-04;12255664;2023-04-04;0;POP_POSKPOC;počet typů poškození rostlin;max;minmax;ne;lok;2;nejvýš 2 počet typů poškození rostlin;0;1
2023;CZ0424038;Holý vrch u Hlinné;Pulsatilla patens;Cévnaté rostliny;Hlinná;Hlinná;5450b;RP SCHKO České středohoří;AOPK ČR - RP SCHKO České středohoří;2023-04-04;2023-04-04;12255664;2023-04-04;0;POP_TREND;posledních dvou let s menším počtem jedinců než je referenční hodnota;max;minmax;ano;lok;1;nejvýš 1 posledních dvou let s menším počtem jedinců než je referenční hodnota;0;1
2023;CZ0424038;Holý vrch u Hlinné;Pulsatilla patens;Cévnaté rostliny;Hlinná;Hlinná;5450b;RP SCHKO České středohoří;AOPK ČR - RP SCHKO České středohoří;2023-04-04;2023-04-04;12255664;2023-04-04;0;POP_VITAL;% počtu trsů;min;minmax;ano;lok;30;alespoň 30 % počtu trsů;neznámý;NA
2023;CZ0424038;Holý vrch u Hlinné;Pulsatilla patens;Cévnaté rostliny;Hlinná;Hlinná;5450b;RP SCHKO České středohoří;AOPK ČR - RP SCHKO České středohoří;2023-04-04;2023-04-04;12255664;2023-04-04;0;STA_POKRDREV;NA;val;val;ne;lok;0;0, do 5 %, 5-25 %;neznámý;NA
2023;CZ0424038;Holý vrch u Hlinné;Pulsatilla patens;Cévnaté rostliny;Hlinná;Hlinná;5450b;RP SCHKO České středohoří;AOPK ČR - RP SCHKO České středohoří;2023-04-04;2023-04-04;12255664;2023-04-04;0;STA_POKRSTAR;NA;val;val;ne;lok;0;0, do 5 %, 5-25 %;neznámý;NA
2023;CZ0424038;Holý vrch u Hlinné;Pulsatilla patens;Cévnaté rostliny;Hlinná;Hlinná;5450b;RP SCHKO České středohoří;AOPK ČR - RP SCHKO České středohoří;2023-04-04;2023-04-04;12255664;2023-04-04;0;STA_POKRYVNOSTEXPANZNI;NA;val;val;ne;lok;0;0, do 5 %, 5-25 %;neznámý;NA
2023;CZ0424038;Holý vrch u Hlinné;Pulsatilla patens;Cévnaté rostliny;Hlinná;Hlinná;5450b;RP SCHKO České středohoří;AOPK ČR - RP SCHKO České středohoří;2023-04-04;2023-04-04;12255664;2023-04-04;0;STA_POKRYVNOSTINVAZNI;NA;val;val;ne;lok;0;0, do 5 %;neznámý;NA
2012;CZ0424038;Holý vrch u Hlinné;Pulsatilla patens;Cévnaté rostliny;Hlinná_1250315;Hlinná_1250315;5450b;RP SCHKO České středohoří;AOPK ČR - RP SCHKO České středohoří;2012-06-18;2012-06-18;9099510;2012-06-18;0;CELKOVE_HODNOCENI;NA;NA;NA;NA;lok;NA;NA;špatný;0
2012;CZ0424038;Holý vrch u Hlinné;Pulsatilla patens;Cévnaté rostliny;Hlinná_1250315;Hlinná_1250315;5450b;RP SCHKO České středohoří;AOPK ČR - RP SCHKO České středohoří;2012-06-18;2012-06-18;9099510;2012-06-18;0;CELKOVE_SUM;NA;NA;NA;NA;NA;;;3;NA
2012;CZ0424038;Holý vrch u Hlinné;Pulsatilla patens;Cévnaté rostliny;Hlinná_1250315;Hlinná_1250315;5450b;RP SCHKO České středohoří;AOPK ČR - RP SCHKO České středohoří;2012-06-18;2012-06-18;9099510;2012-06-18;0;POP_POCET;trsů;min;minmax;ano;lok;70;alespoň 70 trsů;0;0
2012;CZ0424038;Holý vrch u Hlinné;Pulsatilla patens;Cévnaté rostliny;Hlinná_1250315;Hlinná_1250315;5450b;RP SCHKO České středohoří;AOPK ČR - RP SCHKO České středohoří;2012-06-18;2012-06-18;9099510;2012-06-18;0;POP_POSKPERC;počet trsů;max;minmax;ne;lok;1;nejvýš 1 počet trsů;0;1
2012;CZ0424038;Holý vrch u Hlinné;Pulsatilla patens;Cévnaté rostliny;Hlinná_1250315;Hlinná_1250315;5450b;RP SCHKO České středohoří;AOPK ČR - RP SCHKO České středohoří;2012-06-18;2012-06-18;9099510;2012-06-18;0;POP_POSKPOC;počet typů poškození rostlin;max;minmax;ne;lok;2;nejvýš 2 počet typů poškození rostlin;0;1
2012;CZ0424038;Holý vrch u Hlinné;Pulsatilla patens;Cévnaté rostliny;Hlinná_1250315;Hlinná_1250315;5450b;RP SCHKO České středohoří;AOPK ČR - RP SCHKO České středohoří;2012-06-18;2012-06-18;9099510;2012-06-18;0;POP_TREND;posledních dvou let s menším počtem jedinců než je referenční hodnota;max;minmax;ano;lok;1;nejvýš 1 posledních dvou let s menším počtem jedinců než je referenční hodnota;0;1
2012;CZ0424038;Holý vrch u Hlinné;Pulsatilla patens;Cévnaté rostliny;Hlinná_1250315;Hlinná_1250315;5450b;RP SCHKO České středohoří;AOPK ČR - RP SCHKO České středohoří;2012-06-18;2012-06-18;9099510;2012-06-18;0;POP_VITAL;% počtu trsů;min;minmax;ano;lok;30;alespoň 30 % počtu trsů;neznámý;NA
2012;CZ0424038;Holý vrch u Hlinné;Pulsatilla patens;Cévnaté rostliny;Hlinná_1250315;Hlinná_1250315;5450b;RP SCHKO České středohoří;AOPK ČR - RP SCHKO České středohoří;2012-06-18;2012-06-18;9099510;2012-06-18;0;STA_POKRDREV;NA;val;val;ne;lok;0;0, do 5 %, 5-25 %;neznámý;NA
2012;CZ0424038;Holý vrch u Hlinné;Pulsatilla patens;Cévnaté rostliny;Hlinná_1250315;Hlinná_1250315;5450b;RP SCHKO České středohoří;AOPK ČR - RP SCHKO České středohoří;2012-06-18;2012-06-18;9099510;2012-06-18;0;STA_POKRSTAR;NA;val;val;ne;lok;0;0, do 5 %, 5-25 %;neznámý;NA
2012;CZ0424038;Holý vrch u Hlinné;Pulsatilla patens;Cévnaté rostliny;Hlinná_1250315;Hlinná_1250315;5450b;RP SCHKO České středohoří;AOPK ČR - RP SCHKO České středohoří;2012-06-18;2012-06-18;9099510;2012-06-18;0;STA_POKRYVNOSTEXPANZNI;NA;val;val;ne;lok;0;0, do 5 %, 5-25 %;neznámý;NA
2012;CZ0424038;Holý vrch u Hlinné;Pulsatilla patens;Cévnaté rostliny;Hlinná_1250315;Hlinná_1250315;5450b;RP SCHKO České středohoří;AOPK ČR - RP SCHKO České středohoří;2012-06-18;2012-06-18;9099510;2012-06-18;0;STA_POKRYVNOSTINVAZNI;NA;val;val;ne;lok;0;0, do 5 %;neznámý;NA
2013;CZ0424038;Holý vrch u Hlinné;Pulsatilla patens;Cévnaté rostliny;Hlinná_1250327;Hlinná_1250327;5450b;RP SCHKO České středohoří;AOPK ČR - RP SCHKO České středohoří;2013-06-30;2013-06-30;9099659;2013-06-30;0;CELKOVE_HODNOCENI;NA;NA;NA;NA;lok;NA;NA;špatný;0
2013;CZ0424038;Holý vrch u Hlinné;Pulsatilla patens;Cévnaté rostliny;Hlinná_1250327;Hlinná_1250327;5450b;RP SCHKO České středohoří;AOPK ČR - RP SCHKO České středohoří;2013-06-30;2013-06-30;9099659;2013-06-30;0;CELKOVE_SUM;NA;NA;NA;NA;NA;;;3;NA
2013;CZ0424038;Holý vrch u Hlinné;Pulsatilla patens;Cévnaté rostliny;Hlinná_1250327;Hlinná_1250327;5450b;RP SCHKO České středohoří;AOPK ČR - RP SCHKO České středohoří;2013-06-30;2013-06-30;9099659;2013-06-30;0;POP_POCET;trsů;min;minmax;ano;lok;70;alespoň 70 trsů;0;0
2013;CZ0424038;Holý vrch u Hlinné;Pulsatilla patens;Cévnaté rostliny;Hlinná_1250327;Hlinná_1250327;5450b;RP SCHKO České středohoří;AOPK ČR - RP SCHKO České středohoří;2013-06-30;2013-06-30;9099659;2013-06-30;0;POP_POSKPERC;počet trsů;max;minmax;ne;lok;1;nejvýš 1 počet trsů;0;1
2013;CZ0424038;Holý vrch u Hlinné;Pulsatilla patens;Cévnaté rostliny;Hlinná_1250327;Hlinná_1250327;5450b;RP SCHKO České středohoří;AOPK ČR - RP SCHKO České středohoří;2013-06-30;2013-06-30;9099659;2013-06-30;0;POP_POSKPOC;počet typů poškození rostlin;max;minmax;ne;lok;2;nejvýš 2 počet typů poškození rostlin;0;1
2013;CZ0424038;Holý vrch u Hlinné;Pulsatilla patens;Cévnaté rostliny;Hlinná_1250327;Hlinná_1250327;5450b;RP SCHKO České středohoří;AOPK ČR - RP SCHKO České středohoří;2013-06-30;2013-06-30;9099659;2013-06-30;0;POP_TREND;posledních dvou let s menším počtem jedinců než je referenční hodnota;max;minmax;ano;lok;1;nejvýš 1 posledních dvou let s menším počtem jedinců než je referenční hodnota;0;1
2013;CZ0424038;Holý vrch u Hlinné;Pulsatilla patens;Cévnaté rostliny;Hlinná_1250327;Hlinná_1250327;5450b;RP SCHKO České středohoří;AOPK ČR - RP SCHKO České středohoří;2013-06-30;2013-06-30;9099659;2013-06-30;0;POP_VITAL;% počtu trsů;min;minmax;ano;lok;30;alespoň 30 % počtu trsů;neznámý;NA
2013;CZ0424038;Holý vrch u Hlinné;Pulsatilla patens;Cévnaté rostliny;Hlinná_1250327;Hlinná_1250327;5450b;RP SCHKO České středohoří;AOPK ČR - RP SCHKO České středohoří;2013-06-30;2013-06-30;9099659;2013-06-30;0;STA_POKRDREV;NA;val;val;ne;lok;0;0, do 5 %, 5-25 %;neznámý;NA
2013;CZ0424038;Holý vrch u Hlinné;Pulsatilla patens;Cévnaté rostliny;Hlinná_1250327;Hlinná_1250327;5450b;RP SCHKO České středohoří;AOPK ČR - RP SCHKO České středohoří;2013-06-30;2013-06-30;9099659;2013-06-30;0;STA_POKRSTAR;NA;val;val;ne;lok;0;0, do 5 %, 5-25 %;neznámý;NA
2013;CZ0424038;Holý vrch u Hlinné;Pulsatilla patens;Cévnaté rostliny;Hlinná_1250327;Hlinná_1250327;5450b;RP SCHKO České středohoří;AOPK ČR - RP SCHKO České středohoří;2013-06-30;2013-06-30;9099659;2013-06-30;0;STA_POKRYVNOSTEXPANZNI;NA;val;val;ne;lok;0;0, do 5 %, 5-25 %;neznámý;NA
2013;CZ0424038;Holý vrch u Hlinné;Pulsatilla patens;Cévnaté rostliny;Hlinná_1250327;Hlinná_1250327;5450b;RP SCHKO České středohoří;AOPK ČR - RP SCHKO České středohoří;2013-06-30;2013-06-30;9099659;2013-06-30;0;STA_POKRYVNOSTINVAZNI;NA;val;val;ne;lok;0;0, do 5 %;neznámý;NA
2013;CZ0424038;Holý vrch u Hlinné;Pulsatilla patens;Cévnaté rostliny;Hlinná_1250364;Hlinná_1250364;5450b;RP SCHKO České středohoří;AOPK ČR - RP SCHKO České středohoří;2013-06-30;2013-06-30;9099788;2013-06-30;0;CELKOVE_HODNOCENI;NA;NA;NA;NA;lok;NA;NA;špatný;0
2013;CZ0424038;Holý vrch u Hlinné;Pulsatilla patens;Cévnaté rostliny;Hlinná_1250364;Hlinná_1250364;5450b;RP SCHKO České středohoří;AOPK ČR - RP SCHKO České středohoří;2013-06-30;2013-06-30;9099788;2013-06-30;0;CELKOVE_SUM;NA;NA;NA;NA;NA;;;3;NA
2013;CZ0424038;Holý vrch u Hlinné;Pulsatilla patens;Cévnaté rostliny;Hlinná_1250364;Hlinná_1250364;5450b;RP SCHKO České středohoří;AOPK ČR - RP SCHKO České středohoří;2013-06-30;2013-06-30;9099788;2013-06-30;0;POP_POCET;trsů;min;minmax;ano;lok;70;alespoň 70 trsů;0;0
2013;CZ0424038;Holý vrch u Hlinné;Pulsatilla patens;Cévnaté rostliny;Hlinná_1250364;Hlinná_1250364;5450b;RP SCHKO České středohoří;AOPK ČR - RP SCHKO České středohoří;2013-06-30;2013-06-30;9099788;2013-06-30;0;POP_POSKPERC;počet trsů;max;minmax;ne;lok;1;nejvýš 1 počet trsů;0;1
2013;CZ0424038;Holý vrch u Hlinné;Pulsatilla patens;Cévnaté rostliny;Hlinná_1250364;Hlinná_1250364;5450b;RP SCHKO České středohoří;AOPK ČR - RP SCHKO České středohoří;2013-06-30;2013-06-30;9099788;2013-06-30;0;POP_POSKPOC;počet typů poškození rostlin;max;minmax;ne;lok;2;nejvýš 2 počet typů poškození rostlin;0;1
2013;CZ0424038;Holý vrch u Hlinné;Pulsatilla patens;Cévnaté rostliny;Hlinná_1250364;Hlinná_1250364;5450b;RP SCHKO České středohoří;AOPK ČR - RP SCHKO České středohoří;2013-06-30;2013-06-30;9099788;2013-06-30;0;POP_TREND;posledních dvou let s menším počtem jedinců než je referenční hodnota;max;minmax;ano;lok;1;nejvýš 1 posledních dvou let s menším počtem jedinců než je referenční hodnota;0;1
2013;CZ0424038;Holý vrch u Hlinné;Pulsatilla patens;Cévnaté rostliny;Hlinná_1250364;Hlinná_1250364;5450b;RP SCHKO České středohoří;AOPK ČR - RP SCHKO České středohoří;2013-06-30;2013-06-30;9099788;2013-06-30;0;POP_VITAL;% počtu trsů;min;minmax;ano;lok;30;alespoň 30 % počtu trsů;neznámý;NA
2013;CZ0424038;Holý vrch u Hlinné;Pulsatilla patens;Cévnaté rostliny;Hlinná_1250364;Hlinná_1250364;5450b;RP SCHKO České středohoří;AOPK ČR - RP SCHKO České středohoří;2013-06-30;2013-06-30;9099788;2013-06-30;0;STA_POKRDREV;NA;val;val;ne;lok;0;0, do 5 %, 5-25 %;neznámý;NA
2013;CZ0424038;Holý vrch u Hlinné;Pulsatilla patens;Cévnaté rostliny;Hlinná_1250364;Hlinná_1250364;5450b;RP SCHKO České středohoří;AOPK ČR - RP SCHKO České středohoří;2013-06-30;2013-06-30;9099788;2013-06-30;0;STA_POKRSTAR;NA;val;val;ne;lok;0;0, do 5 %, 5-25 %;neznámý;NA
2013;CZ0424038;Holý vrch u Hlinné;Pulsatilla patens;Cévnaté rostliny;Hlinná_1250364;Hlinná_1250364;5450b;RP SCHKO České středohoří;AOPK ČR - RP SCHKO České středohoří;2013-06-30;2013-06-30;9099788;2013-06-30;0;STA_POKRYVNOSTEXPANZNI;NA;val;val;ne;lok;0;0, do 5 %, 5-25 %;neznámý;NA
2013;CZ0424038;Holý vrch u Hlinné;Pulsatilla patens;Cévnaté rostliny;Hlinná_1250364;Hlinná_1250364;5450b;RP SCHKO České středohoří;AOPK ČR - RP SCHKO České středohoří;2013-06-30;2013-06-30;9099788;2013-06-30;0;STA_POKRYVNOSTINVAZNI;NA;val;val;ne;lok;0;0, do 5 %;neznámý;NA
2013;CZ0424038;Holý vrch u Hlinné;Pulsatilla patens;Cévnaté rostliny;Hlinná_1250995;Hlinná_1250995;5450b;RP SCHKO České středohoří;AOPK ČR - RP SCHKO České středohoří;2013-06-30;2013-06-30;9099700;2013-06-30;0;CELKOVE_HODNOCENI;NA;NA;NA;NA;lok;NA;NA;špatný;0
2013;CZ0424038;Holý vrch u Hlinné;Pulsatilla patens;Cévnaté rostliny;Hlinná_1250995;Hlinná_1250995;5450b;RP SCHKO České středohoří;AOPK ČR - RP SCHKO České středohoří;2013-06-30;2013-06-30;9099700;2013-06-30;0;CELKOVE_SUM;NA;NA;NA;NA;NA;;;3;NA
2013;CZ0424038;Holý vrch u Hlinné;Pulsatilla patens;Cévnaté rostliny;Hlinná_1250995;Hlinná_1250995;5450b;RP SCHKO České středohoří;AOPK ČR - RP SCHKO České středohoří;2013-06-30;2013-06-30;9099700;2013-06-30;0;POP_POCET;trsů;min;minmax;ano;lok;70;alespoň 70 trsů;0;0
2013;CZ0424038;Holý vrch u Hlinné;Pulsatilla patens;Cévnaté rostliny;Hlinná_1250995;Hlinná_1250995;5450b;RP SCHKO České středohoří;AOPK ČR - RP SCHKO České středohoří;2013-06-30;2013-06-30;9099700;2013-06-30;0;POP_POSKPERC;počet trsů;max;minmax;ne;lok;1;nejvýš 1 počet trsů;0;1
2013;CZ0424038;Holý vrch u Hlinné;Pulsatilla patens;Cévnaté rostliny;Hlinná_1250995;Hlinná_1250995;5450b;RP SCHKO České středohoří;AOPK ČR - RP SCHKO České středohoří;2013-06-30;2013-06-30;9099700;2013-06-30;0;POP_POSKPOC;počet typů poškození rostlin;max;minmax;ne;lok;2;nejvýš 2 počet typů poškození rostlin;0;1
2013;CZ0424038;Holý vrch u Hlinné;Pulsatilla patens;Cévnaté rostliny;Hlinná_1250995;Hlinná_1250995;5450b;RP SCHKO České středohoří;AOPK ČR - RP SCHKO České středohoří;2013-06-30;2013-06-30;9099700;2013-06-30;0;POP_TREND;posledních dvou let s menším počtem jedinců než je referenční hodnota;max;minmax;ano;lok;1;nejvýš 1 posledních dvou let s menším počtem jedinců než je referenční hodnota;0;1
2013;CZ0424038;Holý vrch u Hlinné;Pulsatilla patens;Cévnaté rostliny;Hlinná_1250995;Hlinná_1250995;5450b;RP SCHKO České středohoří;AOPK ČR - RP SCHKO České středohoří;2013-06-30;2013-06-30;9099700;2013-06-30;0;POP_VITAL;% počtu trsů;min;minmax;ano;lok;30;alespoň 30 % počtu trsů;neznámý;NA
2013;CZ0424038;Holý vrch u Hlinné;Pulsatilla patens;Cévnaté rostliny;Hlinná_1250995;Hlinná_1250995;5450b;RP SCHKO České středohoří;AOPK ČR - RP SCHKO České středohoří;2013-06-30;2013-06-30;9099700;2013-06-30;0;STA_POKRDREV;NA;val;val;ne;lok;0;0, do 5 %, 5-25 %;neznámý;NA
2013;CZ0424038;Holý vrch u Hlinné;Pulsatilla patens;Cévnaté rostliny;Hlinná_1250995;Hlinná_1250995;5450b;RP SCHKO České středohoří;AOPK ČR - RP SCHKO České středohoří;2013-06-30;2013-06-30;9099700;2013-06-30;0;STA_POKRSTAR;NA;val;val;ne;lok;0;0, do 5 %, 5-25 %;neznámý;NA
2013;CZ0424038;Holý vrch u Hlinné;Pulsatilla patens;Cévnaté rostliny;Hlinná_1250995;Hlinná_1250995;5450b;RP SCHKO České středohoří;AOPK ČR - RP SCHKO České středohoří;2013-06-30;2013-06-30;9099700;2013-06-30;0;STA_POKRYVNOSTEXPANZNI;NA;val;val;ne;lok;0;0, do 5 %, 5-25 %;neznámý;NA
2013;CZ0424038;Holý vrch u Hlinné;Pulsatilla patens;Cévnaté rostliny;Hlinná_1250995;Hlinná_1250995;5450b;RP SCHKO České středohoří;AOPK ČR - RP SCHKO České středohoří;2013-06-30;2013-06-30;9099700;2013-06-30;0;STA_POKRYVNOSTINVAZNI;NA;val;val;ne;lok;0;0, do 5 %;neznámý;NA
2015;CZ0424038;Holý vrch u Hlinné;Pulsatilla patens;Cévnaté rostliny;Holy vrch, Hradiste, Hlinna;Holy vrch, Hradiste, Hlinna;5450b;RP SCHKO České středohoří;AOPK ČR - RP SCHKO České středohoří;2015-10-10;2015-10-10;9527176;2015-10-10;0;CELKOVE_HODNOCENI;NA;NA;NA;NA;lok;NA;NA;špatný;0
2015;CZ0424038;Holý vrch u Hlinné;Pulsatilla patens;Cévnaté rostliny;Holy vrch, Hradiste, Hlinna;Holy vrch, Hradiste, Hlinna;5450b;RP SCHKO České středohoří;AOPK ČR - RP SCHKO České středohoří;2015-10-10;2015-10-10;9527176;2015-10-10;0;CELKOVE_SUM;NA;NA;NA;NA;NA;;;3;NA
2015;CZ0424038;Holý vrch u Hlinné;Pulsatilla patens;Cévnaté rostliny;Holy vrch, Hradiste, Hlinna;Holy vrch, Hradiste, Hlinna;5450b;RP SCHKO České středohoří;AOPK ČR - RP SCHKO České středohoří;2015-10-10;2015-10-10;9527176;2015-10-10;0;POP_POCET;trsů;min;minmax;ano;lok;70;alespoň 70 trsů;0;0
2015;CZ0424038;Holý vrch u Hlinné;Pulsatilla patens;Cévnaté rostliny;Holy vrch, Hradiste, Hlinna;Holy vrch, Hradiste, Hlinna;5450b;RP SCHKO České středohoří;AOPK ČR - RP SCHKO České středohoří;2015-10-10;2015-10-10;9527176;2015-10-10;0;POP_POSKPERC;počet trsů;max;minmax;ne;lok;1;nejvýš 1 počet trsů;0;1
2015;CZ0424038;Holý vrch u Hlinné;Pulsatilla patens;Cévnaté rostliny;Holy vrch, Hradiste, Hlinna;Holy vrch, Hradiste, Hlinna;5450b;RP SCHKO České středohoří;AOPK ČR - RP SCHKO České středohoří;2015-10-10;2015-10-10;9527176;2015-10-10;0;POP_POSKPOC;počet typů poškození rostlin;max;minmax;ne;lok;2;nejvýš 2 počet typů poškození rostlin;0;1
2015;CZ0424038;Holý vrch u Hlinné;Pulsatilla patens;Cévnaté rostliny;Holy vrch, Hradiste, Hlinna;Holy vrch, Hradiste, Hlinna;5450b;RP SCHKO České středohoří;AOPK ČR - RP SCHKO České středohoří;2015-10-10;2015-10-10;9527176;2015-10-10;0;POP_TREND;posledních dvou let s menším počtem jedinců než je referenční hodnota;max;minmax;ano;lok;1;nejvýš 1 posledních dvou let s menším počtem jedinců než je referenční hodnota;0;1
2015;CZ0424038;Holý vrch u Hlinné;Pulsatilla patens;Cévnaté rostliny;Holy vrch, Hradiste, Hlinna;Holy vrch, Hradiste, Hlinna;5450b;RP SCHKO České středohoří;AOPK ČR - RP SCHKO České středohoří;2015-10-10;2015-10-10;9527176;2015-10-10;0;POP_VITAL;% počtu trsů;min;minmax;ano;lok;30;alespoň 30 % počtu trsů;neznámý;NA
2015;CZ0424038;Holý vrch u Hlinné;Pulsatilla patens;Cévnaté rostliny;Holy vrch, Hradiste, Hlinna;Holy vrch, Hradiste, Hlinna;5450b;RP SCHKO České středohoří;AOPK ČR - RP SCHKO České středohoří;2015-10-10;2015-10-10;9527176;2015-10-10;0;STA_POKRDREV;NA;val;val;ne;lok;0;0, do 5 %, 5-25 %;neznámý;NA
2015;CZ0424038;Holý vrch u Hlinné;Pulsatilla patens;Cévnaté rostliny;Holy vrch, Hradiste, Hlinna;Holy vrch, Hradiste, Hlinna;5450b;RP SCHKO České středohoří;AOPK ČR - RP SCHKO České středohoří;2015-10-10;2015-10-10;9527176;2015-10-10;0;STA_POKRSTAR;NA;val;val;ne;lok;0;0, do 5 %, 5-25 %;neznámý;NA
2015;CZ0424038;Holý vrch u Hlinné;Pulsatilla patens;Cévnaté rostliny;Holy vrch, Hradiste, Hlinna;Holy vrch, Hradiste, Hlinna;5450b;RP SCHKO České středohoří;AOPK ČR - RP SCHKO České středohoří;2015-10-10;2015-10-10;9527176;2015-10-10;0;STA_POKRYVNOSTEXPANZNI;NA;val;val;ne;lok;0;0, do 5 %, 5-25 %;neznámý;NA
2015;CZ0424038;Holý vrch u Hlinné;Pulsatilla patens;Cévnaté rostliny;Holy vrch, Hradiste, Hlinna;Holy vrch, Hradiste, Hlinna;5450b;RP SCHKO České středohoří;AOPK ČR - RP SCHKO České středohoří;2015-10-10;2015-10-10;9527176;2015-10-10;0;STA_POKRYVNOSTINVAZNI;NA;val;val;ne;lok;0;0, do 5 %;neznámý;NA
2020;CZ0424038;Holý vrch u Hlinné;Pulsatilla patens;Cévnaté rostliny;Holý Vrch P1;Holý Vrch P1;5450b;RP SCHKO České středohoří;AOPK ČR - RP SCHKO České středohoří;2020-03-01;2020-03-01;11717182;2020-03-01;0;CELKOVE_HODNOCENI;NA;NA;NA;NA;lok;NA;NA;špatný;0
2020;CZ0424038;Holý vrch u Hlinné;Pulsatilla patens;Cévnaté rostliny;Holý Vrch P1;Holý Vrch P1;5450b;RP SCHKO České středohoří;AOPK ČR - RP SCHKO České středohoří;2020-03-01;2020-03-01;11717182;2020-03-01;0;CELKOVE_SUM;NA;NA;NA;NA;NA;;;3;NA
2020;CZ0424038;Holý vrch u Hlinné;Pulsatilla patens;Cévnaté rostliny;Holý Vrch P1;Holý Vrch P1;5450b;RP SCHKO České středohoří;AOPK ČR - RP SCHKO České středohoří;2020-03-01;2020-03-01;11717182;2020-03-01;0;POP_POCET;trsů;min;minmax;ano;lok;70;alespoň 70 trsů;0;0
2020;CZ0424038;Holý vrch u Hlinné;Pulsatilla patens;Cévnaté rostliny;Holý Vrch P1;Holý Vrch P1;5450b;RP SCHKO České středohoří;AOPK ČR - RP SCHKO České středohoří;2020-03-01;2020-03-01;11717182;2020-03-01;0;POP_POSKPERC;počet trsů;max;minmax;ne;lok;1;nejvýš 1 počet trsů;0;1
2020;CZ0424038;Holý vrch u Hlinné;Pulsatilla patens;Cévnaté rostliny;Holý Vrch P1;Holý Vrch P1;5450b;RP SCHKO České středohoří;AOPK ČR - RP SCHKO České středohoří;2020-03-01;2020-03-01;11717182;2020-03-01;0;POP_POSKPOC;počet typů poškození rostlin;max;minmax;ne;lok;2;nejvýš 2 počet typů poškození rostlin;0;1
2020;CZ0424038;Holý vrch u Hlinné;Pulsatilla patens;Cévnaté rostliny;Holý Vrch P1;Holý Vrch P1;5450b;RP SCHKO České středohoří;AOPK ČR - RP SCHKO České středohoří;2020-03-01;2020-03-01;11717182;2020-03-01;0;POP_TREND;posledních dvou let s menším počtem jedinců než je referenční hodnota;max;minmax;ano;lok;1;nejvýš 1 posledních dvou let s menším počtem jedinců než je referenční hodnota;0;1
2020;CZ0424038;Holý vrch u Hlinné;Pulsatilla patens;Cévnaté rostliny;Holý Vrch P1;Holý Vrch P1;5450b;RP SCHKO České středohoří;AOPK ČR - RP SCHKO České středohoří;2020-03-01;2020-03-01;11717182;2020-03-01;0;POP_VITAL;% počtu trsů;min;minmax;ano;lok;30;alespoň 30 % počtu trsů;neznámý;NA
2020;CZ0424038;Holý vrch u Hlinné;Pulsatilla patens;Cévnaté rostliny;Holý Vrch P1;Holý Vrch P1;5450b;RP SCHKO České středohoří;AOPK ČR - RP SCHKO České středohoří;2020-03-01;2020-03-01;11717182;2020-03-01;0;STA_POKRDREV;NA;val;val;ne;lok;0;0, do 5 %, 5-25 %;neznámý;NA
2020;CZ0424038;Holý vrch u Hlinné;Pulsatilla patens;Cévnaté rostliny;Holý Vrch P1;Holý Vrch P1;5450b;RP SCHKO České středohoří;AOPK ČR - RP SCHKO České středohoří;2020-03-01;2020-03-01;11717182;2020-03-01;0;STA_POKRSTAR;NA;val;val;ne;lok;0;0, do 5 %, 5-25 %;neznámý;NA
2020;CZ0424038;Holý vrch u Hlinné;Pulsatilla patens;Cévnaté rostliny;Holý Vrch P1;Holý Vrch P1;5450b;RP SCHKO České středohoří;AOPK ČR - RP SCHKO České středohoří;2020-03-01;2020-03-01;11717182;2020-03-01;0;STA_POKRYVNOSTEXPANZNI;NA;val;val;ne;lok;0;0, do 5 %, 5-25 %;neznámý;NA
2020;CZ0424038;Holý vrch u Hlinné;Pulsatilla patens;Cévnaté rostliny;Holý Vrch P1;Holý Vrch P1;5450b;RP SCHKO České středohoří;AOPK ČR - RP SCHKO České středohoří;2020-03-01;2020-03-01;11717182;2020-03-01;0;STA_POKRYVNOSTINVAZNI;NA;val;val;ne;lok;0;0, do 5 %;neznámý;NA
2021;CZ0424038;Holý vrch u Hlinné;Pulsatilla patens;Cévnaté rostliny;Holý vrch;Holý vrch;5450b;RP SCHKO České středohoří;AOPK ČR - RP SCHKO České středohoří;2009-04-21;2021-04-21;11772520;2021-04-21;1;CELKOVE_HODNOCENI;NA;NA;NA;NA;lok;NA;NA;špatný;0
2021;CZ0424038;Holý vrch u Hlinné;Pulsatilla patens;Cévnaté rostliny;Holý vrch;Holý vrch;5450b;RP SCHKO České středohoří;AOPK ČR - RP SCHKO České středohoří;2009-04-21;2021-04-21;11772520;2021-04-21;1;CELKOVE_SUM;NA;NA;NA;NA;NA;;;2;NA
2021;CZ0424038;Holý vrch u Hlinné;Pulsatilla patens;Cévnaté rostliny;Holý vrch;Holý vrch;5450b;RP SCHKO České středohoří;AOPK ČR - RP SCHKO České středohoří;2009-04-21;2021-04-21;11772520;2021-04-21;1;POP_POCET;trsů;min;minmax;ano;lok;70;alespoň 70 trsů;0;0
2021;CZ0424038;Holý vrch u Hlinné;Pulsatilla patens;Cévnaté rostliny;Holý vrch;Holý vrch;5450b;RP SCHKO České středohoří;AOPK ČR - RP SCHKO České středohoří;2009-04-21;2021-04-21;11772520;2021-04-21;1;POP_POSKPERC;počet trsů;max;minmax;ne;lok;1;nejvýš 1 počet trsů;0;1
2021;CZ0424038;Holý vrch u Hlinné;Pulsatilla patens;Cévnaté rostliny;Holý vrch;Holý vrch;5450b;RP SCHKO České středohoří;AOPK ČR - RP SCHKO České středohoří;2009-04-21;2021-04-21;11772520;2021-04-21;1;POP_POSKPOC;počet typů poškození rostlin;max;minmax;ne;lok;2;nejvýš 2 počet typů poškození rostlin;0;1
2021;CZ0424038;Holý vrch u Hlinné;Pulsatilla patens;Cévnaté rostliny;Holý vrch;Holý vrch;5450b;RP SCHKO České středohoří;AOPK ČR - RP SCHKO České středohoří;2009-04-21;2021-04-21;11772520;2021-04-21;1;POP_TREND;posledních dvou let s menším počtem jedinců než je referenční hodnota;max;minmax;ano;lok;1;nejvýš 1 posledních dvou let s menším počtem jedinců než je referenční hodnota;2;0
2021;CZ0424038;Holý vrch u Hlinné;Pulsatilla patens;Cévnaté rostliny;Holý vrch;Holý vrch;5450b;RP SCHKO České středohoří;AOPK ČR - RP SCHKO České středohoří;2009-04-21;2021-04-21;11772520;2021-04-21;1;POP_VITAL;% počtu trsů;min;minmax;ano;lok;30;alespoň 30 % počtu trsů;neznámý;NA
2021;CZ0424038;Holý vrch u Hlinné;Pulsatilla patens;Cévnaté rostliny;Holý vrch;Holý vrch;5450b;RP SCHKO České středohoří;AOPK ČR - RP SCHKO České středohoří;2009-04-21;2021-04-21;11772520;2021-04-21;1;STA_POKRDREV;NA;val;val;ne;lok;0;0, do 5 %, 5-25 %;neznámý;NA
2021;CZ0424038;Holý vrch u Hlinné;Pulsatilla patens;Cévnaté rostliny;Holý vrch;Holý vrch;5450b;RP SCHKO České středohoří;AOPK ČR - RP SCHKO České středohoří;2009-04-21;2021-04-21;11772520;2021-04-21;1;STA_POKRSTAR;NA;val;val;ne;lok;0;0, do 5 %, 5-25 %;neznámý;NA
2021;CZ0424038;Holý vrch u Hlinné;Pulsatilla patens;Cévnaté rostliny;Holý vrch;Holý vrch;5450b;RP SCHKO České středohoří;AOPK ČR - RP SCHKO České středohoří;2009-04-21;2021-04-21;11772520;2021-04-21;1;STA_POKRYVNOSTEXPANZNI;NA;val;val;ne;lok;0;0, do 5 %, 5-25 %;neznámý;NA
2021;CZ0424038;Holý vrch u Hlinné;Pulsatilla patens;Cévnaté rostliny;Holý vrch;Holý vrch;5450b;RP SCHKO České středohoří;AOPK ČR - RP SCHKO České středohoří;2009-04-21;2021-04-21;11772520;2021-04-21;1;STA_POKRYVNOSTINVAZNI;NA;val;val;ne;lok;0;0, do 5 %;neznámý;NA
2016;CZ0424038;Holý vrch u Hlinné;Pulsatilla patens;Cévnaté rostliny;Holý vrch - Hradiště;Holý vrch - Hradiště;5450b;RP SCHKO České středohoří;AOPK ČR - RP SCHKO České středohoří;2016-04-12;2016-04-12;9788129;2016-04-12;0;CELKOVE_HODNOCENI;NA;NA;NA;NA;lok;NA;NA;špatný;0
2016;CZ0424038;Holý vrch u Hlinné;Pulsatilla patens;Cévnaté rostliny;Holý vrch - Hradiště;Holý vrch - Hradiště;5450b;RP SCHKO České středohoří;AOPK ČR - RP SCHKO České středohoří;2016-04-12;2016-04-12;9788129;2016-04-12;0;CELKOVE_SUM;NA;NA;NA;NA;NA;;;3;NA
2016;CZ0424038;Holý vrch u Hlinné;Pulsatilla patens;Cévnaté rostliny;Holý vrch - Hradiště;Holý vrch - Hradiště;5450b;RP SCHKO České středohoří;AOPK ČR - RP SCHKO České středohoří;2016-04-12;2016-04-12;9788129;2016-04-12;0;POP_POCET;trsů;min;minmax;ano;lok;70;alespoň 70 trsů;0;0
2016;CZ0424038;Holý vrch u Hlinné;Pulsatilla patens;Cévnaté rostliny;Holý vrch - Hradiště;Holý vrch - Hradiště;5450b;RP SCHKO České středohoří;AOPK ČR - RP SCHKO České středohoří;2016-04-12;2016-04-12;9788129;2016-04-12;0;POP_POSKPERC;počet trsů;max;minmax;ne;lok;1;nejvýš 1 počet trsů;0;1
2016;CZ0424038;Holý vrch u Hlinné;Pulsatilla patens;Cévnaté rostliny;Holý vrch - Hradiště;Holý vrch - Hradiště;5450b;RP SCHKO České středohoří;AOPK ČR - RP SCHKO České středohoří;2016-04-12;2016-04-12;9788129;2016-04-12;0;POP_POSKPOC;počet typů poškození rostlin;max;minmax;ne;lok;2;nejvýš 2 počet typů poškození rostlin;0;1
2016;CZ0424038;Holý vrch u Hlinné;Pulsatilla patens;Cévnaté rostliny;Holý vrch - Hradiště;Holý vrch - Hradiště;5450b;RP SCHKO České středohoří;AOPK ČR - RP SCHKO České středohoří;2016-04-12;2016-04-12;9788129;2016-04-12;0;POP_TREND;posledních dvou let s menším počtem jedinců než je referenční hodnota;max;minmax;ano;lok;1;nejvýš 1 posledních dvou let s menším počtem jedinců než je referenční hodnota;0;1
2016;CZ0424038;Holý vrch u Hlinné;Pulsatilla patens;Cévnaté rostliny;Holý vrch - Hradiště;Holý vrch - Hradiště;5450b;RP SCHKO České středohoří;AOPK ČR - RP SCHKO České středohoří;2016-04-12;2016-04-12;9788129;2016-04-12;0;POP_VITAL;% počtu trsů;min;minmax;ano;lok;30;alespoň 30 % počtu trsů;neznámý;NA
2016;CZ0424038;Holý vrch u Hlinné;Pulsatilla patens;Cévnaté rostliny;Holý vrch - Hradiště;Holý vrch - Hradiště;5450b;RP SCHKO České středohoří;AOPK ČR - RP SCHKO České středohoří;2016-04-12;2016-04-12;9788129;2016-04-12;0;STA_POKRDREV;NA;val;val;ne;lok;0;0, do 5 %, 5-25 %;neznámý;NA
2016;CZ0424038;Holý vrch u Hlinné;Pulsatilla patens;Cévnaté rostliny;Holý vrch - Hradiště;Holý vrch - Hradiště;5450b;RP SCHKO České středohoří;AOPK ČR - RP SCHKO České středohoří;2016-04-12;2016-04-12;9788129;2016-04-12;0;STA_POKRSTAR;NA;val;val;ne;lok;0;0, do 5 %, 5-25 %;neznámý;NA
2016;CZ0424038;Holý vrch u Hlinné;Pulsatilla patens;Cévnaté rostliny;Holý vrch - Hradiště;Holý vrch - Hradiště;5450b;RP SCHKO České středohoří;AOPK ČR - RP SCHKO České středohoří;2016-04-12;2016-04-12;9788129;2016-04-12;0;STA_POKRYVNOSTEXPANZNI;NA;val;val;ne;lok;0;0, do 5 %, 5-25 %;neznámý;NA
2016;CZ0424038;Holý vrch u Hlinné;Pulsatilla patens;Cévnaté rostliny;Holý vrch - Hradiště;Holý vrch - Hradiště;5450b;RP SCHKO České středohoří;AOPK ČR - RP SCHKO České středohoří;2016-04-12;2016-04-12;9788129;2016-04-12;0;STA_POKRYVNOSTINVAZNI;NA;val;val;ne;lok;0;0, do 5 %;neznámý;NA
2020;CZ0424038;Holý vrch u Hlinné;Pulsatilla patens;Cévnaté rostliny;Holý vrch P4;Holý vrch P4;5450b;RP SCHKO České středohoří;AOPK ČR - RP SCHKO České středohoří;2020-03-01;2020-03-01;11717200;2020-03-01;0;CELKOVE_HODNOCENI;NA;NA;NA;NA;lok;NA;NA;špatný;0
2020;CZ0424038;Holý vrch u Hlinné;Pulsatilla patens;Cévnaté rostliny;Holý vrch P4;Holý vrch P4;5450b;RP SCHKO České středohoří;AOPK ČR - RP SCHKO České středohoří;2020-03-01;2020-03-01;11717200;2020-03-01;0;CELKOVE_SUM;NA;NA;NA;NA;NA;;;3;NA
2020;CZ0424038;Holý vrch u Hlinné;Pulsatilla patens;Cévnaté rostliny;Holý vrch P4;Holý vrch P4;5450b;RP SCHKO České středohoří;AOPK ČR - RP SCHKO České středohoří;2020-03-01;2020-03-01;11717200;2020-03-01;0;POP_POCET;trsů;min;minmax;ano;lok;70;alespoň 70 trsů;0;0
2020;CZ0424038;Holý vrch u Hlinné;Pulsatilla patens;Cévnaté rostliny;Holý vrch P4;Holý vrch P4;5450b;RP SCHKO České středohoří;AOPK ČR - RP SCHKO České středohoří;2020-03-01;2020-03-01;11717200;2020-03-01;0;POP_POSKPERC;počet trsů;max;minmax;ne;lok;1;nejvýš 1 počet trsů;0;1
2020;CZ0424038;Holý vrch u Hlinné;Pulsatilla patens;Cévnaté rostliny;Holý vrch P4;Holý vrch P4;5450b;RP SCHKO České středohoří;AOPK ČR - RP SCHKO České středohoří;2020-03-01;2020-03-01;11717200;2020-03-01;0;POP_POSKPOC;počet typů poškození rostlin;max;minmax;ne;lok;2;nejvýš 2 počet typů poškození rostlin;0;1
2020;CZ0424038;Holý vrch u Hlinné;Pulsatilla patens;Cévnaté rostliny;Holý vrch P4;Holý vrch P4;5450b;RP SCHKO České středohoří;AOPK ČR - RP SCHKO České středohoří;2020-03-01;2020-03-01;11717200;2020-03-01;0;POP_TREND;posledních dvou let s menším počtem jedinců než je referenční hodnota;max;minmax;ano;lok;1;nejvýš 1 posledních dvou let s menším počtem jedinců než je referenční hodnota;0;1
2020;CZ0424038;Holý vrch u Hlinné;Pulsatilla patens;Cévnaté rostliny;Holý vrch P4;Holý vrch P4;5450b;RP SCHKO České středohoří;AOPK ČR - RP SCHKO České středohoří;2020-03-01;2020-03-01;11717200;2020-03-01;0;POP_VITAL;% počtu trsů;min;minmax;ano;lok;30;alespoň 30 % počtu trsů;neznámý;NA
2020;CZ0424038;Holý vrch u Hlinné;Pulsatilla patens;Cévnaté rostliny;Holý vrch P4;Holý vrch P4;5450b;RP SCHKO České středohoří;AOPK ČR - RP SCHKO České středohoří;2020-03-01;2020-03-01;11717200;2020-03-01;0;STA_POKRDREV;NA;val;val;ne;lok;0;0, do 5 %, 5-25 %;neznámý;NA
2020;CZ0424038;Holý vrch u Hlinné;Pulsatilla patens;Cévnaté rostliny;Holý vrch P4;Holý vrch P4;5450b;RP SCHKO České středohoří;AOPK ČR - RP SCHKO České středohoří;2020-03-01;2020-03-01;11717200;2020-03-01;0;STA_POKRSTAR;NA;val;val;ne;lok;0;0, do 5 %, 5-25 %;neznámý;NA
2020;CZ0424038;Holý vrch u Hlinné;Pulsatilla patens;Cévnaté rostliny;Holý vrch P4;Holý vrch P4;5450b;RP SCHKO České středohoří;AOPK ČR - RP SCHKO České středohoří;2020-03-01;2020-03-01;11717200;2020-03-01;0;STA_POKRYVNOSTEXPANZNI;NA;val;val;ne;lok;0;0, do 5 %, 5-25 %;neznámý;NA
2020;CZ0424038;Holý vrch u Hlinné;Pulsatilla patens;Cévnaté rostliny;Holý vrch P4;Holý vrch P4;5450b;RP SCHKO České středohoří;AOPK ČR - RP SCHKO České středohoří;2020-03-01;2020-03-01;11717200;2020-03-01;0;STA_POKRYVNOSTINVAZNI;NA;val;val;ne;lok;0;0, do 5 %;neznámý;NA
2021;CZ0424038;Holý vrch u Hlinné;Pulsatilla patens;Cévnaté rostliny;Hradiště u Hlinné;Hradiště u Hlinné;5450b;RP SCHKO České středohoří;AOPK ČR - RP SCHKO České středohoří;2009-04-25;2021-05-05;11773222;2021-05-05;1;CELKOVE_HODNOCENI;NA;NA;NA;NA;lok;NA;NA;špatný;0
2021;CZ0424038;Holý vrch u Hlinné;Pulsatilla patens;Cévnaté rostliny;Hradiště u Hlinné;Hradiště u Hlinné;5450b;RP SCHKO České středohoří;AOPK ČR - RP SCHKO České středohoří;2009-04-25;2021-05-05;11773222;2021-05-05;1;CELKOVE_SUM;NA;NA;NA;NA;NA;;;2;NA
2021;CZ0424038;Holý vrch u Hlinné;Pulsatilla patens;Cévnaté rostliny;Hradiště u Hlinné;Hradiště u Hlinné;5450b;RP SCHKO České středohoří;AOPK ČR - RP SCHKO České středohoří;2009-04-25;2021-05-05;11773222;2021-05-05;1;POP_POCET;trsů;min;minmax;ano;lok;70;alespoň 70 trsů;0;0
2021;CZ0424038;Holý vrch u Hlinné;Pulsatilla patens;Cévnaté rostliny;Hradiště u Hlinné;Hradiště u Hlinné;5450b;RP SCHKO České středohoří;AOPK ČR - RP SCHKO České středohoří;2009-04-25;2021-05-05;11773222;2021-05-05;1;POP_POSKPERC;počet trsů;max;minmax;ne;lok;1;nejvýš 1 počet trsů;0;1
2021;CZ0424038;Holý vrch u Hlinné;Pulsatilla patens;Cévnaté rostliny;Hradiště u Hlinné;Hradiště u Hlinné;5450b;RP SCHKO České středohoří;AOPK ČR - RP SCHKO České středohoří;2009-04-25;2021-05-05;11773222;2021-05-05;1;POP_POSKPOC;počet typů poškození rostlin;max;minmax;ne;lok;2;nejvýš 2 počet typů poškození rostlin;0;1
2021;CZ0424038;Holý vrch u Hlinné;Pulsatilla patens;Cévnaté rostliny;Hradiště u Hlinné;Hradiště u Hlinné;5450b;RP SCHKO České středohoří;AOPK ČR - RP SCHKO České středohoří;2009-04-25;2021-05-05;11773222;2021-05-05;1;POP_TREND;posledních dvou let s menším počtem jedinců než je referenční hodnota;max;minmax;ano;lok;1;nejvýš 1 posledních dvou let s menším počtem jedinců než je referenční hodnota;2;0
2021;CZ0424038;Holý vrch u Hlinné;Pulsatilla patens;Cévnaté rostliny;Hradiště u Hlinné;Hradiště u Hlinné;5450b;RP SCHKO České středohoří;AOPK ČR - RP SCHKO České středohoří;2009-04-25;2021-05-05;11773222;2021-05-05;1;POP_VITAL;% počtu trsů;min;minmax;ano;lok;30;alespoň 30 % počtu trsů;NaN;NA
2021;CZ0424038;Holý vrch u Hlinné;Pulsatilla patens;Cévnaté rostliny;Hradiště u Hlinné;Hradiště u Hlinné;5450b;RP SCHKO České středohoří;AOPK ČR - RP SCHKO České středohoří;2009-04-25;2021-05-05;11773222;2021-05-05;1;STA_POKRDREV;NA;val;val;ne;lok;0;0, do 5 %, 5-25 %;neznámý;NA
2021;CZ0424038;Holý vrch u Hlinné;Pulsatilla patens;Cévnaté rostliny;Hradiště u Hlinné;Hradiště u Hlinné;5450b;RP SCHKO České středohoří;AOPK ČR - RP SCHKO České středohoří;2009-04-25;2021-05-05;11773222;2021-05-05;1;STA_POKRSTAR;NA;val;val;ne;lok;0;0, do 5 %, 5-25 %;neznámý;NA
2021;CZ0424038;Holý vrch u Hlinné;Pulsatilla patens;Cévnaté rostliny;Hradiště u Hlinné;Hradiště u Hlinné;5450b;RP SCHKO České středohoří;AOPK ČR - RP SCHKO České středohoří;2009-04-25;2021-05-05;11773222;2021-05-05;1;STA_POKRYVNOSTEXPANZNI;NA;val;val;ne;lok;0;0, do 5 %, 5-25 %;neznámý;NA
2021;CZ0424038;Holý vrch u Hlinné;Pulsatilla patens;Cévnaté rostliny;Hradiště u Hlinné;Hradiště u Hlinné;5450b;RP SCHKO České středohoří;AOPK ČR - RP SCHKO České středohoří;2009-04-25;2021-05-05;11773222;2021-05-05;1;STA_POKRYVNOSTINVAZNI;NA;val;val;ne;lok;0;0, do 5 %;neznámý;NA
2024;CZ0424038;Holý vrch u Hlinné;Pulsatilla patens;Cévnaté rostliny;Ppat018;Holý vrch;5450b;RP SCHKO České středohoří;AOPK ČR - RP SCHKO České středohoří;2022-04-14;2024-04-16;13437594;2024-04-16;1;CELKOVE_HODNOCENI;NA;NA;NA;NA;lok;NA;NA;špatný;0
2024;CZ0424038;Holý vrch u Hlinné;Pulsatilla patens;Cévnaté rostliny;Ppat018;Holý vrch;5450b;RP SCHKO České středohoří;AOPK ČR - RP SCHKO České středohoří;2022-04-14;2024-04-16;13437594;2024-04-16;1;CELKOVE_SUM;NA;NA;NA;NA;NA;;;6;NA
2024;CZ0424038;Holý vrch u Hlinné;Pulsatilla patens;Cévnaté rostliny;Ppat018;Holý vrch;5450b;RP SCHKO České středohoří;AOPK ČR - RP SCHKO České středohoří;2022-04-14;2024-04-16;13437594;2024-04-16;1;POP_POCET;trsů;min;minmax;ano;lok;70;alespoň 70 trsů;165;1
2024;CZ0424038;Holý vrch u Hlinné;Pulsatilla patens;Cévnaté rostliny;Ppat018;Holý vrch;5450b;RP SCHKO České středohoří;AOPK ČR - RP SCHKO České středohoří;2022-04-14;2024-04-16;13437594;2024-04-16;1;POP_POSKPERC;počet trsů;max;minmax;ne;lok;1;nejvýš 1 počet trsů;2;0
2024;CZ0424038;Holý vrch u Hlinné;Pulsatilla patens;Cévnaté rostliny;Ppat018;Holý vrch;5450b;RP SCHKO České středohoří;AOPK ČR - RP SCHKO České středohoří;2022-04-14;2024-04-16;13437594;2024-04-16;1;POP_POSKPOC;počet typů poškození rostlin;max;minmax;ne;lok;2;nejvýš 2 počet typů poškození rostlin;2;1
2024;CZ0424038;Holý vrch u Hlinné;Pulsatilla patens;Cévnaté rostliny;Ppat018;Holý vrch;5450b;RP SCHKO České středohoří;AOPK ČR - RP SCHKO České středohoří;2022-04-14;2024-04-16;13437594;2024-04-16;1;POP_TREND;posledních dvou let s menším počtem jedinců než je referenční hodnota;max;minmax;ano;lok;1;nejvýš 1 posledních dvou let s menším počtem jedinců než je referenční hodnota;2;0
2024;CZ0424038;Holý vrch u Hlinné;Pulsatilla patens;Cévnaté rostliny;Ppat018;Holý vrch;5450b;RP SCHKO České středohoří;AOPK ČR - RP SCHKO České středohoří;2022-04-14;2024-04-16;13437594;2024-04-16;1;POP_VITAL;% počtu trsů;min;minmax;ano;lok;30;alespoň 30 % počtu trsů;24.8484848484848;0
2024;CZ0424038;Holý vrch u Hlinné;Pulsatilla patens;Cévnaté rostliny;Ppat018;Holý vrch;5450b;RP SCHKO České středohoří;AOPK ČR - RP SCHKO České středohoří;2022-04-14;2024-04-16;13437594;2024-04-16;1;STA_POKRDREV;NA;val;val;ne;lok;0;0, do 5 %, 5-25 %;5-25 %;1
2024;CZ0424038;Holý vrch u Hlinné;Pulsatilla patens;Cévnaté rostliny;Ppat018;Holý vrch;5450b;RP SCHKO České středohoří;AOPK ČR - RP SCHKO České středohoří;2022-04-14;2024-04-16;13437594;2024-04-16;1;STA_POKRSTAR;NA;val;val;ne;lok;0;0, do 5 %, 5-25 %;5-25 %;1
2024;CZ0424038;Holý vrch u Hlinné;Pulsatilla patens;Cévnaté rostliny;Ppat018;Holý vrch;5450b;RP SCHKO České středohoří;AOPK ČR - RP SCHKO České středohoří;2022-04-14;2024-04-16;13437594;2024-04-16;1;STA_POKRYVNOSTEXPANZNI;NA;val;val;ne;lok;0;0, do 5 %, 5-25 %;0;1
2024;CZ0424038;Holý vrch u Hlinné;Pulsatilla patens;Cévnaté rostliny;Ppat018;Holý vrch;5450b;RP SCHKO České středohoří;AOPK ČR - RP SCHKO České středohoří;2022-04-14;2024-04-16;13437594;2024-04-16;1;STA_POKRYVNOSTINVAZNI;NA;val;val;ne;lok;0;0, do 5 %;0;1
2024;CZ0424038;Holý vrch u Hlinné;Pulsatilla patens;Cévnaté rostliny;Ppat022;Hradiště u Hlinné;5450b;RP SCHKO České středohoří;AOPK ČR - RP SCHKO České středohoří;2022-05-19;2024-04-16;13437597;2024-04-16;1;CELKOVE_HODNOCENI;NA;NA;NA;NA;lok;NA;NA;špatný;0
2024;CZ0424038;Holý vrch u Hlinné;Pulsatilla patens;Cévnaté rostliny;Ppat022;Hradiště u Hlinné;5450b;RP SCHKO České středohoří;AOPK ČR - RP SCHKO České středohoří;2022-05-19;2024-04-16;13437597;2024-04-16;1;CELKOVE_SUM;NA;NA;NA;NA;NA;;;6;NA
2024;CZ0424038;Holý vrch u Hlinné;Pulsatilla patens;Cévnaté rostliny;Ppat022;Hradiště u Hlinné;5450b;RP SCHKO České středohoří;AOPK ČR - RP SCHKO České středohoří;2022-05-19;2024-04-16;13437597;2024-04-16;1;POP_POCET;trsů;min;minmax;ano;lok;70;alespoň 70 trsů;9;0
2024;CZ0424038;Holý vrch u Hlinné;Pulsatilla patens;Cévnaté rostliny;Ppat022;Hradiště u Hlinné;5450b;RP SCHKO České středohoří;AOPK ČR - RP SCHKO České středohoří;2022-05-19;2024-04-16;13437597;2024-04-16;1;POP_POSKPERC;počet trsů;max;minmax;ne;lok;1;nejvýš 1 počet trsů;2;0
2024;CZ0424038;Holý vrch u Hlinné;Pulsatilla patens;Cévnaté rostliny;Ppat022;Hradiště u Hlinné;5450b;RP SCHKO České středohoří;AOPK ČR - RP SCHKO České středohoří;2022-05-19;2024-04-16;13437597;2024-04-16;1;POP_POSKPOC;počet typů poškození rostlin;max;minmax;ne;lok;2;nejvýš 2 počet typů poškození rostlin;1;1
2024;CZ0424038;Holý vrch u Hlinné;Pulsatilla patens;Cévnaté rostliny;Ppat022;Hradiště u Hlinné;5450b;RP SCHKO České středohoří;AOPK ČR - RP SCHKO České středohoří;2022-05-19;2024-04-16;13437597;2024-04-16;1;POP_TREND;posledních dvou let s menším počtem jedinců než je referenční hodnota;max;minmax;ano;lok;1;nejvýš 1 posledních dvou let s menším počtem jedinců než je referenční hodnota;0;1
2024;CZ0424038;Holý vrch u Hlinné;Pulsatilla patens;Cévnaté rostliny;Ppat022;Hradiště u Hlinné;5450b;RP SCHKO České středohoří;AOPK ČR - RP SCHKO České středohoří;2022-05-19;2024-04-16;13437597;2024-04-16;1;POP_VITAL;% počtu trsů;min;minmax;ano;lok;30;alespoň 30 % počtu trsů;11.1111111111111;0
2024;CZ0424038;Holý vrch u Hlinné;Pulsatilla patens;Cévnaté rostliny;Ppat022;Hradiště u Hlinné;5450b;RP SCHKO České středohoří;AOPK ČR - RP SCHKO České středohoří;2022-05-19;2024-04-16;13437597;2024-04-16;1;STA_POKRDREV;NA;val;val;ne;lok;0;0, do 5 %, 5-25 %;5-25 %;1
2024;CZ0424038;Holý vrch u Hlinné;Pulsatilla patens;Cévnaté rostliny;Ppat022;Hradiště u Hlinné;5450b;RP SCHKO České středohoří;AOPK ČR - RP SCHKO České středohoří;2022-05-19;2024-04-16;13437597;2024-04-16;1;STA_POKRSTAR;NA;val;val;ne;lok;0;0, do 5 %, 5-25 %;5-25 %;1
2024;CZ0424038;Holý vrch u Hlinné;Pulsatilla patens;Cévnaté rostliny;Ppat022;Hradiště u Hlinné;5450b;RP SCHKO České středohoří;AOPK ČR - RP SCHKO České středohoří;2022-05-19;2024-04-16;13437597;2024-04-16;1;STA_POKRYVNOSTEXPANZNI;NA;val;val;ne;lok;0;0, do 5 %, 5-25 %;0;1
2024;CZ0424038;Holý vrch u Hlinné;Pulsatilla patens;Cévnaté rostliny;Ppat022;Hradiště u Hlinné;5450b;RP SCHKO České středohoří;AOPK ČR - RP SCHKO České středohoří;2022-05-19;2024-04-16;13437597;2024-04-16;1;STA_POKRYVNOSTINVAZNI;NA;val;val;ne;lok;0;0, do 5 %;0;1
2022;CZ0424125;Doupovské hory;Pulsatilla patens;Cévnaté rostliny;32070284;Úhošťany_32070284;5645c;RP SCHKO Slavkovský les;Krajský úřad Ústeckého kraje, AOPK ČR - RP SCHKO Slavkovský les, Krajský úřad Karlovarského kraje;2022-06-03;2022-06-03;12675702;2022-06-03;0;CELKOVE_HODNOCENI;NA;NA;NA;NA;lok;NA;NA;špatný;0
2022;CZ0424125;Doupovské hory;Pulsatilla patens;Cévnaté rostliny;32070284;Úhošťany_32070284;5645c;RP SCHKO Slavkovský les;Krajský úřad Ústeckého kraje, AOPK ČR - RP SCHKO Slavkovský les, Krajský úřad Karlovarského kraje;2022-06-03;2022-06-03;12675702;2022-06-03;0;CELKOVE_SUM;NA;NA;NA;NA;NA;;;3;NA
2022;CZ0424125;Doupovské hory;Pulsatilla patens;Cévnaté rostliny;32070284;Úhošťany_32070284;5645c;RP SCHKO Slavkovský les;Krajský úřad Ústeckého kraje, AOPK ČR - RP SCHKO Slavkovský les, Krajský úřad Karlovarského kraje;2022-06-03;2022-06-03;12675702;2022-06-03;0;POP_POCET;trsů;min;minmax;ano;lok;70;alespoň 70 trsů;0;0
2022;CZ0424125;Doupovské hory;Pulsatilla patens;Cévnaté rostliny;32070284;Úhošťany_32070284;5645c;RP SCHKO Slavkovský les;Krajský úřad Ústeckého kraje, AOPK ČR - RP SCHKO Slavkovský les, Krajský úřad Karlovarského kraje;2022-06-03;2022-06-03;12675702;2022-06-03;0;POP_POSKPERC;počet trsů;max;minmax;ne;lok;1;nejvýš 1 počet trsů;0;1
2022;CZ0424125;Doupovské hory;Pulsatilla patens;Cévnaté rostliny;32070284;Úhošťany_32070284;5645c;RP SCHKO Slavkovský les;Krajský úřad Ústeckého kraje, AOPK ČR - RP SCHKO Slavkovský les, Krajský úřad Karlovarského kraje;2022-06-03;2022-06-03;12675702;2022-06-03;0;POP_POSKPOC;počet typů poškození rostlin;max;minmax;ne;lok;2;nejvýš 2 počet typů poškození rostlin;0;1
2022;CZ0424125;Doupovské hory;Pulsatilla patens;Cévnaté rostliny;32070284;Úhošťany_32070284;5645c;RP SCHKO Slavkovský les;Krajský úřad Ústeckého kraje, AOPK ČR - RP SCHKO Slavkovský les, Krajský úřad Karlovarského kraje;2022-06-03;2022-06-03;12675702;2022-06-03;0;POP_TREND;posledních dvou let s menším počtem jedinců než je referenční hodnota;max;minmax;ano;lok;1;nejvýš 1 posledních dvou let s menším počtem jedinců než je referenční hodnota;0;1
2022;CZ0424125;Doupovské hory;Pulsatilla patens;Cévnaté rostliny;32070284;Úhošťany_32070284;5645c;RP SCHKO Slavkovský les;Krajský úřad Ústeckého kraje, AOPK ČR - RP SCHKO Slavkovský les, Krajský úřad Karlovarského kraje;2022-06-03;2022-06-03;12675702;2022-06-03;0;POP_VITAL;% počtu trsů;min;minmax;ano;lok;30;alespoň 30 % počtu trsů;neznámý;NA
2022;CZ0424125;Doupovské hory;Pulsatilla patens;Cévnaté rostliny;32070284;Úhošťany_32070284;5645c;RP SCHKO Slavkovský les;Krajský úřad Ústeckého kraje, AOPK ČR - RP SCHKO Slavkovský les, Krajský úřad Karlovarského kraje;2022-06-03;2022-06-03;12675702;2022-06-03;0;STA_POKRDREV;NA;val;val;ne;lok;0;0, do 5 %, 5-25 %;neznámý;NA
2022;CZ0424125;Doupovské hory;Pulsatilla patens;Cévnaté rostliny;32070284;Úhošťany_32070284;5645c;RP SCHKO Slavkovský les;Krajský úřad Ústeckého kraje, AOPK ČR - RP SCHKO Slavkovský les, Krajský úřad Karlovarského kraje;2022-06-03;2022-06-03;12675702;2022-06-03;0;STA_POKRSTAR;NA;val;val;ne;lok;0;0, do 5 %, 5-25 %;neznámý;NA
2022;CZ0424125;Doupovské hory;Pulsatilla patens;Cévnaté rostliny;32070284;Úhošťany_32070284;5645c;RP SCHKO Slavkovský les;Krajský úřad Ústeckého kraje, AOPK ČR - RP SCHKO Slavkovský les, Krajský úřad Karlovarského kraje;2022-06-03;2022-06-03;12675702;2022-06-03;0;STA_POKRYVNOSTEXPANZNI;NA;val;val;ne;lok;0;0, do 5 %, 5-25 %;neznámý;NA
2022;CZ0424125;Doupovské hory;Pulsatilla patens;Cévnaté rostliny;32070284;Úhošťany_32070284;5645c;RP SCHKO Slavkovský les;Krajský úřad Ústeckého kraje, AOPK ČR - RP SCHKO Slavkovský les, Krajský úřad Karlovarského kraje;2022-06-03;2022-06-03;12675702;2022-06-03;0;STA_POKRYVNOSTINVAZNI;NA;val;val;ne;lok;0;0, do 5 %;neznámý;NA
2022;CZ0424125;Doupovské hory;Pulsatilla patens;Cévnaté rostliny;32070285;Úhošťany_32070285;5645c;RP SCHKO Slavkovský les;Krajský úřad Ústeckého kraje, AOPK ČR - RP SCHKO Slavkovský les, Krajský úřad Karlovarského kraje;2022-06-03;2022-06-03;12675516;2022-06-03;0;CELKOVE_HODNOCENI;NA;NA;NA;NA;lok;NA;NA;špatný;0
2022;CZ0424125;Doupovské hory;Pulsatilla patens;Cévnaté rostliny;32070285;Úhošťany_32070285;5645c;RP SCHKO Slavkovský les;Krajský úřad Ústeckého kraje, AOPK ČR - RP SCHKO Slavkovský les, Krajský úřad Karlovarského kraje;2022-06-03;2022-06-03;12675516;2022-06-03;0;CELKOVE_SUM;NA;NA;NA;NA;NA;;;3;NA
2022;CZ0424125;Doupovské hory;Pulsatilla patens;Cévnaté rostliny;32070285;Úhošťany_32070285;5645c;RP SCHKO Slavkovský les;Krajský úřad Ústeckého kraje, AOPK ČR - RP SCHKO Slavkovský les, Krajský úřad Karlovarského kraje;2022-06-03;2022-06-03;12675516;2022-06-03;0;POP_POCET;trsů;min;minmax;ano;lok;70;alespoň 70 trsů;0;0
2022;CZ0424125;Doupovské hory;Pulsatilla patens;Cévnaté rostliny;32070285;Úhošťany_32070285;5645c;RP SCHKO Slavkovský les;Krajský úřad Ústeckého kraje, AOPK ČR - RP SCHKO Slavkovský les, Krajský úřad Karlovarského kraje;2022-06-03;2022-06-03;12675516;2022-06-03;0;POP_POSKPERC;počet trsů;max;minmax;ne;lok;1;nejvýš 1 počet trsů;0;1
2022;CZ0424125;Doupovské hory;Pulsatilla patens;Cévnaté rostliny;32070285;Úhošťany_32070285;5645c;RP SCHKO Slavkovský les;Krajský úřad Ústeckého kraje, AOPK ČR - RP SCHKO Slavkovský les, Krajský úřad Karlovarského kraje;2022-06-03;2022-06-03;12675516;2022-06-03;0;POP_POSKPOC;počet typů poškození rostlin;max;minmax;ne;lok;2;nejvýš 2 počet typů poškození rostlin;0;1
2022;CZ0424125;Doupovské hory;Pulsatilla patens;Cévnaté rostliny;32070285;Úhošťany_32070285;5645c;RP SCHKO Slavkovský les;Krajský úřad Ústeckého kraje, AOPK ČR - RP SCHKO Slavkovský les, Krajský úřad Karlovarského kraje;2022-06-03;2022-06-03;12675516;2022-06-03;0;POP_TREND;posledních dvou let s menším počtem jedinců než je referenční hodnota;max;minmax;ano;lok;1;nejvýš 1 posledních dvou let s menším počtem jedinců než je referenční hodnota;0;1
2022;CZ0424125;Doupovské hory;Pulsatilla patens;Cévnaté rostliny;32070285;Úhošťany_32070285;5645c;RP SCHKO Slavkovský les;Krajský úřad Ústeckého kraje, AOPK ČR - RP SCHKO Slavkovský les, Krajský úřad Karlovarského kraje;2022-06-03;2022-06-03;12675516;2022-06-03;0;POP_VITAL;% počtu trsů;min;minmax;ano;lok;30;alespoň 30 % počtu trsů;neznámý;NA
2022;CZ0424125;Doupovské hory;Pulsatilla patens;Cévnaté rostliny;32070285;Úhošťany_32070285;5645c;RP SCHKO Slavkovský les;Krajský úřad Ústeckého kraje, AOPK ČR - RP SCHKO Slavkovský les, Krajský úřad Karlovarského kraje;2022-06-03;2022-06-03;12675516;2022-06-03;0;STA_POKRDREV;NA;val;val;ne;lok;0;0, do 5 %, 5-25 %;neznámý;NA
2022;CZ0424125;Doupovské hory;Pulsatilla patens;Cévnaté rostliny;32070285;Úhošťany_32070285;5645c;RP SCHKO Slavkovský les;Krajský úřad Ústeckého kraje, AOPK ČR - RP SCHKO Slavkovský les, Krajský úřad Karlovarského kraje;2022-06-03;2022-06-03;12675516;2022-06-03;0;STA_POKRSTAR;NA;val;val;ne;lok;0;0, do 5 %, 5-25 %;neznámý;NA
2022;CZ0424125;Doupovské hory;Pulsatilla patens;Cévnaté rostliny;32070285;Úhošťany_32070285;5645c;RP SCHKO Slavkovský les;Krajský úřad Ústeckého kraje, AOPK ČR - RP SCHKO Slavkovský les, Krajský úřad Karlovarského kraje;2022-06-03;2022-06-03;12675516;2022-06-03;0;STA_POKRYVNOSTEXPANZNI;NA;val;val;ne;lok;0;0, do 5 %, 5-25 %;neznámý;NA
2022;CZ0424125;Doupovské hory;Pulsatilla patens;Cévnaté rostliny;32070285;Úhošťany_32070285;5645c;RP SCHKO Slavkovský les;Krajský úřad Ústeckého kraje, AOPK ČR - RP SCHKO Slavkovský les, Krajský úřad Karlovarského kraje;2022-06-03;2022-06-03;12675516;2022-06-03;0;STA_POKRYVNOSTINVAZNI;NA;val;val;ne;lok;0;0, do 5 %;neznámý;NA
2022;CZ0424125;Doupovské hory;Pulsatilla patens;Cévnaté rostliny;32070298;Úhošťany_32070298;5645c;RP SCHKO Slavkovský les;Krajský úřad Ústeckého kraje, AOPK ČR - RP SCHKO Slavkovský les, Krajský úřad Karlovarského kraje;2022-06-03;2022-06-03;12675931;2022-06-03;0;CELKOVE_HODNOCENI;NA;NA;NA;NA;lok;NA;NA;špatný;0
2022;CZ0424125;Doupovské hory;Pulsatilla patens;Cévnaté rostliny;32070298;Úhošťany_32070298;5645c;RP SCHKO Slavkovský les;Krajský úřad Ústeckého kraje, AOPK ČR - RP SCHKO Slavkovský les, Krajský úřad Karlovarského kraje;2022-06-03;2022-06-03;12675931;2022-06-03;0;CELKOVE_SUM;NA;NA;NA;NA;NA;;;3;NA
2022;CZ0424125;Doupovské hory;Pulsatilla patens;Cévnaté rostliny;32070298;Úhošťany_32070298;5645c;RP SCHKO Slavkovský les;Krajský úřad Ústeckého kraje, AOPK ČR - RP SCHKO Slavkovský les, Krajský úřad Karlovarského kraje;2022-06-03;2022-06-03;12675931;2022-06-03;0;POP_POCET;trsů;min;minmax;ano;lok;70;alespoň 70 trsů;0;0
2022;CZ0424125;Doupovské hory;Pulsatilla patens;Cévnaté rostliny;32070298;Úhošťany_32070298;5645c;RP SCHKO Slavkovský les;Krajský úřad Ústeckého kraje, AOPK ČR - RP SCHKO Slavkovský les, Krajský úřad Karlovarského kraje;2022-06-03;2022-06-03;12675931;2022-06-03;0;POP_POSKPERC;počet trsů;max;minmax;ne;lok;1;nejvýš 1 počet trsů;0;1
2022;CZ0424125;Doupovské hory;Pulsatilla patens;Cévnaté rostliny;32070298;Úhošťany_32070298;5645c;RP SCHKO Slavkovský les;Krajský úřad Ústeckého kraje, AOPK ČR - RP SCHKO Slavkovský les, Krajský úřad Karlovarského kraje;2022-06-03;2022-06-03;12675931;2022-06-03;0;POP_POSKPOC;počet typů poškození rostlin;max;minmax;ne;lok;2;nejvýš 2 počet typů poškození rostlin;0;1
2022;CZ0424125;Doupovské hory;Pulsatilla patens;Cévnaté rostliny;32070298;Úhošťany_32070298;5645c;RP SCHKO Slavkovský les;Krajský úřad Ústeckého kraje, AOPK ČR - RP SCHKO Slavkovský les, Krajský úřad Karlovarského kraje;2022-06-03;2022-06-03;12675931;2022-06-03;0;POP_TREND;posledních dvou let s menším počtem jedinců než je referenční hodnota;max;minmax;ano;lok;1;nejvýš 1 posledních dvou let s menším počtem jedinců než je referenční hodnota;0;1
2022;CZ0424125;Doupovské hory;Pulsatilla patens;Cévnaté rostliny;32070298;Úhošťany_32070298;5645c;RP SCHKO Slavkovský les;Krajský úřad Ústeckého kraje, AOPK ČR - RP SCHKO Slavkovský les, Krajský úřad Karlovarského kraje;2022-06-03;2022-06-03;12675931;2022-06-03;0;POP_VITAL;% počtu trsů;min;minmax;ano;lok;30;alespoň 30 % počtu trsů;neznámý;NA
2022;CZ0424125;Doupovské hory;Pulsatilla patens;Cévnaté rostliny;32070298;Úhošťany_32070298;5645c;RP SCHKO Slavkovský les;Krajský úřad Ústeckého kraje, AOPK ČR - RP SCHKO Slavkovský les, Krajský úřad Karlovarského kraje;2022-06-03;2022-06-03;12675931;2022-06-03;0;STA_POKRDREV;NA;val;val;ne;lok;0;0, do 5 %, 5-25 %;neznámý;NA
2022;CZ0424125;Doupovské hory;Pulsatilla patens;Cévnaté rostliny;32070298;Úhošťany_32070298;5645c;RP SCHKO Slavkovský les;Krajský úřad Ústeckého kraje, AOPK ČR - RP SCHKO Slavkovský les, Krajský úřad Karlovarského kraje;2022-06-03;2022-06-03;12675931;2022-06-03;0;STA_POKRSTAR;NA;val;val;ne;lok;0;0, do 5 %, 5-25 %;neznámý;NA
2022;CZ0424125;Doupovské hory;Pulsatilla patens;Cévnaté rostliny;32070298;Úhošťany_32070298;5645c;RP SCHKO Slavkovský les;Krajský úřad Ústeckého kraje, AOPK ČR - RP SCHKO Slavkovský les, Krajský úřad Karlovarského kraje;2022-06-03;2022-06-03;12675931;2022-06-03;0;STA_POKRYVNOSTEXPANZNI;NA;val;val;ne;lok;0;0, do 5 %, 5-25 %;neznámý;NA
2022;CZ0424125;Doupovské hory;Pulsatilla patens;Cévnaté rostliny;32070298;Úhošťany_32070298;5645c;RP SCHKO Slavkovský les;Krajský úřad Ústeckého kraje, AOPK ČR - RP SCHKO Slavkovský les, Krajský úřad Karlovarského kraje;2022-06-03;2022-06-03;12675931;2022-06-03;0;STA_POKRYVNOSTINVAZNI;NA;val;val;ne;lok;0;0, do 5 %;neznámý;NA
2022;CZ0424125;Doupovské hory;Pulsatilla patens;Cévnaté rostliny;32070584;Úhošťany_32070584;5645d;RP SCHKO Slavkovský les;Krajský úřad Ústeckého kraje, AOPK ČR - RP SCHKO Slavkovský les, Krajský úřad Karlovarského kraje;2022-06-03;2022-06-03;12675604;2022-06-03;0;CELKOVE_HODNOCENI;NA;NA;NA;NA;lok;NA;NA;špatný;0
2022;CZ0424125;Doupovské hory;Pulsatilla patens;Cévnaté rostliny;32070584;Úhošťany_32070584;5645d;RP SCHKO Slavkovský les;Krajský úřad Ústeckého kraje, AOPK ČR - RP SCHKO Slavkovský les, Krajský úřad Karlovarského kraje;2022-06-03;2022-06-03;12675604;2022-06-03;0;CELKOVE_SUM;NA;NA;NA;NA;NA;;;3;NA
2022;CZ0424125;Doupovské hory;Pulsatilla patens;Cévnaté rostliny;32070584;Úhošťany_32070584;5645d;RP SCHKO Slavkovský les;Krajský úřad Ústeckého kraje, AOPK ČR - RP SCHKO Slavkovský les, Krajský úřad Karlovarského kraje;2022-06-03;2022-06-03;12675604;2022-06-03;0;POP_POCET;trsů;min;minmax;ano;lok;70;alespoň 70 trsů;0;0
2022;CZ0424125;Doupovské hory;Pulsatilla patens;Cévnaté rostliny;32070584;Úhošťany_32070584;5645d;RP SCHKO Slavkovský les;Krajský úřad Ústeckého kraje, AOPK ČR - RP SCHKO Slavkovský les, Krajský úřad Karlovarského kraje;2022-06-03;2022-06-03;12675604;2022-06-03;0;POP_POSKPERC;počet trsů;max;minmax;ne;lok;1;nejvýš 1 počet trsů;0;1
2022;CZ0424125;Doupovské hory;Pulsatilla patens;Cévnaté rostliny;32070584;Úhošťany_32070584;5645d;RP SCHKO Slavkovský les;Krajský úřad Ústeckého kraje, AOPK ČR - RP SCHKO Slavkovský les, Krajský úřad Karlovarského kraje;2022-06-03;2022-06-03;12675604;2022-06-03;0;POP_POSKPOC;počet typů poškození rostlin;max;minmax;ne;lok;2;nejvýš 2 počet typů poškození rostlin;0;1
2022;CZ0424125;Doupovské hory;Pulsatilla patens;Cévnaté rostliny;32070584;Úhošťany_32070584;5645d;RP SCHKO Slavkovský les;Krajský úřad Ústeckého kraje, AOPK ČR - RP SCHKO Slavkovský les, Krajský úřad Karlovarského kraje;2022-06-03;2022-06-03;12675604;2022-06-03;0;POP_TREND;posledních dvou let s menším počtem jedinců než je referenční hodnota;max;minmax;ano;lok;1;nejvýš 1 posledních dvou let s menším počtem jedinců než je referenční hodnota;0;1
2022;CZ0424125;Doupovské hory;Pulsatilla patens;Cévnaté rostliny;32070584;Úhošťany_32070584;5645d;RP SCHKO Slavkovský les;Krajský úřad Ústeckého kraje, AOPK ČR - RP SCHKO Slavkovský les, Krajský úřad Karlovarského kraje;2022-06-03;2022-06-03;12675604;2022-06-03;0;POP_VITAL;% počtu trsů;min;minmax;ano;lok;30;alespoň 30 % počtu trsů;neznámý;NA
2022;CZ0424125;Doupovské hory;Pulsatilla patens;Cévnaté rostliny;32070584;Úhošťany_32070584;5645d;RP SCHKO Slavkovský les;Krajský úřad Ústeckého kraje, AOPK ČR - RP SCHKO Slavkovský les, Krajský úřad Karlovarského kraje;2022-06-03;2022-06-03;12675604;2022-06-03;0;STA_POKRDREV;NA;val;val;ne;lok;0;0, do 5 %, 5-25 %;neznámý;NA
2022;CZ0424125;Doupovské hory;Pulsatilla patens;Cévnaté rostliny;32070584;Úhošťany_32070584;5645d;RP SCHKO Slavkovský les;Krajský úřad Ústeckého kraje, AOPK ČR - RP SCHKO Slavkovský les, Krajský úřad Karlovarského kraje;2022-06-03;2022-06-03;12675604;2022-06-03;0;STA_POKRSTAR;NA;val;val;ne;lok;0;0, do 5 %, 5-25 %;neznámý;NA
2022;CZ0424125;Doupovské hory;Pulsatilla patens;Cévnaté rostliny;32070584;Úhošťany_32070584;5645d;RP SCHKO Slavkovský les;Krajský úřad Ústeckého kraje, AOPK ČR - RP SCHKO Slavkovský les, Krajský úřad Karlovarského kraje;2022-06-03;2022-06-03;12675604;2022-06-03;0;STA_POKRYVNOSTEXPANZNI;NA;val;val;ne;lok;0;0, do 5 %, 5-25 %;neznámý;NA
2022;CZ0424125;Doupovské hory;Pulsatilla patens;Cévnaté rostliny;32070584;Úhošťany_32070584;5645d;RP SCHKO Slavkovský les;Krajský úřad Ústeckého kraje, AOPK ČR - RP SCHKO Slavkovský les, Krajský úřad Karlovarského kraje;2022-06-03;2022-06-03;12675604;2022-06-03;0;STA_POKRYVNOSTINVAZNI;NA;val;val;ne;lok;0;0, do 5 %;neznámý;NA
2013;CZ0424125;Doupovské hory;Pulsatilla patens;Cévnaté rostliny;Dubina - Zvoníčkov 3;Dubina - Zvoníčkov 3;5645c;RP SCHKO Slavkovský les;Krajský úřad Ústeckého kraje, AOPK ČR - RP SCHKO Slavkovský les, Krajský úřad Karlovarského kraje;2013-05-01;2013-05-01;8904681;2013-05-01;0;CELKOVE_HODNOCENI;NA;NA;NA;NA;lok;NA;NA;špatný;0
2013;CZ0424125;Doupovské hory;Pulsatilla patens;Cévnaté rostliny;Dubina - Zvoníčkov 3;Dubina - Zvoníčkov 3;5645c;RP SCHKO Slavkovský les;Krajský úřad Ústeckého kraje, AOPK ČR - RP SCHKO Slavkovský les, Krajský úřad Karlovarského kraje;2013-05-01;2013-05-01;8904681;2013-05-01;0;CELKOVE_SUM;NA;NA;NA;NA;NA;;;3;NA
2013;CZ0424125;Doupovské hory;Pulsatilla patens;Cévnaté rostliny;Dubina - Zvoníčkov 3;Dubina - Zvoníčkov 3;5645c;RP SCHKO Slavkovský les;Krajský úřad Ústeckého kraje, AOPK ČR - RP SCHKO Slavkovský les, Krajský úřad Karlovarského kraje;2013-05-01;2013-05-01;8904681;2013-05-01;0;POP_POCET;trsů;min;minmax;ano;lok;70;alespoň 70 trsů;0;0
2013;CZ0424125;Doupovské hory;Pulsatilla patens;Cévnaté rostliny;Dubina - Zvoníčkov 3;Dubina - Zvoníčkov 3;5645c;RP SCHKO Slavkovský les;Krajský úřad Ústeckého kraje, AOPK ČR - RP SCHKO Slavkovský les, Krajský úřad Karlovarského kraje;2013-05-01;2013-05-01;8904681;2013-05-01;0;POP_POSKPERC;počet trsů;max;minmax;ne;lok;1;nejvýš 1 počet trsů;0;1
2013;CZ0424125;Doupovské hory;Pulsatilla patens;Cévnaté rostliny;Dubina - Zvoníčkov 3;Dubina - Zvoníčkov 3;5645c;RP SCHKO Slavkovský les;Krajský úřad Ústeckého kraje, AOPK ČR - RP SCHKO Slavkovský les, Krajský úřad Karlovarského kraje;2013-05-01;2013-05-01;8904681;2013-05-01;0;POP_POSKPOC;počet typů poškození rostlin;max;minmax;ne;lok;2;nejvýš 2 počet typů poškození rostlin;0;1
2013;CZ0424125;Doupovské hory;Pulsatilla patens;Cévnaté rostliny;Dubina - Zvoníčkov 3;Dubina - Zvoníčkov 3;5645c;RP SCHKO Slavkovský les;Krajský úřad Ústeckého kraje, AOPK ČR - RP SCHKO Slavkovský les, Krajský úřad Karlovarského kraje;2013-05-01;2013-05-01;8904681;2013-05-01;0;POP_TREND;posledních dvou let s menším počtem jedinců než je referenční hodnota;max;minmax;ano;lok;1;nejvýš 1 posledních dvou let s menším počtem jedinců než je referenční hodnota;0;1
2013;CZ0424125;Doupovské hory;Pulsatilla patens;Cévnaté rostliny;Dubina - Zvoníčkov 3;Dubina - Zvoníčkov 3;5645c;RP SCHKO Slavkovský les;Krajský úřad Ústeckého kraje, AOPK ČR - RP SCHKO Slavkovský les, Krajský úřad Karlovarského kraje;2013-05-01;2013-05-01;8904681;2013-05-01;0;POP_VITAL;% počtu trsů;min;minmax;ano;lok;30;alespoň 30 % počtu trsů;neznámý;NA
2013;CZ0424125;Doupovské hory;Pulsatilla patens;Cévnaté rostliny;Dubina - Zvoníčkov 3;Dubina - Zvoníčkov 3;5645c;RP SCHKO Slavkovský les;Krajský úřad Ústeckého kraje, AOPK ČR - RP SCHKO Slavkovský les, Krajský úřad Karlovarského kraje;2013-05-01;2013-05-01;8904681;2013-05-01;0;STA_POKRDREV;NA;val;val;ne;lok;0;0, do 5 %, 5-25 %;neznámý;NA
2013;CZ0424125;Doupovské hory;Pulsatilla patens;Cévnaté rostliny;Dubina - Zvoníčkov 3;Dubina - Zvoníčkov 3;5645c;RP SCHKO Slavkovský les;Krajský úřad Ústeckého kraje, AOPK ČR - RP SCHKO Slavkovský les, Krajský úřad Karlovarského kraje;2013-05-01;2013-05-01;8904681;2013-05-01;0;STA_POKRSTAR;NA;val;val;ne;lok;0;0, do 5 %, 5-25 %;neznámý;NA
2013;CZ0424125;Doupovské hory;Pulsatilla patens;Cévnaté rostliny;Dubina - Zvoníčkov 3;Dubina - Zvoníčkov 3;5645c;RP SCHKO Slavkovský les;Krajský úřad Ústeckého kraje, AOPK ČR - RP SCHKO Slavkovský les, Krajský úřad Karlovarského kraje;2013-05-01;2013-05-01;8904681;2013-05-01;0;STA_POKRYVNOSTEXPANZNI;NA;val;val;ne;lok;0;0, do 5 %, 5-25 %;neznámý;NA
2013;CZ0424125;Doupovské hory;Pulsatilla patens;Cévnaté rostliny;Dubina - Zvoníčkov 3;Dubina - Zvoníčkov 3;5645c;RP SCHKO Slavkovský les;Krajský úřad Ústeckého kraje, AOPK ČR - RP SCHKO Slavkovský les, Krajský úřad Karlovarského kraje;2013-05-01;2013-05-01;8904681;2013-05-01;0;STA_POKRYVNOSTINVAZNI;NA;val;val;ne;lok;0;0, do 5 %;neznámý;NA
2020;CZ0424125;Doupovské hory;Pulsatilla patens;Cévnaté rostliny;Dubina - pahorek u silnice;Dubina - pahorek u silnice;5645d;RP SCHKO Slavkovský les;Krajský úřad Ústeckého kraje, AOPK ČR - RP SCHKO Slavkovský les, Krajský úřad Karlovarského kraje;2020-06-17;2020-06-17;11117231;2020-06-17;0;CELKOVE_HODNOCENI;NA;NA;NA;NA;lok;NA;NA;špatný;0
2020;CZ0424125;Doupovské hory;Pulsatilla patens;Cévnaté rostliny;Dubina - pahorek u silnice;Dubina - pahorek u silnice;5645d;RP SCHKO Slavkovský les;Krajský úřad Ústeckého kraje, AOPK ČR - RP SCHKO Slavkovský les, Krajský úřad Karlovarského kraje;2020-06-17;2020-06-17;11117231;2020-06-17;0;CELKOVE_SUM;NA;NA;NA;NA;NA;;;3;NA
2020;CZ0424125;Doupovské hory;Pulsatilla patens;Cévnaté rostliny;Dubina - pahorek u silnice;Dubina - pahorek u silnice;5645d;RP SCHKO Slavkovský les;Krajský úřad Ústeckého kraje, AOPK ČR - RP SCHKO Slavkovský les, Krajský úřad Karlovarského kraje;2020-06-17;2020-06-17;11117231;2020-06-17;0;POP_POCET;trsů;min;minmax;ano;lok;70;alespoň 70 trsů;0;0
2020;CZ0424125;Doupovské hory;Pulsatilla patens;Cévnaté rostliny;Dubina - pahorek u silnice;Dubina - pahorek u silnice;5645d;RP SCHKO Slavkovský les;Krajský úřad Ústeckého kraje, AOPK ČR - RP SCHKO Slavkovský les, Krajský úřad Karlovarského kraje;2020-06-17;2020-06-17;11117231;2020-06-17;0;POP_POSKPERC;počet trsů;max;minmax;ne;lok;1;nejvýš 1 počet trsů;0;1
2020;CZ0424125;Doupovské hory;Pulsatilla patens;Cévnaté rostliny;Dubina - pahorek u silnice;Dubina - pahorek u silnice;5645d;RP SCHKO Slavkovský les;Krajský úřad Ústeckého kraje, AOPK ČR - RP SCHKO Slavkovský les, Krajský úřad Karlovarského kraje;2020-06-17;2020-06-17;11117231;2020-06-17;0;POP_POSKPOC;počet typů poškození rostlin;max;minmax;ne;lok;2;nejvýš 2 počet typů poškození rostlin;1;1
2020;CZ0424125;Doupovské hory;Pulsatilla patens;Cévnaté rostliny;Dubina - pahorek u silnice;Dubina - pahorek u silnice;5645d;RP SCHKO Slavkovský les;Krajský úřad Ústeckého kraje, AOPK ČR - RP SCHKO Slavkovský les, Krajský úřad Karlovarského kraje;2020-06-17;2020-06-17;11117231;2020-06-17;0;POP_TREND;posledních dvou let s menším počtem jedinců než je referenční hodnota;max;minmax;ano;lok;1;nejvýš 1 posledních dvou let s menším počtem jedinců než je referenční hodnota;0;1
2020;CZ0424125;Doupovské hory;Pulsatilla patens;Cévnaté rostliny;Dubina - pahorek u silnice;Dubina - pahorek u silnice;5645d;RP SCHKO Slavkovský les;Krajský úřad Ústeckého kraje, AOPK ČR - RP SCHKO Slavkovský les, Krajský úřad Karlovarského kraje;2020-06-17;2020-06-17;11117231;2020-06-17;0;POP_VITAL;% počtu trsů;min;minmax;ano;lok;30;alespoň 30 % počtu trsů;neznámý;NA
2020;CZ0424125;Doupovské hory;Pulsatilla patens;Cévnaté rostliny;Dubina - pahorek u silnice;Dubina - pahorek u silnice;5645d;RP SCHKO Slavkovský les;Krajský úřad Ústeckého kraje, AOPK ČR - RP SCHKO Slavkovský les, Krajský úřad Karlovarského kraje;2020-06-17;2020-06-17;11117231;2020-06-17;0;STA_POKRDREV;NA;val;val;ne;lok;0;0, do 5 %, 5-25 %;neznámý;NA
2020;CZ0424125;Doupovské hory;Pulsatilla patens;Cévnaté rostliny;Dubina - pahorek u silnice;Dubina - pahorek u silnice;5645d;RP SCHKO Slavkovský les;Krajský úřad Ústeckého kraje, AOPK ČR - RP SCHKO Slavkovský les, Krajský úřad Karlovarského kraje;2020-06-17;2020-06-17;11117231;2020-06-17;0;STA_POKRSTAR;NA;val;val;ne;lok;0;0, do 5 %, 5-25 %;neznámý;NA
2020;CZ0424125;Doupovské hory;Pulsatilla patens;Cévnaté rostliny;Dubina - pahorek u silnice;Dubina - pahorek u silnice;5645d;RP SCHKO Slavkovský les;Krajský úřad Ústeckého kraje, AOPK ČR - RP SCHKO Slavkovský les, Krajský úřad Karlovarského kraje;2020-06-17;2020-06-17;11117231;2020-06-17;0;STA_POKRYVNOSTEXPANZNI;NA;val;val;ne;lok;0;0, do 5 %, 5-25 %;neznámý;NA
2020;CZ0424125;Doupovské hory;Pulsatilla patens;Cévnaté rostliny;Dubina - pahorek u silnice;Dubina - pahorek u silnice;5645d;RP SCHKO Slavkovský les;Krajský úřad Ústeckého kraje, AOPK ČR - RP SCHKO Slavkovský les, Krajský úřad Karlovarského kraje;2020-06-17;2020-06-17;11117231;2020-06-17;0;STA_POKRYVNOSTINVAZNI;NA;val;val;ne;lok;0;0, do 5 %;neznámý;NA
2020;CZ0424125;Doupovské hory;Pulsatilla patens;Cévnaté rostliny;Dubina - sedlo;Dubina - sedlo;5645d;RP SCHKO Slavkovský les;Krajský úřad Ústeckého kraje, AOPK ČR - RP SCHKO Slavkovský les, Krajský úřad Karlovarského kraje;2020-04-23;2020-04-23;11080660;2020-04-23;0;CELKOVE_HODNOCENI;NA;NA;NA;NA;lok;NA;NA;špatný;0
2020;CZ0424125;Doupovské hory;Pulsatilla patens;Cévnaté rostliny;Dubina - sedlo;Dubina - sedlo;5645d;RP SCHKO Slavkovský les;Krajský úřad Ústeckého kraje, AOPK ČR - RP SCHKO Slavkovský les, Krajský úřad Karlovarského kraje;2020-04-23;2020-04-23;11080660;2020-04-23;0;CELKOVE_SUM;NA;NA;NA;NA;NA;;;3;NA
2020;CZ0424125;Doupovské hory;Pulsatilla patens;Cévnaté rostliny;Dubina - sedlo;Dubina - sedlo;5645d;RP SCHKO Slavkovský les;Krajský úřad Ústeckého kraje, AOPK ČR - RP SCHKO Slavkovský les, Krajský úřad Karlovarského kraje;2020-04-23;2020-04-23;11080660;2020-04-23;0;POP_POCET;trsů;min;minmax;ano;lok;70;alespoň 70 trsů;0;0
2020;CZ0424125;Doupovské hory;Pulsatilla patens;Cévnaté rostliny;Dubina - sedlo;Dubina - sedlo;5645d;RP SCHKO Slavkovský les;Krajský úřad Ústeckého kraje, AOPK ČR - RP SCHKO Slavkovský les, Krajský úřad Karlovarského kraje;2020-04-23;2020-04-23;11080660;2020-04-23;0;POP_POSKPERC;počet trsů;max;minmax;ne;lok;1;nejvýš 1 počet trsů;0;1
2020;CZ0424125;Doupovské hory;Pulsatilla patens;Cévnaté rostliny;Dubina - sedlo;Dubina - sedlo;5645d;RP SCHKO Slavkovský les;Krajský úřad Ústeckého kraje, AOPK ČR - RP SCHKO Slavkovský les, Krajský úřad Karlovarského kraje;2020-04-23;2020-04-23;11080660;2020-04-23;0;POP_POSKPOC;počet typů poškození rostlin;max;minmax;ne;lok;2;nejvýš 2 počet typů poškození rostlin;0;1
2020;CZ0424125;Doupovské hory;Pulsatilla patens;Cévnaté rostliny;Dubina - sedlo;Dubina - sedlo;5645d;RP SCHKO Slavkovský les;Krajský úřad Ústeckého kraje, AOPK ČR - RP SCHKO Slavkovský les, Krajský úřad Karlovarského kraje;2020-04-23;2020-04-23;11080660;2020-04-23;0;POP_TREND;posledních dvou let s menším počtem jedinců než je referenční hodnota;max;minmax;ano;lok;1;nejvýš 1 posledních dvou let s menším počtem jedinců než je referenční hodnota;0;1
2020;CZ0424125;Doupovské hory;Pulsatilla patens;Cévnaté rostliny;Dubina - sedlo;Dubina - sedlo;5645d;RP SCHKO Slavkovský les;Krajský úřad Ústeckého kraje, AOPK ČR - RP SCHKO Slavkovský les, Krajský úřad Karlovarského kraje;2020-04-23;2020-04-23;11080660;2020-04-23;0;POP_VITAL;% počtu trsů;min;minmax;ano;lok;30;alespoň 30 % počtu trsů;neznámý;NA
2020;CZ0424125;Doupovské hory;Pulsatilla patens;Cévnaté rostliny;Dubina - sedlo;Dubina - sedlo;5645d;RP SCHKO Slavkovský les;Krajský úřad Ústeckého kraje, AOPK ČR - RP SCHKO Slavkovský les, Krajský úřad Karlovarského kraje;2020-04-23;2020-04-23;11080660;2020-04-23;0;STA_POKRDREV;NA;val;val;ne;lok;0;0, do 5 %, 5-25 %;neznámý;NA
2020;CZ0424125;Doupovské hory;Pulsatilla patens;Cévnaté rostliny;Dubina - sedlo;Dubina - sedlo;5645d;RP SCHKO Slavkovský les;Krajský úřad Ústeckého kraje, AOPK ČR - RP SCHKO Slavkovský les, Krajský úřad Karlovarského kraje;2020-04-23;2020-04-23;11080660;2020-04-23;0;STA_POKRSTAR;NA;val;val;ne;lok;0;0, do 5 %, 5-25 %;neznámý;NA
2020;CZ0424125;Doupovské hory;Pulsatilla patens;Cévnaté rostliny;Dubina - sedlo;Dubina - sedlo;5645d;RP SCHKO Slavkovský les;Krajský úřad Ústeckého kraje, AOPK ČR - RP SCHKO Slavkovský les, Krajský úřad Karlovarského kraje;2020-04-23;2020-04-23;11080660;2020-04-23;0;STA_POKRYVNOSTEXPANZNI;NA;val;val;ne;lok;0;0, do 5 %, 5-25 %;neznámý;NA
2020;CZ0424125;Doupovské hory;Pulsatilla patens;Cévnaté rostliny;Dubina - sedlo;Dubina - sedlo;5645d;RP SCHKO Slavkovský les;Krajský úřad Ústeckého kraje, AOPK ČR - RP SCHKO Slavkovský les, Krajský úřad Karlovarského kraje;2020-04-23;2020-04-23;11080660;2020-04-23;0;STA_POKRYVNOSTINVAZNI;NA;val;val;ne;lok;0;0, do 5 %;neznámý;NA
2020;CZ0424125;Doupovské hory;Pulsatilla patens;Cévnaté rostliny;Dubina - u borovic;Dubina - u borovic;5645c;RP SCHKO Slavkovský les;Krajský úřad Ústeckého kraje, AOPK ČR - RP SCHKO Slavkovský les, Krajský úřad Karlovarského kraje;2020-04-23;2020-04-23;11080662;2020-04-23;0;CELKOVE_HODNOCENI;NA;NA;NA;NA;lok;NA;NA;špatný;0
2020;CZ0424125;Doupovské hory;Pulsatilla patens;Cévnaté rostliny;Dubina - u borovic;Dubina - u borovic;5645c;RP SCHKO Slavkovský les;Krajský úřad Ústeckého kraje, AOPK ČR - RP SCHKO Slavkovský les, Krajský úřad Karlovarského kraje;2020-04-23;2020-04-23;11080662;2020-04-23;0;CELKOVE_SUM;NA;NA;NA;NA;NA;;;3;NA
2020;CZ0424125;Doupovské hory;Pulsatilla patens;Cévnaté rostliny;Dubina - u borovic;Dubina - u borovic;5645c;RP SCHKO Slavkovský les;Krajský úřad Ústeckého kraje, AOPK ČR - RP SCHKO Slavkovský les, Krajský úřad Karlovarského kraje;2020-04-23;2020-04-23;11080662;2020-04-23;0;POP_POCET;trsů;min;minmax;ano;lok;70;alespoň 70 trsů;0;0
2020;CZ0424125;Doupovské hory;Pulsatilla patens;Cévnaté rostliny;Dubina - u borovic;Dubina - u borovic;5645c;RP SCHKO Slavkovský les;Krajský úřad Ústeckého kraje, AOPK ČR - RP SCHKO Slavkovský les, Krajský úřad Karlovarského kraje;2020-04-23;2020-04-23;11080662;2020-04-23;0;POP_POSKPERC;počet trsů;max;minmax;ne;lok;1;nejvýš 1 počet trsů;0;1
2020;CZ0424125;Doupovské hory;Pulsatilla patens;Cévnaté rostliny;Dubina - u borovic;Dubina - u borovic;5645c;RP SCHKO Slavkovský les;Krajský úřad Ústeckého kraje, AOPK ČR - RP SCHKO Slavkovský les, Krajský úřad Karlovarského kraje;2020-04-23;2020-04-23;11080662;2020-04-23;0;POP_POSKPOC;počet typů poškození rostlin;max;minmax;ne;lok;2;nejvýš 2 počet typů poškození rostlin;0;1
2020;CZ0424125;Doupovské hory;Pulsatilla patens;Cévnaté rostliny;Dubina - u borovic;Dubina - u borovic;5645c;RP SCHKO Slavkovský les;Krajský úřad Ústeckého kraje, AOPK ČR - RP SCHKO Slavkovský les, Krajský úřad Karlovarského kraje;2020-04-23;2020-04-23;11080662;2020-04-23;0;POP_TREND;posledních dvou let s menším počtem jedinců než je referenční hodnota;max;minmax;ano;lok;1;nejvýš 1 posledních dvou let s menším počtem jedinců než je referenční hodnota;0;1
2020;CZ0424125;Doupovské hory;Pulsatilla patens;Cévnaté rostliny;Dubina - u borovic;Dubina - u borovic;5645c;RP SCHKO Slavkovský les;Krajský úřad Ústeckého kraje, AOPK ČR - RP SCHKO Slavkovský les, Krajský úřad Karlovarského kraje;2020-04-23;2020-04-23;11080662;2020-04-23;0;POP_VITAL;% počtu trsů;min;minmax;ano;lok;30;alespoň 30 % počtu trsů;neznámý;NA
2020;CZ0424125;Doupovské hory;Pulsatilla patens;Cévnaté rostliny;Dubina - u borovic;Dubina - u borovic;5645c;RP SCHKO Slavkovský les;Krajský úřad Ústeckého kraje, AOPK ČR - RP SCHKO Slavkovský les, Krajský úřad Karlovarského kraje;2020-04-23;2020-04-23;11080662;2020-04-23;0;STA_POKRDREV;NA;val;val;ne;lok;0;0, do 5 %, 5-25 %;neznámý;NA
2020;CZ0424125;Doupovské hory;Pulsatilla patens;Cévnaté rostliny;Dubina - u borovic;Dubina - u borovic;5645c;RP SCHKO Slavkovský les;Krajský úřad Ústeckého kraje, AOPK ČR - RP SCHKO Slavkovský les, Krajský úřad Karlovarského kraje;2020-04-23;2020-04-23;11080662;2020-04-23;0;STA_POKRSTAR;NA;val;val;ne;lok;0;0, do 5 %, 5-25 %;neznámý;NA
2020;CZ0424125;Doupovské hory;Pulsatilla patens;Cévnaté rostliny;Dubina - u borovic;Dubina - u borovic;5645c;RP SCHKO Slavkovský les;Krajský úřad Ústeckého kraje, AOPK ČR - RP SCHKO Slavkovský les, Krajský úřad Karlovarského kraje;2020-04-23;2020-04-23;11080662;2020-04-23;0;STA_POKRYVNOSTEXPANZNI;NA;val;val;ne;lok;0;0, do 5 %, 5-25 %;neznámý;NA
2020;CZ0424125;Doupovské hory;Pulsatilla patens;Cévnaté rostliny;Dubina - u borovic;Dubina - u borovic;5645c;RP SCHKO Slavkovský les;Krajský úřad Ústeckého kraje, AOPK ČR - RP SCHKO Slavkovský les, Krajský úřad Karlovarského kraje;2020-04-23;2020-04-23;11080662;2020-04-23;0;STA_POKRYVNOSTINVAZNI;NA;val;val;ne;lok;0;0, do 5 %;neznámý;NA
2013;CZ0424125;Doupovské hory;Pulsatilla patens;Cévnaté rostliny;Dubina 4;Dubina 4;5645c;RP SCHKO Slavkovský les;Krajský úřad Ústeckého kraje, AOPK ČR - RP SCHKO Slavkovský les, Krajský úřad Karlovarského kraje;2013-05-01;2013-05-01;8905859;2013-05-01;0;CELKOVE_HODNOCENI;NA;NA;NA;NA;lok;NA;NA;špatný;0
2013;CZ0424125;Doupovské hory;Pulsatilla patens;Cévnaté rostliny;Dubina 4;Dubina 4;5645c;RP SCHKO Slavkovský les;Krajský úřad Ústeckého kraje, AOPK ČR - RP SCHKO Slavkovský les, Krajský úřad Karlovarského kraje;2013-05-01;2013-05-01;8905859;2013-05-01;0;CELKOVE_SUM;NA;NA;NA;NA;NA;;;3;NA
2013;CZ0424125;Doupovské hory;Pulsatilla patens;Cévnaté rostliny;Dubina 4;Dubina 4;5645c;RP SCHKO Slavkovský les;Krajský úřad Ústeckého kraje, AOPK ČR - RP SCHKO Slavkovský les, Krajský úřad Karlovarského kraje;2013-05-01;2013-05-01;8905859;2013-05-01;0;POP_POCET;trsů;min;minmax;ano;lok;70;alespoň 70 trsů;0;0
2013;CZ0424125;Doupovské hory;Pulsatilla patens;Cévnaté rostliny;Dubina 4;Dubina 4;5645c;RP SCHKO Slavkovský les;Krajský úřad Ústeckého kraje, AOPK ČR - RP SCHKO Slavkovský les, Krajský úřad Karlovarského kraje;2013-05-01;2013-05-01;8905859;2013-05-01;0;POP_POSKPERC;počet trsů;max;minmax;ne;lok;1;nejvýš 1 počet trsů;0;1
2013;CZ0424125;Doupovské hory;Pulsatilla patens;Cévnaté rostliny;Dubina 4;Dubina 4;5645c;RP SCHKO Slavkovský les;Krajský úřad Ústeckého kraje, AOPK ČR - RP SCHKO Slavkovský les, Krajský úřad Karlovarského kraje;2013-05-01;2013-05-01;8905859;2013-05-01;0;POP_POSKPOC;počet typů poškození rostlin;max;minmax;ne;lok;2;nejvýš 2 počet typů poškození rostlin;0;1
2013;CZ0424125;Doupovské hory;Pulsatilla patens;Cévnaté rostliny;Dubina 4;Dubina 4;5645c;RP SCHKO Slavkovský les;Krajský úřad Ústeckého kraje, AOPK ČR - RP SCHKO Slavkovský les, Krajský úřad Karlovarského kraje;2013-05-01;2013-05-01;8905859;2013-05-01;0;POP_TREND;posledních dvou let s menším počtem jedinců než je referenční hodnota;max;minmax;ano;lok;1;nejvýš 1 posledních dvou let s menším počtem jedinců než je referenční hodnota;0;1
2013;CZ0424125;Doupovské hory;Pulsatilla patens;Cévnaté rostliny;Dubina 4;Dubina 4;5645c;RP SCHKO Slavkovský les;Krajský úřad Ústeckého kraje, AOPK ČR - RP SCHKO Slavkovský les, Krajský úřad Karlovarského kraje;2013-05-01;2013-05-01;8905859;2013-05-01;0;POP_VITAL;% počtu trsů;min;minmax;ano;lok;30;alespoň 30 % počtu trsů;neznámý;NA
2013;CZ0424125;Doupovské hory;Pulsatilla patens;Cévnaté rostliny;Dubina 4;Dubina 4;5645c;RP SCHKO Slavkovský les;Krajský úřad Ústeckého kraje, AOPK ČR - RP SCHKO Slavkovský les, Krajský úřad Karlovarského kraje;2013-05-01;2013-05-01;8905859;2013-05-01;0;STA_POKRDREV;NA;val;val;ne;lok;0;0, do 5 %, 5-25 %;neznámý;NA
2013;CZ0424125;Doupovské hory;Pulsatilla patens;Cévnaté rostliny;Dubina 4;Dubina 4;5645c;RP SCHKO Slavkovský les;Krajský úřad Ústeckého kraje, AOPK ČR - RP SCHKO Slavkovský les, Krajský úřad Karlovarského kraje;2013-05-01;2013-05-01;8905859;2013-05-01;0;STA_POKRSTAR;NA;val;val;ne;lok;0;0, do 5 %, 5-25 %;neznámý;NA
2013;CZ0424125;Doupovské hory;Pulsatilla patens;Cévnaté rostliny;Dubina 4;Dubina 4;5645c;RP SCHKO Slavkovský les;Krajský úřad Ústeckého kraje, AOPK ČR - RP SCHKO Slavkovský les, Krajský úřad Karlovarského kraje;2013-05-01;2013-05-01;8905859;2013-05-01;0;STA_POKRYVNOSTEXPANZNI;NA;val;val;ne;lok;0;0, do 5 %, 5-25 %;neznámý;NA
2013;CZ0424125;Doupovské hory;Pulsatilla patens;Cévnaté rostliny;Dubina 4;Dubina 4;5645c;RP SCHKO Slavkovský les;Krajský úřad Ústeckého kraje, AOPK ČR - RP SCHKO Slavkovský les, Krajský úřad Karlovarského kraje;2013-05-01;2013-05-01;8905859;2013-05-01;0;STA_POKRYVNOSTINVAZNI;NA;val;val;ne;lok;0;0, do 5 %;neznámý;NA
2013;CZ0424125;Doupovské hory;Pulsatilla patens;Cévnaté rostliny;Dubina 5;Dubina 5;5645c;RP SCHKO Slavkovský les;Krajský úřad Ústeckého kraje, AOPK ČR - RP SCHKO Slavkovský les, Krajský úřad Karlovarského kraje;2013-05-01;2013-05-01;8906062;2013-05-01;0;CELKOVE_HODNOCENI;NA;NA;NA;NA;lok;NA;NA;špatný;0
2013;CZ0424125;Doupovské hory;Pulsatilla patens;Cévnaté rostliny;Dubina 5;Dubina 5;5645c;RP SCHKO Slavkovský les;Krajský úřad Ústeckého kraje, AOPK ČR - RP SCHKO Slavkovský les, Krajský úřad Karlovarského kraje;2013-05-01;2013-05-01;8906062;2013-05-01;0;CELKOVE_SUM;NA;NA;NA;NA;NA;;;3;NA
2013;CZ0424125;Doupovské hory;Pulsatilla patens;Cévnaté rostliny;Dubina 5;Dubina 5;5645c;RP SCHKO Slavkovský les;Krajský úřad Ústeckého kraje, AOPK ČR - RP SCHKO Slavkovský les, Krajský úřad Karlovarského kraje;2013-05-01;2013-05-01;8906062;2013-05-01;0;POP_POCET;trsů;min;minmax;ano;lok;70;alespoň 70 trsů;0;0
2013;CZ0424125;Doupovské hory;Pulsatilla patens;Cévnaté rostliny;Dubina 5;Dubina 5;5645c;RP SCHKO Slavkovský les;Krajský úřad Ústeckého kraje, AOPK ČR - RP SCHKO Slavkovský les, Krajský úřad Karlovarského kraje;2013-05-01;2013-05-01;8906062;2013-05-01;0;POP_POSKPERC;počet trsů;max;minmax;ne;lok;1;nejvýš 1 počet trsů;0;1
2013;CZ0424125;Doupovské hory;Pulsatilla patens;Cévnaté rostliny;Dubina 5;Dubina 5;5645c;RP SCHKO Slavkovský les;Krajský úřad Ústeckého kraje, AOPK ČR - RP SCHKO Slavkovský les, Krajský úřad Karlovarského kraje;2013-05-01;2013-05-01;8906062;2013-05-01;0;POP_POSKPOC;počet typů poškození rostlin;max;minmax;ne;lok;2;nejvýš 2 počet typů poškození rostlin;0;1
2013;CZ0424125;Doupovské hory;Pulsatilla patens;Cévnaté rostliny;Dubina 5;Dubina 5;5645c;RP SCHKO Slavkovský les;Krajský úřad Ústeckého kraje, AOPK ČR - RP SCHKO Slavkovský les, Krajský úřad Karlovarského kraje;2013-05-01;2013-05-01;8906062;2013-05-01;0;POP_TREND;posledních dvou let s menším počtem jedinců než je referenční hodnota;max;minmax;ano;lok;1;nejvýš 1 posledních dvou let s menším počtem jedinců než je referenční hodnota;0;1
2013;CZ0424125;Doupovské hory;Pulsatilla patens;Cévnaté rostliny;Dubina 5;Dubina 5;5645c;RP SCHKO Slavkovský les;Krajský úřad Ústeckého kraje, AOPK ČR - RP SCHKO Slavkovský les, Krajský úřad Karlovarského kraje;2013-05-01;2013-05-01;8906062;2013-05-01;0;POP_VITAL;% počtu trsů;min;minmax;ano;lok;30;alespoň 30 % počtu trsů;neznámý;NA
2013;CZ0424125;Doupovské hory;Pulsatilla patens;Cévnaté rostliny;Dubina 5;Dubina 5;5645c;RP SCHKO Slavkovský les;Krajský úřad Ústeckého kraje, AOPK ČR - RP SCHKO Slavkovský les, Krajský úřad Karlovarského kraje;2013-05-01;2013-05-01;8906062;2013-05-01;0;STA_POKRDREV;NA;val;val;ne;lok;0;0, do 5 %, 5-25 %;neznámý;NA
2013;CZ0424125;Doupovské hory;Pulsatilla patens;Cévnaté rostliny;Dubina 5;Dubina 5;5645c;RP SCHKO Slavkovský les;Krajský úřad Ústeckého kraje, AOPK ČR - RP SCHKO Slavkovský les, Krajský úřad Karlovarského kraje;2013-05-01;2013-05-01;8906062;2013-05-01;0;STA_POKRSTAR;NA;val;val;ne;lok;0;0, do 5 %, 5-25 %;neznámý;NA
2013;CZ0424125;Doupovské hory;Pulsatilla patens;Cévnaté rostliny;Dubina 5;Dubina 5;5645c;RP SCHKO Slavkovský les;Krajský úřad Ústeckého kraje, AOPK ČR - RP SCHKO Slavkovský les, Krajský úřad Karlovarského kraje;2013-05-01;2013-05-01;8906062;2013-05-01;0;STA_POKRYVNOSTEXPANZNI;NA;val;val;ne;lok;0;0, do 5 %, 5-25 %;neznámý;NA
2013;CZ0424125;Doupovské hory;Pulsatilla patens;Cévnaté rostliny;Dubina 5;Dubina 5;5645c;RP SCHKO Slavkovský les;Krajský úřad Ústeckého kraje, AOPK ČR - RP SCHKO Slavkovský les, Krajský úřad Karlovarského kraje;2013-05-01;2013-05-01;8906062;2013-05-01;0;STA_POKRYVNOSTINVAZNI;NA;val;val;ne;lok;0;0, do 5 %;neznámý;NA
2013;CZ0424125;Doupovské hory;Pulsatilla patens;Cévnaté rostliny;Dubina 6;Dubina 6;5645c;RP SCHKO Slavkovský les;Krajský úřad Ústeckého kraje, AOPK ČR - RP SCHKO Slavkovský les, Krajský úřad Karlovarského kraje;2013-05-01;2013-05-01;8906063, 8906064;2013-05-01;0;CELKOVE_HODNOCENI;NA;NA;NA;NA;lok;NA;NA;špatný;0
2013;CZ0424125;Doupovské hory;Pulsatilla patens;Cévnaté rostliny;Dubina 6;Dubina 6;5645c;RP SCHKO Slavkovský les;Krajský úřad Ústeckého kraje, AOPK ČR - RP SCHKO Slavkovský les, Krajský úřad Karlovarského kraje;2013-05-01;2013-05-01;8906063, 8906064;2013-05-01;0;CELKOVE_SUM;NA;NA;NA;NA;NA;;;3;NA
2013;CZ0424125;Doupovské hory;Pulsatilla patens;Cévnaté rostliny;Dubina 6;Dubina 6;5645c;RP SCHKO Slavkovský les;Krajský úřad Ústeckého kraje, AOPK ČR - RP SCHKO Slavkovský les, Krajský úřad Karlovarského kraje;2013-05-01;2013-05-01;8906063, 8906064;2013-05-01;0;POP_POCET;trsů;min;minmax;ano;lok;70;alespoň 70 trsů;0;0
2013;CZ0424125;Doupovské hory;Pulsatilla patens;Cévnaté rostliny;Dubina 6;Dubina 6;5645c;RP SCHKO Slavkovský les;Krajský úřad Ústeckého kraje, AOPK ČR - RP SCHKO Slavkovský les, Krajský úřad Karlovarského kraje;2013-05-01;2013-05-01;8906063, 8906064;2013-05-01;0;POP_POSKPERC;počet trsů;max;minmax;ne;lok;1;nejvýš 1 počet trsů;0;1
2013;CZ0424125;Doupovské hory;Pulsatilla patens;Cévnaté rostliny;Dubina 6;Dubina 6;5645c;RP SCHKO Slavkovský les;Krajský úřad Ústeckého kraje, AOPK ČR - RP SCHKO Slavkovský les, Krajský úřad Karlovarského kraje;2013-05-01;2013-05-01;8906063, 8906064;2013-05-01;0;POP_POSKPOC;počet typů poškození rostlin;max;minmax;ne;lok;2;nejvýš 2 počet typů poškození rostlin;0;1
2013;CZ0424125;Doupovské hory;Pulsatilla patens;Cévnaté rostliny;Dubina 6;Dubina 6;5645c;RP SCHKO Slavkovský les;Krajský úřad Ústeckého kraje, AOPK ČR - RP SCHKO Slavkovský les, Krajský úřad Karlovarského kraje;2013-05-01;2013-05-01;8906063, 8906064;2013-05-01;0;POP_TREND;posledních dvou let s menším počtem jedinců než je referenční hodnota;max;minmax;ano;lok;1;nejvýš 1 posledních dvou let s menším počtem jedinců než je referenční hodnota;0;1
2013;CZ0424125;Doupovské hory;Pulsatilla patens;Cévnaté rostliny;Dubina 6;Dubina 6;5645c;RP SCHKO Slavkovský les;Krajský úřad Ústeckého kraje, AOPK ČR - RP SCHKO Slavkovský les, Krajský úřad Karlovarského kraje;2013-05-01;2013-05-01;8906063, 8906064;2013-05-01;0;POP_VITAL;% počtu trsů;min;minmax;ano;lok;30;alespoň 30 % počtu trsů;neznámý;NA
2013;CZ0424125;Doupovské hory;Pulsatilla patens;Cévnaté rostliny;Dubina 6;Dubina 6;5645c;RP SCHKO Slavkovský les;Krajský úřad Ústeckého kraje, AOPK ČR - RP SCHKO Slavkovský les, Krajský úřad Karlovarského kraje;2013-05-01;2013-05-01;8906063, 8906064;2013-05-01;0;STA_POKRDREV;NA;val;val;ne;lok;0;0, do 5 %, 5-25 %;neznámý;NA
2013;CZ0424125;Doupovské hory;Pulsatilla patens;Cévnaté rostliny;Dubina 6;Dubina 6;5645c;RP SCHKO Slavkovský les;Krajský úřad Ústeckého kraje, AOPK ČR - RP SCHKO Slavkovský les, Krajský úřad Karlovarského kraje;2013-05-01;2013-05-01;8906063, 8906064;2013-05-01;0;STA_POKRSTAR;NA;val;val;ne;lok;0;0, do 5 %, 5-25 %;neznámý;NA
2013;CZ0424125;Doupovské hory;Pulsatilla patens;Cévnaté rostliny;Dubina 6;Dubina 6;5645c;RP SCHKO Slavkovský les;Krajský úřad Ústeckého kraje, AOPK ČR - RP SCHKO Slavkovský les, Krajský úřad Karlovarského kraje;2013-05-01;2013-05-01;8906063, 8906064;2013-05-01;0;STA_POKRYVNOSTEXPANZNI;NA;val;val;ne;lok;0;0, do 5 %, 5-25 %;neznámý;NA
2013;CZ0424125;Doupovské hory;Pulsatilla patens;Cévnaté rostliny;Dubina 6;Dubina 6;5645c;RP SCHKO Slavkovský les;Krajský úřad Ústeckého kraje, AOPK ČR - RP SCHKO Slavkovský les, Krajský úřad Karlovarského kraje;2013-05-01;2013-05-01;8906063, 8906064;2013-05-01;0;STA_POKRYVNOSTINVAZNI;NA;val;val;ne;lok;0;0, do 5 %;neznámý;NA
2013;CZ0424125;Doupovské hory;Pulsatilla patens;Cévnaté rostliny;Dubina 7;Dubina 7;5645c;RP SCHKO Slavkovský les;Krajský úřad Ústeckého kraje, AOPK ČR - RP SCHKO Slavkovský les, Krajský úřad Karlovarského kraje;2013-05-01;2013-05-01;8906066;2013-05-01;0;CELKOVE_HODNOCENI;NA;NA;NA;NA;lok;NA;NA;špatný;0
2013;CZ0424125;Doupovské hory;Pulsatilla patens;Cévnaté rostliny;Dubina 7;Dubina 7;5645c;RP SCHKO Slavkovský les;Krajský úřad Ústeckého kraje, AOPK ČR - RP SCHKO Slavkovský les, Krajský úřad Karlovarského kraje;2013-05-01;2013-05-01;8906066;2013-05-01;0;CELKOVE_SUM;NA;NA;NA;NA;NA;;;3;NA
2013;CZ0424125;Doupovské hory;Pulsatilla patens;Cévnaté rostliny;Dubina 7;Dubina 7;5645c;RP SCHKO Slavkovský les;Krajský úřad Ústeckého kraje, AOPK ČR - RP SCHKO Slavkovský les, Krajský úřad Karlovarského kraje;2013-05-01;2013-05-01;8906066;2013-05-01;0;POP_POCET;trsů;min;minmax;ano;lok;70;alespoň 70 trsů;0;0
2013;CZ0424125;Doupovské hory;Pulsatilla patens;Cévnaté rostliny;Dubina 7;Dubina 7;5645c;RP SCHKO Slavkovský les;Krajský úřad Ústeckého kraje, AOPK ČR - RP SCHKO Slavkovský les, Krajský úřad Karlovarského kraje;2013-05-01;2013-05-01;8906066;2013-05-01;0;POP_POSKPERC;počet trsů;max;minmax;ne;lok;1;nejvýš 1 počet trsů;0;1
2013;CZ0424125;Doupovské hory;Pulsatilla patens;Cévnaté rostliny;Dubina 7;Dubina 7;5645c;RP SCHKO Slavkovský les;Krajský úřad Ústeckého kraje, AOPK ČR - RP SCHKO Slavkovský les, Krajský úřad Karlovarského kraje;2013-05-01;2013-05-01;8906066;2013-05-01;0;POP_POSKPOC;počet typů poškození rostlin;max;minmax;ne;lok;2;nejvýš 2 počet typů poškození rostlin;0;1
2013;CZ0424125;Doupovské hory;Pulsatilla patens;Cévnaté rostliny;Dubina 7;Dubina 7;5645c;RP SCHKO Slavkovský les;Krajský úřad Ústeckého kraje, AOPK ČR - RP SCHKO Slavkovský les, Krajský úřad Karlovarského kraje;2013-05-01;2013-05-01;8906066;2013-05-01;0;POP_TREND;posledních dvou let s menším počtem jedinců než je referenční hodnota;max;minmax;ano;lok;1;nejvýš 1 posledních dvou let s menším počtem jedinců než je referenční hodnota;0;1
2013;CZ0424125;Doupovské hory;Pulsatilla patens;Cévnaté rostliny;Dubina 7;Dubina 7;5645c;RP SCHKO Slavkovský les;Krajský úřad Ústeckého kraje, AOPK ČR - RP SCHKO Slavkovský les, Krajský úřad Karlovarského kraje;2013-05-01;2013-05-01;8906066;2013-05-01;0;POP_VITAL;% počtu trsů;min;minmax;ano;lok;30;alespoň 30 % počtu trsů;neznámý;NA
2013;CZ0424125;Doupovské hory;Pulsatilla patens;Cévnaté rostliny;Dubina 7;Dubina 7;5645c;RP SCHKO Slavkovský les;Krajský úřad Ústeckého kraje, AOPK ČR - RP SCHKO Slavkovský les, Krajský úřad Karlovarského kraje;2013-05-01;2013-05-01;8906066;2013-05-01;0;STA_POKRDREV;NA;val;val;ne;lok;0;0, do 5 %, 5-25 %;neznámý;NA
2013;CZ0424125;Doupovské hory;Pulsatilla patens;Cévnaté rostliny;Dubina 7;Dubina 7;5645c;RP SCHKO Slavkovský les;Krajský úřad Ústeckého kraje, AOPK ČR - RP SCHKO Slavkovský les, Krajský úřad Karlovarského kraje;2013-05-01;2013-05-01;8906066;2013-05-01;0;STA_POKRSTAR;NA;val;val;ne;lok;0;0, do 5 %, 5-25 %;neznámý;NA
2013;CZ0424125;Doupovské hory;Pulsatilla patens;Cévnaté rostliny;Dubina 7;Dubina 7;5645c;RP SCHKO Slavkovský les;Krajský úřad Ústeckého kraje, AOPK ČR - RP SCHKO Slavkovský les, Krajský úřad Karlovarského kraje;2013-05-01;2013-05-01;8906066;2013-05-01;0;STA_POKRYVNOSTEXPANZNI;NA;val;val;ne;lok;0;0, do 5 %, 5-25 %;neznámý;NA
2013;CZ0424125;Doupovské hory;Pulsatilla patens;Cévnaté rostliny;Dubina 7;Dubina 7;5645c;RP SCHKO Slavkovský les;Krajský úřad Ústeckého kraje, AOPK ČR - RP SCHKO Slavkovský les, Krajský úřad Karlovarského kraje;2013-05-01;2013-05-01;8906066;2013-05-01;0;STA_POKRYVNOSTINVAZNI;NA;val;val;ne;lok;0;0, do 5 %;neznámý;NA
2013;CZ0424125;Doupovské hory;Pulsatilla patens;Cévnaté rostliny;Dubina u Zvoníčkova 1;Dubina u Zvoníčkova 1;5645d;RP SCHKO Slavkovský les;Krajský úřad Ústeckého kraje, AOPK ČR - RP SCHKO Slavkovský les, Krajský úřad Karlovarského kraje;2013-05-01;2013-05-01;8904676;2013-05-01;0;CELKOVE_HODNOCENI;NA;NA;NA;NA;lok;NA;NA;špatný;0
2013;CZ0424125;Doupovské hory;Pulsatilla patens;Cévnaté rostliny;Dubina u Zvoníčkova 1;Dubina u Zvoníčkova 1;5645d;RP SCHKO Slavkovský les;Krajský úřad Ústeckého kraje, AOPK ČR - RP SCHKO Slavkovský les, Krajský úřad Karlovarského kraje;2013-05-01;2013-05-01;8904676;2013-05-01;0;CELKOVE_SUM;NA;NA;NA;NA;NA;;;3;NA
2013;CZ0424125;Doupovské hory;Pulsatilla patens;Cévnaté rostliny;Dubina u Zvoníčkova 1;Dubina u Zvoníčkova 1;5645d;RP SCHKO Slavkovský les;Krajský úřad Ústeckého kraje, AOPK ČR - RP SCHKO Slavkovský les, Krajský úřad Karlovarského kraje;2013-05-01;2013-05-01;8904676;2013-05-01;0;POP_POCET;trsů;min;minmax;ano;lok;70;alespoň 70 trsů;0;0
2013;CZ0424125;Doupovské hory;Pulsatilla patens;Cévnaté rostliny;Dubina u Zvoníčkova 1;Dubina u Zvoníčkova 1;5645d;RP SCHKO Slavkovský les;Krajský úřad Ústeckého kraje, AOPK ČR - RP SCHKO Slavkovský les, Krajský úřad Karlovarského kraje;2013-05-01;2013-05-01;8904676;2013-05-01;0;POP_POSKPERC;počet trsů;max;minmax;ne;lok;1;nejvýš 1 počet trsů;0;1
2013;CZ0424125;Doupovské hory;Pulsatilla patens;Cévnaté rostliny;Dubina u Zvoníčkova 1;Dubina u Zvoníčkova 1;5645d;RP SCHKO Slavkovský les;Krajský úřad Ústeckého kraje, AOPK ČR - RP SCHKO Slavkovský les, Krajský úřad Karlovarského kraje;2013-05-01;2013-05-01;8904676;2013-05-01;0;POP_POSKPOC;počet typů poškození rostlin;max;minmax;ne;lok;2;nejvýš 2 počet typů poškození rostlin;0;1
2013;CZ0424125;Doupovské hory;Pulsatilla patens;Cévnaté rostliny;Dubina u Zvoníčkova 1;Dubina u Zvoníčkova 1;5645d;RP SCHKO Slavkovský les;Krajský úřad Ústeckého kraje, AOPK ČR - RP SCHKO Slavkovský les, Krajský úřad Karlovarského kraje;2013-05-01;2013-05-01;8904676;2013-05-01;0;POP_TREND;posledních dvou let s menším počtem jedinců než je referenční hodnota;max;minmax;ano;lok;1;nejvýš 1 posledních dvou let s menším počtem jedinců než je referenční hodnota;0;1
2013;CZ0424125;Doupovské hory;Pulsatilla patens;Cévnaté rostliny;Dubina u Zvoníčkova 1;Dubina u Zvoníčkova 1;5645d;RP SCHKO Slavkovský les;Krajský úřad Ústeckého kraje, AOPK ČR - RP SCHKO Slavkovský les, Krajský úřad Karlovarského kraje;2013-05-01;2013-05-01;8904676;2013-05-01;0;POP_VITAL;% počtu trsů;min;minmax;ano;lok;30;alespoň 30 % počtu trsů;neznámý;NA
2013;CZ0424125;Doupovské hory;Pulsatilla patens;Cévnaté rostliny;Dubina u Zvoníčkova 1;Dubina u Zvoníčkova 1;5645d;RP SCHKO Slavkovský les;Krajský úřad Ústeckého kraje, AOPK ČR - RP SCHKO Slavkovský les, Krajský úřad Karlovarského kraje;2013-05-01;2013-05-01;8904676;2013-05-01;0;STA_POKRDREV;NA;val;val;ne;lok;0;0, do 5 %, 5-25 %;neznámý;NA
2013;CZ0424125;Doupovské hory;Pulsatilla patens;Cévnaté rostliny;Dubina u Zvoníčkova 1;Dubina u Zvoníčkova 1;5645d;RP SCHKO Slavkovský les;Krajský úřad Ústeckého kraje, AOPK ČR - RP SCHKO Slavkovský les, Krajský úřad Karlovarského kraje;2013-05-01;2013-05-01;8904676;2013-05-01;0;STA_POKRSTAR;NA;val;val;ne;lok;0;0, do 5 %, 5-25 %;neznámý;NA
2013;CZ0424125;Doupovské hory;Pulsatilla patens;Cévnaté rostliny;Dubina u Zvoníčkova 1;Dubina u Zvoníčkova 1;5645d;RP SCHKO Slavkovský les;Krajský úřad Ústeckého kraje, AOPK ČR - RP SCHKO Slavkovský les, Krajský úřad Karlovarského kraje;2013-05-01;2013-05-01;8904676;2013-05-01;0;STA_POKRYVNOSTEXPANZNI;NA;val;val;ne;lok;0;0, do 5 %, 5-25 %;neznámý;NA
2013;CZ0424125;Doupovské hory;Pulsatilla patens;Cévnaté rostliny;Dubina u Zvoníčkova 1;Dubina u Zvoníčkova 1;5645d;RP SCHKO Slavkovský les;Krajský úřad Ústeckého kraje, AOPK ČR - RP SCHKO Slavkovský les, Krajský úřad Karlovarského kraje;2013-05-01;2013-05-01;8904676;2013-05-01;0;STA_POKRYVNOSTINVAZNI;NA;val;val;ne;lok;0;0, do 5 %;neznámý;NA
2021;CZ0424125;Doupovské hory;Pulsatilla patens;Cévnaté rostliny;Dubový vrch;Dubový vrch;5645c;RP SCHKO Slavkovský les;Krajský úřad Ústeckého kraje, AOPK ČR - RP SCHKO Slavkovský les, Krajský úřad Karlovarského kraje;2021-04-23;2021-04-23;11460552;2021-04-23;0;CELKOVE_HODNOCENI;NA;NA;NA;NA;lok;NA;NA;špatný;0
2021;CZ0424125;Doupovské hory;Pulsatilla patens;Cévnaté rostliny;Dubový vrch;Dubový vrch;5645c;RP SCHKO Slavkovský les;Krajský úřad Ústeckého kraje, AOPK ČR - RP SCHKO Slavkovský les, Krajský úřad Karlovarského kraje;2021-04-23;2021-04-23;11460552;2021-04-23;0;CELKOVE_SUM;NA;NA;NA;NA;NA;;;3;NA
2021;CZ0424125;Doupovské hory;Pulsatilla patens;Cévnaté rostliny;Dubový vrch;Dubový vrch;5645c;RP SCHKO Slavkovský les;Krajský úřad Ústeckého kraje, AOPK ČR - RP SCHKO Slavkovský les, Krajský úřad Karlovarského kraje;2021-04-23;2021-04-23;11460552;2021-04-23;0;POP_POCET;trsů;min;minmax;ano;lok;70;alespoň 70 trsů;0;0
2021;CZ0424125;Doupovské hory;Pulsatilla patens;Cévnaté rostliny;Dubový vrch;Dubový vrch;5645c;RP SCHKO Slavkovský les;Krajský úřad Ústeckého kraje, AOPK ČR - RP SCHKO Slavkovský les, Krajský úřad Karlovarského kraje;2021-04-23;2021-04-23;11460552;2021-04-23;0;POP_POSKPERC;počet trsů;max;minmax;ne;lok;1;nejvýš 1 počet trsů;0;1
2021;CZ0424125;Doupovské hory;Pulsatilla patens;Cévnaté rostliny;Dubový vrch;Dubový vrch;5645c;RP SCHKO Slavkovský les;Krajský úřad Ústeckého kraje, AOPK ČR - RP SCHKO Slavkovský les, Krajský úřad Karlovarského kraje;2021-04-23;2021-04-23;11460552;2021-04-23;0;POP_POSKPOC;počet typů poškození rostlin;max;minmax;ne;lok;2;nejvýš 2 počet typů poškození rostlin;0;1
2021;CZ0424125;Doupovské hory;Pulsatilla patens;Cévnaté rostliny;Dubový vrch;Dubový vrch;5645c;RP SCHKO Slavkovský les;Krajský úřad Ústeckého kraje, AOPK ČR - RP SCHKO Slavkovský les, Krajský úřad Karlovarského kraje;2021-04-23;2021-04-23;11460552;2021-04-23;0;POP_TREND;posledních dvou let s menším počtem jedinců než je referenční hodnota;max;minmax;ano;lok;1;nejvýš 1 posledních dvou let s menším počtem jedinců než je referenční hodnota;0;1
2021;CZ0424125;Doupovské hory;Pulsatilla patens;Cévnaté rostliny;Dubový vrch;Dubový vrch;5645c;RP SCHKO Slavkovský les;Krajský úřad Ústeckého kraje, AOPK ČR - RP SCHKO Slavkovský les, Krajský úřad Karlovarského kraje;2021-04-23;2021-04-23;11460552;2021-04-23;0;POP_VITAL;% počtu trsů;min;minmax;ano;lok;30;alespoň 30 % počtu trsů;neznámý;NA
2021;CZ0424125;Doupovské hory;Pulsatilla patens;Cévnaté rostliny;Dubový vrch;Dubový vrch;5645c;RP SCHKO Slavkovský les;Krajský úřad Ústeckého kraje, AOPK ČR - RP SCHKO Slavkovský les, Krajský úřad Karlovarského kraje;2021-04-23;2021-04-23;11460552;2021-04-23;0;STA_POKRDREV;NA;val;val;ne;lok;0;0, do 5 %, 5-25 %;neznámý;NA
2021;CZ0424125;Doupovské hory;Pulsatilla patens;Cévnaté rostliny;Dubový vrch;Dubový vrch;5645c;RP SCHKO Slavkovský les;Krajský úřad Ústeckého kraje, AOPK ČR - RP SCHKO Slavkovský les, Krajský úřad Karlovarského kraje;2021-04-23;2021-04-23;11460552;2021-04-23;0;STA_POKRSTAR;NA;val;val;ne;lok;0;0, do 5 %, 5-25 %;neznámý;NA
2021;CZ0424125;Doupovské hory;Pulsatilla patens;Cévnaté rostliny;Dubový vrch;Dubový vrch;5645c;RP SCHKO Slavkovský les;Krajský úřad Ústeckého kraje, AOPK ČR - RP SCHKO Slavkovský les, Krajský úřad Karlovarského kraje;2021-04-23;2021-04-23;11460552;2021-04-23;0;STA_POKRYVNOSTEXPANZNI;NA;val;val;ne;lok;0;0, do 5 %, 5-25 %;neznámý;NA
2021;CZ0424125;Doupovské hory;Pulsatilla patens;Cévnaté rostliny;Dubový vrch;Dubový vrch;5645c;RP SCHKO Slavkovský les;Krajský úřad Ústeckého kraje, AOPK ČR - RP SCHKO Slavkovský les, Krajský úřad Karlovarského kraje;2021-04-23;2021-04-23;11460552;2021-04-23;0;STA_POKRYVNOSTINVAZNI;NA;val;val;ne;lok;0;0, do 5 %;neznámý;NA
2021;CZ0424125;Doupovské hory;Pulsatilla patens;Cévnaté rostliny;Dubový vrch - U lípy;Dubový vrch - U lípy;5645c;RP SCHKO Slavkovský les;Krajský úřad Ústeckého kraje, AOPK ČR - RP SCHKO Slavkovský les, Krajský úřad Karlovarského kraje;2021-04-23;2021-04-23;11460459;2021-04-23;0;CELKOVE_HODNOCENI;NA;NA;NA;NA;lok;NA;NA;špatný;0
2021;CZ0424125;Doupovské hory;Pulsatilla patens;Cévnaté rostliny;Dubový vrch - U lípy;Dubový vrch - U lípy;5645c;RP SCHKO Slavkovský les;Krajský úřad Ústeckého kraje, AOPK ČR - RP SCHKO Slavkovský les, Krajský úřad Karlovarského kraje;2021-04-23;2021-04-23;11460459;2021-04-23;0;CELKOVE_SUM;NA;NA;NA;NA;NA;;;3;NA
2021;CZ0424125;Doupovské hory;Pulsatilla patens;Cévnaté rostliny;Dubový vrch - U lípy;Dubový vrch - U lípy;5645c;RP SCHKO Slavkovský les;Krajský úřad Ústeckého kraje, AOPK ČR - RP SCHKO Slavkovský les, Krajský úřad Karlovarského kraje;2021-04-23;2021-04-23;11460459;2021-04-23;0;POP_POCET;trsů;min;minmax;ano;lok;70;alespoň 70 trsů;0;0
2021;CZ0424125;Doupovské hory;Pulsatilla patens;Cévnaté rostliny;Dubový vrch - U lípy;Dubový vrch - U lípy;5645c;RP SCHKO Slavkovský les;Krajský úřad Ústeckého kraje, AOPK ČR - RP SCHKO Slavkovský les, Krajský úřad Karlovarského kraje;2021-04-23;2021-04-23;11460459;2021-04-23;0;POP_POSKPERC;počet trsů;max;minmax;ne;lok;1;nejvýš 1 počet trsů;0;1
2021;CZ0424125;Doupovské hory;Pulsatilla patens;Cévnaté rostliny;Dubový vrch - U lípy;Dubový vrch - U lípy;5645c;RP SCHKO Slavkovský les;Krajský úřad Ústeckého kraje, AOPK ČR - RP SCHKO Slavkovský les, Krajský úřad Karlovarského kraje;2021-04-23;2021-04-23;11460459;2021-04-23;0;POP_POSKPOC;počet typů poškození rostlin;max;minmax;ne;lok;2;nejvýš 2 počet typů poškození rostlin;0;1
2021;CZ0424125;Doupovské hory;Pulsatilla patens;Cévnaté rostliny;Dubový vrch - U lípy;Dubový vrch - U lípy;5645c;RP SCHKO Slavkovský les;Krajský úřad Ústeckého kraje, AOPK ČR - RP SCHKO Slavkovský les, Krajský úřad Karlovarského kraje;2021-04-23;2021-04-23;11460459;2021-04-23;0;POP_TREND;posledních dvou let s menším počtem jedinců než je referenční hodnota;max;minmax;ano;lok;1;nejvýš 1 posledních dvou let s menším počtem jedinců než je referenční hodnota;0;1
2021;CZ0424125;Doupovské hory;Pulsatilla patens;Cévnaté rostliny;Dubový vrch - U lípy;Dubový vrch - U lípy;5645c;RP SCHKO Slavkovský les;Krajský úřad Ústeckého kraje, AOPK ČR - RP SCHKO Slavkovský les, Krajský úřad Karlovarského kraje;2021-04-23;2021-04-23;11460459;2021-04-23;0;POP_VITAL;% počtu trsů;min;minmax;ano;lok;30;alespoň 30 % počtu trsů;neznámý;NA
2021;CZ0424125;Doupovské hory;Pulsatilla patens;Cévnaté rostliny;Dubový vrch - U lípy;Dubový vrch - U lípy;5645c;RP SCHKO Slavkovský les;Krajský úřad Ústeckého kraje, AOPK ČR - RP SCHKO Slavkovský les, Krajský úřad Karlovarského kraje;2021-04-23;2021-04-23;11460459;2021-04-23;0;STA_POKRDREV;NA;val;val;ne;lok;0;0, do 5 %, 5-25 %;neznámý;NA
2021;CZ0424125;Doupovské hory;Pulsatilla patens;Cévnaté rostliny;Dubový vrch - U lípy;Dubový vrch - U lípy;5645c;RP SCHKO Slavkovský les;Krajský úřad Ústeckého kraje, AOPK ČR - RP SCHKO Slavkovský les, Krajský úřad Karlovarského kraje;2021-04-23;2021-04-23;11460459;2021-04-23;0;STA_POKRSTAR;NA;val;val;ne;lok;0;0, do 5 %, 5-25 %;neznámý;NA
2021;CZ0424125;Doupovské hory;Pulsatilla patens;Cévnaté rostliny;Dubový vrch - U lípy;Dubový vrch - U lípy;5645c;RP SCHKO Slavkovský les;Krajský úřad Ústeckého kraje, AOPK ČR - RP SCHKO Slavkovský les, Krajský úřad Karlovarského kraje;2021-04-23;2021-04-23;11460459;2021-04-23;0;STA_POKRYVNOSTEXPANZNI;NA;val;val;ne;lok;0;0, do 5 %, 5-25 %;neznámý;NA
2021;CZ0424125;Doupovské hory;Pulsatilla patens;Cévnaté rostliny;Dubový vrch - U lípy;Dubový vrch - U lípy;5645c;RP SCHKO Slavkovský les;Krajský úřad Ústeckého kraje, AOPK ČR - RP SCHKO Slavkovský les, Krajský úřad Karlovarského kraje;2021-04-23;2021-04-23;11460459;2021-04-23;0;STA_POKRYVNOSTINVAZNI;NA;val;val;ne;lok;0;0, do 5 %;neznámý;NA
2021;CZ0424125;Doupovské hory;Pulsatilla patens;Cévnaté rostliny;Dubový vrch - Z okolí pahorku;Dubový vrch - Z okolí pahorku;5645c;RP SCHKO Slavkovský les;Krajský úřad Ústeckého kraje, AOPK ČR - RP SCHKO Slavkovský les, Krajský úřad Karlovarského kraje;2021-04-23;2021-04-23;11460458;2021-04-23;0;CELKOVE_HODNOCENI;NA;NA;NA;NA;lok;NA;NA;špatný;0
2021;CZ0424125;Doupovské hory;Pulsatilla patens;Cévnaté rostliny;Dubový vrch - Z okolí pahorku;Dubový vrch - Z okolí pahorku;5645c;RP SCHKO Slavkovský les;Krajský úřad Ústeckého kraje, AOPK ČR - RP SCHKO Slavkovský les, Krajský úřad Karlovarského kraje;2021-04-23;2021-04-23;11460458;2021-04-23;0;CELKOVE_SUM;NA;NA;NA;NA;NA;;;3;NA
2021;CZ0424125;Doupovské hory;Pulsatilla patens;Cévnaté rostliny;Dubový vrch - Z okolí pahorku;Dubový vrch - Z okolí pahorku;5645c;RP SCHKO Slavkovský les;Krajský úřad Ústeckého kraje, AOPK ČR - RP SCHKO Slavkovský les, Krajský úřad Karlovarského kraje;2021-04-23;2021-04-23;11460458;2021-04-23;0;POP_POCET;trsů;min;minmax;ano;lok;70;alespoň 70 trsů;0;0
2021;CZ0424125;Doupovské hory;Pulsatilla patens;Cévnaté rostliny;Dubový vrch - Z okolí pahorku;Dubový vrch - Z okolí pahorku;5645c;RP SCHKO Slavkovský les;Krajský úřad Ústeckého kraje, AOPK ČR - RP SCHKO Slavkovský les, Krajský úřad Karlovarského kraje;2021-04-23;2021-04-23;11460458;2021-04-23;0;POP_POSKPERC;počet trsů;max;minmax;ne;lok;1;nejvýš 1 počet trsů;0;1
2021;CZ0424125;Doupovské hory;Pulsatilla patens;Cévnaté rostliny;Dubový vrch - Z okolí pahorku;Dubový vrch - Z okolí pahorku;5645c;RP SCHKO Slavkovský les;Krajský úřad Ústeckého kraje, AOPK ČR - RP SCHKO Slavkovský les, Krajský úřad Karlovarského kraje;2021-04-23;2021-04-23;11460458;2021-04-23;0;POP_POSKPOC;počet typů poškození rostlin;max;minmax;ne;lok;2;nejvýš 2 počet typů poškození rostlin;0;1
2021;CZ0424125;Doupovské hory;Pulsatilla patens;Cévnaté rostliny;Dubový vrch - Z okolí pahorku;Dubový vrch - Z okolí pahorku;5645c;RP SCHKO Slavkovský les;Krajský úřad Ústeckého kraje, AOPK ČR - RP SCHKO Slavkovský les, Krajský úřad Karlovarského kraje;2021-04-23;2021-04-23;11460458;2021-04-23;0;POP_TREND;posledních dvou let s menším počtem jedinců než je referenční hodnota;max;minmax;ano;lok;1;nejvýš 1 posledních dvou let s menším počtem jedinců než je referenční hodnota;0;1
2021;CZ0424125;Doupovské hory;Pulsatilla patens;Cévnaté rostliny;Dubový vrch - Z okolí pahorku;Dubový vrch - Z okolí pahorku;5645c;RP SCHKO Slavkovský les;Krajský úřad Ústeckého kraje, AOPK ČR - RP SCHKO Slavkovský les, Krajský úřad Karlovarského kraje;2021-04-23;2021-04-23;11460458;2021-04-23;0;POP_VITAL;% počtu trsů;min;minmax;ano;lok;30;alespoň 30 % počtu trsů;neznámý;NA
2021;CZ0424125;Doupovské hory;Pulsatilla patens;Cévnaté rostliny;Dubový vrch - Z okolí pahorku;Dubový vrch - Z okolí pahorku;5645c;RP SCHKO Slavkovský les;Krajský úřad Ústeckého kraje, AOPK ČR - RP SCHKO Slavkovský les, Krajský úřad Karlovarského kraje;2021-04-23;2021-04-23;11460458;2021-04-23;0;STA_POKRDREV;NA;val;val;ne;lok;0;0, do 5 %, 5-25 %;neznámý;NA
2021;CZ0424125;Doupovské hory;Pulsatilla patens;Cévnaté rostliny;Dubový vrch - Z okolí pahorku;Dubový vrch - Z okolí pahorku;5645c;RP SCHKO Slavkovský les;Krajský úřad Ústeckého kraje, AOPK ČR - RP SCHKO Slavkovský les, Krajský úřad Karlovarského kraje;2021-04-23;2021-04-23;11460458;2021-04-23;0;STA_POKRSTAR;NA;val;val;ne;lok;0;0, do 5 %, 5-25 %;neznámý;NA
2021;CZ0424125;Doupovské hory;Pulsatilla patens;Cévnaté rostliny;Dubový vrch - Z okolí pahorku;Dubový vrch - Z okolí pahorku;5645c;RP SCHKO Slavkovský les;Krajský úřad Ústeckého kraje, AOPK ČR - RP SCHKO Slavkovský les, Krajský úřad Karlovarského kraje;2021-04-23;2021-04-23;11460458;2021-04-23;0;STA_POKRYVNOSTEXPANZNI;NA;val;val;ne;lok;0;0, do 5 %, 5-25 %;neznámý;NA
2021;CZ0424125;Doupovské hory;Pulsatilla patens;Cévnaté rostliny;Dubový vrch - Z okolí pahorku;Dubový vrch - Z okolí pahorku;5645c;RP SCHKO Slavkovský les;Krajský úřad Ústeckého kraje, AOPK ČR - RP SCHKO Slavkovský les, Krajský úřad Karlovarského kraje;2021-04-23;2021-04-23;11460458;2021-04-23;0;STA_POKRYVNOSTINVAZNI;NA;val;val;ne;lok;0;0, do 5 %;neznámý;NA
2021;CZ0424125;Doupovské hory;Pulsatilla patens;Cévnaté rostliny;Dubový vrch - dlouhá vrstevnicová mez;Dubový vrch - dlouhá vrstevnicová mez;5645c;RP SCHKO Slavkovský les;Krajský úřad Ústeckého kraje, AOPK ČR - RP SCHKO Slavkovský les, Krajský úřad Karlovarského kraje;2021-04-23;2021-04-23;11460461;2021-04-23;0;CELKOVE_HODNOCENI;NA;NA;NA;NA;lok;NA;NA;špatný;0
2021;CZ0424125;Doupovské hory;Pulsatilla patens;Cévnaté rostliny;Dubový vrch - dlouhá vrstevnicová mez;Dubový vrch - dlouhá vrstevnicová mez;5645c;RP SCHKO Slavkovský les;Krajský úřad Ústeckého kraje, AOPK ČR - RP SCHKO Slavkovský les, Krajský úřad Karlovarského kraje;2021-04-23;2021-04-23;11460461;2021-04-23;0;CELKOVE_SUM;NA;NA;NA;NA;NA;;;3;NA
2021;CZ0424125;Doupovské hory;Pulsatilla patens;Cévnaté rostliny;Dubový vrch - dlouhá vrstevnicová mez;Dubový vrch - dlouhá vrstevnicová mez;5645c;RP SCHKO Slavkovský les;Krajský úřad Ústeckého kraje, AOPK ČR - RP SCHKO Slavkovský les, Krajský úřad Karlovarského kraje;2021-04-23;2021-04-23;11460461;2021-04-23;0;POP_POCET;trsů;min;minmax;ano;lok;70;alespoň 70 trsů;0;0
2021;CZ0424125;Doupovské hory;Pulsatilla patens;Cévnaté rostliny;Dubový vrch - dlouhá vrstevnicová mez;Dubový vrch - dlouhá vrstevnicová mez;5645c;RP SCHKO Slavkovský les;Krajský úřad Ústeckého kraje, AOPK ČR - RP SCHKO Slavkovský les, Krajský úřad Karlovarského kraje;2021-04-23;2021-04-23;11460461;2021-04-23;0;POP_POSKPERC;počet trsů;max;minmax;ne;lok;1;nejvýš 1 počet trsů;0;1
2021;CZ0424125;Doupovské hory;Pulsatilla patens;Cévnaté rostliny;Dubový vrch - dlouhá vrstevnicová mez;Dubový vrch - dlouhá vrstevnicová mez;5645c;RP SCHKO Slavkovský les;Krajský úřad Ústeckého kraje, AOPK ČR - RP SCHKO Slavkovský les, Krajský úřad Karlovarského kraje;2021-04-23;2021-04-23;11460461;2021-04-23;0;POP_POSKPOC;počet typů poškození rostlin;max;minmax;ne;lok;2;nejvýš 2 počet typů poškození rostlin;0;1
2021;CZ0424125;Doupovské hory;Pulsatilla patens;Cévnaté rostliny;Dubový vrch - dlouhá vrstevnicová mez;Dubový vrch - dlouhá vrstevnicová mez;5645c;RP SCHKO Slavkovský les;Krajský úřad Ústeckého kraje, AOPK ČR - RP SCHKO Slavkovský les, Krajský úřad Karlovarského kraje;2021-04-23;2021-04-23;11460461;2021-04-23;0;POP_TREND;posledních dvou let s menším počtem jedinců než je referenční hodnota;max;minmax;ano;lok;1;nejvýš 1 posledních dvou let s menším počtem jedinců než je referenční hodnota;0;1
2021;CZ0424125;Doupovské hory;Pulsatilla patens;Cévnaté rostliny;Dubový vrch - dlouhá vrstevnicová mez;Dubový vrch - dlouhá vrstevnicová mez;5645c;RP SCHKO Slavkovský les;Krajský úřad Ústeckého kraje, AOPK ČR - RP SCHKO Slavkovský les, Krajský úřad Karlovarského kraje;2021-04-23;2021-04-23;11460461;2021-04-23;0;POP_VITAL;% počtu trsů;min;minmax;ano;lok;30;alespoň 30 % počtu trsů;neznámý;NA
2021;CZ0424125;Doupovské hory;Pulsatilla patens;Cévnaté rostliny;Dubový vrch - dlouhá vrstevnicová mez;Dubový vrch - dlouhá vrstevnicová mez;5645c;RP SCHKO Slavkovský les;Krajský úřad Ústeckého kraje, AOPK ČR - RP SCHKO Slavkovský les, Krajský úřad Karlovarského kraje;2021-04-23;2021-04-23;11460461;2021-04-23;0;STA_POKRDREV;NA;val;val;ne;lok;0;0, do 5 %, 5-25 %;neznámý;NA
2021;CZ0424125;Doupovské hory;Pulsatilla patens;Cévnaté rostliny;Dubový vrch - dlouhá vrstevnicová mez;Dubový vrch - dlouhá vrstevnicová mez;5645c;RP SCHKO Slavkovský les;Krajský úřad Ústeckého kraje, AOPK ČR - RP SCHKO Slavkovský les, Krajský úřad Karlovarského kraje;2021-04-23;2021-04-23;11460461;2021-04-23;0;STA_POKRSTAR;NA;val;val;ne;lok;0;0, do 5 %, 5-25 %;neznámý;NA
2021;CZ0424125;Doupovské hory;Pulsatilla patens;Cévnaté rostliny;Dubový vrch - dlouhá vrstevnicová mez;Dubový vrch - dlouhá vrstevnicová mez;5645c;RP SCHKO Slavkovský les;Krajský úřad Ústeckého kraje, AOPK ČR - RP SCHKO Slavkovský les, Krajský úřad Karlovarského kraje;2021-04-23;2021-04-23;11460461;2021-04-23;0;STA_POKRYVNOSTEXPANZNI;NA;val;val;ne;lok;0;0, do 5 %, 5-25 %;neznámý;NA
2021;CZ0424125;Doupovské hory;Pulsatilla patens;Cévnaté rostliny;Dubový vrch - dlouhá vrstevnicová mez;Dubový vrch - dlouhá vrstevnicová mez;5645c;RP SCHKO Slavkovský les;Krajský úřad Ústeckého kraje, AOPK ČR - RP SCHKO Slavkovský les, Krajský úřad Karlovarského kraje;2021-04-23;2021-04-23;11460461;2021-04-23;0;STA_POKRYVNOSTINVAZNI;NA;val;val;ne;lok;0;0, do 5 %;neznámý;NA
2021;CZ0424125;Doupovské hory;Pulsatilla patens;Cévnaté rostliny;Dubový vrch - krátká vrstevnicová mez;Dubový vrch - krátká vrstevnicová mez;5645c;RP SCHKO Slavkovský les;Krajský úřad Ústeckého kraje, AOPK ČR - RP SCHKO Slavkovský les, Krajský úřad Karlovarského kraje;2021-04-23;2021-04-23;11460460;2021-04-23;0;CELKOVE_HODNOCENI;NA;NA;NA;NA;lok;NA;NA;špatný;0
2021;CZ0424125;Doupovské hory;Pulsatilla patens;Cévnaté rostliny;Dubový vrch - krátká vrstevnicová mez;Dubový vrch - krátká vrstevnicová mez;5645c;RP SCHKO Slavkovský les;Krajský úřad Ústeckého kraje, AOPK ČR - RP SCHKO Slavkovský les, Krajský úřad Karlovarského kraje;2021-04-23;2021-04-23;11460460;2021-04-23;0;CELKOVE_SUM;NA;NA;NA;NA;NA;;;3;NA
2021;CZ0424125;Doupovské hory;Pulsatilla patens;Cévnaté rostliny;Dubový vrch - krátká vrstevnicová mez;Dubový vrch - krátká vrstevnicová mez;5645c;RP SCHKO Slavkovský les;Krajský úřad Ústeckého kraje, AOPK ČR - RP SCHKO Slavkovský les, Krajský úřad Karlovarského kraje;2021-04-23;2021-04-23;11460460;2021-04-23;0;POP_POCET;trsů;min;minmax;ano;lok;70;alespoň 70 trsů;0;0
2021;CZ0424125;Doupovské hory;Pulsatilla patens;Cévnaté rostliny;Dubový vrch - krátká vrstevnicová mez;Dubový vrch - krátká vrstevnicová mez;5645c;RP SCHKO Slavkovský les;Krajský úřad Ústeckého kraje, AOPK ČR - RP SCHKO Slavkovský les, Krajský úřad Karlovarského kraje;2021-04-23;2021-04-23;11460460;2021-04-23;0;POP_POSKPERC;počet trsů;max;minmax;ne;lok;1;nejvýš 1 počet trsů;0;1
2021;CZ0424125;Doupovské hory;Pulsatilla patens;Cévnaté rostliny;Dubový vrch - krátká vrstevnicová mez;Dubový vrch - krátká vrstevnicová mez;5645c;RP SCHKO Slavkovský les;Krajský úřad Ústeckého kraje, AOPK ČR - RP SCHKO Slavkovský les, Krajský úřad Karlovarského kraje;2021-04-23;2021-04-23;11460460;2021-04-23;0;POP_POSKPOC;počet typů poškození rostlin;max;minmax;ne;lok;2;nejvýš 2 počet typů poškození rostlin;0;1
2021;CZ0424125;Doupovské hory;Pulsatilla patens;Cévnaté rostliny;Dubový vrch - krátká vrstevnicová mez;Dubový vrch - krátká vrstevnicová mez;5645c;RP SCHKO Slavkovský les;Krajský úřad Ústeckého kraje, AOPK ČR - RP SCHKO Slavkovský les, Krajský úřad Karlovarského kraje;2021-04-23;2021-04-23;11460460;2021-04-23;0;POP_TREND;posledních dvou let s menším počtem jedinců než je referenční hodnota;max;minmax;ano;lok;1;nejvýš 1 posledních dvou let s menším počtem jedinců než je referenční hodnota;0;1
2021;CZ0424125;Doupovské hory;Pulsatilla patens;Cévnaté rostliny;Dubový vrch - krátká vrstevnicová mez;Dubový vrch - krátká vrstevnicová mez;5645c;RP SCHKO Slavkovský les;Krajský úřad Ústeckého kraje, AOPK ČR - RP SCHKO Slavkovský les, Krajský úřad Karlovarského kraje;2021-04-23;2021-04-23;11460460;2021-04-23;0;POP_VITAL;% počtu trsů;min;minmax;ano;lok;30;alespoň 30 % počtu trsů;neznámý;NA
2021;CZ0424125;Doupovské hory;Pulsatilla patens;Cévnaté rostliny;Dubový vrch - krátká vrstevnicová mez;Dubový vrch - krátká vrstevnicová mez;5645c;RP SCHKO Slavkovský les;Krajský úřad Ústeckého kraje, AOPK ČR - RP SCHKO Slavkovský les, Krajský úřad Karlovarského kraje;2021-04-23;2021-04-23;11460460;2021-04-23;0;STA_POKRDREV;NA;val;val;ne;lok;0;0, do 5 %, 5-25 %;neznámý;NA
2021;CZ0424125;Doupovské hory;Pulsatilla patens;Cévnaté rostliny;Dubový vrch - krátká vrstevnicová mez;Dubový vrch - krátká vrstevnicová mez;5645c;RP SCHKO Slavkovský les;Krajský úřad Ústeckého kraje, AOPK ČR - RP SCHKO Slavkovský les, Krajský úřad Karlovarského kraje;2021-04-23;2021-04-23;11460460;2021-04-23;0;STA_POKRSTAR;NA;val;val;ne;lok;0;0, do 5 %, 5-25 %;neznámý;NA
2021;CZ0424125;Doupovské hory;Pulsatilla patens;Cévnaté rostliny;Dubový vrch - krátká vrstevnicová mez;Dubový vrch - krátká vrstevnicová mez;5645c;RP SCHKO Slavkovský les;Krajský úřad Ústeckého kraje, AOPK ČR - RP SCHKO Slavkovský les, Krajský úřad Karlovarského kraje;2021-04-23;2021-04-23;11460460;2021-04-23;0;STA_POKRYVNOSTEXPANZNI;NA;val;val;ne;lok;0;0, do 5 %, 5-25 %;neznámý;NA
2021;CZ0424125;Doupovské hory;Pulsatilla patens;Cévnaté rostliny;Dubový vrch - krátká vrstevnicová mez;Dubový vrch - krátká vrstevnicová mez;5645c;RP SCHKO Slavkovský les;Krajský úřad Ústeckého kraje, AOPK ČR - RP SCHKO Slavkovský les, Krajský úřad Karlovarského kraje;2021-04-23;2021-04-23;11460460;2021-04-23;0;STA_POKRYVNOSTINVAZNI;NA;val;val;ne;lok;0;0, do 5 %;neznámý;NA
2021;CZ0424125;Doupovské hory;Pulsatilla patens;Cévnaté rostliny;Dubový vrch - prudká stráň u borového hájku;Dubový vrch - prudká stráň u borového hájku;5645c;RP SCHKO Slavkovský les;Krajský úřad Ústeckého kraje, AOPK ČR - RP SCHKO Slavkovský les, Krajský úřad Karlovarského kraje;2021-04-23;2021-04-23;11460462;2021-04-23;0;CELKOVE_HODNOCENI;NA;NA;NA;NA;lok;NA;NA;špatný;0
2021;CZ0424125;Doupovské hory;Pulsatilla patens;Cévnaté rostliny;Dubový vrch - prudká stráň u borového hájku;Dubový vrch - prudká stráň u borového hájku;5645c;RP SCHKO Slavkovský les;Krajský úřad Ústeckého kraje, AOPK ČR - RP SCHKO Slavkovský les, Krajský úřad Karlovarského kraje;2021-04-23;2021-04-23;11460462;2021-04-23;0;CELKOVE_SUM;NA;NA;NA;NA;NA;;;3;NA
2021;CZ0424125;Doupovské hory;Pulsatilla patens;Cévnaté rostliny;Dubový vrch - prudká stráň u borového hájku;Dubový vrch - prudká stráň u borového hájku;5645c;RP SCHKO Slavkovský les;Krajský úřad Ústeckého kraje, AOPK ČR - RP SCHKO Slavkovský les, Krajský úřad Karlovarského kraje;2021-04-23;2021-04-23;11460462;2021-04-23;0;POP_POCET;trsů;min;minmax;ano;lok;70;alespoň 70 trsů;0;0
2021;CZ0424125;Doupovské hory;Pulsatilla patens;Cévnaté rostliny;Dubový vrch - prudká stráň u borového hájku;Dubový vrch - prudká stráň u borového hájku;5645c;RP SCHKO Slavkovský les;Krajský úřad Ústeckého kraje, AOPK ČR - RP SCHKO Slavkovský les, Krajský úřad Karlovarského kraje;2021-04-23;2021-04-23;11460462;2021-04-23;0;POP_POSKPERC;počet trsů;max;minmax;ne;lok;1;nejvýš 1 počet trsů;0;1
2021;CZ0424125;Doupovské hory;Pulsatilla patens;Cévnaté rostliny;Dubový vrch - prudká stráň u borového hájku;Dubový vrch - prudká stráň u borového hájku;5645c;RP SCHKO Slavkovský les;Krajský úřad Ústeckého kraje, AOPK ČR - RP SCHKO Slavkovský les, Krajský úřad Karlovarského kraje;2021-04-23;2021-04-23;11460462;2021-04-23;0;POP_POSKPOC;počet typů poškození rostlin;max;minmax;ne;lok;2;nejvýš 2 počet typů poškození rostlin;0;1
2021;CZ0424125;Doupovské hory;Pulsatilla patens;Cévnaté rostliny;Dubový vrch - prudká stráň u borového hájku;Dubový vrch - prudká stráň u borového hájku;5645c;RP SCHKO Slavkovský les;Krajský úřad Ústeckého kraje, AOPK ČR - RP SCHKO Slavkovský les, Krajský úřad Karlovarského kraje;2021-04-23;2021-04-23;11460462;2021-04-23;0;POP_TREND;posledních dvou let s menším počtem jedinců než je referenční hodnota;max;minmax;ano;lok;1;nejvýš 1 posledních dvou let s menším počtem jedinců než je referenční hodnota;0;1
2021;CZ0424125;Doupovské hory;Pulsatilla patens;Cévnaté rostliny;Dubový vrch - prudká stráň u borového hájku;Dubový vrch - prudká stráň u borového hájku;5645c;RP SCHKO Slavkovský les;Krajský úřad Ústeckého kraje, AOPK ČR - RP SCHKO Slavkovský les, Krajský úřad Karlovarského kraje;2021-04-23;2021-04-23;11460462;2021-04-23;0;POP_VITAL;% počtu trsů;min;minmax;ano;lok;30;alespoň 30 % počtu trsů;neznámý;NA
2021;CZ0424125;Doupovské hory;Pulsatilla patens;Cévnaté rostliny;Dubový vrch - prudká stráň u borového hájku;Dubový vrch - prudká stráň u borového hájku;5645c;RP SCHKO Slavkovský les;Krajský úřad Ústeckého kraje, AOPK ČR - RP SCHKO Slavkovský les, Krajský úřad Karlovarského kraje;2021-04-23;2021-04-23;11460462;2021-04-23;0;STA_POKRDREV;NA;val;val;ne;lok;0;0, do 5 %, 5-25 %;neznámý;NA
2021;CZ0424125;Doupovské hory;Pulsatilla patens;Cévnaté rostliny;Dubový vrch - prudká stráň u borového hájku;Dubový vrch - prudká stráň u borového hájku;5645c;RP SCHKO Slavkovský les;Krajský úřad Ústeckého kraje, AOPK ČR - RP SCHKO Slavkovský les, Krajský úřad Karlovarského kraje;2021-04-23;2021-04-23;11460462;2021-04-23;0;STA_POKRSTAR;NA;val;val;ne;lok;0;0, do 5 %, 5-25 %;neznámý;NA
2021;CZ0424125;Doupovské hory;Pulsatilla patens;Cévnaté rostliny;Dubový vrch - prudká stráň u borového hájku;Dubový vrch - prudká stráň u borového hájku;5645c;RP SCHKO Slavkovský les;Krajský úřad Ústeckého kraje, AOPK ČR - RP SCHKO Slavkovský les, Krajský úřad Karlovarského kraje;2021-04-23;2021-04-23;11460462;2021-04-23;0;STA_POKRYVNOSTEXPANZNI;NA;val;val;ne;lok;0;0, do 5 %, 5-25 %;neznámý;NA
2021;CZ0424125;Doupovské hory;Pulsatilla patens;Cévnaté rostliny;Dubový vrch - prudká stráň u borového hájku;Dubový vrch - prudká stráň u borového hájku;5645c;RP SCHKO Slavkovský les;Krajský úřad Ústeckého kraje, AOPK ČR - RP SCHKO Slavkovský les, Krajský úřad Karlovarského kraje;2021-04-23;2021-04-23;11460462;2021-04-23;0;STA_POKRYVNOSTINVAZNI;NA;val;val;ne;lok;0;0, do 5 %;neznámý;NA
2021;CZ0424125;Doupovské hory;Pulsatilla patens;Cévnaté rostliny;Dubový vrch - spádnicová kamenná mez;Dubový vrch - spádnicová kamenná mez;5645c;RP SCHKO Slavkovský les;Krajský úřad Ústeckého kraje, AOPK ČR - RP SCHKO Slavkovský les, Krajský úřad Karlovarského kraje;2021-04-23;2021-04-23;11460548;2021-04-23;0;CELKOVE_HODNOCENI;NA;NA;NA;NA;lok;NA;NA;špatný;0
2021;CZ0424125;Doupovské hory;Pulsatilla patens;Cévnaté rostliny;Dubový vrch - spádnicová kamenná mez;Dubový vrch - spádnicová kamenná mez;5645c;RP SCHKO Slavkovský les;Krajský úřad Ústeckého kraje, AOPK ČR - RP SCHKO Slavkovský les, Krajský úřad Karlovarského kraje;2021-04-23;2021-04-23;11460548;2021-04-23;0;CELKOVE_SUM;NA;NA;NA;NA;NA;;;3;NA
2021;CZ0424125;Doupovské hory;Pulsatilla patens;Cévnaté rostliny;Dubový vrch - spádnicová kamenná mez;Dubový vrch - spádnicová kamenná mez;5645c;RP SCHKO Slavkovský les;Krajský úřad Ústeckého kraje, AOPK ČR - RP SCHKO Slavkovský les, Krajský úřad Karlovarského kraje;2021-04-23;2021-04-23;11460548;2021-04-23;0;POP_POCET;trsů;min;minmax;ano;lok;70;alespoň 70 trsů;0;0
2021;CZ0424125;Doupovské hory;Pulsatilla patens;Cévnaté rostliny;Dubový vrch - spádnicová kamenná mez;Dubový vrch - spádnicová kamenná mez;5645c;RP SCHKO Slavkovský les;Krajský úřad Ústeckého kraje, AOPK ČR - RP SCHKO Slavkovský les, Krajský úřad Karlovarského kraje;2021-04-23;2021-04-23;11460548;2021-04-23;0;POP_POSKPERC;počet trsů;max;minmax;ne;lok;1;nejvýš 1 počet trsů;0;1
2021;CZ0424125;Doupovské hory;Pulsatilla patens;Cévnaté rostliny;Dubový vrch - spádnicová kamenná mez;Dubový vrch - spádnicová kamenná mez;5645c;RP SCHKO Slavkovský les;Krajský úřad Ústeckého kraje, AOPK ČR - RP SCHKO Slavkovský les, Krajský úřad Karlovarského kraje;2021-04-23;2021-04-23;11460548;2021-04-23;0;POP_POSKPOC;počet typů poškození rostlin;max;minmax;ne;lok;2;nejvýš 2 počet typů poškození rostlin;0;1
2021;CZ0424125;Doupovské hory;Pulsatilla patens;Cévnaté rostliny;Dubový vrch - spádnicová kamenná mez;Dubový vrch - spádnicová kamenná mez;5645c;RP SCHKO Slavkovský les;Krajský úřad Ústeckého kraje, AOPK ČR - RP SCHKO Slavkovský les, Krajský úřad Karlovarského kraje;2021-04-23;2021-04-23;11460548;2021-04-23;0;POP_TREND;posledních dvou let s menším počtem jedinců než je referenční hodnota;max;minmax;ano;lok;1;nejvýš 1 posledních dvou let s menším počtem jedinců než je referenční hodnota;0;1
2021;CZ0424125;Doupovské hory;Pulsatilla patens;Cévnaté rostliny;Dubový vrch - spádnicová kamenná mez;Dubový vrch - spádnicová kamenná mez;5645c;RP SCHKO Slavkovský les;Krajský úřad Ústeckého kraje, AOPK ČR - RP SCHKO Slavkovský les, Krajský úřad Karlovarského kraje;2021-04-23;2021-04-23;11460548;2021-04-23;0;POP_VITAL;% počtu trsů;min;minmax;ano;lok;30;alespoň 30 % počtu trsů;neznámý;NA
2021;CZ0424125;Doupovské hory;Pulsatilla patens;Cévnaté rostliny;Dubový vrch - spádnicová kamenná mez;Dubový vrch - spádnicová kamenná mez;5645c;RP SCHKO Slavkovský les;Krajský úřad Ústeckého kraje, AOPK ČR - RP SCHKO Slavkovský les, Krajský úřad Karlovarského kraje;2021-04-23;2021-04-23;11460548;2021-04-23;0;STA_POKRDREV;NA;val;val;ne;lok;0;0, do 5 %, 5-25 %;neznámý;NA
2021;CZ0424125;Doupovské hory;Pulsatilla patens;Cévnaté rostliny;Dubový vrch - spádnicová kamenná mez;Dubový vrch - spádnicová kamenná mez;5645c;RP SCHKO Slavkovský les;Krajský úřad Ústeckého kraje, AOPK ČR - RP SCHKO Slavkovský les, Krajský úřad Karlovarského kraje;2021-04-23;2021-04-23;11460548;2021-04-23;0;STA_POKRSTAR;NA;val;val;ne;lok;0;0, do 5 %, 5-25 %;neznámý;NA
2021;CZ0424125;Doupovské hory;Pulsatilla patens;Cévnaté rostliny;Dubový vrch - spádnicová kamenná mez;Dubový vrch - spádnicová kamenná mez;5645c;RP SCHKO Slavkovský les;Krajský úřad Ústeckého kraje, AOPK ČR - RP SCHKO Slavkovský les, Krajský úřad Karlovarského kraje;2021-04-23;2021-04-23;11460548;2021-04-23;0;STA_POKRYVNOSTEXPANZNI;NA;val;val;ne;lok;0;0, do 5 %, 5-25 %;neznámý;NA
2021;CZ0424125;Doupovské hory;Pulsatilla patens;Cévnaté rostliny;Dubový vrch - spádnicová kamenná mez;Dubový vrch - spádnicová kamenná mez;5645c;RP SCHKO Slavkovský les;Krajský úřad Ústeckého kraje, AOPK ČR - RP SCHKO Slavkovský les, Krajský úřad Karlovarského kraje;2021-04-23;2021-04-23;11460548;2021-04-23;0;STA_POKRYVNOSTINVAZNI;NA;val;val;ne;lok;0;0, do 5 %;neznámý;NA
2021;CZ0424125;Doupovské hory;Pulsatilla patens;Cévnaté rostliny;Dubový vrch - vrstevnicová mez s jalovcem;Dubový vrch - vrstevnicová mez s jalovcem;5645c;RP SCHKO Slavkovský les;Krajský úřad Ústeckého kraje, AOPK ČR - RP SCHKO Slavkovský les, Krajský úřad Karlovarského kraje;2021-04-23;2021-04-23;11460457;2021-04-23;0;CELKOVE_HODNOCENI;NA;NA;NA;NA;lok;NA;NA;špatný;0
2021;CZ0424125;Doupovské hory;Pulsatilla patens;Cévnaté rostliny;Dubový vrch - vrstevnicová mez s jalovcem;Dubový vrch - vrstevnicová mez s jalovcem;5645c;RP SCHKO Slavkovský les;Krajský úřad Ústeckého kraje, AOPK ČR - RP SCHKO Slavkovský les, Krajský úřad Karlovarského kraje;2021-04-23;2021-04-23;11460457;2021-04-23;0;CELKOVE_SUM;NA;NA;NA;NA;NA;;;3;NA
2021;CZ0424125;Doupovské hory;Pulsatilla patens;Cévnaté rostliny;Dubový vrch - vrstevnicová mez s jalovcem;Dubový vrch - vrstevnicová mez s jalovcem;5645c;RP SCHKO Slavkovský les;Krajský úřad Ústeckého kraje, AOPK ČR - RP SCHKO Slavkovský les, Krajský úřad Karlovarského kraje;2021-04-23;2021-04-23;11460457;2021-04-23;0;POP_POCET;trsů;min;minmax;ano;lok;70;alespoň 70 trsů;0;0
2021;CZ0424125;Doupovské hory;Pulsatilla patens;Cévnaté rostliny;Dubový vrch - vrstevnicová mez s jalovcem;Dubový vrch - vrstevnicová mez s jalovcem;5645c;RP SCHKO Slavkovský les;Krajský úřad Ústeckého kraje, AOPK ČR - RP SCHKO Slavkovský les, Krajský úřad Karlovarského kraje;2021-04-23;2021-04-23;11460457;2021-04-23;0;POP_POSKPERC;počet trsů;max;minmax;ne;lok;1;nejvýš 1 počet trsů;0;1
2021;CZ0424125;Doupovské hory;Pulsatilla patens;Cévnaté rostliny;Dubový vrch - vrstevnicová mez s jalovcem;Dubový vrch - vrstevnicová mez s jalovcem;5645c;RP SCHKO Slavkovský les;Krajský úřad Ústeckého kraje, AOPK ČR - RP SCHKO Slavkovský les, Krajský úřad Karlovarského kraje;2021-04-23;2021-04-23;11460457;2021-04-23;0;POP_POSKPOC;počet typů poškození rostlin;max;minmax;ne;lok;2;nejvýš 2 počet typů poškození rostlin;0;1
2021;CZ0424125;Doupovské hory;Pulsatilla patens;Cévnaté rostliny;Dubový vrch - vrstevnicová mez s jalovcem;Dubový vrch - vrstevnicová mez s jalovcem;5645c;RP SCHKO Slavkovský les;Krajský úřad Ústeckého kraje, AOPK ČR - RP SCHKO Slavkovský les, Krajský úřad Karlovarského kraje;2021-04-23;2021-04-23;11460457;2021-04-23;0;POP_TREND;posledních dvou let s menším počtem jedinců než je referenční hodnota;max;minmax;ano;lok;1;nejvýš 1 posledních dvou let s menším počtem jedinců než je referenční hodnota;0;1
2021;CZ0424125;Doupovské hory;Pulsatilla patens;Cévnaté rostliny;Dubový vrch - vrstevnicová mez s jalovcem;Dubový vrch - vrstevnicová mez s jalovcem;5645c;RP SCHKO Slavkovský les;Krajský úřad Ústeckého kraje, AOPK ČR - RP SCHKO Slavkovský les, Krajský úřad Karlovarského kraje;2021-04-23;2021-04-23;11460457;2021-04-23;0;POP_VITAL;% počtu trsů;min;minmax;ano;lok;30;alespoň 30 % počtu trsů;neznámý;NA
2021;CZ0424125;Doupovské hory;Pulsatilla patens;Cévnaté rostliny;Dubový vrch - vrstevnicová mez s jalovcem;Dubový vrch - vrstevnicová mez s jalovcem;5645c;RP SCHKO Slavkovský les;Krajský úřad Ústeckého kraje, AOPK ČR - RP SCHKO Slavkovský les, Krajský úřad Karlovarského kraje;2021-04-23;2021-04-23;11460457;2021-04-23;0;STA_POKRDREV;NA;val;val;ne;lok;0;0, do 5 %, 5-25 %;neznámý;NA
2021;CZ0424125;Doupovské hory;Pulsatilla patens;Cévnaté rostliny;Dubový vrch - vrstevnicová mez s jalovcem;Dubový vrch - vrstevnicová mez s jalovcem;5645c;RP SCHKO Slavkovský les;Krajský úřad Ústeckého kraje, AOPK ČR - RP SCHKO Slavkovský les, Krajský úřad Karlovarského kraje;2021-04-23;2021-04-23;11460457;2021-04-23;0;STA_POKRSTAR;NA;val;val;ne;lok;0;0, do 5 %, 5-25 %;neznámý;NA
2021;CZ0424125;Doupovské hory;Pulsatilla patens;Cévnaté rostliny;Dubový vrch - vrstevnicová mez s jalovcem;Dubový vrch - vrstevnicová mez s jalovcem;5645c;RP SCHKO Slavkovský les;Krajský úřad Ústeckého kraje, AOPK ČR - RP SCHKO Slavkovský les, Krajský úřad Karlovarského kraje;2021-04-23;2021-04-23;11460457;2021-04-23;0;STA_POKRYVNOSTEXPANZNI;NA;val;val;ne;lok;0;0, do 5 %, 5-25 %;neznámý;NA
2021;CZ0424125;Doupovské hory;Pulsatilla patens;Cévnaté rostliny;Dubový vrch - vrstevnicová mez s jalovcem;Dubový vrch - vrstevnicová mez s jalovcem;5645c;RP SCHKO Slavkovský les;Krajský úřad Ústeckého kraje, AOPK ČR - RP SCHKO Slavkovský les, Krajský úřad Karlovarského kraje;2021-04-23;2021-04-23;11460457;2021-04-23;0;STA_POKRYVNOSTINVAZNI;NA;val;val;ne;lok;0;0, do 5 %;neznámý;NA
2021;CZ0424125;Doupovské hory;Pulsatilla patens;Cévnaté rostliny;Dubový vrch 1;Dubový vrch 1;5645c;RP SCHKO Slavkovský les;Krajský úřad Ústeckého kraje, AOPK ČR - RP SCHKO Slavkovský les, Krajský úřad Karlovarského kraje;2009-04-20;2021-04-22;11772601;2021-04-22;1;CELKOVE_HODNOCENI;NA;NA;NA;NA;lok;NA;NA;špatný;0
2021;CZ0424125;Doupovské hory;Pulsatilla patens;Cévnaté rostliny;Dubový vrch 1;Dubový vrch 1;5645c;RP SCHKO Slavkovský les;Krajský úřad Ústeckého kraje, AOPK ČR - RP SCHKO Slavkovský les, Krajský úřad Karlovarského kraje;2009-04-20;2021-04-22;11772601;2021-04-22;1;CELKOVE_SUM;NA;NA;NA;NA;NA;;;2;NA
2021;CZ0424125;Doupovské hory;Pulsatilla patens;Cévnaté rostliny;Dubový vrch 1;Dubový vrch 1;5645c;RP SCHKO Slavkovský les;Krajský úřad Ústeckého kraje, AOPK ČR - RP SCHKO Slavkovský les, Krajský úřad Karlovarského kraje;2009-04-20;2021-04-22;11772601;2021-04-22;1;POP_POCET;trsů;min;minmax;ano;lok;70;alespoň 70 trsů;0;0
2021;CZ0424125;Doupovské hory;Pulsatilla patens;Cévnaté rostliny;Dubový vrch 1;Dubový vrch 1;5645c;RP SCHKO Slavkovský les;Krajský úřad Ústeckého kraje, AOPK ČR - RP SCHKO Slavkovský les, Krajský úřad Karlovarského kraje;2009-04-20;2021-04-22;11772601;2021-04-22;1;POP_POSKPERC;počet trsů;max;minmax;ne;lok;1;nejvýš 1 počet trsů;0;1
2021;CZ0424125;Doupovské hory;Pulsatilla patens;Cévnaté rostliny;Dubový vrch 1;Dubový vrch 1;5645c;RP SCHKO Slavkovský les;Krajský úřad Ústeckého kraje, AOPK ČR - RP SCHKO Slavkovský les, Krajský úřad Karlovarského kraje;2009-04-20;2021-04-22;11772601;2021-04-22;1;POP_POSKPOC;počet typů poškození rostlin;max;minmax;ne;lok;2;nejvýš 2 počet typů poškození rostlin;0;1
2021;CZ0424125;Doupovské hory;Pulsatilla patens;Cévnaté rostliny;Dubový vrch 1;Dubový vrch 1;5645c;RP SCHKO Slavkovský les;Krajský úřad Ústeckého kraje, AOPK ČR - RP SCHKO Slavkovský les, Krajský úřad Karlovarského kraje;2009-04-20;2021-04-22;11772601;2021-04-22;1;POP_TREND;posledních dvou let s menším počtem jedinců než je referenční hodnota;max;minmax;ano;lok;1;nejvýš 1 posledních dvou let s menším počtem jedinců než je referenční hodnota;2;0
2021;CZ0424125;Doupovské hory;Pulsatilla patens;Cévnaté rostliny;Dubový vrch 1;Dubový vrch 1;5645c;RP SCHKO Slavkovský les;Krajský úřad Ústeckého kraje, AOPK ČR - RP SCHKO Slavkovský les, Krajský úřad Karlovarského kraje;2009-04-20;2021-04-22;11772601;2021-04-22;1;POP_VITAL;% počtu trsů;min;minmax;ano;lok;30;alespoň 30 % počtu trsů;neznámý;NA
2021;CZ0424125;Doupovské hory;Pulsatilla patens;Cévnaté rostliny;Dubový vrch 1;Dubový vrch 1;5645c;RP SCHKO Slavkovský les;Krajský úřad Ústeckého kraje, AOPK ČR - RP SCHKO Slavkovský les, Krajský úřad Karlovarského kraje;2009-04-20;2021-04-22;11772601;2021-04-22;1;STA_POKRDREV;NA;val;val;ne;lok;0;0, do 5 %, 5-25 %;neznámý;NA
2021;CZ0424125;Doupovské hory;Pulsatilla patens;Cévnaté rostliny;Dubový vrch 1;Dubový vrch 1;5645c;RP SCHKO Slavkovský les;Krajský úřad Ústeckého kraje, AOPK ČR - RP SCHKO Slavkovský les, Krajský úřad Karlovarského kraje;2009-04-20;2021-04-22;11772601;2021-04-22;1;STA_POKRSTAR;NA;val;val;ne;lok;0;0, do 5 %, 5-25 %;neznámý;NA
2021;CZ0424125;Doupovské hory;Pulsatilla patens;Cévnaté rostliny;Dubový vrch 1;Dubový vrch 1;5645c;RP SCHKO Slavkovský les;Krajský úřad Ústeckého kraje, AOPK ČR - RP SCHKO Slavkovský les, Krajský úřad Karlovarského kraje;2009-04-20;2021-04-22;11772601;2021-04-22;1;STA_POKRYVNOSTEXPANZNI;NA;val;val;ne;lok;0;0, do 5 %, 5-25 %;neznámý;NA
2021;CZ0424125;Doupovské hory;Pulsatilla patens;Cévnaté rostliny;Dubový vrch 1;Dubový vrch 1;5645c;RP SCHKO Slavkovský les;Krajský úřad Ústeckého kraje, AOPK ČR - RP SCHKO Slavkovský les, Krajský úřad Karlovarského kraje;2009-04-20;2021-04-22;11772601;2021-04-22;1;STA_POKRYVNOSTINVAZNI;NA;val;val;ne;lok;0;0, do 5 %;neznámý;NA
2022;CZ0424125;Doupovské hory;Pulsatilla patens;Cévnaté rostliny;Dubový vrch 2;Dubový vrch 2;5645c;RP SCHKO Slavkovský les;Krajský úřad Ústeckého kraje, AOPK ČR - RP SCHKO Slavkovský les, Krajský úřad Karlovarského kraje;2009-04-20;2022-04-20;12988748;2022-04-20;1;CELKOVE_HODNOCENI;NA;NA;NA;NA;lok;NA;NA;špatný;0
2022;CZ0424125;Doupovské hory;Pulsatilla patens;Cévnaté rostliny;Dubový vrch 2;Dubový vrch 2;5645c;RP SCHKO Slavkovský les;Krajský úřad Ústeckého kraje, AOPK ČR - RP SCHKO Slavkovský les, Krajský úřad Karlovarského kraje;2009-04-20;2022-04-20;12988748;2022-04-20;1;CELKOVE_SUM;NA;NA;NA;NA;NA;;;2;NA
2022;CZ0424125;Doupovské hory;Pulsatilla patens;Cévnaté rostliny;Dubový vrch 2;Dubový vrch 2;5645c;RP SCHKO Slavkovský les;Krajský úřad Ústeckého kraje, AOPK ČR - RP SCHKO Slavkovský les, Krajský úřad Karlovarského kraje;2009-04-20;2022-04-20;12988748;2022-04-20;1;POP_POCET;trsů;min;minmax;ano;lok;70;alespoň 70 trsů;0;0
2022;CZ0424125;Doupovské hory;Pulsatilla patens;Cévnaté rostliny;Dubový vrch 2;Dubový vrch 2;5645c;RP SCHKO Slavkovský les;Krajský úřad Ústeckého kraje, AOPK ČR - RP SCHKO Slavkovský les, Krajský úřad Karlovarského kraje;2009-04-20;2022-04-20;12988748;2022-04-20;1;POP_POSKPERC;počet trsů;max;minmax;ne;lok;1;nejvýš 1 počet trsů;0;1
2022;CZ0424125;Doupovské hory;Pulsatilla patens;Cévnaté rostliny;Dubový vrch 2;Dubový vrch 2;5645c;RP SCHKO Slavkovský les;Krajský úřad Ústeckého kraje, AOPK ČR - RP SCHKO Slavkovský les, Krajský úřad Karlovarského kraje;2009-04-20;2022-04-20;12988748;2022-04-20;1;POP_POSKPOC;počet typů poškození rostlin;max;minmax;ne;lok;2;nejvýš 2 počet typů poškození rostlin;0;1
2022;CZ0424125;Doupovské hory;Pulsatilla patens;Cévnaté rostliny;Dubový vrch 2;Dubový vrch 2;5645c;RP SCHKO Slavkovský les;Krajský úřad Ústeckého kraje, AOPK ČR - RP SCHKO Slavkovský les, Krajský úřad Karlovarského kraje;2009-04-20;2022-04-20;12988748;2022-04-20;1;POP_TREND;posledních dvou let s menším počtem jedinců než je referenční hodnota;max;minmax;ano;lok;1;nejvýš 1 posledních dvou let s menším počtem jedinců než je referenční hodnota;2;0
2022;CZ0424125;Doupovské hory;Pulsatilla patens;Cévnaté rostliny;Dubový vrch 2;Dubový vrch 2;5645c;RP SCHKO Slavkovský les;Krajský úřad Ústeckého kraje, AOPK ČR - RP SCHKO Slavkovský les, Krajský úřad Karlovarského kraje;2009-04-20;2022-04-20;12988748;2022-04-20;1;POP_VITAL;% počtu trsů;min;minmax;ano;lok;30;alespoň 30 % počtu trsů;neznámý;NA
2022;CZ0424125;Doupovské hory;Pulsatilla patens;Cévnaté rostliny;Dubový vrch 2;Dubový vrch 2;5645c;RP SCHKO Slavkovský les;Krajský úřad Ústeckého kraje, AOPK ČR - RP SCHKO Slavkovský les, Krajský úřad Karlovarského kraje;2009-04-20;2022-04-20;12988748;2022-04-20;1;STA_POKRDREV;NA;val;val;ne;lok;0;0, do 5 %, 5-25 %;neznámý;NA
2022;CZ0424125;Doupovské hory;Pulsatilla patens;Cévnaté rostliny;Dubový vrch 2;Dubový vrch 2;5645c;RP SCHKO Slavkovský les;Krajský úřad Ústeckého kraje, AOPK ČR - RP SCHKO Slavkovský les, Krajský úřad Karlovarského kraje;2009-04-20;2022-04-20;12988748;2022-04-20;1;STA_POKRSTAR;NA;val;val;ne;lok;0;0, do 5 %, 5-25 %;neznámý;NA
2022;CZ0424125;Doupovské hory;Pulsatilla patens;Cévnaté rostliny;Dubový vrch 2;Dubový vrch 2;5645c;RP SCHKO Slavkovský les;Krajský úřad Ústeckého kraje, AOPK ČR - RP SCHKO Slavkovský les, Krajský úřad Karlovarského kraje;2009-04-20;2022-04-20;12988748;2022-04-20;1;STA_POKRYVNOSTEXPANZNI;NA;val;val;ne;lok;0;0, do 5 %, 5-25 %;neznámý;NA
2022;CZ0424125;Doupovské hory;Pulsatilla patens;Cévnaté rostliny;Dubový vrch 2;Dubový vrch 2;5645c;RP SCHKO Slavkovský les;Krajský úřad Ústeckého kraje, AOPK ČR - RP SCHKO Slavkovský les, Krajský úřad Karlovarského kraje;2009-04-20;2022-04-20;12988748;2022-04-20;1;STA_POKRYVNOSTINVAZNI;NA;val;val;ne;lok;0;0, do 5 %;neznámý;NA
2021;CZ0424125;Doupovské hory;Pulsatilla patens;Cévnaté rostliny;Dubový vrch 3;Dubový vrch 3;5645c;RP SCHKO Slavkovský les;Krajský úřad Ústeckého kraje, AOPK ČR - RP SCHKO Slavkovský les, Krajský úřad Karlovarského kraje;2009-04-20;2021-04-22;11772605;2021-04-22;1;CELKOVE_HODNOCENI;NA;NA;NA;NA;lok;NA;NA;špatný;0
2021;CZ0424125;Doupovské hory;Pulsatilla patens;Cévnaté rostliny;Dubový vrch 3;Dubový vrch 3;5645c;RP SCHKO Slavkovský les;Krajský úřad Ústeckého kraje, AOPK ČR - RP SCHKO Slavkovský les, Krajský úřad Karlovarského kraje;2009-04-20;2021-04-22;11772605;2021-04-22;1;CELKOVE_SUM;NA;NA;NA;NA;NA;;;2;NA
2021;CZ0424125;Doupovské hory;Pulsatilla patens;Cévnaté rostliny;Dubový vrch 3;Dubový vrch 3;5645c;RP SCHKO Slavkovský les;Krajský úřad Ústeckého kraje, AOPK ČR - RP SCHKO Slavkovský les, Krajský úřad Karlovarského kraje;2009-04-20;2021-04-22;11772605;2021-04-22;1;POP_POCET;trsů;min;minmax;ano;lok;70;alespoň 70 trsů;0;0
2021;CZ0424125;Doupovské hory;Pulsatilla patens;Cévnaté rostliny;Dubový vrch 3;Dubový vrch 3;5645c;RP SCHKO Slavkovský les;Krajský úřad Ústeckého kraje, AOPK ČR - RP SCHKO Slavkovský les, Krajský úřad Karlovarského kraje;2009-04-20;2021-04-22;11772605;2021-04-22;1;POP_POSKPERC;počet trsů;max;minmax;ne;lok;1;nejvýš 1 počet trsů;0;1
2021;CZ0424125;Doupovské hory;Pulsatilla patens;Cévnaté rostliny;Dubový vrch 3;Dubový vrch 3;5645c;RP SCHKO Slavkovský les;Krajský úřad Ústeckého kraje, AOPK ČR - RP SCHKO Slavkovský les, Krajský úřad Karlovarského kraje;2009-04-20;2021-04-22;11772605;2021-04-22;1;POP_POSKPOC;počet typů poškození rostlin;max;minmax;ne;lok;2;nejvýš 2 počet typů poškození rostlin;0;1
2021;CZ0424125;Doupovské hory;Pulsatilla patens;Cévnaté rostliny;Dubový vrch 3;Dubový vrch 3;5645c;RP SCHKO Slavkovský les;Krajský úřad Ústeckého kraje, AOPK ČR - RP SCHKO Slavkovský les, Krajský úřad Karlovarského kraje;2009-04-20;2021-04-22;11772605;2021-04-22;1;POP_TREND;posledních dvou let s menším počtem jedinců než je referenční hodnota;max;minmax;ano;lok;1;nejvýš 1 posledních dvou let s menším počtem jedinců než je referenční hodnota;2;0
2021;CZ0424125;Doupovské hory;Pulsatilla patens;Cévnaté rostliny;Dubový vrch 3;Dubový vrch 3;5645c;RP SCHKO Slavkovský les;Krajský úřad Ústeckého kraje, AOPK ČR - RP SCHKO Slavkovský les, Krajský úřad Karlovarského kraje;2009-04-20;2021-04-22;11772605;2021-04-22;1;POP_VITAL;% počtu trsů;min;minmax;ano;lok;30;alespoň 30 % počtu trsů;neznámý;NA
2021;CZ0424125;Doupovské hory;Pulsatilla patens;Cévnaté rostliny;Dubový vrch 3;Dubový vrch 3;5645c;RP SCHKO Slavkovský les;Krajský úřad Ústeckého kraje, AOPK ČR - RP SCHKO Slavkovský les, Krajský úřad Karlovarského kraje;2009-04-20;2021-04-22;11772605;2021-04-22;1;STA_POKRDREV;NA;val;val;ne;lok;0;0, do 5 %, 5-25 %;neznámý;NA
2021;CZ0424125;Doupovské hory;Pulsatilla patens;Cévnaté rostliny;Dubový vrch 3;Dubový vrch 3;5645c;RP SCHKO Slavkovský les;Krajský úřad Ústeckého kraje, AOPK ČR - RP SCHKO Slavkovský les, Krajský úřad Karlovarského kraje;2009-04-20;2021-04-22;11772605;2021-04-22;1;STA_POKRSTAR;NA;val;val;ne;lok;0;0, do 5 %, 5-25 %;neznámý;NA
2021;CZ0424125;Doupovské hory;Pulsatilla patens;Cévnaté rostliny;Dubový vrch 3;Dubový vrch 3;5645c;RP SCHKO Slavkovský les;Krajský úřad Ústeckého kraje, AOPK ČR - RP SCHKO Slavkovský les, Krajský úřad Karlovarského kraje;2009-04-20;2021-04-22;11772605;2021-04-22;1;STA_POKRYVNOSTEXPANZNI;NA;val;val;ne;lok;0;0, do 5 %, 5-25 %;neznámý;NA
2021;CZ0424125;Doupovské hory;Pulsatilla patens;Cévnaté rostliny;Dubový vrch 3;Dubový vrch 3;5645c;RP SCHKO Slavkovský les;Krajský úřad Ústeckého kraje, AOPK ČR - RP SCHKO Slavkovský les, Krajský úřad Karlovarského kraje;2009-04-20;2021-04-22;11772605;2021-04-22;1;STA_POKRYVNOSTINVAZNI;NA;val;val;ne;lok;0;0, do 5 %;neznámý;NA
2021;CZ0424125;Doupovské hory;Pulsatilla patens;Cévnaté rostliny;Kadaň, 22423;Kadaň, 22423;5645d;RP SCHKO Slavkovský les;Krajský úřad Ústeckého kraje, AOPK ČR - RP SCHKO Slavkovský les, Krajský úřad Karlovarského kraje;2021-03-30;2021-03-30;11444718;2021-03-30;0;CELKOVE_HODNOCENI;NA;NA;NA;NA;lok;NA;NA;špatný;0
2021;CZ0424125;Doupovské hory;Pulsatilla patens;Cévnaté rostliny;Kadaň, 22423;Kadaň, 22423;5645d;RP SCHKO Slavkovský les;Krajský úřad Ústeckého kraje, AOPK ČR - RP SCHKO Slavkovský les, Krajský úřad Karlovarského kraje;2021-03-30;2021-03-30;11444718;2021-03-30;0;CELKOVE_SUM;NA;NA;NA;NA;NA;;;3;NA
2021;CZ0424125;Doupovské hory;Pulsatilla patens;Cévnaté rostliny;Kadaň, 22423;Kadaň, 22423;5645d;RP SCHKO Slavkovský les;Krajský úřad Ústeckého kraje, AOPK ČR - RP SCHKO Slavkovský les, Krajský úřad Karlovarského kraje;2021-03-30;2021-03-30;11444718;2021-03-30;0;POP_POCET;trsů;min;minmax;ano;lok;70;alespoň 70 trsů;0;0
2021;CZ0424125;Doupovské hory;Pulsatilla patens;Cévnaté rostliny;Kadaň, 22423;Kadaň, 22423;5645d;RP SCHKO Slavkovský les;Krajský úřad Ústeckého kraje, AOPK ČR - RP SCHKO Slavkovský les, Krajský úřad Karlovarského kraje;2021-03-30;2021-03-30;11444718;2021-03-30;0;POP_POSKPERC;počet trsů;max;minmax;ne;lok;1;nejvýš 1 počet trsů;0;1
2021;CZ0424125;Doupovské hory;Pulsatilla patens;Cévnaté rostliny;Kadaň, 22423;Kadaň, 22423;5645d;RP SCHKO Slavkovský les;Krajský úřad Ústeckého kraje, AOPK ČR - RP SCHKO Slavkovský les, Krajský úřad Karlovarského kraje;2021-03-30;2021-03-30;11444718;2021-03-30;0;POP_POSKPOC;počet typů poškození rostlin;max;minmax;ne;lok;2;nejvýš 2 počet typů poškození rostlin;0;1
2021;CZ0424125;Doupovské hory;Pulsatilla patens;Cévnaté rostliny;Kadaň, 22423;Kadaň, 22423;5645d;RP SCHKO Slavkovský les;Krajský úřad Ústeckého kraje, AOPK ČR - RP SCHKO Slavkovský les, Krajský úřad Karlovarského kraje;2021-03-30;2021-03-30;11444718;2021-03-30;0;POP_TREND;posledních dvou let s menším počtem jedinců než je referenční hodnota;max;minmax;ano;lok;1;nejvýš 1 posledních dvou let s menším počtem jedinců než je referenční hodnota;0;1
2021;CZ0424125;Doupovské hory;Pulsatilla patens;Cévnaté rostliny;Kadaň, 22423;Kadaň, 22423;5645d;RP SCHKO Slavkovský les;Krajský úřad Ústeckého kraje, AOPK ČR - RP SCHKO Slavkovský les, Krajský úřad Karlovarského kraje;2021-03-30;2021-03-30;11444718;2021-03-30;0;POP_VITAL;% počtu trsů;min;minmax;ano;lok;30;alespoň 30 % počtu trsů;neznámý;NA
2021;CZ0424125;Doupovské hory;Pulsatilla patens;Cévnaté rostliny;Kadaň, 22423;Kadaň, 22423;5645d;RP SCHKO Slavkovský les;Krajský úřad Ústeckého kraje, AOPK ČR - RP SCHKO Slavkovský les, Krajský úřad Karlovarského kraje;2021-03-30;2021-03-30;11444718;2021-03-30;0;STA_POKRDREV;NA;val;val;ne;lok;0;0, do 5 %, 5-25 %;neznámý;NA
2021;CZ0424125;Doupovské hory;Pulsatilla patens;Cévnaté rostliny;Kadaň, 22423;Kadaň, 22423;5645d;RP SCHKO Slavkovský les;Krajský úřad Ústeckého kraje, AOPK ČR - RP SCHKO Slavkovský les, Krajský úřad Karlovarského kraje;2021-03-30;2021-03-30;11444718;2021-03-30;0;STA_POKRSTAR;NA;val;val;ne;lok;0;0, do 5 %, 5-25 %;neznámý;NA
2021;CZ0424125;Doupovské hory;Pulsatilla patens;Cévnaté rostliny;Kadaň, 22423;Kadaň, 22423;5645d;RP SCHKO Slavkovský les;Krajský úřad Ústeckého kraje, AOPK ČR - RP SCHKO Slavkovský les, Krajský úřad Karlovarského kraje;2021-03-30;2021-03-30;11444718;2021-03-30;0;STA_POKRYVNOSTEXPANZNI;NA;val;val;ne;lok;0;0, do 5 %, 5-25 %;neznámý;NA
2021;CZ0424125;Doupovské hory;Pulsatilla patens;Cévnaté rostliny;Kadaň, 22423;Kadaň, 22423;5645d;RP SCHKO Slavkovský les;Krajský úřad Ústeckého kraje, AOPK ČR - RP SCHKO Slavkovský les, Krajský úřad Karlovarského kraje;2021-03-30;2021-03-30;11444718;2021-03-30;0;STA_POKRYVNOSTINVAZNI;NA;val;val;ne;lok;0;0, do 5 %;neznámý;NA
2022;CZ0424125;Doupovské hory;Pulsatilla patens;Cévnaté rostliny;Pastviny;Pastviny;5645c;RP SCHKO Slavkovský les;Krajský úřad Ústeckého kraje, AOPK ČR - RP SCHKO Slavkovský les, Krajský úřad Karlovarského kraje;2009-05-28;2024-03-30;11797014, 12988747;2022-05-15;1;CELKOVE_HODNOCENI;NA;NA;NA;NA;lok;NA;NA;špatný;0
2022;CZ0424125;Doupovské hory;Pulsatilla patens;Cévnaté rostliny;Pastviny;Pastviny;5645c;RP SCHKO Slavkovský les;Krajský úřad Ústeckého kraje, AOPK ČR - RP SCHKO Slavkovský les, Krajský úřad Karlovarského kraje;2009-05-28;2024-03-30;11797014, 12988747;2022-05-15;1;CELKOVE_SUM;NA;NA;NA;NA;NA;;;2;NA
2022;CZ0424125;Doupovské hory;Pulsatilla patens;Cévnaté rostliny;Pastviny;Pastviny;5645c;RP SCHKO Slavkovský les;Krajský úřad Ústeckého kraje, AOPK ČR - RP SCHKO Slavkovský les, Krajský úřad Karlovarského kraje;2009-05-28;2024-03-30;11797014, 12988747;2022-05-15;1;POP_POCET;trsů;min;minmax;ano;lok;70;alespoň 70 trsů;0;0
2022;CZ0424125;Doupovské hory;Pulsatilla patens;Cévnaté rostliny;Pastviny;Pastviny;5645c;RP SCHKO Slavkovský les;Krajský úřad Ústeckého kraje, AOPK ČR - RP SCHKO Slavkovský les, Krajský úřad Karlovarského kraje;2009-05-28;2024-03-30;11797014, 12988747;2022-05-15;1;POP_POSKPERC;počet trsů;max;minmax;ne;lok;1;nejvýš 1 počet trsů;0;1
2022;CZ0424125;Doupovské hory;Pulsatilla patens;Cévnaté rostliny;Pastviny;Pastviny;5645c;RP SCHKO Slavkovský les;Krajský úřad Ústeckého kraje, AOPK ČR - RP SCHKO Slavkovský les, Krajský úřad Karlovarského kraje;2009-05-28;2024-03-30;11797014, 12988747;2022-05-15;1;POP_POSKPOC;počet typů poškození rostlin;max;minmax;ne;lok;2;nejvýš 2 počet typů poškození rostlin;0;1
2022;CZ0424125;Doupovské hory;Pulsatilla patens;Cévnaté rostliny;Pastviny;Pastviny;5645c;RP SCHKO Slavkovský les;Krajský úřad Ústeckého kraje, AOPK ČR - RP SCHKO Slavkovský les, Krajský úřad Karlovarského kraje;2009-05-28;2024-03-30;11797014, 12988747;2022-05-15;1;POP_TREND;posledních dvou let s menším počtem jedinců než je referenční hodnota;max;minmax;ano;lok;1;nejvýš 1 posledních dvou let s menším počtem jedinců než je referenční hodnota;2;0
2022;CZ0424125;Doupovské hory;Pulsatilla patens;Cévnaté rostliny;Pastviny;Pastviny;5645c;RP SCHKO Slavkovský les;Krajský úřad Ústeckého kraje, AOPK ČR - RP SCHKO Slavkovský les, Krajský úřad Karlovarského kraje;2009-05-28;2024-03-30;11797014, 12988747;2022-05-15;1;POP_VITAL;% počtu trsů;min;minmax;ano;lok;30;alespoň 30 % počtu trsů;neznámý;NA
2022;CZ0424125;Doupovské hory;Pulsatilla patens;Cévnaté rostliny;Pastviny;Pastviny;5645c;RP SCHKO Slavkovský les;Krajský úřad Ústeckého kraje, AOPK ČR - RP SCHKO Slavkovský les, Krajský úřad Karlovarského kraje;2009-05-28;2024-03-30;11797014, 12988747;2022-05-15;1;STA_POKRDREV;NA;val;val;ne;lok;0;0, do 5 %, 5-25 %;neznámý;NA
2022;CZ0424125;Doupovské hory;Pulsatilla patens;Cévnaté rostliny;Pastviny;Pastviny;5645c;RP SCHKO Slavkovský les;Krajský úřad Ústeckého kraje, AOPK ČR - RP SCHKO Slavkovský les, Krajský úřad Karlovarského kraje;2009-05-28;2024-03-30;11797014, 12988747;2022-05-15;1;STA_POKRSTAR;NA;val;val;ne;lok;0;0, do 5 %, 5-25 %;neznámý;NA
2022;CZ0424125;Doupovské hory;Pulsatilla patens;Cévnaté rostliny;Pastviny;Pastviny;5645c;RP SCHKO Slavkovský les;Krajský úřad Ústeckého kraje, AOPK ČR - RP SCHKO Slavkovský les, Krajský úřad Karlovarského kraje;2009-05-28;2024-03-30;11797014, 12988747;2022-05-15;1;STA_POKRYVNOSTEXPANZNI;NA;val;val;ne;lok;0;0, do 5 %, 5-25 %;neznámý;NA
2022;CZ0424125;Doupovské hory;Pulsatilla patens;Cévnaté rostliny;Pastviny;Pastviny;5645c;RP SCHKO Slavkovský les;Krajský úřad Ústeckého kraje, AOPK ČR - RP SCHKO Slavkovský les, Krajský úřad Karlovarského kraje;2009-05-28;2024-03-30;11797014, 12988747;2022-05-15;1;STA_POKRYVNOSTINVAZNI;NA;val;val;ne;lok;0;0, do 5 %;neznámý;NA
2023;CZ0424125;Doupovské hory;Pulsatilla patens;Cévnaté rostliny;Ppat005;Zvoníčkov;5645d;RP SCHKO Slavkovský les;Krajský úřad Ústeckého kraje, AOPK ČR - RP SCHKO Slavkovský les, Krajský úřad Karlovarského kraje;2023-04-22;2023-04-22;12968125;2023-04-22;1;CELKOVE_HODNOCENI;NA;NA;NA;NA;lok;NA;NA;špatný;0
2023;CZ0424125;Doupovské hory;Pulsatilla patens;Cévnaté rostliny;Ppat005;Zvoníčkov;5645d;RP SCHKO Slavkovský les;Krajský úřad Ústeckého kraje, AOPK ČR - RP SCHKO Slavkovský les, Krajský úřad Karlovarského kraje;2023-04-22;2023-04-22;12968125;2023-04-22;1;CELKOVE_SUM;NA;NA;NA;NA;NA;;;4;NA
2023;CZ0424125;Doupovské hory;Pulsatilla patens;Cévnaté rostliny;Ppat005;Zvoníčkov;5645d;RP SCHKO Slavkovský les;Krajský úřad Ústeckého kraje, AOPK ČR - RP SCHKO Slavkovský les, Krajský úřad Karlovarského kraje;2023-04-22;2023-04-22;12968125;2023-04-22;1;POP_POCET;trsů;min;minmax;ano;lok;70;alespoň 70 trsů;87;1
2023;CZ0424125;Doupovské hory;Pulsatilla patens;Cévnaté rostliny;Ppat005;Zvoníčkov;5645d;RP SCHKO Slavkovský les;Krajský úřad Ústeckého kraje, AOPK ČR - RP SCHKO Slavkovský les, Krajský úřad Karlovarského kraje;2023-04-22;2023-04-22;12968125;2023-04-22;1;POP_POSKPERC;počet trsů;max;minmax;ne;lok;1;nejvýš 1 počet trsů;4;0
2023;CZ0424125;Doupovské hory;Pulsatilla patens;Cévnaté rostliny;Ppat005;Zvoníčkov;5645d;RP SCHKO Slavkovský les;Krajský úřad Ústeckého kraje, AOPK ČR - RP SCHKO Slavkovský les, Krajský úřad Karlovarského kraje;2023-04-22;2023-04-22;12968125;2023-04-22;1;POP_POSKPOC;počet typů poškození rostlin;max;minmax;ne;lok;2;nejvýš 2 počet typů poškození rostlin;3;0
2023;CZ0424125;Doupovské hory;Pulsatilla patens;Cévnaté rostliny;Ppat005;Zvoníčkov;5645d;RP SCHKO Slavkovský les;Krajský úřad Ústeckého kraje, AOPK ČR - RP SCHKO Slavkovský les, Krajský úřad Karlovarského kraje;2023-04-22;2023-04-22;12968125;2023-04-22;1;POP_TREND;posledních dvou let s menším počtem jedinců než je referenční hodnota;max;minmax;ano;lok;1;nejvýš 1 posledních dvou let s menším počtem jedinců než je referenční hodnota;2;0
2023;CZ0424125;Doupovské hory;Pulsatilla patens;Cévnaté rostliny;Ppat005;Zvoníčkov;5645d;RP SCHKO Slavkovský les;Krajský úřad Ústeckého kraje, AOPK ČR - RP SCHKO Slavkovský les, Krajský úřad Karlovarského kraje;2023-04-22;2023-04-22;12968125;2023-04-22;1;POP_VITAL;% počtu trsů;min;minmax;ano;lok;30;alespoň 30 % počtu trsů;16.0919540229885;0
2023;CZ0424125;Doupovské hory;Pulsatilla patens;Cévnaté rostliny;Ppat005;Zvoníčkov;5645d;RP SCHKO Slavkovský les;Krajský úřad Ústeckého kraje, AOPK ČR - RP SCHKO Slavkovský les, Krajský úřad Karlovarského kraje;2023-04-22;2023-04-22;12968125;2023-04-22;1;STA_POKRDREV;NA;val;val;ne;lok;0;0, do 5 %, 5-25 %;5-25 %;1
2023;CZ0424125;Doupovské hory;Pulsatilla patens;Cévnaté rostliny;Ppat005;Zvoníčkov;5645d;RP SCHKO Slavkovský les;Krajský úřad Ústeckého kraje, AOPK ČR - RP SCHKO Slavkovský les, Krajský úřad Karlovarského kraje;2023-04-22;2023-04-22;12968125;2023-04-22;1;STA_POKRSTAR;NA;val;val;ne;lok;0;0, do 5 %, 5-25 %;50-75 %;0
2023;CZ0424125;Doupovské hory;Pulsatilla patens;Cévnaté rostliny;Ppat005;Zvoníčkov;5645d;RP SCHKO Slavkovský les;Krajský úřad Ústeckého kraje, AOPK ČR - RP SCHKO Slavkovský les, Krajský úřad Karlovarského kraje;2023-04-22;2023-04-22;12968125;2023-04-22;1;STA_POKRYVNOSTEXPANZNI;NA;val;val;ne;lok;0;0, do 5 %, 5-25 %;0;1
2023;CZ0424125;Doupovské hory;Pulsatilla patens;Cévnaté rostliny;Ppat005;Zvoníčkov;5645d;RP SCHKO Slavkovský les;Krajský úřad Ústeckého kraje, AOPK ČR - RP SCHKO Slavkovský les, Krajský úřad Karlovarského kraje;2023-04-22;2023-04-22;12968125;2023-04-22;1;STA_POKRYVNOSTINVAZNI;NA;val;val;ne;lok;0;0, do 5 %;0;1
2023;CZ0424125;Doupovské hory;Pulsatilla patens;Cévnaté rostliny;Ppat006;Dubový vrch 1;5645c;RP SCHKO Slavkovský les;Krajský úřad Ústeckého kraje, AOPK ČR - RP SCHKO Slavkovský les, Krajský úřad Karlovarského kraje;2023-04-22;2023-04-22;12968133;2023-04-22;1;CELKOVE_HODNOCENI;NA;NA;NA;NA;lok;NA;NA;špatný;0
2023;CZ0424125;Doupovské hory;Pulsatilla patens;Cévnaté rostliny;Ppat006;Dubový vrch 1;5645c;RP SCHKO Slavkovský les;Krajský úřad Ústeckého kraje, AOPK ČR - RP SCHKO Slavkovský les, Krajský úřad Karlovarského kraje;2023-04-22;2023-04-22;12968133;2023-04-22;1;CELKOVE_SUM;NA;NA;NA;NA;NA;;;5;NA
2023;CZ0424125;Doupovské hory;Pulsatilla patens;Cévnaté rostliny;Ppat006;Dubový vrch 1;5645c;RP SCHKO Slavkovský les;Krajský úřad Ústeckého kraje, AOPK ČR - RP SCHKO Slavkovský les, Krajský úřad Karlovarského kraje;2023-04-22;2023-04-22;12968133;2023-04-22;1;POP_POCET;trsů;min;minmax;ano;lok;70;alespoň 70 trsů;44;0
2023;CZ0424125;Doupovské hory;Pulsatilla patens;Cévnaté rostliny;Ppat006;Dubový vrch 1;5645c;RP SCHKO Slavkovský les;Krajský úřad Ústeckého kraje, AOPK ČR - RP SCHKO Slavkovský les, Krajský úřad Karlovarského kraje;2023-04-22;2023-04-22;12968133;2023-04-22;1;POP_POSKPERC;počet trsů;max;minmax;ne;lok;1;nejvýš 1 počet trsů;5;0
2023;CZ0424125;Doupovské hory;Pulsatilla patens;Cévnaté rostliny;Ppat006;Dubový vrch 1;5645c;RP SCHKO Slavkovský les;Krajský úřad Ústeckého kraje, AOPK ČR - RP SCHKO Slavkovský les, Krajský úřad Karlovarského kraje;2023-04-22;2023-04-22;12968133;2023-04-22;1;POP_POSKPOC;počet typů poškození rostlin;max;minmax;ne;lok;2;nejvýš 2 počet typů poškození rostlin;3;0
2023;CZ0424125;Doupovské hory;Pulsatilla patens;Cévnaté rostliny;Ppat006;Dubový vrch 1;5645c;RP SCHKO Slavkovský les;Krajský úřad Ústeckého kraje, AOPK ČR - RP SCHKO Slavkovský les, Krajský úřad Karlovarského kraje;2023-04-22;2023-04-22;12968133;2023-04-22;1;POP_TREND;posledních dvou let s menším počtem jedinců než je referenční hodnota;max;minmax;ano;lok;1;nejvýš 1 posledních dvou let s menším počtem jedinců než je referenční hodnota;2;0
2023;CZ0424125;Doupovské hory;Pulsatilla patens;Cévnaté rostliny;Ppat006;Dubový vrch 1;5645c;RP SCHKO Slavkovský les;Krajský úřad Ústeckého kraje, AOPK ČR - RP SCHKO Slavkovský les, Krajský úřad Karlovarského kraje;2023-04-22;2023-04-22;12968133;2023-04-22;1;POP_VITAL;% počtu trsů;min;minmax;ano;lok;30;alespoň 30 % počtu trsů;52.2727272727273;1
2023;CZ0424125;Doupovské hory;Pulsatilla patens;Cévnaté rostliny;Ppat006;Dubový vrch 1;5645c;RP SCHKO Slavkovský les;Krajský úřad Ústeckého kraje, AOPK ČR - RP SCHKO Slavkovský les, Krajský úřad Karlovarského kraje;2023-04-22;2023-04-22;12968133;2023-04-22;1;STA_POKRDREV;NA;val;val;ne;lok;0;0, do 5 %, 5-25 %;do 5 %;1
2023;CZ0424125;Doupovské hory;Pulsatilla patens;Cévnaté rostliny;Ppat006;Dubový vrch 1;5645c;RP SCHKO Slavkovský les;Krajský úřad Ústeckého kraje, AOPK ČR - RP SCHKO Slavkovský les, Krajský úřad Karlovarského kraje;2023-04-22;2023-04-22;12968133;2023-04-22;1;STA_POKRSTAR;NA;val;val;ne;lok;0;0, do 5 %, 5-25 %;do 5 %;1
2023;CZ0424125;Doupovské hory;Pulsatilla patens;Cévnaté rostliny;Ppat006;Dubový vrch 1;5645c;RP SCHKO Slavkovský les;Krajský úřad Ústeckého kraje, AOPK ČR - RP SCHKO Slavkovský les, Krajský úřad Karlovarského kraje;2023-04-22;2023-04-22;12968133;2023-04-22;1;STA_POKRYVNOSTEXPANZNI;NA;val;val;ne;lok;0;0, do 5 %, 5-25 %;0;1
2023;CZ0424125;Doupovské hory;Pulsatilla patens;Cévnaté rostliny;Ppat006;Dubový vrch 1;5645c;RP SCHKO Slavkovský les;Krajský úřad Ústeckého kraje, AOPK ČR - RP SCHKO Slavkovský les, Krajský úřad Karlovarského kraje;2023-04-22;2023-04-22;12968133;2023-04-22;1;STA_POKRYVNOSTINVAZNI;NA;val;val;ne;lok;0;0, do 5 %;0;1
2023;CZ0424125;Doupovské hory;Pulsatilla patens;Cévnaté rostliny;Ppat007;Dubový vrch 2;5645c;RP SCHKO Slavkovský les;Krajský úřad Ústeckého kraje, AOPK ČR - RP SCHKO Slavkovský les, Krajský úřad Karlovarského kraje;2023-04-22;2023-04-22;12968124;2023-04-22;1;CELKOVE_HODNOCENI;NA;NA;NA;NA;lok;NA;NA;špatný;0
2023;CZ0424125;Doupovské hory;Pulsatilla patens;Cévnaté rostliny;Ppat007;Dubový vrch 2;5645c;RP SCHKO Slavkovský les;Krajský úřad Ústeckého kraje, AOPK ČR - RP SCHKO Slavkovský les, Krajský úřad Karlovarského kraje;2023-04-22;2023-04-22;12968124;2023-04-22;1;CELKOVE_SUM;NA;NA;NA;NA;NA;;;4;NA
2023;CZ0424125;Doupovské hory;Pulsatilla patens;Cévnaté rostliny;Ppat007;Dubový vrch 2;5645c;RP SCHKO Slavkovský les;Krajský úřad Ústeckého kraje, AOPK ČR - RP SCHKO Slavkovský les, Krajský úřad Karlovarského kraje;2023-04-22;2023-04-22;12968124;2023-04-22;1;POP_POCET;trsů;min;minmax;ano;lok;70;alespoň 70 trsů;17;0
2023;CZ0424125;Doupovské hory;Pulsatilla patens;Cévnaté rostliny;Ppat007;Dubový vrch 2;5645c;RP SCHKO Slavkovský les;Krajský úřad Ústeckého kraje, AOPK ČR - RP SCHKO Slavkovský les, Krajský úřad Karlovarského kraje;2023-04-22;2023-04-22;12968124;2023-04-22;1;POP_POSKPERC;počet trsů;max;minmax;ne;lok;1;nejvýš 1 počet trsů;4;0
2023;CZ0424125;Doupovské hory;Pulsatilla patens;Cévnaté rostliny;Ppat007;Dubový vrch 2;5645c;RP SCHKO Slavkovský les;Krajský úřad Ústeckého kraje, AOPK ČR - RP SCHKO Slavkovský les, Krajský úřad Karlovarského kraje;2023-04-22;2023-04-22;12968124;2023-04-22;1;POP_POSKPOC;počet typů poškození rostlin;max;minmax;ne;lok;2;nejvýš 2 počet typů poškození rostlin;3;0
2023;CZ0424125;Doupovské hory;Pulsatilla patens;Cévnaté rostliny;Ppat007;Dubový vrch 2;5645c;RP SCHKO Slavkovský les;Krajský úřad Ústeckého kraje, AOPK ČR - RP SCHKO Slavkovský les, Krajský úřad Karlovarského kraje;2023-04-22;2023-04-22;12968124;2023-04-22;1;POP_TREND;posledních dvou let s menším počtem jedinců než je referenční hodnota;max;minmax;ano;lok;1;nejvýš 1 posledních dvou let s menším počtem jedinců než je referenční hodnota;2;0
2023;CZ0424125;Doupovské hory;Pulsatilla patens;Cévnaté rostliny;Ppat007;Dubový vrch 2;5645c;RP SCHKO Slavkovský les;Krajský úřad Ústeckého kraje, AOPK ČR - RP SCHKO Slavkovský les, Krajský úřad Karlovarského kraje;2023-04-22;2023-04-22;12968124;2023-04-22;1;POP_VITAL;% počtu trsů;min;minmax;ano;lok;30;alespoň 30 % počtu trsů;11.7647058823529;0
2023;CZ0424125;Doupovské hory;Pulsatilla patens;Cévnaté rostliny;Ppat007;Dubový vrch 2;5645c;RP SCHKO Slavkovský les;Krajský úřad Ústeckého kraje, AOPK ČR - RP SCHKO Slavkovský les, Krajský úřad Karlovarského kraje;2023-04-22;2023-04-22;12968124;2023-04-22;1;STA_POKRDREV;NA;val;val;ne;lok;0;0, do 5 %, 5-25 %;do 5 %;1
2023;CZ0424125;Doupovské hory;Pulsatilla patens;Cévnaté rostliny;Ppat007;Dubový vrch 2;5645c;RP SCHKO Slavkovský les;Krajský úřad Ústeckého kraje, AOPK ČR - RP SCHKO Slavkovský les, Krajský úřad Karlovarského kraje;2023-04-22;2023-04-22;12968124;2023-04-22;1;STA_POKRSTAR;NA;val;val;ne;lok;0;0, do 5 %, 5-25 %;5-25 %;1
2023;CZ0424125;Doupovské hory;Pulsatilla patens;Cévnaté rostliny;Ppat007;Dubový vrch 2;5645c;RP SCHKO Slavkovský les;Krajský úřad Ústeckého kraje, AOPK ČR - RP SCHKO Slavkovský les, Krajský úřad Karlovarského kraje;2023-04-22;2023-04-22;12968124;2023-04-22;1;STA_POKRYVNOSTEXPANZNI;NA;val;val;ne;lok;0;0, do 5 %, 5-25 %;0;1
2023;CZ0424125;Doupovské hory;Pulsatilla patens;Cévnaté rostliny;Ppat007;Dubový vrch 2;5645c;RP SCHKO Slavkovský les;Krajský úřad Ústeckého kraje, AOPK ČR - RP SCHKO Slavkovský les, Krajský úřad Karlovarského kraje;2023-04-22;2023-04-22;12968124;2023-04-22;1;STA_POKRYVNOSTINVAZNI;NA;val;val;ne;lok;0;0, do 5 %;0;1
2023;CZ0424125;Doupovské hory;Pulsatilla patens;Cévnaté rostliny;Ppat008;Dubový vrch 3;5645c;RP SCHKO Slavkovský les;Krajský úřad Ústeckého kraje, AOPK ČR - RP SCHKO Slavkovský les, Krajský úřad Karlovarského kraje;2023-04-22;2023-04-22;12968129;2023-04-22;1;CELKOVE_HODNOCENI;NA;NA;NA;NA;lok;NA;NA;špatný;0
2023;CZ0424125;Doupovské hory;Pulsatilla patens;Cévnaté rostliny;Ppat008;Dubový vrch 3;5645c;RP SCHKO Slavkovský les;Krajský úřad Ústeckého kraje, AOPK ČR - RP SCHKO Slavkovský les, Krajský úřad Karlovarského kraje;2023-04-22;2023-04-22;12968129;2023-04-22;1;CELKOVE_SUM;NA;NA;NA;NA;NA;;;6;NA
2023;CZ0424125;Doupovské hory;Pulsatilla patens;Cévnaté rostliny;Ppat008;Dubový vrch 3;5645c;RP SCHKO Slavkovský les;Krajský úřad Ústeckého kraje, AOPK ČR - RP SCHKO Slavkovský les, Krajský úřad Karlovarského kraje;2023-04-22;2023-04-22;12968129;2023-04-22;1;POP_POCET;trsů;min;minmax;ano;lok;70;alespoň 70 trsů;727;1
2023;CZ0424125;Doupovské hory;Pulsatilla patens;Cévnaté rostliny;Ppat008;Dubový vrch 3;5645c;RP SCHKO Slavkovský les;Krajský úřad Ústeckého kraje, AOPK ČR - RP SCHKO Slavkovský les, Krajský úřad Karlovarského kraje;2023-04-22;2023-04-22;12968129;2023-04-22;1;POP_POSKPERC;počet trsů;max;minmax;ne;lok;1;nejvýš 1 počet trsů;5;0
2023;CZ0424125;Doupovské hory;Pulsatilla patens;Cévnaté rostliny;Ppat008;Dubový vrch 3;5645c;RP SCHKO Slavkovský les;Krajský úřad Ústeckého kraje, AOPK ČR - RP SCHKO Slavkovský les, Krajský úřad Karlovarského kraje;2023-04-22;2023-04-22;12968129;2023-04-22;1;POP_POSKPOC;počet typů poškození rostlin;max;minmax;ne;lok;2;nejvýš 2 počet typů poškození rostlin;4;0
2023;CZ0424125;Doupovské hory;Pulsatilla patens;Cévnaté rostliny;Ppat008;Dubový vrch 3;5645c;RP SCHKO Slavkovský les;Krajský úřad Ústeckého kraje, AOPK ČR - RP SCHKO Slavkovský les, Krajský úřad Karlovarského kraje;2023-04-22;2023-04-22;12968129;2023-04-22;1;POP_TREND;posledních dvou let s menším počtem jedinců než je referenční hodnota;max;minmax;ano;lok;1;nejvýš 1 posledních dvou let s menším počtem jedinců než je referenční hodnota;2;0
2023;CZ0424125;Doupovské hory;Pulsatilla patens;Cévnaté rostliny;Ppat008;Dubový vrch 3;5645c;RP SCHKO Slavkovský les;Krajský úřad Ústeckého kraje, AOPK ČR - RP SCHKO Slavkovský les, Krajský úřad Karlovarského kraje;2023-04-22;2023-04-22;12968129;2023-04-22;1;POP_VITAL;% počtu trsů;min;minmax;ano;lok;30;alespoň 30 % počtu trsů;47.8679504814305;1
2023;CZ0424125;Doupovské hory;Pulsatilla patens;Cévnaté rostliny;Ppat008;Dubový vrch 3;5645c;RP SCHKO Slavkovský les;Krajský úřad Ústeckého kraje, AOPK ČR - RP SCHKO Slavkovský les, Krajský úřad Karlovarského kraje;2023-04-22;2023-04-22;12968129;2023-04-22;1;STA_POKRDREV;NA;val;val;ne;lok;0;0, do 5 %, 5-25 %;do 5 %;1
2023;CZ0424125;Doupovské hory;Pulsatilla patens;Cévnaté rostliny;Ppat008;Dubový vrch 3;5645c;RP SCHKO Slavkovský les;Krajský úřad Ústeckého kraje, AOPK ČR - RP SCHKO Slavkovský les, Krajský úřad Karlovarského kraje;2023-04-22;2023-04-22;12968129;2023-04-22;1;STA_POKRSTAR;NA;val;val;ne;lok;0;0, do 5 %, 5-25 %;do 5 %;1
2023;CZ0424125;Doupovské hory;Pulsatilla patens;Cévnaté rostliny;Ppat008;Dubový vrch 3;5645c;RP SCHKO Slavkovský les;Krajský úřad Ústeckého kraje, AOPK ČR - RP SCHKO Slavkovský les, Krajský úřad Karlovarského kraje;2023-04-22;2023-04-22;12968129;2023-04-22;1;STA_POKRYVNOSTEXPANZNI;NA;val;val;ne;lok;0;0, do 5 %, 5-25 %;0;1
2023;CZ0424125;Doupovské hory;Pulsatilla patens;Cévnaté rostliny;Ppat008;Dubový vrch 3;5645c;RP SCHKO Slavkovský les;Krajský úřad Ústeckého kraje, AOPK ČR - RP SCHKO Slavkovský les, Krajský úřad Karlovarského kraje;2023-04-22;2023-04-22;12968129;2023-04-22;1;STA_POKRYVNOSTINVAZNI;NA;val;val;ne;lok;0;0, do 5 %;0;1
2023;CZ0424125;Doupovské hory;Pulsatilla patens;Cévnaté rostliny;Ppat009;Pastviny;5645c;RP SCHKO Slavkovský les;Krajský úřad Ústeckého kraje, AOPK ČR - RP SCHKO Slavkovský les, Krajský úřad Karlovarského kraje;2023-04-28;2023-04-28;12968127;2023-04-28;1;CELKOVE_HODNOCENI;NA;NA;NA;NA;lok;NA;NA;špatný;0
2023;CZ0424125;Doupovské hory;Pulsatilla patens;Cévnaté rostliny;Ppat009;Pastviny;5645c;RP SCHKO Slavkovský les;Krajský úřad Ústeckého kraje, AOPK ČR - RP SCHKO Slavkovský les, Krajský úřad Karlovarského kraje;2023-04-28;2023-04-28;12968127;2023-04-28;1;CELKOVE_SUM;NA;NA;NA;NA;NA;;;3;NA
2023;CZ0424125;Doupovské hory;Pulsatilla patens;Cévnaté rostliny;Ppat009;Pastviny;5645c;RP SCHKO Slavkovský les;Krajský úřad Ústeckého kraje, AOPK ČR - RP SCHKO Slavkovský les, Krajský úřad Karlovarského kraje;2023-04-28;2023-04-28;12968127;2023-04-28;1;POP_POCET;trsů;min;minmax;ano;lok;70;alespoň 70 trsů;75;1
2023;CZ0424125;Doupovské hory;Pulsatilla patens;Cévnaté rostliny;Ppat009;Pastviny;5645c;RP SCHKO Slavkovský les;Krajský úřad Ústeckého kraje, AOPK ČR - RP SCHKO Slavkovský les, Krajský úřad Karlovarského kraje;2023-04-28;2023-04-28;12968127;2023-04-28;1;POP_POSKPERC;počet trsů;max;minmax;ne;lok;1;nejvýš 1 počet trsů;3;0
2023;CZ0424125;Doupovské hory;Pulsatilla patens;Cévnaté rostliny;Ppat009;Pastviny;5645c;RP SCHKO Slavkovský les;Krajský úřad Ústeckého kraje, AOPK ČR - RP SCHKO Slavkovský les, Krajský úřad Karlovarského kraje;2023-04-28;2023-04-28;12968127;2023-04-28;1;POP_POSKPOC;počet typů poškození rostlin;max;minmax;ne;lok;2;nejvýš 2 počet typů poškození rostlin;3;0
2023;CZ0424125;Doupovské hory;Pulsatilla patens;Cévnaté rostliny;Ppat009;Pastviny;5645c;RP SCHKO Slavkovský les;Krajský úřad Ústeckého kraje, AOPK ČR - RP SCHKO Slavkovský les, Krajský úřad Karlovarského kraje;2023-04-28;2023-04-28;12968127;2023-04-28;1;POP_TREND;posledních dvou let s menším počtem jedinců než je referenční hodnota;max;minmax;ano;lok;1;nejvýš 1 posledních dvou let s menším počtem jedinců než je referenční hodnota;2;0
2023;CZ0424125;Doupovské hory;Pulsatilla patens;Cévnaté rostliny;Ppat009;Pastviny;5645c;RP SCHKO Slavkovský les;Krajský úřad Ústeckého kraje, AOPK ČR - RP SCHKO Slavkovský les, Krajský úřad Karlovarského kraje;2023-04-28;2023-04-28;12968127;2023-04-28;1;POP_VITAL;% počtu trsů;min;minmax;ano;lok;30;alespoň 30 % počtu trsů;26.6666666666667;0
2023;CZ0424125;Doupovské hory;Pulsatilla patens;Cévnaté rostliny;Ppat009;Pastviny;5645c;RP SCHKO Slavkovský les;Krajský úřad Ústeckého kraje, AOPK ČR - RP SCHKO Slavkovský les, Krajský úřad Karlovarského kraje;2023-04-28;2023-04-28;12968127;2023-04-28;1;STA_POKRDREV;NA;val;val;ne;lok;0;0, do 5 %, 5-25 %;25-50 %;0
2023;CZ0424125;Doupovské hory;Pulsatilla patens;Cévnaté rostliny;Ppat009;Pastviny;5645c;RP SCHKO Slavkovský les;Krajský úřad Ústeckého kraje, AOPK ČR - RP SCHKO Slavkovský les, Krajský úřad Karlovarského kraje;2023-04-28;2023-04-28;12968127;2023-04-28;1;STA_POKRSTAR;NA;val;val;ne;lok;0;0, do 5 %, 5-25 %;50-75 %;0
2023;CZ0424125;Doupovské hory;Pulsatilla patens;Cévnaté rostliny;Ppat009;Pastviny;5645c;RP SCHKO Slavkovský les;Krajský úřad Ústeckého kraje, AOPK ČR - RP SCHKO Slavkovský les, Krajský úřad Karlovarského kraje;2023-04-28;2023-04-28;12968127;2023-04-28;1;STA_POKRYVNOSTEXPANZNI;NA;val;val;ne;lok;0;0, do 5 %, 5-25 %;0;1
2023;CZ0424125;Doupovské hory;Pulsatilla patens;Cévnaté rostliny;Ppat009;Pastviny;5645c;RP SCHKO Slavkovský les;Krajský úřad Ústeckého kraje, AOPK ČR - RP SCHKO Slavkovský les, Krajský úřad Karlovarského kraje;2023-04-28;2023-04-28;12968127;2023-04-28;1;STA_POKRYVNOSTINVAZNI;NA;val;val;ne;lok;0;0, do 5 %;0;1
2022;CZ0424125;Doupovské hory;Pulsatilla patens;Cévnaté rostliny;Zvoníčkov;Zvoníčkov;5645d;RP SCHKO Slavkovský les;Krajský úřad Ústeckého kraje, AOPK ČR - RP SCHKO Slavkovský les, Krajský úřad Karlovarského kraje;2009-04-20;2024-03-18;11787935, 12988734;2022-04-26;1;CELKOVE_HODNOCENI;NA;NA;NA;NA;lok;NA;NA;špatný;0
2022;CZ0424125;Doupovské hory;Pulsatilla patens;Cévnaté rostliny;Zvoníčkov;Zvoníčkov;5645d;RP SCHKO Slavkovský les;Krajský úřad Ústeckého kraje, AOPK ČR - RP SCHKO Slavkovský les, Krajský úřad Karlovarského kraje;2009-04-20;2024-03-18;11787935, 12988734;2022-04-26;1;CELKOVE_SUM;NA;NA;NA;NA;NA;;;2;NA
2022;CZ0424125;Doupovské hory;Pulsatilla patens;Cévnaté rostliny;Zvoníčkov;Zvoníčkov;5645d;RP SCHKO Slavkovský les;Krajský úřad Ústeckého kraje, AOPK ČR - RP SCHKO Slavkovský les, Krajský úřad Karlovarského kraje;2009-04-20;2024-03-18;11787935, 12988734;2022-04-26;1;POP_POCET;trsů;min;minmax;ano;lok;70;alespoň 70 trsů;0;0
2022;CZ0424125;Doupovské hory;Pulsatilla patens;Cévnaté rostliny;Zvoníčkov;Zvoníčkov;5645d;RP SCHKO Slavkovský les;Krajský úřad Ústeckého kraje, AOPK ČR - RP SCHKO Slavkovský les, Krajský úřad Karlovarského kraje;2009-04-20;2024-03-18;11787935, 12988734;2022-04-26;1;POP_POSKPERC;počet trsů;max;minmax;ne;lok;1;nejvýš 1 počet trsů;0;1
2022;CZ0424125;Doupovské hory;Pulsatilla patens;Cévnaté rostliny;Zvoníčkov;Zvoníčkov;5645d;RP SCHKO Slavkovský les;Krajský úřad Ústeckého kraje, AOPK ČR - RP SCHKO Slavkovský les, Krajský úřad Karlovarského kraje;2009-04-20;2024-03-18;11787935, 12988734;2022-04-26;1;POP_POSKPOC;počet typů poškození rostlin;max;minmax;ne;lok;2;nejvýš 2 počet typů poškození rostlin;0;1
2022;CZ0424125;Doupovské hory;Pulsatilla patens;Cévnaté rostliny;Zvoníčkov;Zvoníčkov;5645d;RP SCHKO Slavkovský les;Krajský úřad Ústeckého kraje, AOPK ČR - RP SCHKO Slavkovský les, Krajský úřad Karlovarského kraje;2009-04-20;2024-03-18;11787935, 12988734;2022-04-26;1;POP_TREND;posledních dvou let s menším počtem jedinců než je referenční hodnota;max;minmax;ano;lok;1;nejvýš 1 posledních dvou let s menším počtem jedinců než je referenční hodnota;2;0
2022;CZ0424125;Doupovské hory;Pulsatilla patens;Cévnaté rostliny;Zvoníčkov;Zvoníčkov;5645d;RP SCHKO Slavkovský les;Krajský úřad Ústeckého kraje, AOPK ČR - RP SCHKO Slavkovský les, Krajský úřad Karlovarského kraje;2009-04-20;2024-03-18;11787935, 12988734;2022-04-26;1;POP_VITAL;% počtu trsů;min;minmax;ano;lok;30;alespoň 30 % počtu trsů;neznámý;NA
2022;CZ0424125;Doupovské hory;Pulsatilla patens;Cévnaté rostliny;Zvoníčkov;Zvoníčkov;5645d;RP SCHKO Slavkovský les;Krajský úřad Ústeckého kraje, AOPK ČR - RP SCHKO Slavkovský les, Krajský úřad Karlovarského kraje;2009-04-20;2024-03-18;11787935, 12988734;2022-04-26;1;STA_POKRDREV;NA;val;val;ne;lok;0;0, do 5 %, 5-25 %;neznámý;NA
2022;CZ0424125;Doupovské hory;Pulsatilla patens;Cévnaté rostliny;Zvoníčkov;Zvoníčkov;5645d;RP SCHKO Slavkovský les;Krajský úřad Ústeckého kraje, AOPK ČR - RP SCHKO Slavkovský les, Krajský úřad Karlovarského kraje;2009-04-20;2024-03-18;11787935, 12988734;2022-04-26;1;STA_POKRSTAR;NA;val;val;ne;lok;0;0, do 5 %, 5-25 %;neznámý;NA
2022;CZ0424125;Doupovské hory;Pulsatilla patens;Cévnaté rostliny;Zvoníčkov;Zvoníčkov;5645d;RP SCHKO Slavkovský les;Krajský úřad Ústeckého kraje, AOPK ČR - RP SCHKO Slavkovský les, Krajský úřad Karlovarského kraje;2009-04-20;2024-03-18;11787935, 12988734;2022-04-26;1;STA_POKRYVNOSTEXPANZNI;NA;val;val;ne;lok;0;0, do 5 %, 5-25 %;neznámý;NA
2022;CZ0424125;Doupovské hory;Pulsatilla patens;Cévnaté rostliny;Zvoníčkov;Zvoníčkov;5645d;RP SCHKO Slavkovský les;Krajský úřad Ústeckého kraje, AOPK ČR - RP SCHKO Slavkovský les, Krajský úřad Karlovarského kraje;2009-04-20;2024-03-18;11787935, 12988734;2022-04-26;1;STA_POKRYVNOSTINVAZNI;NA;val;val;ne;lok;0;0, do 5 %;neznámý;NA
2018;CZ0424125;Doupovské hory;Pulsatilla patens;Cévnaté rostliny;kopeček V od vrcholu Dubiny;kopeček V od vrcholu Dubiny;5645d;RP SCHKO Slavkovský les;Krajský úřad Ústeckého kraje, AOPK ČR - RP SCHKO Slavkovský les, Krajský úřad Karlovarského kraje;2018-04-10;2018-04-10;10158798;2018-04-10;0;CELKOVE_HODNOCENI;NA;NA;NA;NA;lok;NA;NA;špatný;0
2018;CZ0424125;Doupovské hory;Pulsatilla patens;Cévnaté rostliny;kopeček V od vrcholu Dubiny;kopeček V od vrcholu Dubiny;5645d;RP SCHKO Slavkovský les;Krajský úřad Ústeckého kraje, AOPK ČR - RP SCHKO Slavkovský les, Krajský úřad Karlovarského kraje;2018-04-10;2018-04-10;10158798;2018-04-10;0;CELKOVE_SUM;NA;NA;NA;NA;NA;;;3;NA
2018;CZ0424125;Doupovské hory;Pulsatilla patens;Cévnaté rostliny;kopeček V od vrcholu Dubiny;kopeček V od vrcholu Dubiny;5645d;RP SCHKO Slavkovský les;Krajský úřad Ústeckého kraje, AOPK ČR - RP SCHKO Slavkovský les, Krajský úřad Karlovarského kraje;2018-04-10;2018-04-10;10158798;2018-04-10;0;POP_POCET;trsů;min;minmax;ano;lok;70;alespoň 70 trsů;0;0
2018;CZ0424125;Doupovské hory;Pulsatilla patens;Cévnaté rostliny;kopeček V od vrcholu Dubiny;kopeček V od vrcholu Dubiny;5645d;RP SCHKO Slavkovský les;Krajský úřad Ústeckého kraje, AOPK ČR - RP SCHKO Slavkovský les, Krajský úřad Karlovarského kraje;2018-04-10;2018-04-10;10158798;2018-04-10;0;POP_POSKPERC;počet trsů;max;minmax;ne;lok;1;nejvýš 1 počet trsů;0;1
2018;CZ0424125;Doupovské hory;Pulsatilla patens;Cévnaté rostliny;kopeček V od vrcholu Dubiny;kopeček V od vrcholu Dubiny;5645d;RP SCHKO Slavkovský les;Krajský úřad Ústeckého kraje, AOPK ČR - RP SCHKO Slavkovský les, Krajský úřad Karlovarského kraje;2018-04-10;2018-04-10;10158798;2018-04-10;0;POP_POSKPOC;počet typů poškození rostlin;max;minmax;ne;lok;2;nejvýš 2 počet typů poškození rostlin;0;1
2018;CZ0424125;Doupovské hory;Pulsatilla patens;Cévnaté rostliny;kopeček V od vrcholu Dubiny;kopeček V od vrcholu Dubiny;5645d;RP SCHKO Slavkovský les;Krajský úřad Ústeckého kraje, AOPK ČR - RP SCHKO Slavkovský les, Krajský úřad Karlovarského kraje;2018-04-10;2018-04-10;10158798;2018-04-10;0;POP_TREND;posledních dvou let s menším počtem jedinců než je referenční hodnota;max;minmax;ano;lok;1;nejvýš 1 posledních dvou let s menším počtem jedinců než je referenční hodnota;0;1
2018;CZ0424125;Doupovské hory;Pulsatilla patens;Cévnaté rostliny;kopeček V od vrcholu Dubiny;kopeček V od vrcholu Dubiny;5645d;RP SCHKO Slavkovský les;Krajský úřad Ústeckého kraje, AOPK ČR - RP SCHKO Slavkovský les, Krajský úřad Karlovarského kraje;2018-04-10;2018-04-10;10158798;2018-04-10;0;POP_VITAL;% počtu trsů;min;minmax;ano;lok;30;alespoň 30 % počtu trsů;neznámý;NA
2018;CZ0424125;Doupovské hory;Pulsatilla patens;Cévnaté rostliny;kopeček V od vrcholu Dubiny;kopeček V od vrcholu Dubiny;5645d;RP SCHKO Slavkovský les;Krajský úřad Ústeckého kraje, AOPK ČR - RP SCHKO Slavkovský les, Krajský úřad Karlovarského kraje;2018-04-10;2018-04-10;10158798;2018-04-10;0;STA_POKRDREV;NA;val;val;ne;lok;0;0, do 5 %, 5-25 %;neznámý;NA
2018;CZ0424125;Doupovské hory;Pulsatilla patens;Cévnaté rostliny;kopeček V od vrcholu Dubiny;kopeček V od vrcholu Dubiny;5645d;RP SCHKO Slavkovský les;Krajský úřad Ústeckého kraje, AOPK ČR - RP SCHKO Slavkovský les, Krajský úřad Karlovarského kraje;2018-04-10;2018-04-10;10158798;2018-04-10;0;STA_POKRSTAR;NA;val;val;ne;lok;0;0, do 5 %, 5-25 %;neznámý;NA
2018;CZ0424125;Doupovské hory;Pulsatilla patens;Cévnaté rostliny;kopeček V od vrcholu Dubiny;kopeček V od vrcholu Dubiny;5645d;RP SCHKO Slavkovský les;Krajský úřad Ústeckého kraje, AOPK ČR - RP SCHKO Slavkovský les, Krajský úřad Karlovarského kraje;2018-04-10;2018-04-10;10158798;2018-04-10;0;STA_POKRYVNOSTEXPANZNI;NA;val;val;ne;lok;0;0, do 5 %, 5-25 %;neznámý;NA
2018;CZ0424125;Doupovské hory;Pulsatilla patens;Cévnaté rostliny;kopeček V od vrcholu Dubiny;kopeček V od vrcholu Dubiny;5645d;RP SCHKO Slavkovský les;Krajský úřad Ústeckého kraje, AOPK ČR - RP SCHKO Slavkovský les, Krajský úřad Karlovarského kraje;2018-04-10;2018-04-10;10158798;2018-04-10;0;STA_POKRYVNOSTINVAZNI;NA;val;val;ne;lok;0;0, do 5 %;neznámý;NA
2024;CZ0424125;Doupovské hory;Pulsatilla patens;Cévnaté rostliny;Úhošťany;Úhošťany;5645d;RP SCHKO Slavkovský les;Krajský úřad Ústeckého kraje, AOPK ČR - RP SCHKO Slavkovský les, Krajský úřad Karlovarského kraje;2021-04-09;2024-04-30;13819127;2024-04-30;0;CELKOVE_HODNOCENI;NA;NA;NA;NA;lok;NA;NA;špatný;0
2024;CZ0424125;Doupovské hory;Pulsatilla patens;Cévnaté rostliny;Úhošťany;Úhošťany;5645d;RP SCHKO Slavkovský les;Krajský úřad Ústeckého kraje, AOPK ČR - RP SCHKO Slavkovský les, Krajský úřad Karlovarského kraje;2021-04-09;2024-04-30;13819127;2024-04-30;0;CELKOVE_SUM;NA;NA;NA;NA;NA;;;2;NA
2024;CZ0424125;Doupovské hory;Pulsatilla patens;Cévnaté rostliny;Úhošťany;Úhošťany;5645d;RP SCHKO Slavkovský les;Krajský úřad Ústeckého kraje, AOPK ČR - RP SCHKO Slavkovský les, Krajský úřad Karlovarského kraje;2021-04-09;2024-04-30;13819127;2024-04-30;0;POP_POCET;trsů;min;minmax;ano;lok;70;alespoň 70 trsů;0;0
2024;CZ0424125;Doupovské hory;Pulsatilla patens;Cévnaté rostliny;Úhošťany;Úhošťany;5645d;RP SCHKO Slavkovský les;Krajský úřad Ústeckého kraje, AOPK ČR - RP SCHKO Slavkovský les, Krajský úřad Karlovarského kraje;2021-04-09;2024-04-30;13819127;2024-04-30;0;POP_POSKPERC;počet trsů;max;minmax;ne;lok;1;nejvýš 1 počet trsů;0;1
2024;CZ0424125;Doupovské hory;Pulsatilla patens;Cévnaté rostliny;Úhošťany;Úhošťany;5645d;RP SCHKO Slavkovský les;Krajský úřad Ústeckého kraje, AOPK ČR - RP SCHKO Slavkovský les, Krajský úřad Karlovarského kraje;2021-04-09;2024-04-30;13819127;2024-04-30;0;POP_POSKPOC;počet typů poškození rostlin;max;minmax;ne;lok;2;nejvýš 2 počet typů poškození rostlin;0;1
2024;CZ0424125;Doupovské hory;Pulsatilla patens;Cévnaté rostliny;Úhošťany;Úhošťany;5645d;RP SCHKO Slavkovský les;Krajský úřad Ústeckého kraje, AOPK ČR - RP SCHKO Slavkovský les, Krajský úřad Karlovarského kraje;2021-04-09;2024-04-30;13819127;2024-04-30;0;POP_TREND;posledních dvou let s menším počtem jedinců než je referenční hodnota;max;minmax;ano;lok;1;nejvýš 1 posledních dvou let s menším počtem jedinců než je referenční hodnota;2;0
2024;CZ0424125;Doupovské hory;Pulsatilla patens;Cévnaté rostliny;Úhošťany;Úhošťany;5645d;RP SCHKO Slavkovský les;Krajský úřad Ústeckého kraje, AOPK ČR - RP SCHKO Slavkovský les, Krajský úřad Karlovarského kraje;2021-04-09;2024-04-30;13819127;2024-04-30;0;POP_VITAL;% počtu trsů;min;minmax;ano;lok;30;alespoň 30 % počtu trsů;neznámý;NA
2024;CZ0424125;Doupovské hory;Pulsatilla patens;Cévnaté rostliny;Úhošťany;Úhošťany;5645d;RP SCHKO Slavkovský les;Krajský úřad Ústeckého kraje, AOPK ČR - RP SCHKO Slavkovský les, Krajský úřad Karlovarského kraje;2021-04-09;2024-04-30;13819127;2024-04-30;0;STA_POKRDREV;NA;val;val;ne;lok;0;0, do 5 %, 5-25 %;neznámý;NA
2024;CZ0424125;Doupovské hory;Pulsatilla patens;Cévnaté rostliny;Úhošťany;Úhošťany;5645d;RP SCHKO Slavkovský les;Krajský úřad Ústeckého kraje, AOPK ČR - RP SCHKO Slavkovský les, Krajský úřad Karlovarského kraje;2021-04-09;2024-04-30;13819127;2024-04-30;0;STA_POKRSTAR;NA;val;val;ne;lok;0;0, do 5 %, 5-25 %;neznámý;NA
2024;CZ0424125;Doupovské hory;Pulsatilla patens;Cévnaté rostliny;Úhošťany;Úhošťany;5645d;RP SCHKO Slavkovský les;Krajský úřad Ústeckého kraje, AOPK ČR - RP SCHKO Slavkovský les, Krajský úřad Karlovarského kraje;2021-04-09;2024-04-30;13819127;2024-04-30;0;STA_POKRYVNOSTEXPANZNI;NA;val;val;ne;lok;0;0, do 5 %, 5-25 %;neznámý;NA
2024;CZ0424125;Doupovské hory;Pulsatilla patens;Cévnaté rostliny;Úhošťany;Úhošťany;5645d;RP SCHKO Slavkovský les;Krajský úřad Ústeckého kraje, AOPK ČR - RP SCHKO Slavkovský les, Krajský úřad Karlovarského kraje;2021-04-09;2024-04-30;13819127;2024-04-30;0;STA_POKRYVNOSTINVAZNI;NA;val;val;ne;lok;0;0, do 5 %;neznámý;NA
2024;CZ0424125;Doupovské hory;Pulsatilla patens;Cévnaté rostliny;Úhošťany - Dubový vrch;Úhošťany - Dubový vrch;5645c, 5645d;RP SCHKO Slavkovský les;Krajský úřad Ústeckého kraje, AOPK ČR - RP SCHKO Slavkovský les, Krajský úřad Karlovarského kraje;NA;NA;12958547;2024-04-09;0;CELKOVE_HODNOCENI;NA;NA;NA;NA;lok;NA;NA;špatný;0
2024;CZ0424125;Doupovské hory;Pulsatilla patens;Cévnaté rostliny;Úhošťany - Dubový vrch;Úhošťany - Dubový vrch;5645c, 5645d;RP SCHKO Slavkovský les;Krajský úřad Ústeckého kraje, AOPK ČR - RP SCHKO Slavkovský les, Krajský úřad Karlovarského kraje;NA;NA;12958547;2024-04-09;0;CELKOVE_SUM;NA;NA;NA;NA;NA;;;5;NA
2024;CZ0424125;Doupovské hory;Pulsatilla patens;Cévnaté rostliny;Úhošťany - Dubový vrch;Úhošťany - Dubový vrch;5645c, 5645d;RP SCHKO Slavkovský les;Krajský úřad Ústeckého kraje, AOPK ČR - RP SCHKO Slavkovský les, Krajský úřad Karlovarského kraje;NA;NA;12958547;2024-04-09;0;POP_POCET;trsů;min;minmax;ano;lok;70;alespoň 70 trsů;80;1
2024;CZ0424125;Doupovské hory;Pulsatilla patens;Cévnaté rostliny;Úhošťany - Dubový vrch;Úhošťany - Dubový vrch;5645c, 5645d;RP SCHKO Slavkovský les;Krajský úřad Ústeckého kraje, AOPK ČR - RP SCHKO Slavkovský les, Krajský úřad Karlovarského kraje;NA;NA;12958547;2024-04-09;0;POP_POSKPERC;počet trsů;max;minmax;ne;lok;1;nejvýš 1 počet trsů;0;1
2024;CZ0424125;Doupovské hory;Pulsatilla patens;Cévnaté rostliny;Úhošťany - Dubový vrch;Úhošťany - Dubový vrch;5645c, 5645d;RP SCHKO Slavkovský les;Krajský úřad Ústeckého kraje, AOPK ČR - RP SCHKO Slavkovský les, Krajský úřad Karlovarského kraje;NA;NA;12958547;2024-04-09;0;POP_POSKPOC;počet typů poškození rostlin;max;minmax;ne;lok;2;nejvýš 2 počet typů poškození rostlin;0;1
2024;CZ0424125;Doupovské hory;Pulsatilla patens;Cévnaté rostliny;Úhošťany - Dubový vrch;Úhošťany - Dubový vrch;5645c, 5645d;RP SCHKO Slavkovský les;Krajský úřad Ústeckého kraje, AOPK ČR - RP SCHKO Slavkovský les, Krajský úřad Karlovarského kraje;NA;NA;12958547;2024-04-09;0;POP_TREND;posledních dvou let s menším počtem jedinců než je referenční hodnota;max;minmax;ano;lok;1;nejvýš 1 posledních dvou let s menším počtem jedinců než je referenční hodnota;0;1
2024;CZ0424125;Doupovské hory;Pulsatilla patens;Cévnaté rostliny;Úhošťany - Dubový vrch;Úhošťany - Dubový vrch;5645c, 5645d;RP SCHKO Slavkovský les;Krajský úřad Ústeckého kraje, AOPK ČR - RP SCHKO Slavkovský les, Krajský úřad Karlovarského kraje;NA;NA;12958547;2024-04-09;0;POP_VITAL;% počtu trsů;min;minmax;ano;lok;30;alespoň 30 % počtu trsů;100;1
2024;CZ0424125;Doupovské hory;Pulsatilla patens;Cévnaté rostliny;Úhošťany - Dubový vrch;Úhošťany - Dubový vrch;5645c, 5645d;RP SCHKO Slavkovský les;Krajský úřad Ústeckého kraje, AOPK ČR - RP SCHKO Slavkovský les, Krajský úřad Karlovarského kraje;NA;NA;12958547;2024-04-09;0;STA_POKRDREV;NA;val;val;ne;lok;0;0, do 5 %, 5-25 %;neznámý;NA
2024;CZ0424125;Doupovské hory;Pulsatilla patens;Cévnaté rostliny;Úhošťany - Dubový vrch;Úhošťany - Dubový vrch;5645c, 5645d;RP SCHKO Slavkovský les;Krajský úřad Ústeckého kraje, AOPK ČR - RP SCHKO Slavkovský les, Krajský úřad Karlovarského kraje;NA;NA;12958547;2024-04-09;0;STA_POKRSTAR;NA;val;val;ne;lok;0;0, do 5 %, 5-25 %;neznámý;NA
2024;CZ0424125;Doupovské hory;Pulsatilla patens;Cévnaté rostliny;Úhošťany - Dubový vrch;Úhošťany - Dubový vrch;5645c, 5645d;RP SCHKO Slavkovský les;Krajský úřad Ústeckého kraje, AOPK ČR - RP SCHKO Slavkovský les, Krajský úřad Karlovarského kraje;NA;NA;12958547;2024-04-09;0;STA_POKRYVNOSTEXPANZNI;NA;val;val;ne;lok;0;0, do 5 %, 5-25 %;neznámý;NA
2024;CZ0424125;Doupovské hory;Pulsatilla patens;Cévnaté rostliny;Úhošťany - Dubový vrch;Úhošťany - Dubový vrch;5645c, 5645d;RP SCHKO Slavkovský les;Krajský úřad Ústeckého kraje, AOPK ČR - RP SCHKO Slavkovský les, Krajský úřad Karlovarského kraje;NA;NA;12958547;2024-04-09;0;STA_POKRYVNOSTINVAZNI;NA;val;val;ne;lok;0;0, do 5 %;neznámý;NA
2020;CZ0514042;Jestřebsko - Dokesko;Pulsatilla patens;Cévnaté rostliny;Jelení vrch;Jelení vrch;5354c;RP SCHKO Kokořínsko - Máchův kraj;Krajský úřad Libereckého kraje, AOPK ČR - RP SCHKO Kokořínsko - Máchův kraj;2020-04-06;2020-04-06;11772504;2020-04-06;1;CELKOVE_HODNOCENI;NA;NA;NA;NA;lok;NA;NA;špatný;0
2020;CZ0514042;Jestřebsko - Dokesko;Pulsatilla patens;Cévnaté rostliny;Jelení vrch;Jelení vrch;5354c;RP SCHKO Kokořínsko - Máchův kraj;Krajský úřad Libereckého kraje, AOPK ČR - RP SCHKO Kokořínsko - Máchův kraj;2020-04-06;2020-04-06;11772504;2020-04-06;1;CELKOVE_SUM;NA;NA;NA;NA;NA;;;3;NA
2020;CZ0514042;Jestřebsko - Dokesko;Pulsatilla patens;Cévnaté rostliny;Jelení vrch;Jelení vrch;5354c;RP SCHKO Kokořínsko - Máchův kraj;Krajský úřad Libereckého kraje, AOPK ČR - RP SCHKO Kokořínsko - Máchův kraj;2020-04-06;2020-04-06;11772504;2020-04-06;1;POP_POCET;trsů;min;minmax;ano;lok;70;alespoň 70 trsů;0;0
2020;CZ0514042;Jestřebsko - Dokesko;Pulsatilla patens;Cévnaté rostliny;Jelení vrch;Jelení vrch;5354c;RP SCHKO Kokořínsko - Máchův kraj;Krajský úřad Libereckého kraje, AOPK ČR - RP SCHKO Kokořínsko - Máchův kraj;2020-04-06;2020-04-06;11772504;2020-04-06;1;POP_POSKPERC;počet trsů;max;minmax;ne;lok;1;nejvýš 1 počet trsů;0;1
2020;CZ0514042;Jestřebsko - Dokesko;Pulsatilla patens;Cévnaté rostliny;Jelení vrch;Jelení vrch;5354c;RP SCHKO Kokořínsko - Máchův kraj;Krajský úřad Libereckého kraje, AOPK ČR - RP SCHKO Kokořínsko - Máchův kraj;2020-04-06;2020-04-06;11772504;2020-04-06;1;POP_POSKPOC;počet typů poškození rostlin;max;minmax;ne;lok;2;nejvýš 2 počet typů poškození rostlin;0;1
2020;CZ0514042;Jestřebsko - Dokesko;Pulsatilla patens;Cévnaté rostliny;Jelení vrch;Jelení vrch;5354c;RP SCHKO Kokořínsko - Máchův kraj;Krajský úřad Libereckého kraje, AOPK ČR - RP SCHKO Kokořínsko - Máchův kraj;2020-04-06;2020-04-06;11772504;2020-04-06;1;POP_TREND;posledních dvou let s menším počtem jedinců než je referenční hodnota;max;minmax;ano;lok;1;nejvýš 1 posledních dvou let s menším počtem jedinců než je referenční hodnota;0;1
2020;CZ0514042;Jestřebsko - Dokesko;Pulsatilla patens;Cévnaté rostliny;Jelení vrch;Jelení vrch;5354c;RP SCHKO Kokořínsko - Máchův kraj;Krajský úřad Libereckého kraje, AOPK ČR - RP SCHKO Kokořínsko - Máchův kraj;2020-04-06;2020-04-06;11772504;2020-04-06;1;POP_VITAL;% počtu trsů;min;minmax;ano;lok;30;alespoň 30 % počtu trsů;NaN;NA
2020;CZ0514042;Jestřebsko - Dokesko;Pulsatilla patens;Cévnaté rostliny;Jelení vrch;Jelení vrch;5354c;RP SCHKO Kokořínsko - Máchův kraj;Krajský úřad Libereckého kraje, AOPK ČR - RP SCHKO Kokořínsko - Máchův kraj;2020-04-06;2020-04-06;11772504;2020-04-06;1;STA_POKRDREV;NA;val;val;ne;lok;0;0, do 5 %, 5-25 %;neznámý;NA
2020;CZ0514042;Jestřebsko - Dokesko;Pulsatilla patens;Cévnaté rostliny;Jelení vrch;Jelení vrch;5354c;RP SCHKO Kokořínsko - Máchův kraj;Krajský úřad Libereckého kraje, AOPK ČR - RP SCHKO Kokořínsko - Máchův kraj;2020-04-06;2020-04-06;11772504;2020-04-06;1;STA_POKRSTAR;NA;val;val;ne;lok;0;0, do 5 %, 5-25 %;neznámý;NA
2020;CZ0514042;Jestřebsko - Dokesko;Pulsatilla patens;Cévnaté rostliny;Jelení vrch;Jelení vrch;5354c;RP SCHKO Kokořínsko - Máchův kraj;Krajský úřad Libereckého kraje, AOPK ČR - RP SCHKO Kokořínsko - Máchův kraj;2020-04-06;2020-04-06;11772504;2020-04-06;1;STA_POKRYVNOSTEXPANZNI;NA;val;val;ne;lok;0;0, do 5 %, 5-25 %;neznámý;NA
2020;CZ0514042;Jestřebsko - Dokesko;Pulsatilla patens;Cévnaté rostliny;Jelení vrch;Jelení vrch;5354c;RP SCHKO Kokořínsko - Máchův kraj;Krajský úřad Libereckého kraje, AOPK ČR - RP SCHKO Kokořínsko - Máchův kraj;2020-04-06;2020-04-06;11772504;2020-04-06;1;STA_POKRYVNOSTINVAZNI;NA;val;val;ne;lok;0;0, do 5 %;neznámý;NA
2021;CZ0514042;Jestřebsko - Dokesko;Pulsatilla patens;Cévnaté rostliny;Jindřichova skála;Jindřichova skála;5354c;RP SCHKO Kokořínsko - Máchův kraj;Krajský úřad Libereckého kraje, AOPK ČR - RP SCHKO Kokořínsko - Máchův kraj;2010-04-14;2021-04-15;11771861;2021-04-15;1;CELKOVE_HODNOCENI;NA;NA;NA;NA;lok;NA;NA;špatný;0
2021;CZ0514042;Jestřebsko - Dokesko;Pulsatilla patens;Cévnaté rostliny;Jindřichova skála;Jindřichova skála;5354c;RP SCHKO Kokořínsko - Máchův kraj;Krajský úřad Libereckého kraje, AOPK ČR - RP SCHKO Kokořínsko - Máchův kraj;2010-04-14;2021-04-15;11771861;2021-04-15;1;CELKOVE_SUM;NA;NA;NA;NA;NA;;;2;NA
2021;CZ0514042;Jestřebsko - Dokesko;Pulsatilla patens;Cévnaté rostliny;Jindřichova skála;Jindřichova skála;5354c;RP SCHKO Kokořínsko - Máchův kraj;Krajský úřad Libereckého kraje, AOPK ČR - RP SCHKO Kokořínsko - Máchův kraj;2010-04-14;2021-04-15;11771861;2021-04-15;1;POP_POCET;trsů;min;minmax;ano;lok;70;alespoň 70 trsů;0;0
2021;CZ0514042;Jestřebsko - Dokesko;Pulsatilla patens;Cévnaté rostliny;Jindřichova skála;Jindřichova skála;5354c;RP SCHKO Kokořínsko - Máchův kraj;Krajský úřad Libereckého kraje, AOPK ČR - RP SCHKO Kokořínsko - Máchův kraj;2010-04-14;2021-04-15;11771861;2021-04-15;1;POP_POSKPERC;počet trsů;max;minmax;ne;lok;1;nejvýš 1 počet trsů;0;1
2021;CZ0514042;Jestřebsko - Dokesko;Pulsatilla patens;Cévnaté rostliny;Jindřichova skála;Jindřichova skála;5354c;RP SCHKO Kokořínsko - Máchův kraj;Krajský úřad Libereckého kraje, AOPK ČR - RP SCHKO Kokořínsko - Máchův kraj;2010-04-14;2021-04-15;11771861;2021-04-15;1;POP_POSKPOC;počet typů poškození rostlin;max;minmax;ne;lok;2;nejvýš 2 počet typů poškození rostlin;0;1
2021;CZ0514042;Jestřebsko - Dokesko;Pulsatilla patens;Cévnaté rostliny;Jindřichova skála;Jindřichova skála;5354c;RP SCHKO Kokořínsko - Máchův kraj;Krajský úřad Libereckého kraje, AOPK ČR - RP SCHKO Kokořínsko - Máchův kraj;2010-04-14;2021-04-15;11771861;2021-04-15;1;POP_TREND;posledních dvou let s menším počtem jedinců než je referenční hodnota;max;minmax;ano;lok;1;nejvýš 1 posledních dvou let s menším počtem jedinců než je referenční hodnota;2;0
2021;CZ0514042;Jestřebsko - Dokesko;Pulsatilla patens;Cévnaté rostliny;Jindřichova skála;Jindřichova skála;5354c;RP SCHKO Kokořínsko - Máchův kraj;Krajský úřad Libereckého kraje, AOPK ČR - RP SCHKO Kokořínsko - Máchův kraj;2010-04-14;2021-04-15;11771861;2021-04-15;1;POP_VITAL;% počtu trsů;min;minmax;ano;lok;30;alespoň 30 % počtu trsů;neznámý;NA
2021;CZ0514042;Jestřebsko - Dokesko;Pulsatilla patens;Cévnaté rostliny;Jindřichova skála;Jindřichova skála;5354c;RP SCHKO Kokořínsko - Máchův kraj;Krajský úřad Libereckého kraje, AOPK ČR - RP SCHKO Kokořínsko - Máchův kraj;2010-04-14;2021-04-15;11771861;2021-04-15;1;STA_POKRDREV;NA;val;val;ne;lok;0;0, do 5 %, 5-25 %;neznámý;NA
2021;CZ0514042;Jestřebsko - Dokesko;Pulsatilla patens;Cévnaté rostliny;Jindřichova skála;Jindřichova skála;5354c;RP SCHKO Kokořínsko - Máchův kraj;Krajský úřad Libereckého kraje, AOPK ČR - RP SCHKO Kokořínsko - Máchův kraj;2010-04-14;2021-04-15;11771861;2021-04-15;1;STA_POKRSTAR;NA;val;val;ne;lok;0;0, do 5 %, 5-25 %;neznámý;NA
2021;CZ0514042;Jestřebsko - Dokesko;Pulsatilla patens;Cévnaté rostliny;Jindřichova skála;Jindřichova skála;5354c;RP SCHKO Kokořínsko - Máchův kraj;Krajský úřad Libereckého kraje, AOPK ČR - RP SCHKO Kokořínsko - Máchův kraj;2010-04-14;2021-04-15;11771861;2021-04-15;1;STA_POKRYVNOSTEXPANZNI;NA;val;val;ne;lok;0;0, do 5 %, 5-25 %;neznámý;NA
2021;CZ0514042;Jestřebsko - Dokesko;Pulsatilla patens;Cévnaté rostliny;Jindřichova skála;Jindřichova skála;5354c;RP SCHKO Kokořínsko - Máchův kraj;Krajský úřad Libereckého kraje, AOPK ČR - RP SCHKO Kokořínsko - Máchův kraj;2010-04-14;2021-04-15;11771861;2021-04-15;1;STA_POKRYVNOSTINVAZNI;NA;val;val;ne;lok;0;0, do 5 %;neznámý;NA
2021;CZ0514042;Jestřebsko - Dokesko;Pulsatilla patens;Cévnaté rostliny;Kozí kámen;Kozí kámen;5353d;RP SCHKO Kokořínsko - Máchův kraj;Krajský úřad Libereckého kraje, AOPK ČR - RP SCHKO Kokořínsko - Máchův kraj;2010-04-14;2021-04-15;11772503;2021-04-15;1;CELKOVE_HODNOCENI;NA;NA;NA;NA;lok;NA;NA;špatný;0
2021;CZ0514042;Jestřebsko - Dokesko;Pulsatilla patens;Cévnaté rostliny;Kozí kámen;Kozí kámen;5353d;RP SCHKO Kokořínsko - Máchův kraj;Krajský úřad Libereckého kraje, AOPK ČR - RP SCHKO Kokořínsko - Máchův kraj;2010-04-14;2021-04-15;11772503;2021-04-15;1;CELKOVE_SUM;NA;NA;NA;NA;NA;;;2;NA
2021;CZ0514042;Jestřebsko - Dokesko;Pulsatilla patens;Cévnaté rostliny;Kozí kámen;Kozí kámen;5353d;RP SCHKO Kokořínsko - Máchův kraj;Krajský úřad Libereckého kraje, AOPK ČR - RP SCHKO Kokořínsko - Máchův kraj;2010-04-14;2021-04-15;11772503;2021-04-15;1;POP_POCET;trsů;min;minmax;ano;lok;70;alespoň 70 trsů;0;0
2021;CZ0514042;Jestřebsko - Dokesko;Pulsatilla patens;Cévnaté rostliny;Kozí kámen;Kozí kámen;5353d;RP SCHKO Kokořínsko - Máchův kraj;Krajský úřad Libereckého kraje, AOPK ČR - RP SCHKO Kokořínsko - Máchův kraj;2010-04-14;2021-04-15;11772503;2021-04-15;1;POP_POSKPERC;počet trsů;max;minmax;ne;lok;1;nejvýš 1 počet trsů;0;1
2021;CZ0514042;Jestřebsko - Dokesko;Pulsatilla patens;Cévnaté rostliny;Kozí kámen;Kozí kámen;5353d;RP SCHKO Kokořínsko - Máchův kraj;Krajský úřad Libereckého kraje, AOPK ČR - RP SCHKO Kokořínsko - Máchův kraj;2010-04-14;2021-04-15;11772503;2021-04-15;1;POP_POSKPOC;počet typů poškození rostlin;max;minmax;ne;lok;2;nejvýš 2 počet typů poškození rostlin;0;1
2021;CZ0514042;Jestřebsko - Dokesko;Pulsatilla patens;Cévnaté rostliny;Kozí kámen;Kozí kámen;5353d;RP SCHKO Kokořínsko - Máchův kraj;Krajský úřad Libereckého kraje, AOPK ČR - RP SCHKO Kokořínsko - Máchův kraj;2010-04-14;2021-04-15;11772503;2021-04-15;1;POP_TREND;posledních dvou let s menším počtem jedinců než je referenční hodnota;max;minmax;ano;lok;1;nejvýš 1 posledních dvou let s menším počtem jedinců než je referenční hodnota;2;0
2021;CZ0514042;Jestřebsko - Dokesko;Pulsatilla patens;Cévnaté rostliny;Kozí kámen;Kozí kámen;5353d;RP SCHKO Kokořínsko - Máchův kraj;Krajský úřad Libereckého kraje, AOPK ČR - RP SCHKO Kokořínsko - Máchův kraj;2010-04-14;2021-04-15;11772503;2021-04-15;1;POP_VITAL;% počtu trsů;min;minmax;ano;lok;30;alespoň 30 % počtu trsů;neznámý;NA
2021;CZ0514042;Jestřebsko - Dokesko;Pulsatilla patens;Cévnaté rostliny;Kozí kámen;Kozí kámen;5353d;RP SCHKO Kokořínsko - Máchův kraj;Krajský úřad Libereckého kraje, AOPK ČR - RP SCHKO Kokořínsko - Máchův kraj;2010-04-14;2021-04-15;11772503;2021-04-15;1;STA_POKRDREV;NA;val;val;ne;lok;0;0, do 5 %, 5-25 %;neznámý;NA
2021;CZ0514042;Jestřebsko - Dokesko;Pulsatilla patens;Cévnaté rostliny;Kozí kámen;Kozí kámen;5353d;RP SCHKO Kokořínsko - Máchův kraj;Krajský úřad Libereckého kraje, AOPK ČR - RP SCHKO Kokořínsko - Máchův kraj;2010-04-14;2021-04-15;11772503;2021-04-15;1;STA_POKRSTAR;NA;val;val;ne;lok;0;0, do 5 %, 5-25 %;neznámý;NA
2021;CZ0514042;Jestřebsko - Dokesko;Pulsatilla patens;Cévnaté rostliny;Kozí kámen;Kozí kámen;5353d;RP SCHKO Kokořínsko - Máchův kraj;Krajský úřad Libereckého kraje, AOPK ČR - RP SCHKO Kokořínsko - Máchův kraj;2010-04-14;2021-04-15;11772503;2021-04-15;1;STA_POKRYVNOSTEXPANZNI;NA;val;val;ne;lok;0;0, do 5 %, 5-25 %;neznámý;NA
2021;CZ0514042;Jestřebsko - Dokesko;Pulsatilla patens;Cévnaté rostliny;Kozí kámen;Kozí kámen;5353d;RP SCHKO Kokořínsko - Máchův kraj;Krajský úřad Libereckého kraje, AOPK ČR - RP SCHKO Kokořínsko - Máchův kraj;2010-04-14;2021-04-15;11772503;2021-04-15;1;STA_POKRYVNOSTINVAZNI;NA;val;val;ne;lok;0;0, do 5 %;neznámý;NA
2024;CZ0514042;Jestřebsko - Dokesko;Pulsatilla patens;Cévnaté rostliny;Ppat001;Jindřichova skála;5354c;RP SCHKO Kokořínsko - Máchův kraj;Krajský úřad Libereckého kraje, AOPK ČR - RP SCHKO Kokořínsko - Máchův kraj;2022-04-07;2024-04-04;13029318;2024-04-04;1;CELKOVE_HODNOCENI;NA;NA;NA;NA;lok;NA;NA;špatný;0
2024;CZ0514042;Jestřebsko - Dokesko;Pulsatilla patens;Cévnaté rostliny;Ppat001;Jindřichova skála;5354c;RP SCHKO Kokořínsko - Máchův kraj;Krajský úřad Libereckého kraje, AOPK ČR - RP SCHKO Kokořínsko - Máchův kraj;2022-04-07;2024-04-04;13029318;2024-04-04;1;CELKOVE_SUM;NA;NA;NA;NA;NA;;;4;NA
2024;CZ0514042;Jestřebsko - Dokesko;Pulsatilla patens;Cévnaté rostliny;Ppat001;Jindřichova skála;5354c;RP SCHKO Kokořínsko - Máchův kraj;Krajský úřad Libereckého kraje, AOPK ČR - RP SCHKO Kokořínsko - Máchův kraj;2022-04-07;2024-04-04;13029318;2024-04-04;1;POP_POCET;trsů;min;minmax;ano;lok;70;alespoň 70 trsů;52;0
2024;CZ0514042;Jestřebsko - Dokesko;Pulsatilla patens;Cévnaté rostliny;Ppat001;Jindřichova skála;5354c;RP SCHKO Kokořínsko - Máchův kraj;Krajský úřad Libereckého kraje, AOPK ČR - RP SCHKO Kokořínsko - Máchův kraj;2022-04-07;2024-04-04;13029318;2024-04-04;1;POP_POSKPERC;počet trsů;max;minmax;ne;lok;1;nejvýš 1 počet trsů;0;1
2024;CZ0514042;Jestřebsko - Dokesko;Pulsatilla patens;Cévnaté rostliny;Ppat001;Jindřichova skála;5354c;RP SCHKO Kokořínsko - Máchův kraj;Krajský úřad Libereckého kraje, AOPK ČR - RP SCHKO Kokořínsko - Máchův kraj;2022-04-07;2024-04-04;13029318;2024-04-04;1;POP_POSKPOC;počet typů poškození rostlin;max;minmax;ne;lok;2;nejvýš 2 počet typů poškození rostlin;0;1
2024;CZ0514042;Jestřebsko - Dokesko;Pulsatilla patens;Cévnaté rostliny;Ppat001;Jindřichova skála;5354c;RP SCHKO Kokořínsko - Máchův kraj;Krajský úřad Libereckého kraje, AOPK ČR - RP SCHKO Kokořínsko - Máchův kraj;2022-04-07;2024-04-04;13029318;2024-04-04;1;POP_TREND;posledních dvou let s menším počtem jedinců než je referenční hodnota;max;minmax;ano;lok;1;nejvýš 1 posledních dvou let s menším počtem jedinců než je referenční hodnota;2;0
2024;CZ0514042;Jestřebsko - Dokesko;Pulsatilla patens;Cévnaté rostliny;Ppat001;Jindřichova skála;5354c;RP SCHKO Kokořínsko - Máchův kraj;Krajský úřad Libereckého kraje, AOPK ČR - RP SCHKO Kokořínsko - Máchův kraj;2022-04-07;2024-04-04;13029318;2024-04-04;1;POP_VITAL;% počtu trsů;min;minmax;ano;lok;30;alespoň 30 % počtu trsů;7.69230769230769;0
2024;CZ0514042;Jestřebsko - Dokesko;Pulsatilla patens;Cévnaté rostliny;Ppat001;Jindřichova skála;5354c;RP SCHKO Kokořínsko - Máchův kraj;Krajský úřad Libereckého kraje, AOPK ČR - RP SCHKO Kokořínsko - Máchův kraj;2022-04-07;2024-04-04;13029318;2024-04-04;1;STA_POKRDREV;NA;val;val;ne;lok;0;0, do 5 %, 5-25 %;25-50 %;0
2024;CZ0514042;Jestřebsko - Dokesko;Pulsatilla patens;Cévnaté rostliny;Ppat001;Jindřichova skála;5354c;RP SCHKO Kokořínsko - Máchův kraj;Krajský úřad Libereckého kraje, AOPK ČR - RP SCHKO Kokořínsko - Máchův kraj;2022-04-07;2024-04-04;13029318;2024-04-04;1;STA_POKRSTAR;NA;val;val;ne;lok;0;0, do 5 %, 5-25 %;50-75 %;0
2024;CZ0514042;Jestřebsko - Dokesko;Pulsatilla patens;Cévnaté rostliny;Ppat001;Jindřichova skála;5354c;RP SCHKO Kokořínsko - Máchův kraj;Krajský úřad Libereckého kraje, AOPK ČR - RP SCHKO Kokořínsko - Máchův kraj;2022-04-07;2024-04-04;13029318;2024-04-04;1;STA_POKRYVNOSTEXPANZNI;NA;val;val;ne;lok;0;0, do 5 %, 5-25 %;0;1
2024;CZ0514042;Jestřebsko - Dokesko;Pulsatilla patens;Cévnaté rostliny;Ppat001;Jindřichova skála;5354c;RP SCHKO Kokořínsko - Máchův kraj;Krajský úřad Libereckého kraje, AOPK ČR - RP SCHKO Kokořínsko - Máchův kraj;2022-04-07;2024-04-04;13029318;2024-04-04;1;STA_POKRYVNOSTINVAZNI;NA;val;val;ne;lok;0;0, do 5 %;0;1
2024;CZ0514042;Jestřebsko - Dokesko;Pulsatilla patens;Cévnaté rostliny;Ppat002;Kozí kámen;5353d;RP SCHKO Kokořínsko - Máchův kraj;Krajský úřad Libereckého kraje, AOPK ČR - RP SCHKO Kokořínsko - Máchův kraj;2022-04-06;2024-04-04;13029323;2024-04-04;1;CELKOVE_HODNOCENI;NA;NA;NA;NA;lok;NA;NA;špatný;0
2024;CZ0514042;Jestřebsko - Dokesko;Pulsatilla patens;Cévnaté rostliny;Ppat002;Kozí kámen;5353d;RP SCHKO Kokořínsko - Máchův kraj;Krajský úřad Libereckého kraje, AOPK ČR - RP SCHKO Kokořínsko - Máchův kraj;2022-04-06;2024-04-04;13029323;2024-04-04;1;CELKOVE_SUM;NA;NA;NA;NA;NA;;;5;NA
2024;CZ0514042;Jestřebsko - Dokesko;Pulsatilla patens;Cévnaté rostliny;Ppat002;Kozí kámen;5353d;RP SCHKO Kokořínsko - Máchův kraj;Krajský úřad Libereckého kraje, AOPK ČR - RP SCHKO Kokořínsko - Máchův kraj;2022-04-06;2024-04-04;13029323;2024-04-04;1;POP_POCET;trsů;min;minmax;ano;lok;70;alespoň 70 trsů;14;0
2024;CZ0514042;Jestřebsko - Dokesko;Pulsatilla patens;Cévnaté rostliny;Ppat002;Kozí kámen;5353d;RP SCHKO Kokořínsko - Máchův kraj;Krajský úřad Libereckého kraje, AOPK ČR - RP SCHKO Kokořínsko - Máchův kraj;2022-04-06;2024-04-04;13029323;2024-04-04;1;POP_POSKPERC;počet trsů;max;minmax;ne;lok;1;nejvýš 1 počet trsů;0;1
2024;CZ0514042;Jestřebsko - Dokesko;Pulsatilla patens;Cévnaté rostliny;Ppat002;Kozí kámen;5353d;RP SCHKO Kokořínsko - Máchův kraj;Krajský úřad Libereckého kraje, AOPK ČR - RP SCHKO Kokořínsko - Máchův kraj;2022-04-06;2024-04-04;13029323;2024-04-04;1;POP_POSKPOC;počet typů poškození rostlin;max;minmax;ne;lok;2;nejvýš 2 počet typů poškození rostlin;0;1
2024;CZ0514042;Jestřebsko - Dokesko;Pulsatilla patens;Cévnaté rostliny;Ppat002;Kozí kámen;5353d;RP SCHKO Kokořínsko - Máchův kraj;Krajský úřad Libereckého kraje, AOPK ČR - RP SCHKO Kokořínsko - Máchův kraj;2022-04-06;2024-04-04;13029323;2024-04-04;1;POP_TREND;posledních dvou let s menším počtem jedinců než je referenční hodnota;max;minmax;ano;lok;1;nejvýš 1 posledních dvou let s menším počtem jedinců než je referenční hodnota;2;0
2024;CZ0514042;Jestřebsko - Dokesko;Pulsatilla patens;Cévnaté rostliny;Ppat002;Kozí kámen;5353d;RP SCHKO Kokořínsko - Máchův kraj;Krajský úřad Libereckého kraje, AOPK ČR - RP SCHKO Kokořínsko - Máchův kraj;2022-04-06;2024-04-04;13029323;2024-04-04;1;POP_VITAL;% počtu trsů;min;minmax;ano;lok;30;alespoň 30 % počtu trsů;14.2857142857143;0
2024;CZ0514042;Jestřebsko - Dokesko;Pulsatilla patens;Cévnaté rostliny;Ppat002;Kozí kámen;5353d;RP SCHKO Kokořínsko - Máchův kraj;Krajský úřad Libereckého kraje, AOPK ČR - RP SCHKO Kokořínsko - Máchův kraj;2022-04-06;2024-04-04;13029323;2024-04-04;1;STA_POKRDREV;NA;val;val;ne;lok;0;0, do 5 %, 5-25 %;5-25 %;1
2024;CZ0514042;Jestřebsko - Dokesko;Pulsatilla patens;Cévnaté rostliny;Ppat002;Kozí kámen;5353d;RP SCHKO Kokořínsko - Máchův kraj;Krajský úřad Libereckého kraje, AOPK ČR - RP SCHKO Kokořínsko - Máchův kraj;2022-04-06;2024-04-04;13029323;2024-04-04;1;STA_POKRSTAR;NA;val;val;ne;lok;0;0, do 5 %, 5-25 %;25-50 %;0
2024;CZ0514042;Jestřebsko - Dokesko;Pulsatilla patens;Cévnaté rostliny;Ppat002;Kozí kámen;5353d;RP SCHKO Kokořínsko - Máchův kraj;Krajský úřad Libereckého kraje, AOPK ČR - RP SCHKO Kokořínsko - Máchův kraj;2022-04-06;2024-04-04;13029323;2024-04-04;1;STA_POKRYVNOSTEXPANZNI;NA;val;val;ne;lok;0;0, do 5 %, 5-25 %;0;1
2024;CZ0514042;Jestřebsko - Dokesko;Pulsatilla patens;Cévnaté rostliny;Ppat002;Kozí kámen;5353d;RP SCHKO Kokořínsko - Máchův kraj;Krajský úřad Libereckého kraje, AOPK ČR - RP SCHKO Kokořínsko - Máchův kraj;2022-04-06;2024-04-04;13029323;2024-04-04;1;STA_POKRYVNOSTINVAZNI;NA;val;val;ne;lok;0;0, do 5 %;0;1
