"typ_predmetu_hodnoceni","kod_chu","nazev_chu","druh","feature_code","hodnocene_obdobi_od","hodnocene_obdobi_do","oop","parametr_nazev","parametr_hodnota","parametr_limit","parametr_jednotka","stav","trend","datum_hodnoceni","pracoviste","ind_nadr","metodika"
"Druh","CZ0524044","Krkonoše","Campanula bohemica",NA,1990-01-01,2024-08-08,"AOPK ÈR - RP Liberecko, Správa KRNAP, Krajský úøad Libereckého kraje","LOK_PROCDOBR","10.169","50","% lokalit v dobrém stavu","špatný","neznámý",2026-01-19,"RP Liberecko",NA,15087
"Druh","CZ0524044","Krkonoše","Campanula bohemica",NA,1990-01-01,2024-08-08,"AOPK ÈR - RP Liberecko, Správa KRNAP, Krajský úøad Libereckého kraje","POP_PROCDOB","35.169","50","% populace v dobrém stavu","špatný","neznámý",2026-01-19,"RP Liberecko",NA,15087
"Druh","CZ0524044","Krkonoše","Campanula bohemica",NA,1990-01-01,2024-08-08,"AOPK ÈR - RP Liberecko, Správa KRNAP, Krajský úøad Libereckého kraje","10","špatný",NA,NA,"špatný","neznámý",2026-01-19,"RP Liberecko",NA,15087
"Druh","CZ0712186","Hrdiboøické rybníky","Angelica palustris",NA,2000-08-14,2024-04-24,"AOPK ÈR - RP Olomoucko","LOK_PROCDOBR","0","50","% lokalit v dobrém stavu","špatný","neznámý",2026-01-19,"RP Olomoucko",NA,15087
"Druh","CZ0712186","Hrdiboøické rybníky","Angelica palustris",NA,2000-08-14,2024-04-24,"AOPK ÈR - RP Olomoucko","POP_PROCDOB","0","50","% populace v dobrém stavu","špatný","neznámý",2026-01-19,"RP Olomoucko",NA,15087
"Druh","CZ0712186","Hrdiboøické rybníky","Angelica palustris",NA,2000-08-14,2024-04-24,"AOPK ÈR - RP Olomoucko","10","špatný",NA,NA,"špatný","neznámý",2026-01-19,"RP Olomoucko",NA,15087
"Druh","CZ0322055","Drahotínský les","Asplenium adulterinum",NA,2001-01-01,2024-07-03,"Krajský úøad Plzeòského kraje","LOK_PROCDOBR","0","50","% lokalit v dobrém stavu","špatný","neznámý",2026-01-19,"RP SCHKO Èeský les",NA,15087
"Druh","CZ0322055","Drahotínský les","Asplenium adulterinum",NA,2001-01-01,2024-07-03,"Krajský úøad Plzeòského kraje","POP_PROCDOB","0","50","% populace v dobrém stavu","špatný","neznámý",2026-01-19,"RP SCHKO Èeský les",NA,15087
"Druh","CZ0322055","Drahotínský les","Asplenium adulterinum",NA,2001-01-01,2024-07-03,"Krajský úøad Plzeòského kraje","10","špatný",NA,NA,"špatný","neznámý",2026-01-19,"RP SCHKO Èeský les",NA,15087
"Druh","CZ0412065","Medvìdí rozhledy","Asplenium adulterinum",NA,2000-01-01,2018-10-25,"AOPK ÈR - RP SCHKO Slavkovský les","LOK_PROCDOBR","0","50","% lokalit v dobrém stavu","špatný","neznámý",2026-01-19,"RP SCHKO Slavkovský les",NA,15087
"Druh","CZ0412065","Medvìdí rozhledy","Asplenium adulterinum",NA,2000-01-01,2018-10-25,"AOPK ÈR - RP SCHKO Slavkovský les","POP_PROCDOB","0","50","% populace v dobrém stavu","špatný","neznámý",2026-01-19,"RP SCHKO Slavkovský les",NA,15087
"Druh","CZ0412065","Medvìdí rozhledy","Asplenium adulterinum",NA,2000-01-01,2018-10-25,"AOPK ÈR - RP SCHKO Slavkovský les","10","špatný",NA,NA,"špatný","neznámý",2026-01-19,"RP SCHKO Slavkovský les",NA,15087
"Druh","CZ0412069","Pramenské pastviny","Asplenium adulterinum",NA,2000-01-01,2018-11-14,"AOPK ÈR - RP SCHKO Slavkovský les","LOK_PROCDOBR","0","50","% lokalit v dobrém stavu","špatný","neznámý",2026-01-19,"RP SCHKO Slavkovský les",NA,15087
"Druh","CZ0412069","Pramenské pastviny","Asplenium adulterinum",NA,2000-01-01,2018-11-14,"AOPK ÈR - RP SCHKO Slavkovský les","POP_PROCDOB","0","50","% populace v dobrém stavu","špatný","neznámý",2026-01-19,"RP SCHKO Slavkovský les",NA,15087
"Druh","CZ0412069","Pramenské pastviny","Asplenium adulterinum",NA,2000-01-01,2018-11-14,"AOPK ÈR - RP SCHKO Slavkovský les","10","špatný",NA,NA,"špatný","neznámý",2026-01-19,"RP SCHKO Slavkovský les",NA,15087
"Druh","CZ0412070","Raušenbašská lada","Asplenium adulterinum",NA,2000-01-01,2022-12-01,"AOPK ÈR - RP SCHKO Slavkovský les","LOK_PROCDOBR","0","50","% lokalit v dobrém stavu","špatný","neznámý",2026-01-19,"RP SCHKO Slavkovský les",NA,15087
"Druh","CZ0412070","Raušenbašská lada","Asplenium adulterinum",NA,2000-01-01,2022-12-01,"AOPK ÈR - RP SCHKO Slavkovský les","POP_PROCDOB","0","50","% populace v dobrém stavu","špatný","neznámý",2026-01-19,"RP SCHKO Slavkovský les",NA,15087
"Druh","CZ0412070","Raušenbašská lada","Asplenium adulterinum",NA,2000-01-01,2022-12-01,"AOPK ÈR - RP SCHKO Slavkovský les","10","špatný",NA,NA,"špatný","neznámý",2026-01-19,"RP SCHKO Slavkovský les",NA,15087
"Druh","CZ0412071","Skalka pod Tisovým vrchem","Asplenium adulterinum",NA,2001-05-27,2018-06-14,"AOPK ÈR - RP SCHKO Slavkovský les","LOK_PROCDOBR","0","50","% lokalit v dobrém stavu","špatný","neznámý",2026-01-19,"RP SCHKO Slavkovský les",NA,15087
"Druh","CZ0412071","Skalka pod Tisovým vrchem","Asplenium adulterinum",NA,2001-05-27,2018-06-14,"AOPK ÈR - RP SCHKO Slavkovský les","POP_PROCDOB","0","50","% populace v dobrém stavu","špatný","neznámý",2026-01-19,"RP SCHKO Slavkovský les",NA,15087
"Druh","CZ0412071","Skalka pod Tisovým vrchem","Asplenium adulterinum",NA,2001-05-27,2018-06-14,"AOPK ÈR - RP SCHKO Slavkovský les","10","špatný",NA,NA,"špatný","neznámý",2026-01-19,"RP SCHKO Slavkovský les",NA,15087
"Druh","CZ0414026","Úpolínová louka - Køížky","Asplenium adulterinum",NA,2000-01-01,2024-05-25,"AOPK ÈR - RP SCHKO Slavkovský les","LOK_PROCDOBR","0","50","% lokalit v dobrém stavu","špatný","neznámý",2026-01-19,"RP SCHKO Slavkovský les",NA,15087
"Druh","CZ0414026","Úpolínová louka - Køížky","Asplenium adulterinum",NA,2000-01-01,2024-05-25,"AOPK ÈR - RP SCHKO Slavkovský les","POP_PROCDOB","0","50","% populace v dobrém stavu","špatný","neznámý",2026-01-19,"RP SCHKO Slavkovský les",NA,15087
"Druh","CZ0414026","Úpolínová louka - Køížky","Asplenium adulterinum",NA,2000-01-01,2024-05-25,"AOPK ÈR - RP SCHKO Slavkovský les","10","špatný",NA,NA,"špatný","neznámý",2026-01-19,"RP SCHKO Slavkovský les",NA,15087
"Druh","CZ0622142","Rojetínský hadec","Asplenium adulterinum",NA,2002-07-01,2024-06-12,"Krajský úøad Jihomoravského kraje","LOK_PROCDOBR","33.333","50","% lokalit v dobrém stavu","špatný","neznámý",2026-01-19,"RP Jižní Morava",NA,15087
"Druh","CZ0622142","Rojetínský hadec","Asplenium adulterinum",NA,2002-07-01,2024-06-12,"Krajský úøad Jihomoravského kraje","POP_PROCDOB","0","50","% populace v dobrém stavu","špatný","neznámý",2026-01-19,"RP Jižní Morava",NA,15087
"Druh","CZ0622142","Rojetínský hadec","Asplenium adulterinum",NA,2002-07-01,2024-06-12,"Krajský úøad Jihomoravského kraje","10","špatný",NA,NA,"špatný","neznámý",2026-01-19,"RP Jižní Morava",NA,15087
"Druh","CZ0712187","Chrastický hadec","Asplenium adulterinum",NA,2000-01-01,2022-04-10,"Krajský úøad Olomouckého kraje","LOK_PROCDOBR","0","50","% lokalit v dobrém stavu","špatný","neznámý",2026-01-19,"RP Olomoucko",NA,15087
"Druh","CZ0712187","Chrastický hadec","Asplenium adulterinum",NA,2000-01-01,2022-04-10,"Krajský úøad Olomouckého kraje","POP_PROCDOB","0","50","% populace v dobrém stavu","špatný","neznámý",2026-01-19,"RP Olomoucko",NA,15087
"Druh","CZ0712187","Chrastický hadec","Asplenium adulterinum",NA,2000-01-01,2022-04-10,"Krajský úøad Olomouckého kraje","10","špatný",NA,NA,"špatný","neznámý",2026-01-19,"RP Olomoucko",NA,15087
"Druh","CZ0712197","Žïár","Asplenium adulterinum",NA,2006-01-01,2024-10-16,"Krajský úøad Olomouckého kraje","LOK_PROCDOBR","0","50","% lokalit v dobrém stavu","špatný","neznámý",2026-01-19,"RP Olomoucko",NA,15087
"Druh","CZ0712197","Žïár","Asplenium adulterinum",NA,2006-01-01,2024-10-16,"Krajský úøad Olomouckého kraje","POP_PROCDOB","0","50","% populace v dobrém stavu","špatný","neznámý",2026-01-19,"RP Olomoucko",NA,15087
"Druh","CZ0712197","Žïár","Asplenium adulterinum",NA,2006-01-01,2024-10-16,"Krajský úøad Olomouckého kraje","10","špatný",NA,NA,"špatný","neznámý",2026-01-19,"RP Olomoucko",NA,15087
"Druh","CZ0714084","Hadce a buèiny u Raškova","Asplenium adulterinum",NA,2000-01-01,2024-10-14,"Krajský úøad Olomouckého kraje","LOK_PROCDOBR","0","50","% lokalit v dobrém stavu","špatný","neznámý",2026-01-19,"RP Olomoucko",NA,15087
"Druh","CZ0714084","Hadce a buèiny u Raškova","Asplenium adulterinum",NA,2000-01-01,2024-10-14,"Krajský úøad Olomouckého kraje","POP_PROCDOB","0","50","% populace v dobrém stavu","špatný","neznámý",2026-01-19,"RP Olomoucko",NA,15087
"Druh","CZ0714084","Hadce a buèiny u Raškova","Asplenium adulterinum",NA,2000-01-01,2024-10-14,"Krajský úøad Olomouckého kraje","10","špatný",NA,NA,"špatný","neznámý",2026-01-19,"RP Olomoucko",NA,15087
"Druh","CZ0212004","Malíkovická stráò","Cypripedium calceolus",NA,2006-05-29,2024-06-07,"Krajský úøad Støedoèeského kraje","LOK_PROCDOBR","0","50","% lokalit v dobrém stavu","špatný","neznámý",2026-01-19,"RP Støední Èechy",NA,15087
"Druh","CZ0212004","Malíkovická stráò","Cypripedium calceolus",NA,2006-05-29,2024-06-07,"Krajský úøad Støedoèeského kraje","POP_PROCDOB","0","50","% populace v dobrém stavu","špatný","neznámý",2026-01-19,"RP Støední Èechy",NA,15087
"Druh","CZ0212004","Malíkovická stráò","Cypripedium calceolus",NA,2006-05-29,2024-06-07,"Krajský úøad Støedoèeského kraje","10","špatný",NA,NA,"špatný","neznámý",2026-01-19,"RP Støední Èechy",NA,15087
"Druh","CZ0212019","Smradovna","Cypripedium calceolus",NA,2001-06-01,2024-05-19,"AOPK ÈR - RP Støední Èechy, Krajský úøad Støedoèeského kraje","LOK_PROCDOBR","0","50","% lokalit v dobrém stavu","špatný","neznámý",2026-01-19,"RP Støední Èechy",NA,15087
"Druh","CZ0212019","Smradovna","Cypripedium calceolus",NA,2001-06-01,2024-05-19,"AOPK ÈR - RP Støední Èechy, Krajský úøad Støedoèeského kraje","POP_PROCDOB","0","50","% populace v dobrém stavu","špatný","neznámý",2026-01-19,"RP Støední Èechy",NA,15087
"Druh","CZ0212019","Smradovna","Cypripedium calceolus",NA,2001-06-01,2024-05-19,"AOPK ÈR - RP Støední Èechy, Krajský úøad Støedoèeského kraje","10","špatný",NA,NA,"špatný","neznámý",2026-01-19,"RP Støední Èechy",NA,15087
"Druh","CZ0212022","Slepeè","Cypripedium calceolus",NA,2000-01-01,2023-06-13,"Krajský úøad Støedoèeského kraje","LOK_PROCDOBR","0","50","% lokalit v dobrém stavu","špatný","neznámý",2026-01-19,"RP SCHKO Kokoøínsko - Máchùv kraj",NA,15087
"Druh","CZ0212022","Slepeè","Cypripedium calceolus",NA,2000-01-01,2023-06-13,"Krajský úøad Støedoèeského kraje","POP_PROCDOB","0","50","% populace v dobrém stavu","špatný","neznámý",2026-01-19,"RP SCHKO Kokoøínsko - Máchùv kraj",NA,15087
"Druh","CZ0212022","Slepeè","Cypripedium calceolus",NA,2000-01-01,2023-06-13,"Krajský úøad Støedoèeského kraje","10","špatný",NA,NA,"špatný","neznámý",2026-01-19,"RP SCHKO Kokoøínsko - Máchùv kraj",NA,15087
"Druh","CZ0212024","Èervené dolíky","Cypripedium calceolus",NA,2000-01-01,2023-07-19,"Krajský úøad Støedoèeského kraje, AOPK ÈR - RP Støední Èechy","LOK_PROCDOBR","0","50","% lokalit v dobrém stavu","špatný","neznámý",2026-01-19,"RP Støední Èechy",NA,15087
"Druh","CZ0212024","Èervené dolíky","Cypripedium calceolus",NA,2000-01-01,2023-07-19,"Krajský úøad Støedoèeského kraje, AOPK ÈR - RP Støední Èechy","POP_PROCDOB","0","50","% populace v dobrém stavu","špatný","neznámý",2026-01-19,"RP Støední Èechy",NA,15087
"Druh","CZ0212024","Èervené dolíky","Cypripedium calceolus",NA,2000-01-01,2023-07-19,"Krajský úøad Støedoèeského kraje, AOPK ÈR - RP Støední Èechy","10","špatný",NA,NA,"špatný","neznámý",2026-01-19,"RP Støední Èechy",NA,15087
"Druh","CZ0212025","Ostrov u Jedomìlic","Cypripedium calceolus",NA,2012-05-24,2023-07-19,"Krajský úøad Støedoèeského kraje","LOK_PROCDOBR","0","50","% lokalit v dobrém stavu","špatný","neznámý",2026-01-19,"RP Støední Èechy",NA,15087
"Druh","CZ0212025","Ostrov u Jedomìlic","Cypripedium calceolus",NA,2012-05-24,2023-07-19,"Krajský úøad Støedoèeského kraje","POP_PROCDOB","0","50","% populace v dobrém stavu","špatný","neznámý",2026-01-19,"RP Støední Èechy",NA,15087
"Druh","CZ0212025","Ostrov u Jedomìlic","Cypripedium calceolus",NA,2012-05-24,2023-07-19,"Krajský úøad Støedoèeského kraje","10","špatný",NA,NA,"špatný","neznámý",2026-01-19,"RP Støední Èechy",NA,15087
"Druh","CZ0214010","Dománovický les","Cypripedium calceolus",NA,2000-01-01,2024-05-23,"Krajský úøad Støedoèeského kraje","LOK_PROCDOBR","0","50","% lokalit v dobrém stavu","špatný","neznámý",2026-01-19,"RP Støední Èechy",NA,15087
"Druh","CZ0214010","Dománovický les","Cypripedium calceolus",NA,2000-01-01,2024-05-23,"Krajský úøad Støedoèeského kraje","POP_PROCDOB","0","50","% populace v dobrém stavu","špatný","neznámý",2026-01-19,"RP Støední Èechy",NA,15087
"Druh","CZ0214010","Dománovický les","Cypripedium calceolus",NA,2000-01-01,2024-05-23,"Krajský úøad Støedoèeského kraje","10","špatný",NA,NA,"špatný","neznámý",2026-01-19,"RP Støední Èechy",NA,15087
"Druh","CZ0214013","Kokoøínsko","Cypripedium calceolus",NA,2002-01-01,2024-06-07,"AOPK ÈR - RP SCHKO Kokoøínsko - Máchùv kraj, Krajský úøad Støedoèeského kraje","LOK_PROCDOBR","0","50","% lokalit v dobrém stavu","špatný","neznámý",2026-01-19,"RP SCHKO Kokoøínsko - Máchùv kraj",NA,15087
"Druh","CZ0214013","Kokoøínsko","Cypripedium calceolus",NA,2002-01-01,2024-06-07,"AOPK ÈR - RP SCHKO Kokoøínsko - Máchùv kraj, Krajský úøad Støedoèeského kraje","POP_PROCDOB","0","50","% populace v dobrém stavu","špatný","neznámý",2026-01-19,"RP SCHKO Kokoøínsko - Máchùv kraj",NA,15087
"Druh","CZ0214013","Kokoøínsko","Cypripedium calceolus",NA,2002-01-01,2024-06-07,"AOPK ÈR - RP SCHKO Kokoøínsko - Máchùv kraj, Krajský úøad Støedoèeského kraje","10","špatný",NA,NA,"špatný","neznámý",2026-01-19,"RP SCHKO Kokoøínsko - Máchùv kraj",NA,15087
"Druh","CZ0422085","Sobìchlebské terasy","Cypripedium calceolus",NA,2001-01-01,2022-06-02,"Krajský úøad Ústeckého kraje","LOK_PROCDOBR","0","50","% lokalit v dobrém stavu","špatný","neznámý",2026-01-19,"RP SCHKO Slavkovský les",NA,15087
"Druh","CZ0422085","Sobìchlebské terasy","Cypripedium calceolus",NA,2001-01-01,2022-06-02,"Krajský úøad Ústeckého kraje","POP_PROCDOB","0","50","% populace v dobrém stavu","špatný","neznámý",2026-01-19,"RP SCHKO Slavkovský les",NA,15087
"Druh","CZ0422085","Sobìchlebské terasy","Cypripedium calceolus",NA,2001-01-01,2022-06-02,"Krajský úøad Ústeckého kraje","10","špatný",NA,NA,"špatný","neznámý",2026-01-19,"RP SCHKO Slavkovský les",NA,15087
"Druh","CZ0422087","V kuksu","Cypripedium calceolus",NA,2008-07-26,2022-05-25,"Krajský úøad Ústeckého kraje","LOK_PROCDOBR","0","50","% lokalit v dobrém stavu","špatný","neznámý",2026-01-19,"RP SCHKO Èeské støedohoøí",NA,15087
"Druh","CZ0422087","V kuksu","Cypripedium calceolus",NA,2008-07-26,2022-05-25,"Krajský úøad Ústeckého kraje","POP_PROCDOB","0","50","% populace v dobrém stavu","špatný","neznámý",2026-01-19,"RP SCHKO Èeské støedohoøí",NA,15087
"Druh","CZ0422087","V kuksu","Cypripedium calceolus",NA,2008-07-26,2022-05-25,"Krajský úøad Ústeckého kraje","10","špatný",NA,NA,"špatný","neznámý",2026-01-19,"RP SCHKO Èeské støedohoøí",NA,15087
"Druh","CZ0424129","Bílé stránì u Litomìøic","Cypripedium calceolus",NA,2001-03-20,2024-05-21,"AOPK ÈR - RP SCHKO Èeské støedohoøí","LOK_PROCDOBR","0","50","% lokalit v dobrém stavu","špatný","neznámý",2026-01-19,"RP SCHKO Èeské støedohoøí",NA,15087
"Druh","CZ0424129","Bílé stránì u Litomìøic","Cypripedium calceolus",NA,2001-03-20,2024-05-21,"AOPK ÈR - RP SCHKO Èeské støedohoøí","POP_PROCDOB","0","50","% populace v dobrém stavu","špatný","neznámý",2026-01-19,"RP SCHKO Èeské støedohoøí",NA,15087
"Druh","CZ0424129","Bílé stránì u Litomìøic","Cypripedium calceolus",NA,2001-03-20,2024-05-21,"AOPK ÈR - RP SCHKO Èeské støedohoøí","10","špatný",NA,NA,"špatný","neznámý",2026-01-19,"RP SCHKO Èeské støedohoøí",NA,15087
"Druh","CZ0522002","Hustíøanský les","Cypripedium calceolus",NA,2006-05-30,2022-05-19,"Krajský úøad Královéhradeckého kraje","LOK_PROCDOBR","0","50","% lokalit v dobrém stavu","špatný","neznámý",2026-01-19,"RP Východní Èechy",NA,15087
"Druh","CZ0522002","Hustíøanský les","Cypripedium calceolus",NA,2006-05-30,2022-05-19,"Krajský úøad Královéhradeckého kraje","POP_PROCDOB","0","50","% populace v dobrém stavu","špatný","neznámý",2026-01-19,"RP Východní Èechy",NA,15087
"Druh","CZ0522002","Hustíøanský les","Cypripedium calceolus",NA,2006-05-30,2022-05-19,"Krajský úøad Královéhradeckého kraje","10","špatný",NA,NA,"špatný","neznámý",2026-01-19,"RP Východní Èechy",NA,15087
"Druh","CZ0522129","Zadní Machová","Cypripedium calceolus",NA,2000-01-01,2024-05-14,"Krajský úøad Královéhradeckého kraje","LOK_PROCDOBR","0","50","% lokalit v dobrém stavu","špatný","neznámý",2026-01-19,"RP Východní Èechy",NA,15087
"Druh","CZ0522129","Zadní Machová","Cypripedium calceolus",NA,2000-01-01,2024-05-14,"Krajský úøad Královéhradeckého kraje","POP_PROCDOB","0","50","% populace v dobrém stavu","špatný","neznámý",2026-01-19,"RP Východní Èechy",NA,15087
"Druh","CZ0522129","Zadní Machová","Cypripedium calceolus",NA,2000-01-01,2024-05-14,"Krajský úøad Královéhradeckého kraje","10","špatný",NA,NA,"špatný","neznámý",2026-01-19,"RP Východní Èechy",NA,15087
"Druh","CZ0524050","Halín","Cypripedium calceolus",NA,2000-01-01,2024-05-14,"Krajský úøad Královéhradeckého kraje","LOK_PROCDOBR","0","50","% lokalit v dobrém stavu","špatný","neznámý",2026-01-19,"RP Východní Èechy",NA,15087
"Druh","CZ0524050","Halín","Cypripedium calceolus",NA,2000-01-01,2024-05-14,"Krajský úøad Královéhradeckého kraje","POP_PROCDOB","0","50","% populace v dobrém stavu","špatný","neznámý",2026-01-19,"RP Východní Èechy",NA,15087
"Druh","CZ0524050","Halín","Cypripedium calceolus",NA,2000-01-01,2024-05-14,"Krajský úøad Královéhradeckého kraje","10","špatný",NA,NA,"špatný","neznámý",2026-01-19,"RP Východní Èechy",NA,15087
"Druh","CZ0532131","U Banínského viaduktu","Cypripedium calceolus",NA,2000-01-01,2024-05-22,"Krajský úøad Pardubického kraje","LOK_PROCDOBR","0","50","% lokalit v dobrém stavu","špatný","neznámý",2026-01-19,"RP Východní Èechy",NA,15087
"Druh","CZ0532131","U Banínského viaduktu","Cypripedium calceolus",NA,2000-01-01,2024-05-22,"Krajský úøad Pardubického kraje","POP_PROCDOB","0","50","% populace v dobrém stavu","špatný","neznámý",2026-01-19,"RP Východní Èechy",NA,15087
"Druh","CZ0532131","U Banínského viaduktu","Cypripedium calceolus",NA,2000-01-01,2024-05-22,"Krajský úøad Pardubického kraje","10","špatný",NA,NA,"špatný","neznámý",2026-01-19,"RP Východní Èechy",NA,15087
"Druh","CZ0532132","Støemošická stráò","Cypripedium calceolus",NA,2000-01-01,2023-05-07,"Krajský úøad Pardubického kraje","LOK_PROCDOBR","0","50","% lokalit v dobrém stavu","špatný","neznámý",2026-01-19,"RP Východní Èechy",NA,15087
"Druh","CZ0532132","Støemošická stráò","Cypripedium calceolus",NA,2000-01-01,2023-05-07,"Krajský úøad Pardubického kraje","POP_PROCDOB","0","50","% populace v dobrém stavu","špatný","neznámý",2026-01-19,"RP Východní Èechy",NA,15087
"Druh","CZ0532132","Støemošická stráò","Cypripedium calceolus",NA,2000-01-01,2023-05-07,"Krajský úøad Pardubického kraje","10","špatný",NA,NA,"špatný","neznámý",2026-01-19,"RP Východní Èechy",NA,15087
"Druh","CZ0612133","Dìdkovo","Cypripedium calceolus",NA,2001-01-01,2024-05-21,"Krajský úøad Kraje Vysoèina","LOK_PROCDOBR","0","50","% lokalit v dobrém stavu","špatný","neznámý",2026-01-19,"RP Vysoèina",NA,15087
"Druh","CZ0612133","Dìdkovo","Cypripedium calceolus",NA,2001-01-01,2024-05-21,"Krajský úøad Kraje Vysoèina","POP_PROCDOB","0","50","% populace v dobrém stavu","špatný","neznámý",2026-01-19,"RP Vysoèina",NA,15087
"Druh","CZ0612133","Dìdkovo","Cypripedium calceolus",NA,2001-01-01,2024-05-21,"Krajský úøad Kraje Vysoèina","10","špatný",NA,NA,"špatný","neznámý",2026-01-19,"RP Vysoèina",NA,15087
"Druh","CZ0622168","Mušenice","Cypripedium calceolus",NA,2001-01-01,2024-04-29,"Krajský úøad Jihomoravského kraje","LOK_PROCDOBR","0","50","% lokalit v dobrém stavu","špatný","neznámý",2026-01-19,"RP Jižní Morava",NA,15087
"Druh","CZ0622168","Mušenice","Cypripedium calceolus",NA,2001-01-01,2024-04-29,"Krajský úøad Jihomoravského kraje","POP_PROCDOB","0","50","% populace v dobrém stavu","špatný","neznámý",2026-01-19,"RP Jižní Morava",NA,15087
"Druh","CZ0622168","Mušenice","Cypripedium calceolus",NA,2001-01-01,2024-04-29,"Krajský úøad Jihomoravského kraje","10","špatný",NA,NA,"špatný","neznámý",2026-01-19,"RP Jižní Morava",NA,15087
"Druh","CZ0622174","V Jezdinách","Cypripedium calceolus",NA,2001-01-01,2024-05-02,"Krajský úøad Jihomoravského kraje","LOK_PROCDOBR","0","50","% lokalit v dobrém stavu","špatný","neznámý",2026-01-19,"RP Jižní Morava",NA,15087
"Druh","CZ0622174","V Jezdinách","Cypripedium calceolus",NA,2001-01-01,2024-05-02,"Krajský úøad Jihomoravského kraje","POP_PROCDOB","0","50","% populace v dobrém stavu","špatný","neznámý",2026-01-19,"RP Jižní Morava",NA,15087
"Druh","CZ0622174","V Jezdinách","Cypripedium calceolus",NA,2001-01-01,2024-05-02,"Krajský úøad Jihomoravského kraje","10","špatný",NA,NA,"špatný","neznámý",2026-01-19,"RP Jižní Morava",NA,15087
"Druh","CZ0624069","Strabišov - Oulehla","Cypripedium calceolus",NA,2000-01-01,2024-05-27,"AOPK ÈR - RP SCHKO Bílé Karpaty, Krajský úøad Jihomoravského kraje, Krajský úøad Zlínského kraje","LOK_PROCDOBR","0","50","% lokalit v dobrém stavu","špatný","neznámý",2026-01-19,"RP Jižní Morava",NA,15087
"Druh","CZ0624069","Strabišov - Oulehla","Cypripedium calceolus",NA,2000-01-01,2024-05-27,"AOPK ÈR - RP SCHKO Bílé Karpaty, Krajský úøad Jihomoravského kraje, Krajský úøad Zlínského kraje","POP_PROCDOB","0","50","% populace v dobrém stavu","špatný","neznámý",2026-01-19,"RP Jižní Morava",NA,15087
"Druh","CZ0624069","Strabišov - Oulehla","Cypripedium calceolus",NA,2000-01-01,2024-05-27,"AOPK ÈR - RP SCHKO Bílé Karpaty, Krajský úøad Jihomoravského kraje, Krajský úøad Zlínského kraje","10","špatný",NA,NA,"špatný","neznámý",2026-01-19,"RP Jižní Morava",NA,15087
"Druh","CZ0624072","Èertoryje","Cypripedium calceolus",NA,2000-01-01,2024-08-08,"AOPK ÈR - RP SCHKO Bílé Karpaty","LOK_PROCDOBR","0","50","% lokalit v dobrém stavu","špatný","neznámý",2026-01-19,"RP SCHKO Bílé Karpaty",NA,15087
"Druh","CZ0624072","Èertoryje","Cypripedium calceolus",NA,2000-01-01,2024-08-08,"AOPK ÈR - RP SCHKO Bílé Karpaty","POP_PROCDOB","0","50","% populace v dobrém stavu","špatný","neznámý",2026-01-19,"RP SCHKO Bílé Karpaty",NA,15087
"Druh","CZ0624072","Èertoryje","Cypripedium calceolus",NA,2000-01-01,2024-08-08,"AOPK ÈR - RP SCHKO Bílé Karpaty","10","špatný",NA,NA,"špatný","neznámý",2026-01-19,"RP SCHKO Bílé Karpaty",NA,15087
"Druh","CZ0624094","Bosonožský hájek","Cypripedium calceolus",NA,2000-01-01,2024-06-23,"Krajský úøad Jihomoravského kraje","LOK_PROCDOBR","0","50","% lokalit v dobrém stavu","špatný","neznámý",2026-01-19,"RP Jižní Morava",NA,15087
"Druh","CZ0624094","Bosonožský hájek","Cypripedium calceolus",NA,2000-01-01,2024-06-23,"Krajský úøad Jihomoravského kraje","POP_PROCDOB","0","50","% populace v dobrém stavu","špatný","neznámý",2026-01-19,"RP Jižní Morava",NA,15087
"Druh","CZ0624094","Bosonožský hájek","Cypripedium calceolus",NA,2000-01-01,2024-06-23,"Krajský úøad Jihomoravského kraje","10","špatný",NA,NA,"špatný","neznámý",2026-01-19,"RP Jižní Morava",NA,15087
"Druh","CZ0624096","Podyjí","Cypripedium calceolus",NA,2000-01-01,2024-04-26,"Správa NP Podyjí","LOK_PROCDOBR","0","50","% lokalit v dobrém stavu","špatný","neznámý",2026-01-19,"RP Jižní Morava",NA,15087
"Druh","CZ0624096","Podyjí","Cypripedium calceolus",NA,2000-01-01,2024-04-26,"Správa NP Podyjí","POP_PROCDOB","0","50","% populace v dobrém stavu","špatný","neznámý",2026-01-19,"RP Jižní Morava",NA,15087
"Druh","CZ0624096","Podyjí","Cypripedium calceolus",NA,2000-01-01,2024-04-26,"Správa NP Podyjí","10","špatný",NA,NA,"špatný","neznámý",2026-01-19,"RP Jižní Morava",NA,15087
"Druh","CZ0624130","Moravský kras","Cypripedium calceolus",NA,2000-01-01,2024-06-05,"AOPK ÈR - RP Jižní Morava, Krajský úøad Jihomoravského kraje","LOK_PROCDOBR","25","50","% lokalit v dobrém stavu","špatný","neznámý",2026-01-19,"RP Jižní Morava",NA,15087
"Druh","CZ0624130","Moravský kras","Cypripedium calceolus",NA,2000-01-01,2024-06-05,"AOPK ÈR - RP Jižní Morava, Krajský úøad Jihomoravského kraje","POP_PROCDOB","46.075","50","% populace v dobrém stavu","špatný","neznámý",2026-01-19,"RP Jižní Morava",NA,15087
"Druh","CZ0624130","Moravský kras","Cypripedium calceolus",NA,2000-01-01,2024-06-05,"AOPK ÈR - RP Jižní Morava, Krajský úøad Jihomoravského kraje","10","špatný",NA,NA,"špatný","neznámý",2026-01-19,"RP Jižní Morava",NA,15087
"Druh","CZ0712189","Pod Rudným vrchem","Cypripedium calceolus",NA,2000-01-01,2023-06-13,"Krajský úøad Olomouckého kraje","LOK_PROCDOBR","0","50","% lokalit v dobrém stavu","špatný","neznámý",2026-01-19,"RP Olomoucko",NA,15087
"Druh","CZ0712189","Pod Rudným vrchem","Cypripedium calceolus",NA,2000-01-01,2023-06-13,"Krajský úøad Olomouckého kraje","POP_PROCDOB","0","50","% populace v dobrém stavu","špatný","neznámý",2026-01-19,"RP Olomoucko",NA,15087
"Druh","CZ0712189","Pod Rudným vrchem","Cypripedium calceolus",NA,2000-01-01,2023-06-13,"Krajský úøad Olomouckého kraje","10","špatný",NA,NA,"špatný","neznámý",2026-01-19,"RP Olomoucko",NA,15087
"Druh","CZ0712226","Poláchovy stránì - Výøí skály","Cypripedium calceolus",NA,2000-01-01,2023-06-08,"Krajský úøad Olomouckého kraje","LOK_PROCDOBR","0","50","% lokalit v dobrém stavu","špatný","neznámý",2026-01-19,"RP Olomoucko",NA,15087
"Druh","CZ0712226","Poláchovy stránì - Výøí skály","Cypripedium calceolus",NA,2000-01-01,2023-06-08,"Krajský úøad Olomouckého kraje","POP_PROCDOB","0","50","% populace v dobrém stavu","špatný","neznámý",2026-01-19,"RP Olomoucko",NA,15087
"Druh","CZ0712226","Poláchovy stránì - Výøí skály","Cypripedium calceolus",NA,2000-01-01,2023-06-08,"Krajský úøad Olomouckého kraje","10","špatný",NA,NA,"špatný","neznámý",2026-01-19,"RP Olomoucko",NA,15087
"Druh","CZ0724090","Bílé Karpaty","Cypripedium calceolus",NA,2000-01-01,2023-06-12,"AOPK ÈR - RP SCHKO Bílé Karpaty","LOK_PROCDOBR","0","50","% lokalit v dobrém stavu","špatný","neznámý",2026-01-19,"RP SCHKO Bílé Karpaty",NA,15087
"Druh","CZ0724090","Bílé Karpaty","Cypripedium calceolus",NA,2000-01-01,2023-06-12,"AOPK ÈR - RP SCHKO Bílé Karpaty","POP_PROCDOB","0","50","% populace v dobrém stavu","špatný","neznámý",2026-01-19,"RP SCHKO Bílé Karpaty",NA,15087
"Druh","CZ0724090","Bílé Karpaty","Cypripedium calceolus",NA,2000-01-01,2023-06-12,"AOPK ÈR - RP SCHKO Bílé Karpaty","10","špatný",NA,NA,"špatný","neznámý",2026-01-19,"RP SCHKO Bílé Karpaty",NA,15087
"Druh","CZ0724089","Beskydy","Aconitum firmum subsp. moravicum",NA,2000-01-01,2024-10-05,"AOPK ÈR - RP Moravskoslezské","LOK_PROCDOBR","1.217","50","% lokalit v dobrém stavu","špatný","neznámý",2026-01-19,"RP Moravskoslezské",NA,15087
"Druh","CZ0724089","Beskydy","Aconitum firmum subsp. moravicum",NA,2000-01-01,2024-10-05,"AOPK ÈR - RP Moravskoslezské","POP_PROCDOB","9.536","50","% populace v dobrém stavu","špatný","neznámý",2026-01-19,"RP Moravskoslezské",NA,15087
"Druh","CZ0724089","Beskydy","Aconitum firmum subsp. moravicum",NA,2000-01-01,2024-10-05,"AOPK ÈR - RP Moravskoslezské","10","špatný",NA,NA,"špatný","neznámý",2026-01-19,"RP Moravskoslezské",NA,15087
"Druh","CZ0212020","Reèkov","Ligularia sibirica",NA,2000-01-01,2022-08-09,"AOPK ÈR - RP SCHKO Kokoøínsko - Máchùv kraj","LOK_PROCDOBR","0","50","% lokalit v dobrém stavu","špatný","neznámý",2026-01-19,"RP SCHKO Kokoøínsko - Máchùv kraj",NA,15087
"Druh","CZ0212020","Reèkov","Ligularia sibirica",NA,2000-01-01,2022-08-09,"AOPK ÈR - RP SCHKO Kokoøínsko - Máchùv kraj","POP_PROCDOB","0","50","% populace v dobrém stavu","špatný","neznámý",2026-01-19,"RP SCHKO Kokoøínsko - Máchùv kraj",NA,15087
"Druh","CZ0212020","Reèkov","Ligularia sibirica",NA,2000-01-01,2022-08-09,"AOPK ÈR - RP SCHKO Kokoøínsko - Máchùv kraj","10","špatný",NA,NA,"špatný","neznámý",2026-01-19,"RP SCHKO Kokoøínsko - Máchùv kraj",NA,15087
"Druh","CZ0214043","Niva Bìlé u Klokoèky","Ligularia sibirica",NA,2000-01-01,2024-07-31,"AOPK ÈR - RP SCHKO Kokoøínsko - Máchùv kraj, Krajský úøad Støedoèeského kraje","LOK_PROCDOBR","0","50","% lokalit v dobrém stavu","špatný","neznámý",2026-01-19,"RP SCHKO Kokoøínsko - Máchùv kraj",NA,15087
"Druh","CZ0214043","Niva Bìlé u Klokoèky","Ligularia sibirica",NA,2000-01-01,2024-07-31,"AOPK ÈR - RP SCHKO Kokoøínsko - Máchùv kraj, Krajský úøad Støedoèeského kraje","POP_PROCDOB","0","50","% populace v dobrém stavu","špatný","neznámý",2026-01-19,"RP SCHKO Kokoøínsko - Máchùv kraj",NA,15087
"Druh","CZ0214043","Niva Bìlé u Klokoèky","Ligularia sibirica",NA,2000-01-01,2024-07-31,"AOPK ÈR - RP SCHKO Kokoøínsko - Máchùv kraj, Krajský úøad Støedoèeského kraje","10","špatný",NA,NA,"špatný","neznámý",2026-01-19,"RP SCHKO Kokoøínsko - Máchùv kraj",NA,15087
"Druh","CZ0314123","Boletice","Ligularia sibirica",NA,2000-03-01,2024-09-17,"AOPK ÈR - RP Jižní Èechy, Krajský úøad Jihoèeského kraje, Správa NP Šumava, Újezdní úøad Boletice","LOK_PROCDOBR","0","50","% lokalit v dobrém stavu","špatný","neznámý",2026-01-19,"RP Jižní Èechy",NA,15087
"Druh","CZ0314123","Boletice","Ligularia sibirica",NA,2000-03-01,2024-09-17,"AOPK ÈR - RP Jižní Èechy, Krajský úøad Jihoèeského kraje, Správa NP Šumava, Újezdní úøad Boletice","POP_PROCDOB","0","50","% populace v dobrém stavu","špatný","neznámý",2026-01-19,"RP Jižní Èechy",NA,15087
"Druh","CZ0314123","Boletice","Ligularia sibirica",NA,2000-03-01,2024-09-17,"AOPK ÈR - RP Jižní Èechy, Krajský úøad Jihoèeského kraje, Správa NP Šumava, Újezdní úøad Boletice","10","špatný",NA,NA,"špatný","neznámý",2026-01-19,"RP Jižní Èechy",NA,15087
"Druh","CZ0514042","Jestøebsko - Dokesko","Ligularia sibirica",NA,2000-08-15,2024-10-02,"Krajský úøad Libereckého kraje, AOPK ÈR - RP SCHKO Kokoøínsko - Máchùv kraj","LOK_PROCDOBR","0","50","% lokalit v dobrém stavu","špatný","neznámý",2026-01-19,"RP SCHKO Kokoøínsko - Máchùv kraj",NA,15087
"Druh","CZ0514042","Jestøebsko - Dokesko","Ligularia sibirica",NA,2000-08-15,2024-10-02,"Krajský úøad Libereckého kraje, AOPK ÈR - RP SCHKO Kokoøínsko - Máchùv kraj","POP_PROCDOB","0","50","% populace v dobrém stavu","špatný","neznámý",2026-01-19,"RP SCHKO Kokoøínsko - Máchùv kraj",NA,15087
"Druh","CZ0514042","Jestøebsko - Dokesko","Ligularia sibirica",NA,2000-08-15,2024-10-02,"Krajský úøad Libereckého kraje, AOPK ÈR - RP SCHKO Kokoøínsko - Máchùv kraj","10","špatný",NA,NA,"špatný","neznámý",2026-01-19,"RP SCHKO Kokoøínsko - Máchùv kraj",NA,15087
"Druh","CZ0212021","Slatinná louka u Velenky","Gladiolus palustris",NA,2002-01-01,2024-06-25,"AOPK ÈR - RP SCHKO Kokoøínsko - Máchùv kraj, Krajský úøad Støedoèeského kraje","LOK_PROCDOBR","50","50","% lokalit v dobrém stavu","dobrý","neznámý",2026-01-19,"RP SCHKO Kokoøínsko - Máchùv kraj",NA,15087
"Druh","CZ0212021","Slatinná louka u Velenky","Gladiolus palustris",NA,2002-01-01,2024-06-25,"AOPK ÈR - RP SCHKO Kokoøínsko - Máchùv kraj, Krajský úøad Støedoèeského kraje","POP_PROCDOB","0","50","% populace v dobrém stavu","špatný","neznámý",2026-01-19,"RP SCHKO Kokoøínsko - Máchùv kraj",NA,15087
"Druh","CZ0212021","Slatinná louka u Velenky","Gladiolus palustris",NA,2002-01-01,2024-06-25,"AOPK ÈR - RP SCHKO Kokoøínsko - Máchùv kraj, Krajský úøad Støedoèeského kraje","10","zhoršený",NA,NA,"zhoršený","neznámý",2026-01-19,"RP SCHKO Kokoøínsko - Máchùv kraj",NA,15087
"Druh","CZ0624070","Hodonínská Dúbrava","Gladiolus palustris",NA,2000-01-01,2024-06-29,"AOPK ÈR - RP Jižní Morava, Krajský úøad Jihomoravského kraje","LOK_PROCDOBR","5.072","50","% lokalit v dobrém stavu","špatný","neznámý",2026-01-19,"RP Jižní Morava",NA,15087
"Druh","CZ0624070","Hodonínská Dúbrava","Gladiolus palustris",NA,2000-01-01,2024-06-29,"AOPK ÈR - RP Jižní Morava, Krajský úøad Jihomoravského kraje","POP_PROCDOB","0","50","% populace v dobrém stavu","špatný","neznámý",2026-01-19,"RP Jižní Morava",NA,15087
"Druh","CZ0624070","Hodonínská Dúbrava","Gladiolus palustris",NA,2000-01-01,2024-06-29,"AOPK ÈR - RP Jižní Morava, Krajský úøad Jihomoravského kraje","10","špatný",NA,NA,"špatný","neznámý",2026-01-19,"RP Jižní Morava",NA,15087
"Druh","CZ0624072","Èertoryje","Gladiolus palustris",NA,2000-01-01,2024-06-13,"AOPK ÈR - RP SCHKO Bílé Karpaty","LOK_PROCDOBR","0","50","% lokalit v dobrém stavu","špatný","neznámý",2026-01-19,"RP SCHKO Bílé Karpaty",NA,15087
"Druh","CZ0624072","Èertoryje","Gladiolus palustris",NA,2000-01-01,2024-06-13,"AOPK ÈR - RP SCHKO Bílé Karpaty","POP_PROCDOB","0","50","% populace v dobrém stavu","špatný","neznámý",2026-01-19,"RP SCHKO Bílé Karpaty",NA,15087
"Druh","CZ0624072","Èertoryje","Gladiolus palustris",NA,2000-01-01,2024-06-13,"AOPK ÈR - RP SCHKO Bílé Karpaty","10","špatný",NA,NA,"špatný","neznámý",2026-01-19,"RP SCHKO Bílé Karpaty",NA,15087
"Druh","CZ0524044","Krkonoše","Pedicularis sudetica",NA,2000-01-01,2023-08-11,"AOPK ÈR - RP Liberecko, Správa KRNAP, Krajský úøad Libereckého kraje","LOK_PROCDOBR","0","50","% lokalit v dobrém stavu","špatný","neznámý",2026-01-19,"RP Liberecko",NA,15087
"Druh","CZ0524044","Krkonoše","Pedicularis sudetica",NA,2000-01-01,2023-08-11,"AOPK ÈR - RP Liberecko, Správa KRNAP, Krajský úøad Libereckého kraje","POP_PROCDOB","0","50","% populace v dobrém stavu","špatný","neznámý",2026-01-19,"RP Liberecko",NA,15087
"Druh","CZ0524044","Krkonoše","Pedicularis sudetica",NA,2000-01-01,2023-08-11,"AOPK ÈR - RP Liberecko, Správa KRNAP, Krajský úøad Libereckého kraje","10","špatný",NA,NA,"špatný","neznámý",2026-01-19,"RP Liberecko",NA,15087
"Druh","CZ0314109","Ruda","Liparis loeselii",NA,2000-03-14,2024-07-29,"AOPK ÈR - RP Jižní Èechy","LOK_PROCDOBR","0","50","% lokalit v dobrém stavu","špatný","neznámý",2026-01-19,"RP Jižní Èechy",NA,15087
"Druh","CZ0314109","Ruda","Liparis loeselii",NA,2000-03-14,2024-07-29,"AOPK ÈR - RP Jižní Èechy","POP_PROCDOB","0","50","% populace v dobrém stavu","špatný","neznámý",2026-01-19,"RP Jižní Èechy",NA,15087
"Druh","CZ0314109","Ruda","Liparis loeselii",NA,2000-03-14,2024-07-29,"AOPK ÈR - RP Jižní Èechy","10","špatný",NA,NA,"špatný","neznámý",2026-01-19,"RP Jižní Èechy",NA,15087
"Druh","CZ0514042","Jestøebsko - Dokesko","Liparis loeselii",NA,1999-01-01,2024-10-02,"Krajský úøad Libereckého kraje, AOPK ÈR - RP SCHKO Kokoøínsko - Máchùv kraj","LOK_PROCDOBR","0","50","% lokalit v dobrém stavu","špatný","neznámý",2026-01-19,"RP SCHKO Kokoøínsko - Máchùv kraj",NA,15087
"Druh","CZ0514042","Jestøebsko - Dokesko","Liparis loeselii",NA,1999-01-01,2024-10-02,"Krajský úøad Libereckého kraje, AOPK ÈR - RP SCHKO Kokoøínsko - Máchùv kraj","POP_PROCDOB","0","50","% populace v dobrém stavu","špatný","neznámý",2026-01-19,"RP SCHKO Kokoøínsko - Máchùv kraj",NA,15087
"Druh","CZ0514042","Jestøebsko - Dokesko","Liparis loeselii",NA,1999-01-01,2024-10-02,"Krajský úøad Libereckého kraje, AOPK ÈR - RP SCHKO Kokoøínsko - Máchùv kraj","10","špatný",NA,NA,"špatný","neznámý",2026-01-19,"RP SCHKO Kokoøínsko - Máchùv kraj",NA,15087
"Druh","CZ0514113","Podtrosecká údolí","Liparis loeselii",NA,2001-08-21,2023-06-28,"AOPK ÈR - RP Liberecko, Krajský úøad Královéhradeckého kraje","LOK_PROCDOBR","0","50","% lokalit v dobrém stavu","špatný","neznámý",2026-01-19,"RP Liberecko",NA,15087
"Druh","CZ0514113","Podtrosecká údolí","Liparis loeselii",NA,2001-08-21,2023-06-28,"AOPK ÈR - RP Liberecko, Krajský úøad Královéhradeckého kraje","POP_PROCDOB","0","50","% populace v dobrém stavu","špatný","neznámý",2026-01-19,"RP Liberecko",NA,15087
"Druh","CZ0514113","Podtrosecká údolí","Liparis loeselii",NA,2001-08-21,2023-06-28,"AOPK ÈR - RP Liberecko, Krajský úøad Královéhradeckého kraje","10","špatný",NA,NA,"špatný","neznámý",2026-01-19,"RP Liberecko",NA,15087
"Druh","CZ0524048","Byšièky","Liparis loeselii",NA,2000-01-01,2024-09-05,"Krajský úøad Královéhradeckého kraje","LOK_PROCDOBR","0","50","% lokalit v dobrém stavu","špatný","neznámý",2026-01-19,"RP Východní Èechy",NA,15087
"Druh","CZ0524048","Byšièky","Liparis loeselii",NA,2000-01-01,2024-09-05,"Krajský úøad Královéhradeckého kraje","POP_PROCDOB","0","50","% populace v dobrém stavu","špatný","neznámý",2026-01-19,"RP Východní Èechy",NA,15087
"Druh","CZ0524048","Byšièky","Liparis loeselii",NA,2000-01-01,2024-09-05,"Krajský úøad Královéhradeckého kraje","10","špatný",NA,NA,"špatný","neznámý",2026-01-19,"RP Východní Èechy",NA,15087
"Druh","CZ0724090","Bílé Karpaty","Liparis loeselii",NA,2000-01-01,2024-06-18,"AOPK ÈR - RP SCHKO Bílé Karpaty","LOK_PROCDOBR","0","50","% lokalit v dobrém stavu","špatný","neznámý",2026-01-19,"RP SCHKO Bílé Karpaty",NA,15087
"Druh","CZ0724090","Bílé Karpaty","Liparis loeselii",NA,2000-01-01,2024-06-18,"AOPK ÈR - RP SCHKO Bílé Karpaty","POP_PROCDOB","0","50","% populace v dobrém stavu","špatný","neznámý",2026-01-19,"RP SCHKO Bílé Karpaty",NA,15087
"Druh","CZ0724090","Bílé Karpaty","Liparis loeselii",NA,2000-01-01,2024-06-18,"AOPK ÈR - RP SCHKO Bílé Karpaty","10","špatný",NA,NA,"špatný","neznámý",2026-01-19,"RP SCHKO Bílé Karpaty",NA,15087
"Druh","CZ0624043","Stolová hora","Dianthus lumnitzeri",NA,2000-01-01,2023-05-17,"AOPK ÈR - RP Jižní Morava","LOK_PROCDOBR","0","50","% lokalit v dobrém stavu","špatný","neznámý",2026-01-19,"RP Jižní Morava",NA,15087
"Druh","CZ0624043","Stolová hora","Dianthus lumnitzeri",NA,2000-01-01,2023-05-17,"AOPK ÈR - RP Jižní Morava","POP_PROCDOB","0","50","% populace v dobrém stavu","špatný","neznámý",2026-01-19,"RP Jižní Morava",NA,15087
"Druh","CZ0624043","Stolová hora","Dianthus lumnitzeri",NA,2000-01-01,2023-05-17,"AOPK ÈR - RP Jižní Morava","10","špatný",NA,NA,"špatný","neznámý",2026-01-19,"RP Jižní Morava",NA,15087
"Druh","CZ0624104","Dìvín","Dianthus lumnitzeri",NA,2000-01-01,2022-07-27,"AOPK ÈR - RP Jižní Morava","LOK_PROCDOBR","0","50","% lokalit v dobrém stavu","špatný","neznámý",2026-01-19,"RP Jižní Morava",NA,15087
"Druh","CZ0624104","Dìvín","Dianthus lumnitzeri",NA,2000-01-01,2022-07-27,"AOPK ÈR - RP Jižní Morava","POP_PROCDOB","0","50","% populace v dobrém stavu","špatný","neznámý",2026-01-19,"RP Jižní Morava",NA,15087
"Druh","CZ0624104","Dìvín","Dianthus lumnitzeri",NA,2000-01-01,2022-07-27,"AOPK ÈR - RP Jižní Morava","10","špatný",NA,NA,"špatný","neznámý",2026-01-19,"RP Jižní Morava",NA,15087
"Druh","CZ0612136","Kobylinec","Pulsatilla grandis",NA,2000-01-01,2025-03-08,"Krajský úøad Kraje Vysoèina","LOK_PROCDOBR","0","50","% lokalit v dobrém stavu","špatný","neznámý",2026-01-19,"RP Vysoèina",NA,15087
"Druh","CZ0612136","Kobylinec","Pulsatilla grandis",NA,2000-01-01,2025-03-08,"Krajský úøad Kraje Vysoèina","POP_PROCDOB","0","50","% populace v dobrém stavu","špatný","neznámý",2026-01-19,"RP Vysoèina",NA,15087
"Druh","CZ0612136","Kobylinec","Pulsatilla grandis",NA,2000-01-01,2025-03-08,"Krajský úøad Kraje Vysoèina","10","špatný",NA,NA,"špatný","neznámý",2026-01-19,"RP Vysoèina",NA,15087
"Druh","CZ0612141","Ptáèovský kopeèek","Pulsatilla grandis",NA,2000-01-01,2024-03-26,"Krajský úøad Kraje Vysoèina","LOK_PROCDOBR","0","50","% lokalit v dobrém stavu","špatný","neznámý",2026-01-19,"RP Vysoèina",NA,15087
"Druh","CZ0612141","Ptáèovský kopeèek","Pulsatilla grandis",NA,2000-01-01,2024-03-26,"Krajský úøad Kraje Vysoèina","POP_PROCDOB","0","50","% populace v dobrém stavu","špatný","neznámý",2026-01-19,"RP Vysoèina",NA,15087
"Druh","CZ0612141","Ptáèovský kopeèek","Pulsatilla grandis",NA,2000-01-01,2024-03-26,"Krajský úøad Kraje Vysoèina","10","špatný",NA,NA,"špatný","neznámý",2026-01-19,"RP Vysoèina",NA,15087
"Druh","CZ0612147","Špilberk","Pulsatilla grandis",NA,2000-01-01,2023-04-12,"Krajský úøad Kraje Vysoèina","LOK_PROCDOBR","0","50","% lokalit v dobrém stavu","špatný","neznámý",2026-01-19,"RP Vysoèina",NA,15087
"Druh","CZ0612147","Špilberk","Pulsatilla grandis",NA,2000-01-01,2023-04-12,"Krajský úøad Kraje Vysoèina","POP_PROCDOB","0","50","% populace v dobrém stavu","špatný","neznámý",2026-01-19,"RP Vysoèina",NA,15087
"Druh","CZ0612147","Špilberk","Pulsatilla grandis",NA,2000-01-01,2023-04-12,"Krajský úøad Kraje Vysoèina","10","špatný",NA,NA,"špatný","neznámý",2026-01-19,"RP Vysoèina",NA,15087
"Druh","CZ0614131","Údolí Oslavy a Chvojnice","Pulsatilla grandis",NA,2001-01-01,2024-03-25,"Krajský úøad Jihomoravského kraje, AOPK ÈR - RP Vysoèina, Krajský úøad Kraje Vysoèina","LOK_PROCDOBR","0","50","% lokalit v dobrém stavu","špatný","neznámý",2026-01-19,"RP Vysoèina",NA,15087
"Druh","CZ0614131","Údolí Oslavy a Chvojnice","Pulsatilla grandis",NA,2001-01-01,2024-03-25,"Krajský úøad Jihomoravského kraje, AOPK ÈR - RP Vysoèina, Krajský úøad Kraje Vysoèina","POP_PROCDOB","0","50","% populace v dobrém stavu","špatný","neznámý",2026-01-19,"RP Vysoèina",NA,15087
"Druh","CZ0614131","Údolí Oslavy a Chvojnice","Pulsatilla grandis",NA,2001-01-01,2024-03-25,"Krajský úøad Jihomoravského kraje, AOPK ÈR - RP Vysoèina, Krajský úøad Kraje Vysoèina","10","špatný",NA,NA,"špatný","neznámý",2026-01-19,"RP Vysoèina",NA,15087
"Druh","CZ0614133","Kozének","Pulsatilla grandis",NA,2000-01-01,2024-04-03,"Krajský úøad Kraje Vysoèina","LOK_PROCDOBR","25","50","% lokalit v dobrém stavu","špatný","neznámý",2026-01-19,"RP Vysoèina",NA,15087
"Druh","CZ0614133","Kozének","Pulsatilla grandis",NA,2000-01-01,2024-04-03,"Krajský úøad Kraje Vysoèina","POP_PROCDOB","26.337","50","% populace v dobrém stavu","špatný","neznámý",2026-01-19,"RP Vysoèina",NA,15087
"Druh","CZ0614133","Kozének","Pulsatilla grandis",NA,2000-01-01,2024-04-03,"Krajský úøad Kraje Vysoèina","10","špatný",NA,NA,"špatný","neznámý",2026-01-19,"RP Vysoèina",NA,15087
"Druh","CZ0622009","Hovoranské louky","Pulsatilla grandis",NA,2000-01-01,2023-04-06,"Krajský úøad Jihomoravského kraje","LOK_PROCDOBR","0","50","% lokalit v dobrém stavu","špatný","neznámý",2026-01-19,"RP Jižní Morava",NA,15087
"Druh","CZ0622009","Hovoranské louky","Pulsatilla grandis",NA,2000-01-01,2023-04-06,"Krajský úøad Jihomoravského kraje","POP_PROCDOB","0","50","% populace v dobrém stavu","špatný","neznámý",2026-01-19,"RP Jižní Morava",NA,15087
"Druh","CZ0622009","Hovoranské louky","Pulsatilla grandis",NA,2000-01-01,2023-04-06,"Krajský úøad Jihomoravského kraje","10","špatný",NA,NA,"špatný","neznámý",2026-01-19,"RP Jižní Morava",NA,15087
"Druh","CZ0622017","Louky pod Kumstátem","Pulsatilla grandis",NA,2000-05-10,2023-04-06,"Krajský úøad Jihomoravského kraje","LOK_PROCDOBR","0","50","% lokalit v dobrém stavu","špatný","neznámý",2026-01-19,"RP Jižní Morava",NA,15087
"Druh","CZ0622017","Louky pod Kumstátem","Pulsatilla grandis",NA,2000-05-10,2023-04-06,"Krajský úøad Jihomoravského kraje","POP_PROCDOB","0","50","% populace v dobrém stavu","špatný","neznámý",2026-01-19,"RP Jižní Morava",NA,15087
"Druh","CZ0622017","Louky pod Kumstátem","Pulsatilla grandis",NA,2000-05-10,2023-04-06,"Krajský úøad Jihomoravského kraje","10","špatný",NA,NA,"špatný","neznámý",2026-01-19,"RP Jižní Morava",NA,15087
"Druh","CZ0622150","Biskoupský kopec","Pulsatilla grandis",NA,2000-01-01,2024-03-28,"Krajský úøad Jihomoravského kraje","LOK_PROCDOBR","0","50","% lokalit v dobrém stavu","špatný","neznámý",2026-01-19,"RP Jižní Morava",NA,15087
"Druh","CZ0622150","Biskoupský kopec","Pulsatilla grandis",NA,2000-01-01,2024-03-28,"Krajský úøad Jihomoravského kraje","POP_PROCDOB","0","50","% populace v dobrém stavu","špatný","neznámý",2026-01-19,"RP Jižní Morava",NA,15087
"Druh","CZ0622150","Biskoupský kopec","Pulsatilla grandis",NA,2000-01-01,2024-03-28,"Krajský úøad Jihomoravského kraje","10","špatný",NA,NA,"špatný","neznámý",2026-01-19,"RP Jižní Morava",NA,15087
"Druh","CZ0622161","Ve Žlebì","Pulsatilla grandis",NA,2000-01-01,2023-03-22,"Krajský úøad Jihomoravského kraje","LOK_PROCDOBR","0","50","% lokalit v dobrém stavu","špatný","neznámý",2026-01-19,"RP Jižní Morava",NA,15087
"Druh","CZ0622161","Ve Žlebì","Pulsatilla grandis",NA,2000-01-01,2023-03-22,"Krajský úøad Jihomoravského kraje","POP_PROCDOB","0","50","% populace v dobrém stavu","špatný","neznámý",2026-01-19,"RP Jižní Morava",NA,15087
"Druh","CZ0622161","Ve Žlebì","Pulsatilla grandis",NA,2000-01-01,2023-03-22,"Krajský úøad Jihomoravského kraje","10","špatný",NA,NA,"špatný","neznámý",2026-01-19,"RP Jižní Morava",NA,15087
"Druh","CZ0622162","Kopeèky u Únanova","Pulsatilla grandis",NA,2000-01-01,2024-03-16,"Krajský úøad Jihomoravského kraje","LOK_PROCDOBR","25","50","% lokalit v dobrém stavu","špatný","neznámý",2026-01-19,"RP Jižní Morava",NA,15087
"Druh","CZ0622162","Kopeèky u Únanova","Pulsatilla grandis",NA,2000-01-01,2024-03-16,"Krajský úøad Jihomoravského kraje","POP_PROCDOB","86.408","50","% populace v dobrém stavu","dobrý","neznámý",2026-01-19,"RP Jižní Morava",NA,15087
"Druh","CZ0622162","Kopeèky u Únanova","Pulsatilla grandis",NA,2000-01-01,2024-03-16,"Krajský úøad Jihomoravského kraje","10","zhoršený",NA,NA,"zhoršený","neznámý",2026-01-19,"RP Jižní Morava",NA,15087
"Druh","CZ0622167","Žebìtín","Pulsatilla grandis",NA,2000-01-01,2025-03-09,"Krajský úøad Jihomoravského kraje","LOK_PROCDOBR","0","50","% lokalit v dobrém stavu","špatný","neznámý",2026-01-19,"RP Jižní Morava",NA,15087
"Druh","CZ0622167","Žebìtín","Pulsatilla grandis",NA,2000-01-01,2025-03-09,"Krajský úøad Jihomoravského kraje","POP_PROCDOB","0","50","% populace v dobrém stavu","špatný","neznámý",2026-01-19,"RP Jižní Morava",NA,15087
"Druh","CZ0622167","Žebìtín","Pulsatilla grandis",NA,2000-01-01,2025-03-09,"Krajský úøad Jihomoravského kraje","10","špatný",NA,NA,"špatný","neznámý",2026-01-19,"RP Jižní Morava",NA,15087
"Druh","CZ0622169","Na Kocourkách","Pulsatilla grandis",NA,2000-01-01,2024-03-18,"Krajský úøad Jihomoravského kraje","LOK_PROCDOBR","0","50","% lokalit v dobrém stavu","špatný","neznámý",2026-01-19,"RP Jižní Morava",NA,15087
"Druh","CZ0622169","Na Kocourkách","Pulsatilla grandis",NA,2000-01-01,2024-03-18,"Krajský úøad Jihomoravského kraje","POP_PROCDOB","0","50","% populace v dobrém stavu","špatný","neznámý",2026-01-19,"RP Jižní Morava",NA,15087
"Druh","CZ0622169","Na Kocourkách","Pulsatilla grandis",NA,2000-01-01,2024-03-18,"Krajský úøad Jihomoravského kraje","10","špatný",NA,NA,"špatný","neznámý",2026-01-19,"RP Jižní Morava",NA,15087
"Druh","CZ0622170","Na lesní horce","Pulsatilla grandis",NA,2004-06-10,2024-03-14,"Krajský úøad Jihomoravského kraje","LOK_PROCDOBR","0","50","% lokalit v dobrém stavu","špatný","neznámý",2026-01-19,"RP Jižní Morava",NA,15087
"Druh","CZ0622170","Na lesní horce","Pulsatilla grandis",NA,2004-06-10,2024-03-14,"Krajský úøad Jihomoravského kraje","POP_PROCDOB","0","50","% populace v dobrém stavu","špatný","neznámý",2026-01-19,"RP Jižní Morava",NA,15087
"Druh","CZ0622170","Na lesní horce","Pulsatilla grandis",NA,2004-06-10,2024-03-14,"Krajský úøad Jihomoravského kraje","10","špatný",NA,NA,"špatný","neznámý",2026-01-19,"RP Jižní Morava",NA,15087
"Druh","CZ0622172","Nad Vápenkou","Pulsatilla grandis",NA,2000-01-01,2024-03-19,"Krajský úøad Jihomoravského kraje","LOK_PROCDOBR","0","50","% lokalit v dobrém stavu","špatný","neznámý",2026-01-19,"RP SCHKO Bílé Karpaty",NA,15087
"Druh","CZ0622172","Nad Vápenkou","Pulsatilla grandis",NA,2000-01-01,2024-03-19,"Krajský úøad Jihomoravského kraje","POP_PROCDOB","0","50","% populace v dobrém stavu","špatný","neznámý",2026-01-19,"RP SCHKO Bílé Karpaty",NA,15087
"Druh","CZ0622172","Nad Vápenkou","Pulsatilla grandis",NA,2000-01-01,2024-03-19,"Krajský úøad Jihomoravského kraje","10","špatný",NA,NA,"špatný","neznámý",2026-01-19,"RP SCHKO Bílé Karpaty",NA,15087
"Druh","CZ0622173","Netopýrky","Pulsatilla grandis",NA,2000-01-01,2023-03-31,"Krajský úøad Jihomoravského kraje","LOK_PROCDOBR","0","50","% lokalit v dobrém stavu","špatný","neznámý",2026-01-19,"RP Jižní Morava",NA,15087
"Druh","CZ0622173","Netopýrky","Pulsatilla grandis",NA,2000-01-01,2023-03-31,"Krajský úøad Jihomoravského kraje","POP_PROCDOB","0","50","% populace v dobrém stavu","špatný","neznámý",2026-01-19,"RP Jižní Morava",NA,15087
"Druh","CZ0622173","Netopýrky","Pulsatilla grandis",NA,2000-01-01,2023-03-31,"Krajský úøad Jihomoravského kraje","10","špatný",NA,NA,"špatný","neznámý",2026-01-19,"RP Jižní Morava",NA,15087
"Druh","CZ0622175","Pekárka","Pulsatilla grandis",NA,2000-01-01,2023-03-30,"Krajský úøad Jihomoravského kraje","LOK_PROCDOBR","0","50","% lokalit v dobrém stavu","špatný","neznámý",2026-01-19,"RP Jižní Morava",NA,15087
"Druh","CZ0622175","Pekárka","Pulsatilla grandis",NA,2000-01-01,2023-03-30,"Krajský úøad Jihomoravského kraje","POP_PROCDOB","0","50","% populace v dobrém stavu","špatný","neznámý",2026-01-19,"RP Jižní Morava",NA,15087
"Druh","CZ0622175","Pekárka","Pulsatilla grandis",NA,2000-01-01,2023-03-30,"Krajský úøad Jihomoravského kraje","10","špatný",NA,NA,"špatný","neznámý",2026-01-19,"RP Jižní Morava",NA,15087
"Druh","CZ0622179","Široký","Pulsatilla grandis",NA,2000-01-01,2023-03-22,"Krajský úøad Jihomoravského kraje","LOK_PROCDOBR","0","50","% lokalit v dobrém stavu","špatný","neznámý",2026-01-19,"RP Jižní Morava",NA,15087
"Druh","CZ0622179","Široký","Pulsatilla grandis",NA,2000-01-01,2023-03-22,"Krajský úøad Jihomoravského kraje","POP_PROCDOB","0","50","% populace v dobrém stavu","špatný","neznámý",2026-01-19,"RP Jižní Morava",NA,15087
"Druh","CZ0622179","Široký","Pulsatilla grandis",NA,2000-01-01,2023-03-22,"Krajský úøad Jihomoravského kraje","10","špatný",NA,NA,"špatný","neznámý",2026-01-19,"RP Jižní Morava",NA,15087
"Druh","CZ0622217","Stepní stránì u Komoøan","Pulsatilla grandis",NA,2002-06-05,2024-03-21,"Krajský úøad Jihomoravského kraje","LOK_PROCDOBR","0","50","% lokalit v dobrém stavu","špatný","neznámý",2026-01-19,"RP Jižní Morava",NA,15087
"Druh","CZ0622217","Stepní stránì u Komoøan","Pulsatilla grandis",NA,2002-06-05,2024-03-21,"Krajský úøad Jihomoravského kraje","POP_PROCDOB","0","50","% populace v dobrém stavu","špatný","neznámý",2026-01-19,"RP Jižní Morava",NA,15087
"Druh","CZ0622217","Stepní stránì u Komoøan","Pulsatilla grandis",NA,2002-06-05,2024-03-21,"Krajský úøad Jihomoravského kraje","10","špatný",NA,NA,"špatný","neznámý",2026-01-19,"RP Jižní Morava",NA,15087
"Druh","CZ0622226","Velký kopec","Pulsatilla grandis",NA,2001-01-01,2021-04-02,"Krajský úøad Jihomoravského kraje","LOK_PROCDOBR","0","50","% lokalit v dobrém stavu","špatný","neznámý",2026-01-19,"RP Jižní Morava",NA,15087
"Druh","CZ0622226","Velký kopec","Pulsatilla grandis",NA,2001-01-01,2021-04-02,"Krajský úøad Jihomoravského kraje","POP_PROCDOB","0","50","% populace v dobrém stavu","špatný","neznámý",2026-01-19,"RP Jižní Morava",NA,15087
"Druh","CZ0622226","Velký kopec","Pulsatilla grandis",NA,2001-01-01,2021-04-02,"Krajský úøad Jihomoravského kraje","10","špatný",NA,NA,"špatný","neznámý",2026-01-19,"RP Jižní Morava",NA,15087
"Druh","CZ0622227","Volkramy","Pulsatilla grandis",NA,2011-05-12,2025-03-16,"Krajský úøad Jihomoravského kraje","LOK_PROCDOBR","0","50","% lokalit v dobrém stavu","špatný","neznámý",2026-01-19,"RP Jižní Morava",NA,15087
"Druh","CZ0622227","Volkramy","Pulsatilla grandis",NA,2011-05-12,2025-03-16,"Krajský úøad Jihomoravského kraje","POP_PROCDOB","0","50","% populace v dobrém stavu","špatný","neznámý",2026-01-19,"RP Jižní Morava",NA,15087
"Druh","CZ0622227","Volkramy","Pulsatilla grandis",NA,2011-05-12,2025-03-16,"Krajský úøad Jihomoravského kraje","10","špatný",NA,NA,"špatný","neznámý",2026-01-19,"RP Jižní Morava",NA,15087
"Druh","CZ0624020","Stránská skála","Pulsatilla grandis",NA,2000-08-01,2024-10-01,"AOPK ÈR - RP Jižní Morava","LOK_PROCDOBR","50","50","% lokalit v dobrém stavu","dobrý","neznámý",2026-01-19,"RP Jižní Morava",NA,15087
"Druh","CZ0624020","Stránská skála","Pulsatilla grandis",NA,2000-08-01,2024-10-01,"AOPK ÈR - RP Jižní Morava","POP_PROCDOB","48.843","50","% populace v dobrém stavu","špatný","neznámý",2026-01-19,"RP Jižní Morava",NA,15087
"Druh","CZ0624020","Stránská skála","Pulsatilla grandis",NA,2000-08-01,2024-10-01,"AOPK ÈR - RP Jižní Morava","10","zhoršený",NA,NA,"zhoršený","neznámý",2026-01-19,"RP Jižní Morava",NA,15087
"Druh","CZ0624043","Stolová hora","Pulsatilla grandis",NA,2000-01-01,2024-04-26,"AOPK ÈR - RP Jižní Morava","LOK_PROCDOBR","10","50","% lokalit v dobrém stavu","špatný","neznámý",2026-01-19,"RP Jižní Morava",NA,15087
"Druh","CZ0624043","Stolová hora","Pulsatilla grandis",NA,2000-01-01,2024-04-26,"AOPK ÈR - RP Jižní Morava","POP_PROCDOB","49.092","50","% populace v dobrém stavu","špatný","neznámý",2026-01-19,"RP Jižní Morava",NA,15087
"Druh","CZ0624043","Stolová hora","Pulsatilla grandis",NA,2000-01-01,2024-04-26,"AOPK ÈR - RP Jižní Morava","10","špatný",NA,NA,"špatný","neznámý",2026-01-19,"RP Jižní Morava",NA,15087
"Druh","CZ0624067","Kamenný vrch","Pulsatilla grandis",NA,2000-09-25,2024-04-06,"Krajský úøad Jihomoravského kraje","LOK_PROCDOBR","0","50","% lokalit v dobrém stavu","špatný","neznámý",2026-01-19,"RP Jižní Morava",NA,15087
"Druh","CZ0624067","Kamenný vrch","Pulsatilla grandis",NA,2000-09-25,2024-04-06,"Krajský úøad Jihomoravského kraje","POP_PROCDOB","0","50","% populace v dobrém stavu","špatný","neznámý",2026-01-19,"RP Jižní Morava",NA,15087
"Druh","CZ0624067","Kamenný vrch","Pulsatilla grandis",NA,2000-09-25,2024-04-06,"Krajský úøad Jihomoravského kraje","10","špatný",NA,NA,"špatný","neznámý",2026-01-19,"RP Jižní Morava",NA,15087
"Druh","CZ0624096","Podyjí","Pulsatilla grandis",NA,2000-01-01,2025-03-28,"Správa NP Podyjí","LOK_PROCDOBR","0","50","% lokalit v dobrém stavu","špatný","neznámý",2026-01-19,"RP Jižní Morava",NA,15087
"Druh","CZ0624096","Podyjí","Pulsatilla grandis",NA,2000-01-01,2025-03-28,"Správa NP Podyjí","POP_PROCDOB","0","50","% populace v dobrém stavu","špatný","neznámý",2026-01-19,"RP Jižní Morava",NA,15087
"Druh","CZ0624096","Podyjí","Pulsatilla grandis",NA,2000-01-01,2025-03-28,"Správa NP Podyjí","10","špatný",NA,NA,"špatný","neznámý",2026-01-19,"RP Jižní Morava",NA,15087
"Druh","CZ0624097","Šévy","Pulsatilla grandis",NA,2002-06-01,2023-06-22,"Krajský úøad Jihomoravského kraje","LOK_PROCDOBR","0","50","% lokalit v dobrém stavu","špatný","neznámý",2026-01-19,"RP Jižní Morava",NA,15087
"Druh","CZ0624097","Šévy","Pulsatilla grandis",NA,2002-06-01,2023-06-22,"Krajský úøad Jihomoravského kraje","POP_PROCDOB","0","50","% populace v dobrém stavu","špatný","neznámý",2026-01-19,"RP Jižní Morava",NA,15087
"Druh","CZ0624097","Šévy","Pulsatilla grandis",NA,2002-06-01,2023-06-22,"Krajský úøad Jihomoravského kraje","10","špatný",NA,NA,"špatný","neznámý",2026-01-19,"RP Jižní Morava",NA,15087
"Druh","CZ0624118","Skalky u Havraníkù","Pulsatilla grandis",NA,2001-05-01,2022-09-05,"Krajský úøad Jihomoravského kraje","LOK_PROCDOBR","0","50","% lokalit v dobrém stavu","špatný","neznámý",2026-01-19,"RP Jižní Morava",NA,15087
"Druh","CZ0624118","Skalky u Havraníkù","Pulsatilla grandis",NA,2001-05-01,2022-09-05,"Krajský úøad Jihomoravského kraje","POP_PROCDOB","0","50","% populace v dobrém stavu","špatný","neznámý",2026-01-19,"RP Jižní Morava",NA,15087
"Druh","CZ0624118","Skalky u Havraníkù","Pulsatilla grandis",NA,2001-05-01,2022-09-05,"Krajský úøad Jihomoravského kraje","10","špatný",NA,NA,"špatný","neznámý",2026-01-19,"RP Jižní Morava",NA,15087
"Druh","CZ0624128","Krumlovsko-rokytenské slepence","Pulsatilla grandis",NA,2000-01-01,2024-04-16,"AOPK ÈR - RP Jižní Morava, Krajský úøad Jihomoravského kraje","LOK_PROCDOBR","0","50","% lokalit v dobrém stavu","špatný","neznámý",2026-01-19,"RP Jižní Morava",NA,15087
"Druh","CZ0624128","Krumlovsko-rokytenské slepence","Pulsatilla grandis",NA,2000-01-01,2024-04-16,"AOPK ÈR - RP Jižní Morava, Krajský úøad Jihomoravského kraje","POP_PROCDOB","0","50","% populace v dobrém stavu","špatný","neznámý",2026-01-19,"RP Jižní Morava",NA,15087
"Druh","CZ0624128","Krumlovsko-rokytenské slepence","Pulsatilla grandis",NA,2000-01-01,2024-04-16,"AOPK ÈR - RP Jižní Morava, Krajský úøad Jihomoravského kraje","10","špatný",NA,NA,"špatný","neznámý",2026-01-19,"RP Jižní Morava",NA,15087
"Druh","CZ0624130","Moravský kras","Pulsatilla grandis",NA,2000-01-01,2024-03-19,"AOPK ÈR - RP Jižní Morava, Krajský úøad Jihomoravského kraje","LOK_PROCDOBR","0","50","% lokalit v dobrém stavu","špatný","neznámý",2026-01-19,"RP Jižní Morava",NA,15087
"Druh","CZ0624130","Moravský kras","Pulsatilla grandis",NA,2000-01-01,2024-03-19,"AOPK ÈR - RP Jižní Morava, Krajský úøad Jihomoravského kraje","POP_PROCDOB","0","50","% populace v dobrém stavu","špatný","neznámý",2026-01-19,"RP Jižní Morava",NA,15087
"Druh","CZ0624130","Moravský kras","Pulsatilla grandis",NA,2000-01-01,2024-03-19,"AOPK ÈR - RP Jižní Morava, Krajský úøad Jihomoravského kraje","10","špatný",NA,NA,"špatný","neznámý",2026-01-19,"RP Jižní Morava",NA,15087
"Druh","CZ0624235","Malhostovické kopeèky","Pulsatilla grandis",NA,2000-01-01,2024-04-06,"Krajský úøad Jihomoravského kraje","LOK_PROCDOBR","0","50","% lokalit v dobrém stavu","špatný","neznámý",2026-01-19,"RP Jižní Morava",NA,15087
"Druh","CZ0624235","Malhostovické kopeèky","Pulsatilla grandis",NA,2000-01-01,2024-04-06,"Krajský úøad Jihomoravského kraje","POP_PROCDOB","0","50","% populace v dobrém stavu","špatný","neznámý",2026-01-19,"RP Jižní Morava",NA,15087
"Druh","CZ0624235","Malhostovické kopeèky","Pulsatilla grandis",NA,2000-01-01,2024-04-06,"Krajský úøad Jihomoravského kraje","10","špatný",NA,NA,"špatný","neznámý",2026-01-19,"RP Jižní Morava",NA,15087
"Druh","CZ0624236","Jižní svahy Hádù","Pulsatilla grandis",NA,2000-01-01,2024-03-18,"Krajský úøad Jihomoravského kraje","LOK_PROCDOBR","16.667","50","% lokalit v dobrém stavu","špatný","neznámý",2026-01-19,"RP Jižní Morava",NA,15087
"Druh","CZ0624236","Jižní svahy Hádù","Pulsatilla grandis",NA,2000-01-01,2024-03-18,"Krajský úøad Jihomoravského kraje","POP_PROCDOB","90.715","50","% populace v dobrém stavu","dobrý","neznámý",2026-01-19,"RP Jižní Morava",NA,15087
"Druh","CZ0624236","Jižní svahy Hádù","Pulsatilla grandis",NA,2000-01-01,2024-03-18,"Krajský úøad Jihomoravského kraje","10","zhoršený",NA,NA,"zhoršený","neznámý",2026-01-19,"RP Jižní Morava",NA,15087
"Druh","CZ0712192","U Bílých hlín","Pulsatilla grandis",NA,2000-01-01,2025-03-20,"Krajský úøad Olomouckého kraje","LOK_PROCDOBR","0","50","% lokalit v dobrém stavu","špatný","neznámý",2026-01-19,"RP Olomoucko",NA,15087
"Druh","CZ0712192","U Bílých hlín","Pulsatilla grandis",NA,2000-01-01,2025-03-20,"Krajský úøad Olomouckého kraje","POP_PROCDOB","0","50","% populace v dobrém stavu","špatný","neznámý",2026-01-19,"RP Olomoucko",NA,15087
"Druh","CZ0712192","U Bílých hlín","Pulsatilla grandis",NA,2000-01-01,2025-03-20,"Krajský úøad Olomouckého kraje","10","špatný",NA,NA,"špatný","neznámý",2026-01-19,"RP Olomoucko",NA,15087
"Druh","CZ0712193","U Strejèkova lomu","Pulsatilla grandis",NA,2000-01-01,2024-04-15,"Krajský úøad Olomouckého kraje","LOK_PROCDOBR","0","50","% lokalit v dobrém stavu","špatný","neznámý",2026-01-19,"RP Olomoucko",NA,15087
"Druh","CZ0712193","U Strejèkova lomu","Pulsatilla grandis",NA,2000-01-01,2024-04-15,"Krajský úøad Olomouckého kraje","POP_PROCDOB","0","50","% populace v dobrém stavu","špatný","neznámý",2026-01-19,"RP Olomoucko",NA,15087
"Druh","CZ0712193","U Strejèkova lomu","Pulsatilla grandis",NA,2000-01-01,2024-04-15,"Krajský úøad Olomouckého kraje","10","špatný",NA,NA,"špatný","neznámý",2026-01-19,"RP Olomoucko",NA,15087
"Druh","CZ0712225","Za Hrnèíøkou","Pulsatilla grandis",NA,2000-01-01,2024-04-08,"AOPK ÈR - RP Olomoucko","LOK_PROCDOBR","0","50","% lokalit v dobrém stavu","špatný","neznámý",2026-01-19,"RP Olomoucko",NA,15087
"Druh","CZ0712225","Za Hrnèíøkou","Pulsatilla grandis",NA,2000-01-01,2024-04-08,"AOPK ÈR - RP Olomoucko","POP_PROCDOB","0","50","% populace v dobrém stavu","špatný","neznámý",2026-01-19,"RP Olomoucko",NA,15087
"Druh","CZ0712225","Za Hrnèíøkou","Pulsatilla grandis",NA,2000-01-01,2024-04-08,"AOPK ÈR - RP Olomoucko","10","špatný",NA,NA,"špatný","neznámý",2026-01-19,"RP Olomoucko",NA,15087
"Druh","CZ0714076","Kosíøské lomy","Pulsatilla grandis",NA,2000-01-01,2024-03-28,"AOPK ÈR - RP Olomoucko","LOK_PROCDOBR","0","50","% lokalit v dobrém stavu","špatný","neznámý",2026-01-19,"RP Olomoucko",NA,15087
"Druh","CZ0714076","Kosíøské lomy","Pulsatilla grandis",NA,2000-01-01,2024-03-28,"AOPK ÈR - RP Olomoucko","POP_PROCDOB","0","50","% populace v dobrém stavu","špatný","neznámý",2026-01-19,"RP Olomoucko",NA,15087
"Druh","CZ0714076","Kosíøské lomy","Pulsatilla grandis",NA,2000-01-01,2024-03-28,"AOPK ÈR - RP Olomoucko","10","špatný",NA,NA,"špatný","neznámý",2026-01-19,"RP Olomoucko",NA,15087
"Druh","CZ0622009","Hovoranské louky","Klasea lycopifolia",NA,2000-01-01,2024-05-06,"Krajský úøad Jihomoravského kraje","LOK_PROCDOBR","0","50","% lokalit v dobrém stavu","špatný","neznámý",2026-01-19,"RP Jižní Morava",NA,15087
"Druh","CZ0622009","Hovoranské louky","Klasea lycopifolia",NA,2000-01-01,2024-05-06,"Krajský úøad Jihomoravského kraje","POP_PROCDOB","0","50","% populace v dobrém stavu","špatný","neznámý",2026-01-19,"RP Jižní Morava",NA,15087
"Druh","CZ0622009","Hovoranské louky","Klasea lycopifolia",NA,2000-01-01,2024-05-06,"Krajský úøad Jihomoravského kraje","10","špatný",NA,NA,"špatný","neznámý",2026-01-19,"RP Jižní Morava",NA,15087
"Druh","CZ0622218","Dunajovické kopce","Klasea lycopifolia",NA,2000-01-01,2024-05-26,"AOPK ÈR - RP Jižní Morava","LOK_PROCDOBR","0","50","% lokalit v dobrém stavu","špatný","neznámý",2026-01-19,"RP Jižní Morava",NA,15087
"Druh","CZ0622218","Dunajovické kopce","Klasea lycopifolia",NA,2000-01-01,2024-05-26,"AOPK ÈR - RP Jižní Morava","POP_PROCDOB","0","50","% populace v dobrém stavu","špatný","neznámý",2026-01-19,"RP Jižní Morava",NA,15087
"Druh","CZ0622218","Dunajovické kopce","Klasea lycopifolia",NA,2000-01-01,2024-05-26,"AOPK ÈR - RP Jižní Morava","10","špatný",NA,NA,"špatný","neznámý",2026-01-19,"RP Jižní Morava",NA,15087
"Druh","CZ0624072","Èertoryje","Klasea lycopifolia",NA,1800-01-01,2024-06-05,"AOPK ÈR - RP SCHKO Bílé Karpaty","LOK_PROCDOBR","0","50","% lokalit v dobrém stavu","špatný","neznámý",2026-01-19,"RP SCHKO Bílé Karpaty",NA,15087
"Druh","CZ0624072","Èertoryje","Klasea lycopifolia",NA,1800-01-01,2024-06-05,"AOPK ÈR - RP SCHKO Bílé Karpaty","POP_PROCDOB","0","50","% populace v dobrém stavu","špatný","neznámý",2026-01-19,"RP SCHKO Bílé Karpaty",NA,15087
"Druh","CZ0624072","Èertoryje","Klasea lycopifolia",NA,1800-01-01,2024-06-05,"AOPK ÈR - RP SCHKO Bílé Karpaty","10","špatný",NA,NA,"špatný","neznámý",2026-01-19,"RP SCHKO Bílé Karpaty",NA,15087
"Druh","CZ0724090","Bílé Karpaty","Klasea lycopifolia",NA,2001-04-01,2024-06-20,"AOPK ÈR - RP SCHKO Bílé Karpaty","LOK_PROCDOBR","0","50","% lokalit v dobrém stavu","špatný","neznámý",2026-01-19,"RP SCHKO Bílé Karpaty",NA,15087
"Druh","CZ0724090","Bílé Karpaty","Klasea lycopifolia",NA,2001-04-01,2024-06-20,"AOPK ÈR - RP SCHKO Bílé Karpaty","POP_PROCDOB","0","50","% populace v dobrém stavu","špatný","neznámý",2026-01-19,"RP SCHKO Bílé Karpaty",NA,15087
"Druh","CZ0724090","Bílé Karpaty","Klasea lycopifolia",NA,2001-04-01,2024-06-20,"AOPK ÈR - RP SCHKO Bílé Karpaty","10","špatný",NA,NA,"špatný","neznámý",2026-01-19,"RP SCHKO Bílé Karpaty",NA,15087
"Druh","CZ0722198","Hodòovská dolina","Tephroseris longifolia subsp. moravica",NA,2000-01-01,2022-07-15,"AOPK ÈR - RP SCHKO Bílé Karpaty","LOK_PROCDOBR","0","50","% lokalit v dobrém stavu","špatný","neznámý",2026-01-19,"RP SCHKO Bílé Karpaty",NA,15087
"Druh","CZ0722198","Hodòovská dolina","Tephroseris longifolia subsp. moravica",NA,2000-01-01,2022-07-15,"AOPK ÈR - RP SCHKO Bílé Karpaty","POP_PROCDOB","0","50","% populace v dobrém stavu","špatný","neznámý",2026-01-19,"RP SCHKO Bílé Karpaty",NA,15087
"Druh","CZ0722198","Hodòovská dolina","Tephroseris longifolia subsp. moravica",NA,2000-01-01,2022-07-15,"AOPK ÈR - RP SCHKO Bílé Karpaty","10","špatný",NA,NA,"špatný","neznámý",2026-01-19,"RP SCHKO Bílé Karpaty",NA,15087
"Druh","CZ0722199","Hrušová dolina","Tephroseris longifolia subsp. moravica",NA,1999-06-10,2022-07-01,"AOPK ÈR - RP SCHKO Bílé Karpaty","LOK_PROCDOBR","0","50","% lokalit v dobrém stavu","špatný","neznámý",2026-01-19,"RP SCHKO Bílé Karpaty",NA,15087
"Druh","CZ0722199","Hrušová dolina","Tephroseris longifolia subsp. moravica",NA,1999-06-10,2022-07-01,"AOPK ÈR - RP SCHKO Bílé Karpaty","POP_PROCDOB","0","50","% populace v dobrém stavu","špatný","neznámý",2026-01-19,"RP SCHKO Bílé Karpaty",NA,15087
"Druh","CZ0722199","Hrušová dolina","Tephroseris longifolia subsp. moravica",NA,1999-06-10,2022-07-01,"AOPK ÈR - RP SCHKO Bílé Karpaty","10","špatný",NA,NA,"špatný","neznámý",2026-01-19,"RP SCHKO Bílé Karpaty",NA,15087
"Druh","CZ0724430","Vlárský prùsmyk","Tephroseris longifolia subsp. moravica",NA,2000-05-18,2023-07-04,"AOPK ÈR - RP SCHKO Bílé Karpaty","LOK_PROCDOBR","0","50","% lokalit v dobrém stavu","špatný","neznámý",2026-01-19,"RP SCHKO Bílé Karpaty",NA,15087
"Druh","CZ0724430","Vlárský prùsmyk","Tephroseris longifolia subsp. moravica",NA,2000-05-18,2023-07-04,"AOPK ÈR - RP SCHKO Bílé Karpaty","POP_PROCDOB","0","50","% populace v dobrém stavu","špatný","neznámý",2026-01-19,"RP SCHKO Bílé Karpaty",NA,15087
"Druh","CZ0724430","Vlárský prùsmyk","Tephroseris longifolia subsp. moravica",NA,2000-05-18,2023-07-04,"AOPK ÈR - RP SCHKO Bílé Karpaty","10","špatný",NA,NA,"špatný","neznámý",2026-01-19,"RP SCHKO Bílé Karpaty",NA,15087
"Druh","CZ0414127","Hradištì","Pulsatilla patens",NA,1917-01-01,2023-05-01,"Krajský úøad Ústeckého kraje, Újezdní úøad Hradištì, Krajský úøad Karlovarského kraje, AOPK ÈR - RP SCHKO Slavkovský les","LOK_PROCDOBR","0","50","% lokalit v dobrém stavu","špatný","neznámý",2026-01-19,"RP SCHKO Slavkovský les",NA,15087
"Druh","CZ0414127","Hradištì","Pulsatilla patens",NA,1917-01-01,2023-05-01,"Krajský úøad Ústeckého kraje, Újezdní úøad Hradištì, Krajský úøad Karlovarského kraje, AOPK ÈR - RP SCHKO Slavkovský les","POP_PROCDOB","0","50","% populace v dobrém stavu","špatný","neznámý",2026-01-19,"RP SCHKO Slavkovský les",NA,15087
"Druh","CZ0414127","Hradištì","Pulsatilla patens",NA,1917-01-01,2023-05-01,"Krajský úøad Ústeckého kraje, Újezdní úøad Hradištì, Krajský úøad Karlovarského kraje, AOPK ÈR - RP SCHKO Slavkovský les","10","špatný",NA,NA,"špatný","neznámý",2026-01-19,"RP SCHKO Slavkovský les",NA,15087
"Druh","CZ0422075","Boreèský vrch","Pulsatilla patens",NA,2000-01-01,2024-04-29,"AOPK ÈR - RP SCHKO Èeské støedohoøí","LOK_PROCDOBR","0","50","% lokalit v dobrém stavu","špatný","neznámý",2026-01-19,"RP SCHKO Èeské støedohoøí",NA,15087
"Druh","CZ0422075","Boreèský vrch","Pulsatilla patens",NA,2000-01-01,2024-04-29,"AOPK ÈR - RP SCHKO Èeské støedohoøí","POP_PROCDOB","0","50","% populace v dobrém stavu","špatný","neznámý",2026-01-19,"RP SCHKO Èeské støedohoøí",NA,15087
"Druh","CZ0422075","Boreèský vrch","Pulsatilla patens",NA,2000-01-01,2024-04-29,"AOPK ÈR - RP SCHKO Èeské støedohoøí","10","špatný",NA,NA,"špatný","neznámý",2026-01-19,"RP SCHKO Èeské støedohoøí",NA,15087
"Druh","CZ0424030","Bezruèovo údolí","Pulsatilla patens",NA,2000-05-01,2023-04-16,"Krajský úøad Ústeckého kraje","LOK_PROCDOBR","0","50","% lokalit v dobrém stavu","špatný","neznámý",2026-01-19,"RP SCHKO Slavkovský les",NA,15087
"Druh","CZ0424030","Bezruèovo údolí","Pulsatilla patens",NA,2000-05-01,2023-04-16,"Krajský úøad Ústeckého kraje","POP_PROCDOB","0","50","% populace v dobrém stavu","špatný","neznámý",2026-01-19,"RP SCHKO Slavkovský les",NA,15087
"Druh","CZ0424030","Bezruèovo údolí","Pulsatilla patens",NA,2000-05-01,2023-04-16,"Krajský úøad Ústeckého kraje","10","špatný",NA,NA,"špatný","neznámý",2026-01-19,"RP SCHKO Slavkovský les",NA,15087
"Druh","CZ0424038","Holý vrch u Hlinné","Pulsatilla patens",NA,2001-07-05,2024-04-16,"AOPK ÈR - RP SCHKO Èeské støedohoøí","LOK_PROCDOBR","0","50","% lokalit v dobrém stavu","špatný","neznámý",2026-01-19,"RP SCHKO Èeské støedohoøí",NA,15087
"Druh","CZ0424038","Holý vrch u Hlinné","Pulsatilla patens",NA,2001-07-05,2024-04-16,"AOPK ÈR - RP SCHKO Èeské støedohoøí","POP_PROCDOB","0","50","% populace v dobrém stavu","špatný","neznámý",2026-01-19,"RP SCHKO Èeské støedohoøí",NA,15087
"Druh","CZ0424038","Holý vrch u Hlinné","Pulsatilla patens",NA,2001-07-05,2024-04-16,"AOPK ÈR - RP SCHKO Èeské støedohoøí","10","špatný",NA,NA,"špatný","neznámý",2026-01-19,"RP SCHKO Èeské støedohoøí",NA,15087
"Druh","CZ0424125","Doupovské hory","Pulsatilla patens",NA,2000-05-01,2024-04-30,"Krajský úøad Ústeckého kraje, AOPK ÈR - RP SCHKO Slavkovský les, Krajský úøad Karlovarského kraje","LOK_PROCDOBR","0","50","% lokalit v dobrém stavu","špatný","neznámý",2026-01-19,"RP SCHKO Slavkovský les",NA,15087
"Druh","CZ0424125","Doupovské hory","Pulsatilla patens",NA,2000-05-01,2024-04-30,"Krajský úøad Ústeckého kraje, AOPK ÈR - RP SCHKO Slavkovský les, Krajský úøad Karlovarského kraje","POP_PROCDOB","0","50","% populace v dobrém stavu","špatný","neznámý",2026-01-19,"RP SCHKO Slavkovský les",NA,15087
"Druh","CZ0424125","Doupovské hory","Pulsatilla patens",NA,2000-05-01,2024-04-30,"Krajský úøad Ústeckého kraje, AOPK ÈR - RP SCHKO Slavkovský les, Krajský úøad Karlovarského kraje","10","špatný",NA,NA,"špatný","neznámý",2026-01-19,"RP SCHKO Slavkovský les",NA,15087
"Druh","CZ0514042","Jestøebsko - Dokesko","Pulsatilla patens",NA,2000-05-01,2024-04-04,"Krajský úøad Libereckého kraje, AOPK ÈR - RP SCHKO Kokoøínsko - Máchùv kraj","LOK_PROCDOBR","0","50","% lokalit v dobrém stavu","špatný","neznámý",2026-01-19,"RP SCHKO Kokoøínsko - Máchùv kraj",NA,15087
"Druh","CZ0514042","Jestøebsko - Dokesko","Pulsatilla patens",NA,2000-05-01,2024-04-04,"Krajský úøad Libereckého kraje, AOPK ÈR - RP SCHKO Kokoøínsko - Máchùv kraj","POP_PROCDOB","0","50","% populace v dobrém stavu","špatný","neznámý",2026-01-19,"RP SCHKO Kokoøínsko - Máchùv kraj",NA,15087
"Druh","CZ0514042","Jestøebsko - Dokesko","Pulsatilla patens",NA,2000-05-01,2024-04-04,"Krajský úøad Libereckého kraje, AOPK ÈR - RP SCHKO Kokoøínsko - Máchùv kraj","10","špatný",NA,NA,"špatný","neznámý",2026-01-19,"RP SCHKO Kokoøínsko - Máchùv kraj",NA,15087
"Druh","CZ0212008","Hadce u Hrnèíø","Minuartia smejkalii",NA,2000-01-01,2024-07-08,"Krajský úøad Støedoèeského kraje","LOK_PROCDOBR","0","50","% lokalit v dobrém stavu","špatný","neznámý",2026-01-19,"RP Støední Èechy",NA,15087
"Druh","CZ0212008","Hadce u Hrnèíø","Minuartia smejkalii",NA,2000-01-01,2024-07-08,"Krajský úøad Støedoèeského kraje","POP_PROCDOB","0","50","% populace v dobrém stavu","špatný","neznámý",2026-01-19,"RP Støední Èechy",NA,15087
"Druh","CZ0212008","Hadce u Hrnèíø","Minuartia smejkalii",NA,2000-01-01,2024-07-08,"Krajský úøad Støedoèeského kraje","10","špatný",NA,NA,"špatný","neznámý",2026-01-19,"RP Støední Èechy",NA,15087
"Druh","CZ0214016","Želivka","Minuartia smejkalii",NA,2000-01-01,2024-07-03,"Krajský úøad Støedoèeského kraje, AOPK ÈR - RP Støední Èechy, Krajský úøad Kraje Vysoèina","LOK_PROCDOBR","0","50","% lokalit v dobrém stavu","špatný","neznámý",2026-01-19,"RP Støední Èechy",NA,15087
"Druh","CZ0214016","Želivka","Minuartia smejkalii",NA,2000-01-01,2024-07-03,"Krajský úøad Støedoèeského kraje, AOPK ÈR - RP Støední Èechy, Krajský úøad Kraje Vysoèina","POP_PROCDOB","0","50","% populace v dobrém stavu","špatný","neznámý",2026-01-19,"RP Støední Èechy",NA,15087
"Druh","CZ0214016","Želivka","Minuartia smejkalii",NA,2000-01-01,2024-07-03,"Krajský úøad Støedoèeského kraje, AOPK ÈR - RP Støední Èechy, Krajský úøad Kraje Vysoèina","10","špatný",NA,NA,"špatný","neznámý",2026-01-19,"RP Støední Èechy",NA,15087
"Druh","CZ0422079","Královomlýnský rybník","Luronium natans",NA,2000-01-01,2024-08-09,"Správa NP Èeské Švýcarsko","LOK_PROCDOBR","0","50","% lokalit v dobrém stavu","špatný","neznámý",2026-01-19,"RP SCHKO Èeské støedohoøí",NA,15087
"Druh","CZ0422079","Královomlýnský rybník","Luronium natans",NA,2000-01-01,2024-08-09,"Správa NP Èeské Švýcarsko","POP_PROCDOB","0","50","% populace v dobrém stavu","špatný","neznámý",2026-01-19,"RP SCHKO Èeské støedohoøí",NA,15087
"Druh","CZ0422079","Královomlýnský rybník","Luronium natans",NA,2000-01-01,2024-08-09,"Správa NP Èeské Švýcarsko","10","špatný",NA,NA,"špatný","neznámý",2026-01-19,"RP SCHKO Èeské støedohoøí",NA,15087
"Druh","CZ0424111","Labské údolí","Luronium natans",NA,2000-01-01,2024-08-09,"Správa NP Èeské Švýcarsko","LOK_PROCDOBR","0","50","% lokalit v dobrém stavu","špatný","neznámý",2026-01-19,"RP SCHKO Èeské støedohoøí",NA,15087
"Druh","CZ0424111","Labské údolí","Luronium natans",NA,2000-01-01,2024-08-09,"Správa NP Èeské Švýcarsko","POP_PROCDOB","0","50","% populace v dobrém stavu","špatný","neznámý",2026-01-19,"RP SCHKO Èeské støedohoøí",NA,15087
"Druh","CZ0424111","Labské údolí","Luronium natans",NA,2000-01-01,2024-08-09,"Správa NP Èeské Švýcarsko","10","špatný",NA,NA,"špatný","neznámý",2026-01-19,"RP SCHKO Èeské støedohoøí",NA,15087
"Druh","CZ0412069","Pramenské pastviny","Cerastium alsinifolium",NA,2004-05-10,2018-11-14,"AOPK ÈR - RP SCHKO Slavkovský les","LOK_PROCDOBR","0","50","% lokalit v dobrém stavu","špatný","neznámý",2026-01-19,"RP SCHKO Slavkovský les",NA,15087
"Druh","CZ0412069","Pramenské pastviny","Cerastium alsinifolium",NA,2004-05-10,2018-11-14,"AOPK ÈR - RP SCHKO Slavkovský les","POP_PROCDOB","0","50","% populace v dobrém stavu","špatný","neznámý",2026-01-19,"RP SCHKO Slavkovský les",NA,15087
"Druh","CZ0412069","Pramenské pastviny","Cerastium alsinifolium",NA,2004-05-10,2018-11-14,"AOPK ÈR - RP SCHKO Slavkovský les","10","špatný",NA,NA,"špatný","neznámý",2026-01-19,"RP SCHKO Slavkovský les",NA,15087
"Druh","CZ0412070","Raušenbašská lada","Cerastium alsinifolium",NA,2000-01-01,2024-11-26,"AOPK ÈR - RP SCHKO Slavkovský les","LOK_PROCDOBR","0","50","% lokalit v dobrém stavu","špatný","neznámý",2026-01-19,"RP SCHKO Slavkovský les",NA,15087
"Druh","CZ0412070","Raušenbašská lada","Cerastium alsinifolium",NA,2000-01-01,2024-11-26,"AOPK ÈR - RP SCHKO Slavkovský les","POP_PROCDOB","0","50","% populace v dobrém stavu","špatný","neznámý",2026-01-19,"RP SCHKO Slavkovský les",NA,15087
"Druh","CZ0412070","Raušenbašská lada","Cerastium alsinifolium",NA,2000-01-01,2024-11-26,"AOPK ÈR - RP SCHKO Slavkovský les","10","špatný",NA,NA,"špatný","neznámý",2026-01-19,"RP SCHKO Slavkovský les",NA,15087
"Druh","CZ0414026","Úpolínová louka - Køížky","Cerastium alsinifolium",NA,2000-01-01,2024-09-19,"AOPK ÈR - RP SCHKO Slavkovský les","LOK_PROCDOBR","0","50","% lokalit v dobrém stavu","špatný","neznámý",2026-01-19,"RP SCHKO Slavkovský les",NA,15087
"Druh","CZ0414026","Úpolínová louka - Køížky","Cerastium alsinifolium",NA,2000-01-01,2024-09-19,"AOPK ÈR - RP SCHKO Slavkovský les","POP_PROCDOB","0","50","% populace v dobrém stavu","špatný","neznámý",2026-01-19,"RP SCHKO Slavkovský les",NA,15087
"Druh","CZ0414026","Úpolínová louka - Køížky","Cerastium alsinifolium",NA,2000-01-01,2024-09-19,"AOPK ÈR - RP SCHKO Slavkovský les","10","špatný",NA,NA,"špatný","neznámý",2026-01-19,"RP SCHKO Slavkovský les",NA,15087
"Druh","CZ0114001","Radotínské údolí","Dracocephalum austriacum",NA,2000-11-28,2024-05-14,"AOPK ÈR - RP Støední Èechy","LOK_PROCDOBR","0","50","% lokalit v dobrém stavu","špatný","neznámý",2026-01-19,"RP Støední Èechy",NA,15087
"Druh","CZ0114001","Radotínské údolí","Dracocephalum austriacum",NA,2000-11-28,2024-05-14,"AOPK ÈR - RP Støední Èechy","POP_PROCDOB","0","50","% populace v dobrém stavu","špatný","neznámý",2026-01-19,"RP Støední Èechy",NA,15087
"Druh","CZ0114001","Radotínské údolí","Dracocephalum austriacum",NA,2000-11-28,2024-05-14,"AOPK ÈR - RP Støední Èechy","10","špatný",NA,NA,"špatný","neznámý",2026-01-19,"RP Støední Èechy",NA,15087
"Druh","CZ0214002","Karlické údolí","Dracocephalum austriacum",NA,2002-03-19,2024-05-07,"AOPK ÈR - RP Støední Èechy","LOK_PROCDOBR","0","50","% lokalit v dobrém stavu","špatný","neznámý",2026-01-19,"RP Støední Èechy",NA,15087
"Druh","CZ0214002","Karlické údolí","Dracocephalum austriacum",NA,2002-03-19,2024-05-07,"AOPK ÈR - RP Støední Èechy","POP_PROCDOB","0","50","% populace v dobrém stavu","špatný","neznámý",2026-01-19,"RP Støední Èechy",NA,15087
"Druh","CZ0214002","Karlické údolí","Dracocephalum austriacum",NA,2002-03-19,2024-05-07,"AOPK ÈR - RP Støední Èechy","10","špatný",NA,NA,"špatný","neznámý",2026-01-19,"RP Støední Èechy",NA,15087
"Druh","CZ0214017","Karlštejn - Koda","Dracocephalum austriacum",NA,1997-01-01,2024-11-01,"AOPK ÈR - RP Støední Èechy","LOK_PROCDOBR","6.25","50","% lokalit v dobrém stavu","špatný","neznámý",2026-01-19,"RP Støední Èechy",NA,15087
"Druh","CZ0214017","Karlštejn - Koda","Dracocephalum austriacum",NA,1997-01-01,2024-11-01,"AOPK ÈR - RP Støední Èechy","POP_PROCDOB","28.885","50","% populace v dobrém stavu","špatný","neznámý",2026-01-19,"RP Støední Èechy",NA,15087
"Druh","CZ0214017","Karlštejn - Koda","Dracocephalum austriacum",NA,1997-01-01,2024-11-01,"AOPK ÈR - RP Støední Èechy","10","špatný",NA,NA,"špatný","neznámý",2026-01-19,"RP Støední Èechy",NA,15087
"Druh","CZ0714077","Pradìd","Campanula gelida",NA,2000-01-01,2024-07-25,"AOPK ÈR - RP Olomoucko","LOK_PROCDOBR","0","50","% lokalit v dobrém stavu","špatný","neznámý",2026-01-19,"RP Olomoucko",NA,15087
"Druh","CZ0714077","Pradìd","Campanula gelida",NA,2000-01-01,2024-07-25,"AOPK ÈR - RP Olomoucko","POP_PROCDOB","0","50","% populace v dobrém stavu","špatný","neznámý",2026-01-19,"RP Olomoucko",NA,15087
"Druh","CZ0714077","Pradìd","Campanula gelida",NA,2000-01-01,2024-07-25,"AOPK ÈR - RP Olomoucko","10","špatný",NA,NA,"špatný","neznámý",2026-01-19,"RP Olomoucko",NA,15087
"Druh","CZ0212001","Bøezinský rybník","Coleanthus subtilis",NA,2000-07-23,2023-05-30,"Krajský úøad Støedoèeského kraje","LOK_PROCDOBR","0","50","% lokalit v dobrém stavu","špatný","neznámý",2026-01-19,"RP Støední Èechy",NA,15087
"Druh","CZ0212001","Bøezinský rybník","Coleanthus subtilis",NA,2000-07-23,2023-05-30,"Krajský úøad Støedoèeského kraje","POP_PROCDOB","0","50","% populace v dobrém stavu","špatný","neznámý",2026-01-19,"RP Støední Èechy",NA,15087
"Druh","CZ0212001","Bøezinský rybník","Coleanthus subtilis",NA,2000-07-23,2023-05-30,"Krajský úøad Støedoèeského kraje","10","špatný",NA,NA,"špatný","neznámý",2026-01-19,"RP Støední Èechy",NA,15087
"Druh","CZ0212010","Hvožïanské Háje","Coleanthus subtilis",NA,2001-03-27,2023-05-30,"Krajský úøad Støedoèeského kraje","LOK_PROCDOBR","0","50","% lokalit v dobrém stavu","špatný","neznámý",2026-01-19,"RP Støední Èechy",NA,15087
"Druh","CZ0212010","Hvožïanské Háje","Coleanthus subtilis",NA,2001-03-27,2023-05-30,"Krajský úøad Støedoèeského kraje","POP_PROCDOB","0","50","% populace v dobrém stavu","špatný","neznámý",2026-01-19,"RP Støední Èechy",NA,15087
"Druh","CZ0212010","Hvožïanské Háje","Coleanthus subtilis",NA,2001-03-27,2023-05-30,"Krajský úøad Støedoèeského kraje","10","špatný",NA,NA,"špatný","neznámý",2026-01-19,"RP Støední Èechy",NA,15087
"Druh","CZ0214014","Podlesí","Coleanthus subtilis",NA,2002-07-04,2024-03-18,"AOPK ÈR - RP Støední Èechy","LOK_PROCDOBR","0","50","% lokalit v dobrém stavu","špatný","neznámý",2026-01-19,"RP Støední Èechy",NA,15087
"Druh","CZ0214014","Podlesí","Coleanthus subtilis",NA,2002-07-04,2024-03-18,"AOPK ÈR - RP Støední Èechy","POP_PROCDOB","0","50","% populace v dobrém stavu","špatný","neznámý",2026-01-19,"RP Støední Èechy",NA,15087
"Druh","CZ0214014","Podlesí","Coleanthus subtilis",NA,2002-07-04,2024-03-18,"AOPK ÈR - RP Støední Èechy","10","špatný",NA,NA,"špatný","neznámý",2026-01-19,"RP Støední Èechy",NA,15087
"Druh","CZ0214046","Rybník Vidlák","Coleanthus subtilis",NA,2006-01-01,2023-08-11,"Krajský úøad Støedoèeského kraje","LOK_PROCDOBR","0","50","% lokalit v dobrém stavu","špatný","neznámý",2026-01-19,"RP Støední Èechy",NA,15087
"Druh","CZ0214046","Rybník Vidlák","Coleanthus subtilis",NA,2006-01-01,2023-08-11,"Krajský úøad Støedoèeského kraje","POP_PROCDOB","0","50","% populace v dobrém stavu","špatný","neznámý",2026-01-19,"RP Støední Èechy",NA,15087
"Druh","CZ0214046","Rybník Vidlák","Coleanthus subtilis",NA,2006-01-01,2023-08-11,"Krajský úøad Støedoèeského kraje","10","špatný",NA,NA,"špatný","neznámý",2026-01-19,"RP Støední Èechy",NA,15087
"Druh","CZ0312038","Lomnický velký rybník","Coleanthus subtilis",NA,2008-05-23,2023-07-04,"AOPK ÈR - RP Jižní Èechy","LOK_PROCDOBR","0","50","% lokalit v dobrém stavu","špatný","neznámý",2026-01-19,"RP Jižní Èechy",NA,15087
"Druh","CZ0312038","Lomnický velký rybník","Coleanthus subtilis",NA,2008-05-23,2023-07-04,"AOPK ÈR - RP Jižní Èechy","POP_PROCDOB","0","50","% populace v dobrém stavu","špatný","neznámý",2026-01-19,"RP Jižní Èechy",NA,15087
"Druh","CZ0312038","Lomnický velký rybník","Coleanthus subtilis",NA,2008-05-23,2023-07-04,"AOPK ÈR - RP Jižní Èechy","10","špatný",NA,NA,"špatný","neznámý",2026-01-19,"RP Jižní Èechy",NA,15087
"Druh","CZ0312040","Malý Horusický rybník","Coleanthus subtilis",NA,2015-05-14,2021-04-28,"AOPK ÈR - RP Jižní Èechy","LOK_PROCDOBR","0","50","% lokalit v dobrém stavu","špatný","neznámý",2026-01-19,"RP Jižní Èechy",NA,15087
"Druh","CZ0312040","Malý Horusický rybník","Coleanthus subtilis",NA,2015-05-14,2021-04-28,"AOPK ÈR - RP Jižní Èechy","POP_PROCDOB","0","50","% populace v dobrém stavu","špatný","neznámý",2026-01-19,"RP Jižní Èechy",NA,15087
"Druh","CZ0312040","Malý Horusický rybník","Coleanthus subtilis",NA,2015-05-14,2021-04-28,"AOPK ÈR - RP Jižní Èechy","10","špatný",NA,NA,"špatný","neznámý",2026-01-19,"RP Jižní Èechy",NA,15087
"Druh","CZ0312048","Štièí rybník","Coleanthus subtilis",NA,2004-06-06,2024-04-30,"AOPK ÈR - RP Jižní Èechy","LOK_PROCDOBR","0","50","% lokalit v dobrém stavu","špatný","neznámý",2026-01-19,"RP Jižní Èechy",NA,15087
"Druh","CZ0312048","Štièí rybník","Coleanthus subtilis",NA,2004-06-06,2024-04-30,"AOPK ÈR - RP Jižní Èechy","POP_PROCDOB","0","50","% populace v dobrém stavu","špatný","neznámý",2026-01-19,"RP Jižní Èechy",NA,15087
"Druh","CZ0312048","Štièí rybník","Coleanthus subtilis",NA,2004-06-06,2024-04-30,"AOPK ÈR - RP Jižní Èechy","10","špatný",NA,NA,"špatný","neznámý",2026-01-19,"RP Jižní Èechy",NA,15087
"Druh","CZ0314019","Velký a Malý Tisý","Coleanthus subtilis",NA,2000-01-01,2024-04-30,"AOPK ÈR - RP Jižní Èechy","LOK_PROCDOBR","50","50","% lokalit v dobrém stavu","dobrý","neznámý",2026-01-19,"RP Jižní Èechy",NA,15087
"Druh","CZ0314019","Velký a Malý Tisý","Coleanthus subtilis",NA,2000-01-01,2024-04-30,"AOPK ÈR - RP Jižní Èechy","POP_PROCDOB","0","50","% populace v dobrém stavu","špatný","neznámý",2026-01-19,"RP Jižní Èechy",NA,15087
"Druh","CZ0314019","Velký a Malý Tisý","Coleanthus subtilis",NA,2000-01-01,2024-04-30,"AOPK ÈR - RP Jižní Èechy","10","zhoršený",NA,NA,"zhoršený","neznámý",2026-01-19,"RP Jižní Èechy",NA,15087
"Druh","CZ0314635","Mnišský rybník","Coleanthus subtilis",NA,2002-06-01,2023-06-06,"Krajský úøad Jihoèeského kraje","LOK_PROCDOBR","0","50","% lokalit v dobrém stavu","špatný","neznámý",2026-01-19,"RP Jižní Èechy",NA,15087
"Druh","CZ0314635","Mnišský rybník","Coleanthus subtilis",NA,2002-06-01,2023-06-06,"Krajský úøad Jihoèeského kraje","POP_PROCDOB","0","50","% populace v dobrém stavu","špatný","neznámý",2026-01-19,"RP Jižní Èechy",NA,15087
"Druh","CZ0314635","Mnišský rybník","Coleanthus subtilis",NA,2002-06-01,2023-06-06,"Krajský úøad Jihoèeského kraje","10","špatný",NA,NA,"špatný","neznámý",2026-01-19,"RP Jižní Èechy",NA,15087
"Druh","CZ0314638","Vosecký rybník","Coleanthus subtilis",NA,2006-01-01,2024-05-16,"Krajský úøad Jihoèeského kraje","LOK_PROCDOBR","50","50","% lokalit v dobrém stavu","dobrý","neznámý",2026-01-19,"RP Jižní Èechy",NA,15087
"Druh","CZ0314638","Vosecký rybník","Coleanthus subtilis",NA,2006-01-01,2024-05-16,"Krajský úøad Jihoèeského kraje","POP_PROCDOB","0","50","% populace v dobrém stavu","špatný","neznámý",2026-01-19,"RP Jižní Èechy",NA,15087
"Druh","CZ0314638","Vosecký rybník","Coleanthus subtilis",NA,2006-01-01,2024-05-16,"Krajský úøad Jihoèeského kraje","10","zhoršený",NA,NA,"zhoršený","neznámý",2026-01-19,"RP Jižní Èechy",NA,15087
"Druh","CZ0314640","Rybník Walden","Coleanthus subtilis",NA,2002-10-01,2024-05-16,"Krajský úøad Jihoèeského kraje","LOK_PROCDOBR","0","50","% lokalit v dobrém stavu","špatný","neznámý",2026-01-19,"RP Jižní Èechy",NA,15087
"Druh","CZ0314640","Rybník Walden","Coleanthus subtilis",NA,2002-10-01,2024-05-16,"Krajský úøad Jihoèeského kraje","POP_PROCDOB","0","50","% populace v dobrém stavu","špatný","neznámý",2026-01-19,"RP Jižní Èechy",NA,15087
"Druh","CZ0314640","Rybník Walden","Coleanthus subtilis",NA,2002-10-01,2024-05-16,"Krajský úøad Jihoèeského kraje","10","špatný",NA,NA,"špatný","neznámý",2026-01-19,"RP Jižní Èechy",NA,15087
"Druh","CZ0322057","Maòovický rybník","Coleanthus subtilis",NA,2002-05-27,2023-05-30,"Krajský úøad Plzeòského kraje","LOK_PROCDOBR","0","50","% lokalit v dobrém stavu","špatný","neznámý",2026-01-19,"RP SCHKO Èeský les",NA,15087
"Druh","CZ0322057","Maòovický rybník","Coleanthus subtilis",NA,2002-05-27,2023-05-30,"Krajský úøad Plzeòského kraje","POP_PROCDOB","0","50","% populace v dobrém stavu","špatný","neznámý",2026-01-19,"RP SCHKO Èeský les",NA,15087
"Druh","CZ0322057","Maòovický rybník","Coleanthus subtilis",NA,2002-05-27,2023-05-30,"Krajský úøad Plzeòského kraje","10","špatný",NA,NA,"špatný","neznámý",2026-01-19,"RP SCHKO Èeský les",NA,15087
"Druh","CZ0420144","Novodomské a polské rašeliništì","Coleanthus subtilis",NA,2003-08-21,2013-07-03,"AOPK ÈR - RP SCHKO Slavkovský les, Krajský úøad Ústeckého kraje","LOK_PROCDOBR","0","50","% lokalit v dobrém stavu","špatný","neznámý",2026-01-19,"RP SCHKO Slavkovský les",NA,15087
"Druh","CZ0420144","Novodomské a polské rašeliništì","Coleanthus subtilis",NA,2003-08-21,2013-07-03,"AOPK ÈR - RP SCHKO Slavkovský les, Krajský úøad Ústeckého kraje","POP_PROCDOB","0","50","% populace v dobrém stavu","špatný","neznámý",2026-01-19,"RP SCHKO Slavkovský les",NA,15087
"Druh","CZ0420144","Novodomské a polské rašeliništì","Coleanthus subtilis",NA,2003-08-21,2013-07-03,"AOPK ÈR - RP SCHKO Slavkovský les, Krajský úøad Ústeckého kraje","10","špatný",NA,NA,"špatný","neznámý",2026-01-19,"RP SCHKO Slavkovský les",NA,15087
"Druh","CZ0534050","Èerný Nadýmaè","Coleanthus subtilis",NA,2002-05-31,2023-05-10,"Krajský úøad Pardubického kraje","LOK_PROCDOBR","0","50","% lokalit v dobrém stavu","špatný","neznámý",2026-01-19,"RP Východní Èechy",NA,15087
"Druh","CZ0534050","Èerný Nadýmaè","Coleanthus subtilis",NA,2002-05-31,2023-05-10,"Krajský úøad Pardubického kraje","POP_PROCDOB","0","50","% populace v dobrém stavu","špatný","neznámý",2026-01-19,"RP Východní Èechy",NA,15087
"Druh","CZ0534050","Èerný Nadýmaè","Coleanthus subtilis",NA,2002-05-31,2023-05-10,"Krajský úøad Pardubického kraje","10","špatný",NA,NA,"špatný","neznámý",2026-01-19,"RP Východní Èechy",NA,15087
"Druh","CZ0612134","Dolní rybník u Újezda","Coleanthus subtilis",NA,2000-01-01,2024-05-28,"Krajský úøad Kraje Vysoèina","LOK_PROCDOBR","0","50","% lokalit v dobrém stavu","špatný","neznámý",2026-01-19,"RP Vysoèina",NA,15087
"Druh","CZ0612134","Dolní rybník u Újezda","Coleanthus subtilis",NA,2000-01-01,2024-05-28,"Krajský úøad Kraje Vysoèina","POP_PROCDOB","0","50","% populace v dobrém stavu","špatný","neznámý",2026-01-19,"RP Vysoèina",NA,15087
"Druh","CZ0612134","Dolní rybník u Újezda","Coleanthus subtilis",NA,2000-01-01,2024-05-28,"Krajský úøad Kraje Vysoèina","10","špatný",NA,NA,"špatný","neznámý",2026-01-19,"RP Vysoèina",NA,15087
"Druh","CZ0612135","Hodíškovský rybník","Coleanthus subtilis",NA,2000-01-01,2024-06-04,"Krajský úøad Kraje Vysoèina","LOK_PROCDOBR","0","50","% lokalit v dobrém stavu","špatný","neznámý",2026-01-19,"RP Vysoèina",NA,15087
"Druh","CZ0612135","Hodíškovský rybník","Coleanthus subtilis",NA,2000-01-01,2024-06-04,"Krajský úøad Kraje Vysoèina","POP_PROCDOB","0","50","% populace v dobrém stavu","špatný","neznámý",2026-01-19,"RP Vysoèina",NA,15087
"Druh","CZ0612135","Hodíškovský rybník","Coleanthus subtilis",NA,2000-01-01,2024-06-04,"Krajský úøad Kraje Vysoèina","10","špatný",NA,NA,"špatný","neznámý",2026-01-19,"RP Vysoèina",NA,15087
"Druh","CZ0612137","Obecník","Coleanthus subtilis",NA,2002-06-17,2024-06-06,"Krajský úøad Kraje Vysoèina","LOK_PROCDOBR","0","50","% lokalit v dobrém stavu","špatný","neznámý",2026-01-19,"RP Vysoèina",NA,15087
"Druh","CZ0612137","Obecník","Coleanthus subtilis",NA,2002-06-17,2024-06-06,"Krajský úøad Kraje Vysoèina","POP_PROCDOB","0","50","% populace v dobrém stavu","špatný","neznámý",2026-01-19,"RP Vysoèina",NA,15087
"Druh","CZ0612137","Obecník","Coleanthus subtilis",NA,2002-06-17,2024-06-06,"Krajský úøad Kraje Vysoèina","10","špatný",NA,NA,"špatný","neznámý",2026-01-19,"RP Vysoèina",NA,15087
"Druh","CZ0612139","Pod Kamenným vrchem","Coleanthus subtilis",NA,2000-06-27,2024-05-23,"AOPK ÈR - RP Vysoèina","LOK_PROCDOBR","0","50","% lokalit v dobrém stavu","špatný","neznámý",2026-01-19,"RP Vysoèina",NA,15087
"Druh","CZ0612139","Pod Kamenným vrchem","Coleanthus subtilis",NA,2000-06-27,2024-05-23,"AOPK ÈR - RP Vysoèina","POP_PROCDOB","0","50","% populace v dobrém stavu","špatný","neznámý",2026-01-19,"RP Vysoèina",NA,15087
"Druh","CZ0612139","Pod Kamenným vrchem","Coleanthus subtilis",NA,2000-06-27,2024-05-23,"AOPK ÈR - RP Vysoèina","10","špatný",NA,NA,"špatný","neznámý",2026-01-19,"RP Vysoèina",NA,15087
"Druh","CZ0612140","Podvesník","Coleanthus subtilis",NA,2001-01-01,2024-06-04,"Krajský úøad Kraje Vysoèina","LOK_PROCDOBR","0","50","% lokalit v dobrém stavu","špatný","neznámý",2026-01-19,"RP Vysoèina",NA,15087
"Druh","CZ0612140","Podvesník","Coleanthus subtilis",NA,2001-01-01,2024-06-04,"Krajský úøad Kraje Vysoèina","POP_PROCDOB","0","50","% populace v dobrém stavu","špatný","neznámý",2026-01-19,"RP Vysoèina",NA,15087
"Druh","CZ0612140","Podvesník","Coleanthus subtilis",NA,2001-01-01,2024-06-04,"Krajský úøad Kraje Vysoèina","10","špatný",NA,NA,"špatný","neznámý",2026-01-19,"RP Vysoèina",NA,15087
"Druh","CZ0612143","Rybník u Zadního Zhoøce","Coleanthus subtilis",NA,2002-01-01,2024-06-04,"Krajský úøad Kraje Vysoèina","LOK_PROCDOBR","0","50","% lokalit v dobrém stavu","špatný","neznámý",2026-01-19,"RP Vysoèina",NA,15087
"Druh","CZ0612143","Rybník u Zadního Zhoøce","Coleanthus subtilis",NA,2002-01-01,2024-06-04,"Krajský úøad Kraje Vysoèina","POP_PROCDOB","0","50","% populace v dobrém stavu","špatný","neznámý",2026-01-19,"RP Vysoèina",NA,15087
"Druh","CZ0612143","Rybník u Zadního Zhoøce","Coleanthus subtilis",NA,2002-01-01,2024-06-04,"Krajský úøad Kraje Vysoèina","10","špatný",NA,NA,"špatný","neznámý",2026-01-19,"RP Vysoèina",NA,15087
"Druh","CZ0612145","Rychtáøský rybník","Coleanthus subtilis",NA,2002-01-01,2024-06-04,"Krajský úøad Kraje Vysoèina","LOK_PROCDOBR","0","50","% lokalit v dobrém stavu","špatný","neznámý",2026-01-19,"RP Vysoèina",NA,15087
"Druh","CZ0612145","Rychtáøský rybník","Coleanthus subtilis",NA,2002-01-01,2024-06-04,"Krajský úøad Kraje Vysoèina","POP_PROCDOB","0","50","% populace v dobrém stavu","špatný","neznámý",2026-01-19,"RP Vysoèina",NA,15087
"Druh","CZ0612145","Rychtáøský rybník","Coleanthus subtilis",NA,2002-01-01,2024-06-04,"Krajský úøad Kraje Vysoèina","10","špatný",NA,NA,"špatný","neznámý",2026-01-19,"RP Vysoèina",NA,15087
"Druh","CZ0614052","Rybníky u Rudolce","Coleanthus subtilis",NA,2002-01-01,2024-05-28,"Krajský úøad Kraje Vysoèina","LOK_PROCDOBR","0","50","% lokalit v dobrém stavu","špatný","neznámý",2026-01-19,"RP Vysoèina",NA,15087
"Druh","CZ0614052","Rybníky u Rudolce","Coleanthus subtilis",NA,2002-01-01,2024-05-28,"Krajský úøad Kraje Vysoèina","POP_PROCDOB","0","50","% populace v dobrém stavu","špatný","neznámý",2026-01-19,"RP Vysoèina",NA,15087
"Druh","CZ0614052","Rybníky u Rudolce","Coleanthus subtilis",NA,2002-01-01,2024-05-28,"Krajský úøad Kraje Vysoèina","10","špatný",NA,NA,"špatný","neznámý",2026-01-19,"RP Vysoèina",NA,15087
"Druh","CZ0614057","Znìtínské rybníky","Coleanthus subtilis",NA,2001-07-12,2024-06-04,"Krajský úøad Kraje Vysoèina","LOK_PROCDOBR","16.667","50","% lokalit v dobrém stavu","špatný","neznámý",2026-01-19,"RP Vysoèina",NA,15087
"Druh","CZ0614057","Znìtínské rybníky","Coleanthus subtilis",NA,2001-07-12,2024-06-04,"Krajský úøad Kraje Vysoèina","POP_PROCDOB","0","50","% populace v dobrém stavu","špatný","neznámý",2026-01-19,"RP Vysoèina",NA,15087
"Druh","CZ0614057","Znìtínské rybníky","Coleanthus subtilis",NA,2001-07-12,2024-06-04,"Krajský úøad Kraje Vysoèina","10","špatný",NA,NA,"špatný","neznámý",2026-01-19,"RP Vysoèina",NA,15087
"Druh","CZ0614058","Rybníky V Pouštích","Coleanthus subtilis",NA,2000-01-01,2024-05-28,"Krajský úøad Kraje Vysoèina","LOK_PROCDOBR","0","50","% lokalit v dobrém stavu","špatný","neznámý",2026-01-19,"RP Vysoèina",NA,15087
"Druh","CZ0614058","Rybníky V Pouštích","Coleanthus subtilis",NA,2000-01-01,2024-05-28,"Krajský úøad Kraje Vysoèina","POP_PROCDOB","0","50","% populace v dobrém stavu","špatný","neznámý",2026-01-19,"RP Vysoèina",NA,15087
"Druh","CZ0614058","Rybníky V Pouštích","Coleanthus subtilis",NA,2000-01-01,2024-05-28,"Krajský úøad Kraje Vysoèina","10","špatný",NA,NA,"špatný","neznámý",2026-01-19,"RP Vysoèina",NA,15087
"Druh","CZ0614132","Kamenický rybník","Coleanthus subtilis",NA,2007-06-08,2024-05-27,"Krajský úøad Kraje Vysoèina","LOK_PROCDOBR","0","50","% lokalit v dobrém stavu","špatný","neznámý",2026-01-19,"RP Vysoèina",NA,15087
"Druh","CZ0614132","Kamenický rybník","Coleanthus subtilis",NA,2007-06-08,2024-05-27,"Krajský úøad Kraje Vysoèina","POP_PROCDOB","0","50","% populace v dobrém stavu","špatný","neznámý",2026-01-19,"RP Vysoèina",NA,15087
"Druh","CZ0614132","Kamenický rybník","Coleanthus subtilis",NA,2007-06-08,2024-05-27,"Krajský úøad Kraje Vysoèina","10","špatný",NA,NA,"špatný","neznámý",2026-01-19,"RP Vysoèina",NA,15087
"Druh","CZ0612149","Suché skály","Dianthus moravicus",NA,2002-09-03,2024-06-06,"Krajský úøad Kraje Vysoèina","LOK_PROCDOBR","0","50","% lokalit v dobrém stavu","špatný","neznámý",2026-01-19,"RP Vysoèina",NA,15087
"Druh","CZ0612149","Suché skály","Dianthus moravicus",NA,2002-09-03,2024-06-06,"Krajský úøad Kraje Vysoèina","POP_PROCDOB","0","50","% populace v dobrém stavu","špatný","neznámý",2026-01-19,"RP Vysoèina",NA,15087
"Druh","CZ0612149","Suché skály","Dianthus moravicus",NA,2002-09-03,2024-06-06,"Krajský úøad Kraje Vysoèina","10","špatný",NA,NA,"špatný","neznámý",2026-01-19,"RP Vysoèina",NA,15087
"Druh","CZ0622175","Pekárka","Dianthus moravicus",NA,2000-01-01,2021-06-02,"Krajský úøad Jihomoravského kraje","LOK_PROCDOBR","0","50","% lokalit v dobrém stavu","špatný","neznámý",2026-01-19,"RP Jižní Morava",NA,15087
"Druh","CZ0622175","Pekárka","Dianthus moravicus",NA,2000-01-01,2021-06-02,"Krajský úøad Jihomoravského kraje","POP_PROCDOB","0","50","% populace v dobrém stavu","špatný","neznámý",2026-01-19,"RP Jižní Morava",NA,15087
"Druh","CZ0622175","Pekárka","Dianthus moravicus",NA,2000-01-01,2021-06-02,"Krajský úøad Jihomoravského kraje","10","špatný",NA,NA,"špatný","neznámý",2026-01-19,"RP Jižní Morava",NA,15087
"Druh","CZ0622181","Èervené stránì","Dianthus moravicus",NA,2002-10-01,2023-09-15,"Krajský úøad Jihomoravského kraje","LOK_PROCDOBR","0","50","% lokalit v dobrém stavu","špatný","neznámý",2026-01-19,"RP Jižní Morava",NA,15087
"Druh","CZ0622181","Èervené stránì","Dianthus moravicus",NA,2002-10-01,2023-09-15,"Krajský úøad Jihomoravského kraje","POP_PROCDOB","0","50","% populace v dobrém stavu","špatný","neznámý",2026-01-19,"RP Jižní Morava",NA,15087
"Druh","CZ0622181","Èervené stránì","Dianthus moravicus",NA,2002-10-01,2023-09-15,"Krajský úøad Jihomoravského kraje","10","špatný",NA,NA,"špatný","neznámý",2026-01-19,"RP Jižní Morava",NA,15087
"Druh","CZ0624095","Údolí Dyje","Dianthus moravicus",NA,2003-01-01,2020-06-24,"Krajský úøad Jihomoravského kraje","LOK_PROCDOBR","0","50","% lokalit v dobrém stavu","špatný","neznámý",2026-01-19,"RP Jižní Morava",NA,15087
"Druh","CZ0624095","Údolí Dyje","Dianthus moravicus",NA,2003-01-01,2020-06-24,"Krajský úøad Jihomoravského kraje","POP_PROCDOB","0","50","% populace v dobrém stavu","špatný","neznámý",2026-01-19,"RP Jižní Morava",NA,15087
"Druh","CZ0624095","Údolí Dyje","Dianthus moravicus",NA,2003-01-01,2020-06-24,"Krajský úøad Jihomoravského kraje","10","špatný",NA,NA,"špatný","neznámý",2026-01-19,"RP Jižní Morava",NA,15087
"Druh","CZ0624128","Krumlovsko-rokytenské slepence","Dianthus moravicus",NA,2000-01-01,2022-06-09,"AOPK ÈR - RP Jižní Morava, Krajský úøad Jihomoravského kraje","LOK_PROCDOBR","33.333","50","% lokalit v dobrém stavu","špatný","neznámý",2026-01-19,"RP Jižní Morava",NA,15087
"Druh","CZ0624128","Krumlovsko-rokytenské slepence","Dianthus moravicus",NA,2000-01-01,2022-06-09,"AOPK ÈR - RP Jižní Morava, Krajský úøad Jihomoravského kraje","POP_PROCDOB","0","50","% populace v dobrém stavu","špatný","neznámý",2026-01-19,"RP Jižní Morava",NA,15087
"Druh","CZ0624128","Krumlovsko-rokytenské slepence","Dianthus moravicus",NA,2000-01-01,2022-06-09,"AOPK ÈR - RP Jižní Morava, Krajský úøad Jihomoravského kraje","10","špatný",NA,NA,"špatný","neznámý",2026-01-19,"RP Jižní Morava",NA,15087
"Druh","CZ0714077","Pradìd","Poa riphaea",NA,2000-01-01,2024-08-27,"AOPK ÈR - RP Olomoucko","LOK_PROCDOBR","0","50","% lokalit v dobrém stavu","špatný","neznámý",2026-01-19,"RP Olomoucko",NA,15087
"Druh","CZ0714077","Pradìd","Poa riphaea",NA,2000-01-01,2024-08-27,"AOPK ÈR - RP Olomoucko","POP_PROCDOB","0","50","% populace v dobrém stavu","špatný","neznámý",2026-01-19,"RP Olomoucko",NA,15087
"Druh","CZ0714077","Pradìd","Poa riphaea",NA,2000-01-01,2024-08-27,"AOPK ÈR - RP Olomoucko","10","špatný",NA,NA,"špatný","neznámý",2026-01-19,"RP Olomoucko",NA,15087
"Druh","CZ0614131","Údolí Oslavy a Chvojnice","Himantoglossum adriaticum",NA,2000-01-01,2024-07-11,"Krajský úøad Jihomoravského kraje, AOPK ÈR - RP Vysoèina, Krajský úøad Kraje Vysoèina","LOK_PROCDOBR","0","50","% lokalit v dobrém stavu","špatný","neznámý",2026-01-19,"RP Vysoèina",NA,15087
"Druh","CZ0614131","Údolí Oslavy a Chvojnice","Himantoglossum adriaticum",NA,2000-01-01,2024-07-11,"Krajský úøad Jihomoravského kraje, AOPK ÈR - RP Vysoèina, Krajský úøad Kraje Vysoèina","POP_PROCDOB","0","50","% populace v dobrém stavu","špatný","neznámý",2026-01-19,"RP Vysoèina",NA,15087
"Druh","CZ0614131","Údolí Oslavy a Chvojnice","Himantoglossum adriaticum",NA,2000-01-01,2024-07-11,"Krajský úøad Jihomoravského kraje, AOPK ÈR - RP Vysoèina, Krajský úøad Kraje Vysoèina","10","špatný",NA,NA,"špatný","neznámý",2026-01-19,"RP Vysoèina",NA,15087
"Druh","CZ0212021","Slatinná louka u Velenky","Thesium ebracteatum",NA,2000-02-10,2024-06-20,"AOPK ÈR - RP SCHKO Kokoøínsko - Máchùv kraj, Krajský úøad Støedoèeského kraje","LOK_PROCDOBR","0","50","% lokalit v dobrém stavu","špatný","neznámý",2026-01-19,"RP SCHKO Kokoøínsko - Máchùv kraj",NA,15087
"Druh","CZ0212021","Slatinná louka u Velenky","Thesium ebracteatum",NA,2000-02-10,2024-06-20,"AOPK ÈR - RP SCHKO Kokoøínsko - Máchùv kraj, Krajský úøad Støedoèeského kraje","POP_PROCDOB","0","50","% populace v dobrém stavu","špatný","neznámý",2026-01-19,"RP SCHKO Kokoøínsko - Máchùv kraj",NA,15087
"Druh","CZ0212021","Slatinná louka u Velenky","Thesium ebracteatum",NA,2000-02-10,2024-06-20,"AOPK ÈR - RP SCHKO Kokoøínsko - Máchùv kraj, Krajský úøad Støedoèeského kraje","10","špatný",NA,NA,"špatný","neznámý",2026-01-19,"RP SCHKO Kokoøínsko - Máchùv kraj",NA,15087
"Druh","CZ0212023","Písèina u Tišic","Jurinea cyanoides",NA,2000-08-16,2024-11-03,"Krajský úøad Støedoèeského kraje","LOK_PROCDOBR","0","50","% lokalit v dobrém stavu","špatný","neznámý",2026-01-19,"RP Støední Èechy",NA,15087
"Druh","CZ0212023","Písèina u Tišic","Jurinea cyanoides",NA,2000-08-16,2024-11-03,"Krajský úøad Støedoèeského kraje","POP_PROCDOB","0","50","% populace v dobrém stavu","špatný","neznámý",2026-01-19,"RP Støední Èechy",NA,15087
"Druh","CZ0212023","Písèina u Tišic","Jurinea cyanoides",NA,2000-08-16,2024-11-03,"Krajský úøad Støedoèeského kraje","10","špatný",NA,NA,"špatný","neznámý",2026-01-19,"RP Støední Èechy",NA,15087
"Druh","CZ0622026","Trkmanské louky","Cirsium brachycephalum",NA,2002-10-01,2024-07-09,"Krajský úøad Jihomoravského kraje","LOK_PROCDOBR","0","50","% lokalit v dobrém stavu","špatný","neznámý",2026-01-19,"RP Jižní Morava",NA,15087
"Druh","CZ0622026","Trkmanské louky","Cirsium brachycephalum",NA,2002-10-01,2024-07-09,"Krajský úøad Jihomoravského kraje","POP_PROCDOB","0","50","% populace v dobrém stavu","špatný","neznámý",2026-01-19,"RP Jižní Morava",NA,15087
"Druh","CZ0622026","Trkmanské louky","Cirsium brachycephalum",NA,2002-10-01,2024-07-09,"Krajský úøad Jihomoravského kraje","10","špatný",NA,NA,"špatný","neznámý",2026-01-19,"RP Jižní Morava",NA,15087
"Druh","CZ0622037","Trkmanec - Rybníèky","Cirsium brachycephalum",NA,2000-01-01,2024-07-07,"Krajský úøad Jihomoravského kraje","LOK_PROCDOBR","0","50","% lokalit v dobrém stavu","špatný","neznámý",2026-01-19,"RP Jižní Morava",NA,15087
"Druh","CZ0622037","Trkmanec - Rybníèky","Cirsium brachycephalum",NA,2000-01-01,2024-07-07,"Krajský úøad Jihomoravského kraje","POP_PROCDOB","0","50","% populace v dobrém stavu","špatný","neznámý",2026-01-19,"RP Jižní Morava",NA,15087
"Druh","CZ0622037","Trkmanec - Rybníèky","Cirsium brachycephalum",NA,2000-01-01,2024-07-07,"Krajský úøad Jihomoravského kraje","10","špatný",NA,NA,"špatný","neznámý",2026-01-19,"RP Jižní Morava",NA,15087
"Druh","CZ0422077","Kleneè","Dianthus arenarius subsp. bohemicus",NA,2000-01-01,2024-04-12,"AOPK ÈR - RP SCHKO Èeské støedohoøí","LOK_PROCDOBR","0","50","% lokalit v dobrém stavu","špatný","neznámý",2026-01-19,"RP SCHKO Èeské støedohoøí",NA,15087
"Druh","CZ0422077","Kleneè","Dianthus arenarius subsp. bohemicus",NA,2000-01-01,2024-04-12,"AOPK ÈR - RP SCHKO Èeské støedohoøí","POP_PROCDOB","0","50","% populace v dobrém stavu","špatný","neznámý",2026-01-19,"RP SCHKO Èeské støedohoøí",NA,15087
"Druh","CZ0422077","Kleneè","Dianthus arenarius subsp. bohemicus",NA,2000-01-01,2024-04-12,"AOPK ÈR - RP SCHKO Èeské støedohoøí","10","špatný",NA,NA,"špatný","neznámý",2026-01-19,"RP SCHKO Èeské støedohoøí",NA,15087
