typ_predmetu_hodnoceni;kod_chu;nazev_chu;druh;feature_code;datum_hodnoceni_od;datum_hodnoceni_do;parametr_nazev;parametr_hodnota;parametr_limit;parametr_jednotka;stav;trend;datum_hodnoceni;oop;pracoviste;poznamka;Poznámka
Stanoviště;CZ0214007;Káraný - Hrbáčkovy tůně;Smíšené lužní lesy s dubem letním (Quercus robur), jilmem vazem (Ulmus laevis) a jilmem habrolistým (Ulmus minor), jasanem ztepilým (Fraxinus excelsior) nebo jasanem úzkolistým (Fraxinus angustifolia) podél velkých řek (Ulmenion minoris);91F0;2021-07-13;2021-07-18;132;1,7398;NA;140;8;3;2026-02-20;Krajský úřad Středočeského kraje;RP SCHKO Kokořínsko - Máchův kraj;NA;NA
Stanoviště;CZ0214007;Káraný - Hrbáčkovy tůně;Smíšené lužní lesy s dubem letním (Quercus robur), jilmem vazem (Ulmus laevis) a jilmem habrolistým (Ulmus minor), jasanem ztepilým (Fraxinus excelsior) nebo jasanem úzkolistým (Fraxinus angustifolia) podél velkých řek (Ulmenion minoris);91F0;NA;NA;133;NA;NA;% rozlohy v celistvém uspořádání splňující hodnotu minimiareálu;8;NA;2026-02-20;Krajský úřad Středočeského kraje;RP SCHKO Kokořínsko - Máchův kraj;NA;NA
Stanoviště;CZ0214007;Káraný - Hrbáčkovy tůně;Smíšené lužní lesy s dubem letním (Quercus robur), jilmem vazem (Ulmus laevis) a jilmem habrolistým (Ulmus minor), jasanem ztepilým (Fraxinus excelsior) nebo jasanem úzkolistým (Fraxinus angustifolia) podél velkých řek (Ulmenion minoris);91F0;NA;NA;135;NA;NA;% hranice s nepřírodními biotopy;8;NA;2026-02-20;Krajský úřad Středočeského kraje;RP SCHKO Kokořínsko - Máchův kraj;NA;NA
Stanoviště;CZ0214007;Káraný - Hrbáčkovy tůně;Smíšené lužní lesy s dubem letním (Quercus robur), jilmem vazem (Ulmus laevis) a jilmem habrolistým (Ulmus minor), jasanem ztepilým (Fraxinus excelsior) nebo jasanem úzkolistým (Fraxinus angustifolia) podél velkých řek (Ulmenion minoris);91F0;NA;NA;134;NA;NA;zastoupení nepřírodních biotopů v segmentech stanoviště;8;NA;2026-02-20;Krajský úřad Středočeského kraje;RP SCHKO Kokořínsko - Máchův kraj;NA;NA
Stanoviště;CZ0214007;Káraný - Hrbáčkovy tůně;Smíšené lužní lesy s dubem letním (Quercus robur), jilmem vazem (Ulmus laevis) a jilmem habrolistým (Ulmus minor), jasanem ztepilým (Fraxinus excelsior) nebo jasanem úzkolistým (Fraxinus angustifolia) podél velkých řek (Ulmenion minoris);91F0;NA;NA;136;NA;NA;druhy červeného seznamu;8;NA;2026-02-20;Krajský úřad Středočeského kraje;RP SCHKO Kokořínsko - Máchův kraj;NA;NA
Stanoviště;CZ0214007;Káraný - Hrbáčkovy tůně;Smíšené lužní lesy s dubem letním (Quercus robur), jilmem vazem (Ulmus laevis) a jilmem habrolistým (Ulmus minor), jasanem ztepilým (Fraxinus excelsior) nebo jasanem úzkolistým (Fraxinus angustifolia) podél velkých řek (Ulmenion minoris);91F0;NA;NA;137;NA;NA;% rozlohy zasažené invazními druhy;8;NA;2026-02-20;Krajský úřad Středočeského kraje;RP SCHKO Kokořínsko - Máchův kraj;MINIMI;NA
Stanoviště;CZ0214007;Káraný - Hrbáčkovy tůně;Smíšené lužní lesy s dubem letním (Quercus robur), jilmem vazem (Ulmus laevis) a jilmem habrolistým (Ulmus minor), jasanem ztepilým (Fraxinus excelsior) nebo jasanem úzkolistým (Fraxinus angustifolia) podél velkých řek (Ulmenion minoris);91F0;NA;NA;138;NA;NA;% rozlohy zasažené expanzivními druhy;8;NA;2026-02-20;Krajský úřad Středočeského kraje;RP SCHKO Kokořínsko - Máchův kraj;MINIMI;NA
Stanoviště;CZ0214007;Káraný - Hrbáčkovy tůně;Smíšené lužní lesy s dubem letním (Quercus robur), jilmem vazem (Ulmus laevis) a jilmem habrolistým (Ulmus minor), jasanem ztepilým (Fraxinus excelsior) nebo jasanem úzkolistým (Fraxinus angustifolia) podél velkých řek (Ulmenion minoris);91F0;2021-07-13;2021-07-18;162;0,694;NA;140;8;NA;2026-02-20;Krajský úřad Středočeského kraje;RP SCHKO Kokořínsko - Máchův kraj;NA;NA
Stanoviště;CZ0214007;Káraný - Hrbáčkovy tůně;Smíšené lužní lesy s dubem letním (Quercus robur), jilmem vazem (Ulmus laevis) a jilmem habrolistým (Ulmus minor), jasanem ztepilým (Fraxinus excelsior) nebo jasanem úzkolistým (Fraxinus angustifolia) podél velkých řek (Ulmenion minoris);91F0;2021-07-13;2021-07-18;10;NA;NA;NA;12;NA;2026-02-20;Krajský úřad Středočeského kraje;RP SCHKO Kokořínsko - Máchův kraj;NA;NA
Stanoviště;CZ0214009;Libické luhy;Smíšené lužní lesy s dubem letním (Quercus robur), jilmem vazem (Ulmus laevis) a jilmem habrolistým (Ulmus minor), jasanem ztepilým (Fraxinus excelsior) nebo jasanem úzkolistým (Fraxinus angustifolia) podél velkých řek (Ulmenion minoris);91F0;2014-06-03;2017-04-25;128;801,2282;801.21;hektary;11;3;2026-02-20;AOPK ČR - RP SCHKO Kokořínsko - Máchův kraj, Krajský úřad Středočeského kraje;RP SCHKO Kokořínsko - Máchův kraj;VMB2;NA
Stanoviště;CZ0214009;Libické luhy;Smíšené lužní lesy s dubem letním (Quercus robur), jilmem vazem (Ulmus laevis) a jilmem habrolistým (Ulmus minor), jasanem ztepilým (Fraxinus excelsior) nebo jasanem úzkolistým (Fraxinus angustifolia) podél velkých řek (Ulmenion minoris);91F0;2014-06-03;2017-04-25;129;1,8373;1.9;140;11;3;2026-02-20;AOPK ČR - RP SCHKO Kokořínsko - Máchův kraj, Krajský úřad Středočeského kraje;RP SCHKO Kokořínsko - Máchův kraj;VMB2;NA
Stanoviště;CZ0214009;Libické luhy;Smíšené lužní lesy s dubem letním (Quercus robur), jilmem vazem (Ulmus laevis) a jilmem habrolistým (Ulmus minor), jasanem ztepilým (Fraxinus excelsior) nebo jasanem úzkolistým (Fraxinus angustifolia) podél velkých řek (Ulmenion minoris);91F0;2014-06-03;2017-04-25;132;1,3627;NA;140;8;3;2026-02-20;AOPK ČR - RP SCHKO Kokořínsko - Máchův kraj, Krajský úřad Středočeského kraje;RP SCHKO Kokořínsko - Máchův kraj;NA;NA
Stanoviště;CZ0214009;Libické luhy;Smíšené lužní lesy s dubem letním (Quercus robur), jilmem vazem (Ulmus laevis) a jilmem habrolistým (Ulmus minor), jasanem ztepilým (Fraxinus excelsior) nebo jasanem úzkolistým (Fraxinus angustifolia) podél velkých řek (Ulmenion minoris);91F0;NA;NA;133;NA;NA;% rozlohy v celistvém uspořádání splňující hodnotu minimiareálu;8;NA;2026-02-20;AOPK ČR - RP SCHKO Kokořínsko - Máchův kraj, Krajský úřad Středočeského kraje;RP SCHKO Kokořínsko - Máchův kraj;NA;NA
Stanoviště;CZ0214009;Libické luhy;Smíšené lužní lesy s dubem letním (Quercus robur), jilmem vazem (Ulmus laevis) a jilmem habrolistým (Ulmus minor), jasanem ztepilým (Fraxinus excelsior) nebo jasanem úzkolistým (Fraxinus angustifolia) podél velkých řek (Ulmenion minoris);91F0;NA;NA;135;NA;NA;% hranice s nepřírodními biotopy;8;NA;2026-02-20;AOPK ČR - RP SCHKO Kokořínsko - Máchův kraj, Krajský úřad Středočeského kraje;RP SCHKO Kokořínsko - Máchův kraj;NA;NA
Stanoviště;CZ0214009;Libické luhy;Smíšené lužní lesy s dubem letním (Quercus robur), jilmem vazem (Ulmus laevis) a jilmem habrolistým (Ulmus minor), jasanem ztepilým (Fraxinus excelsior) nebo jasanem úzkolistým (Fraxinus angustifolia) podél velkých řek (Ulmenion minoris);91F0;NA;NA;134;NA;NA;zastoupení nepřírodních biotopů v segmentech stanoviště;8;NA;2026-02-20;AOPK ČR - RP SCHKO Kokořínsko - Máchův kraj, Krajský úřad Středočeského kraje;RP SCHKO Kokořínsko - Máchův kraj;NA;NA
Stanoviště;CZ0214009;Libické luhy;Smíšené lužní lesy s dubem letním (Quercus robur), jilmem vazem (Ulmus laevis) a jilmem habrolistým (Ulmus minor), jasanem ztepilým (Fraxinus excelsior) nebo jasanem úzkolistým (Fraxinus angustifolia) podél velkých řek (Ulmenion minoris);91F0;NA;NA;136;NA;NA;druhy červeného seznamu;8;NA;2026-02-20;AOPK ČR - RP SCHKO Kokořínsko - Máchův kraj, Krajský úřad Středočeského kraje;RP SCHKO Kokořínsko - Máchův kraj;NA;NA
Stanoviště;CZ0214009;Libické luhy;Smíšené lužní lesy s dubem letním (Quercus robur), jilmem vazem (Ulmus laevis) a jilmem habrolistým (Ulmus minor), jasanem ztepilým (Fraxinus excelsior) nebo jasanem úzkolistým (Fraxinus angustifolia) podél velkých řek (Ulmenion minoris);91F0;NA;NA;137;NA;NA;% rozlohy zasažené invazními druhy;8;NA;2026-02-20;AOPK ČR - RP SCHKO Kokořínsko - Máchův kraj, Krajský úřad Středočeského kraje;RP SCHKO Kokořínsko - Máchův kraj;MINIMI;NA
Stanoviště;CZ0214009;Libické luhy;Smíšené lužní lesy s dubem letním (Quercus robur), jilmem vazem (Ulmus laevis) a jilmem habrolistým (Ulmus minor), jasanem ztepilým (Fraxinus excelsior) nebo jasanem úzkolistým (Fraxinus angustifolia) podél velkých řek (Ulmenion minoris);91F0;NA;NA;138;NA;NA;% rozlohy zasažené expanzivními druhy;8;NA;2026-02-20;AOPK ČR - RP SCHKO Kokořínsko - Máchův kraj, Krajský úřad Středočeského kraje;RP SCHKO Kokořínsko - Máchův kraj;MINIMI;NA
Stanoviště;CZ0214009;Libické luhy;Smíšené lužní lesy s dubem letním (Quercus robur), jilmem vazem (Ulmus laevis) a jilmem habrolistým (Ulmus minor), jasanem ztepilým (Fraxinus excelsior) nebo jasanem úzkolistým (Fraxinus angustifolia) podél velkých řek (Ulmenion minoris);91F0;2014-06-03;2017-04-25;162;0,8923;NA;140;8;3;2026-02-20;AOPK ČR - RP SCHKO Kokořínsko - Máchův kraj, Krajský úřad Středočeského kraje;RP SCHKO Kokořínsko - Máchův kraj;NA;NA
Stanoviště;CZ0214009;Libické luhy;Smíšené lužní lesy s dubem letním (Quercus robur), jilmem vazem (Ulmus laevis) a jilmem habrolistým (Ulmus minor), jasanem ztepilým (Fraxinus excelsior) nebo jasanem úzkolistým (Fraxinus angustifolia) podél velkých řek (Ulmenion minoris);91F0;2014-06-03;2017-04-25;10;NA;NA;NA;11;NA;2026-02-20;AOPK ČR - RP SCHKO Kokořínsko - Máchův kraj, Krajský úřad Středočeského kraje;RP SCHKO Kokořínsko - Máchův kraj;NA;NA
Stanoviště;CZ0314023;Třeboňsko - střed;Smíšené lužní lesy s dubem letním (Quercus robur), jilmem vazem (Ulmus laevis) a jilmem habrolistým (Ulmus minor), jasanem ztepilým (Fraxinus excelsior) nebo jasanem úzkolistým (Fraxinus angustifolia) podél velkých řek (Ulmenion minoris);91F0;2011-09-07;2017-08-20;128;178,5673;119.53;hektary;11;3;2026-02-20;AOPK ČR - RP Jižní Čechy;RP Jižní Čechy;SDF;NA
Stanoviště;CZ0314023;Třeboňsko - střed;Smíšené lužní lesy s dubem letním (Quercus robur), jilmem vazem (Ulmus laevis) a jilmem habrolistým (Ulmus minor), jasanem ztepilým (Fraxinus excelsior) nebo jasanem úzkolistým (Fraxinus angustifolia) podél velkých řek (Ulmenion minoris);91F0;2011-09-07;2017-08-20;129;2,2012;2;140;13;3;2026-02-20;AOPK ČR - RP Jižní Čechy;RP Jižní Čechy;MINIMI;NA
Stanoviště;CZ0314023;Třeboňsko - střed;Smíšené lužní lesy s dubem letním (Quercus robur), jilmem vazem (Ulmus laevis) a jilmem habrolistým (Ulmus minor), jasanem ztepilým (Fraxinus excelsior) nebo jasanem úzkolistým (Fraxinus angustifolia) podél velkých řek (Ulmenion minoris);91F0;2011-09-07;2017-08-20;132;2,1782;NA;140;8;3;2026-02-20;AOPK ČR - RP Jižní Čechy;RP Jižní Čechy;NA;NA
Stanoviště;CZ0314023;Třeboňsko - střed;Smíšené lužní lesy s dubem letním (Quercus robur), jilmem vazem (Ulmus laevis) a jilmem habrolistým (Ulmus minor), jasanem ztepilým (Fraxinus excelsior) nebo jasanem úzkolistým (Fraxinus angustifolia) podél velkých řek (Ulmenion minoris);91F0;NA;NA;133;NA;NA;% rozlohy v celistvém uspořádání splňující hodnotu minimiareálu;8;NA;2026-02-20;AOPK ČR - RP Jižní Čechy;RP Jižní Čechy;NA;NA
Stanoviště;CZ0314023;Třeboňsko - střed;Smíšené lužní lesy s dubem letním (Quercus robur), jilmem vazem (Ulmus laevis) a jilmem habrolistým (Ulmus minor), jasanem ztepilým (Fraxinus excelsior) nebo jasanem úzkolistým (Fraxinus angustifolia) podél velkých řek (Ulmenion minoris);91F0;NA;NA;135;NA;NA;% hranice s nepřírodními biotopy;8;NA;2026-02-20;AOPK ČR - RP Jižní Čechy;RP Jižní Čechy;NA;NA
Stanoviště;CZ0314023;Třeboňsko - střed;Smíšené lužní lesy s dubem letním (Quercus robur), jilmem vazem (Ulmus laevis) a jilmem habrolistým (Ulmus minor), jasanem ztepilým (Fraxinus excelsior) nebo jasanem úzkolistým (Fraxinus angustifolia) podél velkých řek (Ulmenion minoris);91F0;NA;NA;134;NA;NA;zastoupení nepřírodních biotopů v segmentech stanoviště;8;NA;2026-02-20;AOPK ČR - RP Jižní Čechy;RP Jižní Čechy;NA;NA
Stanoviště;CZ0314023;Třeboňsko - střed;Smíšené lužní lesy s dubem letním (Quercus robur), jilmem vazem (Ulmus laevis) a jilmem habrolistým (Ulmus minor), jasanem ztepilým (Fraxinus excelsior) nebo jasanem úzkolistým (Fraxinus angustifolia) podél velkých řek (Ulmenion minoris);91F0;NA;NA;136;NA;NA;druhy červeného seznamu;8;NA;2026-02-20;AOPK ČR - RP Jižní Čechy;RP Jižní Čechy;NA;NA
Stanoviště;CZ0314023;Třeboňsko - střed;Smíšené lužní lesy s dubem letním (Quercus robur), jilmem vazem (Ulmus laevis) a jilmem habrolistým (Ulmus minor), jasanem ztepilým (Fraxinus excelsior) nebo jasanem úzkolistým (Fraxinus angustifolia) podél velkých řek (Ulmenion minoris);91F0;NA;NA;137;NA;NA;% rozlohy zasažené invazními druhy;8;NA;2026-02-20;AOPK ČR - RP Jižní Čechy;RP Jižní Čechy;MINIMI;NA
Stanoviště;CZ0314023;Třeboňsko - střed;Smíšené lužní lesy s dubem letním (Quercus robur), jilmem vazem (Ulmus laevis) a jilmem habrolistým (Ulmus minor), jasanem ztepilým (Fraxinus excelsior) nebo jasanem úzkolistým (Fraxinus angustifolia) podél velkých řek (Ulmenion minoris);91F0;NA;NA;138;NA;NA;% rozlohy zasažené expanzivními druhy;8;NA;2026-02-20;AOPK ČR - RP Jižní Čechy;RP Jižní Čechy;MINIMI;NA
Stanoviště;CZ0314023;Třeboňsko - střed;Smíšené lužní lesy s dubem letním (Quercus robur), jilmem vazem (Ulmus laevis) a jilmem habrolistým (Ulmus minor), jasanem ztepilým (Fraxinus excelsior) nebo jasanem úzkolistým (Fraxinus angustifolia) podél velkých řek (Ulmenion minoris);91F0;2011-09-07;2017-08-20;162;1,5234;NA;140;8;3;2026-02-20;AOPK ČR - RP Jižní Čechy;RP Jižní Čechy;NA;NA
Stanoviště;CZ0314023;Třeboňsko - střed;Smíšené lužní lesy s dubem letním (Quercus robur), jilmem vazem (Ulmus laevis) a jilmem habrolistým (Ulmus minor), jasanem ztepilým (Fraxinus excelsior) nebo jasanem úzkolistým (Fraxinus angustifolia) podél velkých řek (Ulmenion minoris);91F0;2011-09-07;2017-08-20;10;NA;NA;NA;12;NA;2026-02-20;AOPK ČR - RP Jižní Čechy;RP Jižní Čechy;NA;NA
Stanoviště;CZ0420015;Myslivna;Smíšené lužní lesy s dubem letním (Quercus robur), jilmem vazem (Ulmus laevis) a jilmem habrolistým (Ulmus minor), jasanem ztepilým (Fraxinus excelsior) nebo jasanem úzkolistým (Fraxinus angustifolia) podél velkých řek (Ulmenion minoris);91F0;2014-04-13;2014-04-13;128;24,6818;24.68;hektary;11;3;2026-02-20;Krajský úřad Ústeckého kraje;RP SCHKO České středohoří;VMB2;NA
Stanoviště;CZ0420015;Myslivna;Smíšené lužní lesy s dubem letním (Quercus robur), jilmem vazem (Ulmus laevis) a jilmem habrolistým (Ulmus minor), jasanem ztepilým (Fraxinus excelsior) nebo jasanem úzkolistým (Fraxinus angustifolia) podél velkých řek (Ulmenion minoris);91F0;2014-04-13;2014-04-13;129;1,3661;1.4;140;11;3;2026-02-20;Krajský úřad Ústeckého kraje;RP SCHKO České středohoří;VMB2;NA
Stanoviště;CZ0420015;Myslivna;Smíšené lužní lesy s dubem letním (Quercus robur), jilmem vazem (Ulmus laevis) a jilmem habrolistým (Ulmus minor), jasanem ztepilým (Fraxinus excelsior) nebo jasanem úzkolistým (Fraxinus angustifolia) podél velkých řek (Ulmenion minoris);91F0;2014-04-13;2014-04-13;132;1,9491;NA;140;8;3;2026-02-20;Krajský úřad Ústeckého kraje;RP SCHKO České středohoří;NA;NA
Stanoviště;CZ0420015;Myslivna;Smíšené lužní lesy s dubem letním (Quercus robur), jilmem vazem (Ulmus laevis) a jilmem habrolistým (Ulmus minor), jasanem ztepilým (Fraxinus excelsior) nebo jasanem úzkolistým (Fraxinus angustifolia) podél velkých řek (Ulmenion minoris);91F0;NA;NA;133;NA;NA;% rozlohy v celistvém uspořádání splňující hodnotu minimiareálu;8;NA;2026-02-20;Krajský úřad Ústeckého kraje;RP SCHKO České středohoří;NA;NA
Stanoviště;CZ0420015;Myslivna;Smíšené lužní lesy s dubem letním (Quercus robur), jilmem vazem (Ulmus laevis) a jilmem habrolistým (Ulmus minor), jasanem ztepilým (Fraxinus excelsior) nebo jasanem úzkolistým (Fraxinus angustifolia) podél velkých řek (Ulmenion minoris);91F0;NA;NA;135;NA;NA;% hranice s nepřírodními biotopy;8;NA;2026-02-20;Krajský úřad Ústeckého kraje;RP SCHKO České středohoří;NA;NA
Stanoviště;CZ0420015;Myslivna;Smíšené lužní lesy s dubem letním (Quercus robur), jilmem vazem (Ulmus laevis) a jilmem habrolistým (Ulmus minor), jasanem ztepilým (Fraxinus excelsior) nebo jasanem úzkolistým (Fraxinus angustifolia) podél velkých řek (Ulmenion minoris);91F0;NA;NA;134;NA;NA;zastoupení nepřírodních biotopů v segmentech stanoviště;8;NA;2026-02-20;Krajský úřad Ústeckého kraje;RP SCHKO České středohoří;NA;NA
Stanoviště;CZ0420015;Myslivna;Smíšené lužní lesy s dubem letním (Quercus robur), jilmem vazem (Ulmus laevis) a jilmem habrolistým (Ulmus minor), jasanem ztepilým (Fraxinus excelsior) nebo jasanem úzkolistým (Fraxinus angustifolia) podél velkých řek (Ulmenion minoris);91F0;NA;NA;136;NA;NA;druhy červeného seznamu;8;NA;2026-02-20;Krajský úřad Ústeckého kraje;RP SCHKO České středohoří;NA;NA
Stanoviště;CZ0420015;Myslivna;Smíšené lužní lesy s dubem letním (Quercus robur), jilmem vazem (Ulmus laevis) a jilmem habrolistým (Ulmus minor), jasanem ztepilým (Fraxinus excelsior) nebo jasanem úzkolistým (Fraxinus angustifolia) podél velkých řek (Ulmenion minoris);91F0;NA;NA;137;NA;NA;% rozlohy zasažené invazními druhy;8;NA;2026-02-20;Krajský úřad Ústeckého kraje;RP SCHKO České středohoří;MINIMI;NA
Stanoviště;CZ0420015;Myslivna;Smíšené lužní lesy s dubem letním (Quercus robur), jilmem vazem (Ulmus laevis) a jilmem habrolistým (Ulmus minor), jasanem ztepilým (Fraxinus excelsior) nebo jasanem úzkolistým (Fraxinus angustifolia) podél velkých řek (Ulmenion minoris);91F0;NA;NA;138;NA;NA;% rozlohy zasažené expanzivními druhy;8;NA;2026-02-20;Krajský úřad Ústeckého kraje;RP SCHKO České středohoří;MINIMI;NA
Stanoviště;CZ0420015;Myslivna;Smíšené lužní lesy s dubem letním (Quercus robur), jilmem vazem (Ulmus laevis) a jilmem habrolistým (Ulmus minor), jasanem ztepilým (Fraxinus excelsior) nebo jasanem úzkolistým (Fraxinus angustifolia) podél velkých řek (Ulmenion minoris);91F0;2014-04-13;2014-04-13;162;0,9991;NA;140;8;3;2026-02-20;Krajský úřad Ústeckého kraje;RP SCHKO České středohoří;NA;NA
Stanoviště;CZ0420015;Myslivna;Smíšené lužní lesy s dubem letním (Quercus robur), jilmem vazem (Ulmus laevis) a jilmem habrolistým (Ulmus minor), jasanem ztepilým (Fraxinus excelsior) nebo jasanem úzkolistým (Fraxinus angustifolia) podél velkých řek (Ulmenion minoris);91F0;2014-04-13;2014-04-13;10;NA;NA;NA;11;NA;2026-02-20;Krajský úřad Ústeckého kraje;RP SCHKO České středohoří;NA;NA
Stanoviště;CZ0424138;Pístecký les;Smíšené lužní lesy s dubem letním (Quercus robur), jilmem vazem (Ulmus laevis) a jilmem habrolistým (Ulmus minor), jasanem ztepilým (Fraxinus excelsior) nebo jasanem úzkolistým (Fraxinus angustifolia) podél velkých řek (Ulmenion minoris);91F0;2021-04-02;2022-05-05;128;128,3915;129.3;hektary;13;3;2026-02-20;Krajský úřad Ústeckého kraje;RP SCHKO České středohoří;VMB2;NA
Stanoviště;CZ0424138;Pístecký les;Smíšené lužní lesy s dubem letním (Quercus robur), jilmem vazem (Ulmus laevis) a jilmem habrolistým (Ulmus minor), jasanem ztepilým (Fraxinus excelsior) nebo jasanem úzkolistým (Fraxinus angustifolia) podél velkých řek (Ulmenion minoris);91F0;2021-04-02;2022-05-05;129;2,353;2;140;13;4;2026-02-20;Krajský úřad Ústeckého kraje;RP SCHKO České středohoří;MINIMI;NA
Stanoviště;CZ0424138;Pístecký les;Smíšené lužní lesy s dubem letním (Quercus robur), jilmem vazem (Ulmus laevis) a jilmem habrolistým (Ulmus minor), jasanem ztepilým (Fraxinus excelsior) nebo jasanem úzkolistým (Fraxinus angustifolia) podél velkých řek (Ulmenion minoris);91F0;2021-04-02;2022-05-05;132;1,4428;NA;140;8;NA;2026-02-20;Krajský úřad Ústeckého kraje;RP SCHKO České středohoří;NA;NA
Stanoviště;CZ0424138;Pístecký les;Smíšené lužní lesy s dubem letním (Quercus robur), jilmem vazem (Ulmus laevis) a jilmem habrolistým (Ulmus minor), jasanem ztepilým (Fraxinus excelsior) nebo jasanem úzkolistým (Fraxinus angustifolia) podél velkých řek (Ulmenion minoris);91F0;NA;NA;133;NA;NA;% rozlohy v celistvém uspořádání splňující hodnotu minimiareálu;8;NA;2026-02-20;Krajský úřad Ústeckého kraje;RP SCHKO České středohoří;NA;NA
Stanoviště;CZ0424138;Pístecký les;Smíšené lužní lesy s dubem letním (Quercus robur), jilmem vazem (Ulmus laevis) a jilmem habrolistým (Ulmus minor), jasanem ztepilým (Fraxinus excelsior) nebo jasanem úzkolistým (Fraxinus angustifolia) podél velkých řek (Ulmenion minoris);91F0;NA;NA;135;NA;NA;% hranice s nepřírodními biotopy;8;NA;2026-02-20;Krajský úřad Ústeckého kraje;RP SCHKO České středohoří;NA;NA
Stanoviště;CZ0424138;Pístecký les;Smíšené lužní lesy s dubem letním (Quercus robur), jilmem vazem (Ulmus laevis) a jilmem habrolistým (Ulmus minor), jasanem ztepilým (Fraxinus excelsior) nebo jasanem úzkolistým (Fraxinus angustifolia) podél velkých řek (Ulmenion minoris);91F0;NA;NA;134;NA;NA;zastoupení nepřírodních biotopů v segmentech stanoviště;8;NA;2026-02-20;Krajský úřad Ústeckého kraje;RP SCHKO České středohoří;NA;NA
Stanoviště;CZ0424138;Pístecký les;Smíšené lužní lesy s dubem letním (Quercus robur), jilmem vazem (Ulmus laevis) a jilmem habrolistým (Ulmus minor), jasanem ztepilým (Fraxinus excelsior) nebo jasanem úzkolistým (Fraxinus angustifolia) podél velkých řek (Ulmenion minoris);91F0;NA;NA;136;NA;NA;druhy červeného seznamu;8;NA;2026-02-20;Krajský úřad Ústeckého kraje;RP SCHKO České středohoří;NA;NA
Stanoviště;CZ0424138;Pístecký les;Smíšené lužní lesy s dubem letním (Quercus robur), jilmem vazem (Ulmus laevis) a jilmem habrolistým (Ulmus minor), jasanem ztepilým (Fraxinus excelsior) nebo jasanem úzkolistým (Fraxinus angustifolia) podél velkých řek (Ulmenion minoris);91F0;NA;NA;137;NA;NA;% rozlohy zasažené invazními druhy;8;NA;2026-02-20;Krajský úřad Ústeckého kraje;RP SCHKO České středohoří;MINIMI;NA
Stanoviště;CZ0424138;Pístecký les;Smíšené lužní lesy s dubem letním (Quercus robur), jilmem vazem (Ulmus laevis) a jilmem habrolistým (Ulmus minor), jasanem ztepilým (Fraxinus excelsior) nebo jasanem úzkolistým (Fraxinus angustifolia) podél velkých řek (Ulmenion minoris);91F0;NA;NA;138;NA;NA;% rozlohy zasažené expanzivními druhy;8;NA;2026-02-20;Krajský úřad Ústeckého kraje;RP SCHKO České středohoří;MINIMI;NA
Stanoviště;CZ0424138;Pístecký les;Smíšené lužní lesy s dubem letním (Quercus robur), jilmem vazem (Ulmus laevis) a jilmem habrolistým (Ulmus minor), jasanem ztepilým (Fraxinus excelsior) nebo jasanem úzkolistým (Fraxinus angustifolia) podél velkých řek (Ulmenion minoris);91F0;2021-04-02;2022-05-05;162;0,7486;NA;140;8;NA;2026-02-20;Krajský úřad Ústeckého kraje;RP SCHKO České středohoří;NA;NA
Stanoviště;CZ0424138;Pístecký les;Smíšené lužní lesy s dubem letním (Quercus robur), jilmem vazem (Ulmus laevis) a jilmem habrolistým (Ulmus minor), jasanem ztepilým (Fraxinus excelsior) nebo jasanem úzkolistým (Fraxinus angustifolia) podél velkých řek (Ulmenion minoris);91F0;2021-04-02;2022-05-05;10;NA;NA;NA;13;NA;2026-02-20;Krajský úřad Ústeckého kraje;RP SCHKO České středohoří;NA;NA
Stanoviště;CZ0424139;Dobříňský háj;Smíšené lužní lesy s dubem letním (Quercus robur), jilmem vazem (Ulmus laevis) a jilmem habrolistým (Ulmus minor), jasanem ztepilým (Fraxinus excelsior) nebo jasanem úzkolistým (Fraxinus angustifolia) podél velkých řek (Ulmenion minoris);91F0;2016-04-04;2016-04-04;128;20,3234;20.32;hektary;11;3;2026-02-20;Krajský úřad Ústeckého kraje;RP SCHKO České středohoří;VMB2;NA
Stanoviště;CZ0424139;Dobříňský háj;Smíšené lužní lesy s dubem letním (Quercus robur), jilmem vazem (Ulmus laevis) a jilmem habrolistým (Ulmus minor), jasanem ztepilým (Fraxinus excelsior) nebo jasanem úzkolistým (Fraxinus angustifolia) podél velkých řek (Ulmenion minoris);91F0;2016-04-04;2016-04-04;129;2,3015;2;140;13;3;2026-02-20;Krajský úřad Ústeckého kraje;RP SCHKO České středohoří;MINIMI;NA
Stanoviště;CZ0424139;Dobříňský háj;Smíšené lužní lesy s dubem letním (Quercus robur), jilmem vazem (Ulmus laevis) a jilmem habrolistým (Ulmus minor), jasanem ztepilým (Fraxinus excelsior) nebo jasanem úzkolistým (Fraxinus angustifolia) podél velkých řek (Ulmenion minoris);91F0;2016-04-04;2016-04-04;132;1,667;NA;140;8;3;2026-02-20;Krajský úřad Ústeckého kraje;RP SCHKO České středohoří;NA;NA
Stanoviště;CZ0424139;Dobříňský háj;Smíšené lužní lesy s dubem letním (Quercus robur), jilmem vazem (Ulmus laevis) a jilmem habrolistým (Ulmus minor), jasanem ztepilým (Fraxinus excelsior) nebo jasanem úzkolistým (Fraxinus angustifolia) podél velkých řek (Ulmenion minoris);91F0;NA;NA;133;NA;NA;% rozlohy v celistvém uspořádání splňující hodnotu minimiareálu;8;NA;2026-02-20;Krajský úřad Ústeckého kraje;RP SCHKO České středohoří;MINIMI;NA
Stanoviště;CZ0424139;Dobříňský háj;Smíšené lužní lesy s dubem letním (Quercus robur), jilmem vazem (Ulmus laevis) a jilmem habrolistým (Ulmus minor), jasanem ztepilým (Fraxinus excelsior) nebo jasanem úzkolistým (Fraxinus angustifolia) podél velkých řek (Ulmenion minoris);91F0;NA;NA;135;NA;NA;% hranice s nepřírodními biotopy;8;NA;2026-02-20;Krajský úřad Ústeckého kraje;RP SCHKO České středohoří;MINIMI;NA
Stanoviště;CZ0424139;Dobříňský háj;Smíšené lužní lesy s dubem letním (Quercus robur), jilmem vazem (Ulmus laevis) a jilmem habrolistým (Ulmus minor), jasanem ztepilým (Fraxinus excelsior) nebo jasanem úzkolistým (Fraxinus angustifolia) podél velkých řek (Ulmenion minoris);91F0;NA;NA;134;NA;NA;zastoupení nepřírodních biotopů v segmentech stanoviště;8;NA;2026-02-20;Krajský úřad Ústeckého kraje;RP SCHKO České středohoří;NA;NA
Stanoviště;CZ0424139;Dobříňský háj;Smíšené lužní lesy s dubem letním (Quercus robur), jilmem vazem (Ulmus laevis) a jilmem habrolistým (Ulmus minor), jasanem ztepilým (Fraxinus excelsior) nebo jasanem úzkolistým (Fraxinus angustifolia) podél velkých řek (Ulmenion minoris);91F0;NA;NA;136;NA;NA;druhy červeného seznamu;8;NA;2026-02-20;Krajský úřad Ústeckého kraje;RP SCHKO České středohoří;NA;NA
Stanoviště;CZ0424139;Dobříňský háj;Smíšené lužní lesy s dubem letním (Quercus robur), jilmem vazem (Ulmus laevis) a jilmem habrolistým (Ulmus minor), jasanem ztepilým (Fraxinus excelsior) nebo jasanem úzkolistým (Fraxinus angustifolia) podél velkých řek (Ulmenion minoris);91F0;NA;NA;137;NA;NA;% rozlohy zasažené invazními druhy;8;NA;2026-02-20;Krajský úřad Ústeckého kraje;RP SCHKO České středohoří;MINIMI;NA
Stanoviště;CZ0424139;Dobříňský háj;Smíšené lužní lesy s dubem letním (Quercus robur), jilmem vazem (Ulmus laevis) a jilmem habrolistým (Ulmus minor), jasanem ztepilým (Fraxinus excelsior) nebo jasanem úzkolistým (Fraxinus angustifolia) podél velkých řek (Ulmenion minoris);91F0;NA;NA;138;NA;NA;% rozlohy zasažené expanzivními druhy;8;NA;2026-02-20;Krajský úřad Ústeckého kraje;RP SCHKO České středohoří;MINIMI;NA
Stanoviště;CZ0424139;Dobříňský háj;Smíšené lužní lesy s dubem letním (Quercus robur), jilmem vazem (Ulmus laevis) a jilmem habrolistým (Ulmus minor), jasanem ztepilým (Fraxinus excelsior) nebo jasanem úzkolistým (Fraxinus angustifolia) podél velkých řek (Ulmenion minoris);91F0;2016-04-04;2016-04-04;162;0,2222;NA;140;8;3;2026-02-20;Krajský úřad Ústeckého kraje;RP SCHKO České středohoří;NA;NA
Stanoviště;CZ0424139;Dobříňský háj;Smíšené lužní lesy s dubem letním (Quercus robur), jilmem vazem (Ulmus laevis) a jilmem habrolistým (Ulmus minor), jasanem ztepilým (Fraxinus excelsior) nebo jasanem úzkolistým (Fraxinus angustifolia) podél velkých řek (Ulmenion minoris);91F0;2016-04-04;2016-04-04;10;NA;NA;NA;12;NA;2026-02-20;Krajský úřad Ústeckého kraje;RP SCHKO České středohoří;NA;NA
Stanoviště;CZ0424140;Loužek;Smíšené lužní lesy s dubem letním (Quercus robur), jilmem vazem (Ulmus laevis) a jilmem habrolistým (Ulmus minor), jasanem ztepilým (Fraxinus excelsior) nebo jasanem úzkolistým (Fraxinus angustifolia) podél velkých řek (Ulmenion minoris);91F0;2022-04-14;2022-04-15;128;12,0499;20;hektary;13;2;2026-02-20;Krajský úřad Ústeckého kraje;RP SCHKO České středohoří;MINIMI;NA
Stanoviště;CZ0424140;Loužek;Smíšené lužní lesy s dubem letním (Quercus robur), jilmem vazem (Ulmus laevis) a jilmem habrolistým (Ulmus minor), jasanem ztepilým (Fraxinus excelsior) nebo jasanem úzkolistým (Fraxinus angustifolia) podél velkých řek (Ulmenion minoris);91F0;2022-04-14;2022-04-15;129;1,1857;1.6;140;11;2;2026-02-20;Krajský úřad Ústeckého kraje;RP SCHKO České středohoří;VMB2;NA
Stanoviště;CZ0424140;Loužek;Smíšené lužní lesy s dubem letním (Quercus robur), jilmem vazem (Ulmus laevis) a jilmem habrolistým (Ulmus minor), jasanem ztepilým (Fraxinus excelsior) nebo jasanem úzkolistým (Fraxinus angustifolia) podél velkých řek (Ulmenion minoris);91F0;2022-04-14;2022-04-15;132;1,1078;NA;140;8;NA;2026-02-20;Krajský úřad Ústeckého kraje;RP SCHKO České středohoří;NA;NA
Stanoviště;CZ0424140;Loužek;Smíšené lužní lesy s dubem letním (Quercus robur), jilmem vazem (Ulmus laevis) a jilmem habrolistým (Ulmus minor), jasanem ztepilým (Fraxinus excelsior) nebo jasanem úzkolistým (Fraxinus angustifolia) podél velkých řek (Ulmenion minoris);91F0;NA;NA;133;NA;NA;% rozlohy v celistvém uspořádání splňující hodnotu minimiareálu;8;NA;2026-02-20;Krajský úřad Ústeckého kraje;RP SCHKO České středohoří;MINIMI;NA
Stanoviště;CZ0424140;Loužek;Smíšené lužní lesy s dubem letním (Quercus robur), jilmem vazem (Ulmus laevis) a jilmem habrolistým (Ulmus minor), jasanem ztepilým (Fraxinus excelsior) nebo jasanem úzkolistým (Fraxinus angustifolia) podél velkých řek (Ulmenion minoris);91F0;NA;NA;135;NA;NA;% hranice s nepřírodními biotopy;8;NA;2026-02-20;Krajský úřad Ústeckého kraje;RP SCHKO České středohoří;NA;NA
Stanoviště;CZ0424140;Loužek;Smíšené lužní lesy s dubem letním (Quercus robur), jilmem vazem (Ulmus laevis) a jilmem habrolistým (Ulmus minor), jasanem ztepilým (Fraxinus excelsior) nebo jasanem úzkolistým (Fraxinus angustifolia) podél velkých řek (Ulmenion minoris);91F0;NA;NA;134;NA;NA;zastoupení nepřírodních biotopů v segmentech stanoviště;8;NA;2026-02-20;Krajský úřad Ústeckého kraje;RP SCHKO České středohoří;NA;NA
Stanoviště;CZ0424140;Loužek;Smíšené lužní lesy s dubem letním (Quercus robur), jilmem vazem (Ulmus laevis) a jilmem habrolistým (Ulmus minor), jasanem ztepilým (Fraxinus excelsior) nebo jasanem úzkolistým (Fraxinus angustifolia) podél velkých řek (Ulmenion minoris);91F0;NA;NA;136;NA;NA;druhy červeného seznamu;8;NA;2026-02-20;Krajský úřad Ústeckého kraje;RP SCHKO České středohoří;NA;NA
Stanoviště;CZ0424140;Loužek;Smíšené lužní lesy s dubem letním (Quercus robur), jilmem vazem (Ulmus laevis) a jilmem habrolistým (Ulmus minor), jasanem ztepilým (Fraxinus excelsior) nebo jasanem úzkolistým (Fraxinus angustifolia) podél velkých řek (Ulmenion minoris);91F0;NA;NA;137;NA;NA;% rozlohy zasažené invazními druhy;8;NA;2026-02-20;Krajský úřad Ústeckého kraje;RP SCHKO České středohoří;MINIMI;NA
Stanoviště;CZ0424140;Loužek;Smíšené lužní lesy s dubem letním (Quercus robur), jilmem vazem (Ulmus laevis) a jilmem habrolistým (Ulmus minor), jasanem ztepilým (Fraxinus excelsior) nebo jasanem úzkolistým (Fraxinus angustifolia) podél velkých řek (Ulmenion minoris);91F0;NA;NA;138;NA;NA;% rozlohy zasažené expanzivními druhy;8;NA;2026-02-20;Krajský úřad Ústeckého kraje;RP SCHKO České středohoří;MINIMI;NA
Stanoviště;CZ0424140;Loužek;Smíšené lužní lesy s dubem letním (Quercus robur), jilmem vazem (Ulmus laevis) a jilmem habrolistým (Ulmus minor), jasanem ztepilým (Fraxinus excelsior) nebo jasanem úzkolistým (Fraxinus angustifolia) podél velkých řek (Ulmenion minoris);91F0;2022-04-14;2022-04-15;162;1,8463;NA;140;8;NA;2026-02-20;Krajský úřad Ústeckého kraje;RP SCHKO České středohoří;NA;NA
Stanoviště;CZ0424140;Loužek;Smíšené lužní lesy s dubem letním (Quercus robur), jilmem vazem (Ulmus laevis) a jilmem habrolistým (Ulmus minor), jasanem ztepilým (Fraxinus excelsior) nebo jasanem úzkolistým (Fraxinus angustifolia) podél velkých řek (Ulmenion minoris);91F0;2022-04-14;2022-04-15;10;NA;NA;NA;12;NA;2026-02-20;Krajský úřad Ústeckého kraje;RP SCHKO České středohoří;NA;NA
Stanoviště;CZ0524045;Zbytka;Smíšené lužní lesy s dubem letním (Quercus robur), jilmem vazem (Ulmus laevis) a jilmem habrolistým (Ulmus minor), jasanem ztepilým (Fraxinus excelsior) nebo jasanem úzkolistým (Fraxinus angustifolia) podél velkých řek (Ulmenion minoris);91F0;2011-05-25;2011-07-20;128;10,8862;9.46;hektary;11;3;2026-02-20;Krajský úřad Královéhradeckého kraje;RP Východní Čechy;VMB2;NA
Stanoviště;CZ0524045;Zbytka;Smíšené lužní lesy s dubem letním (Quercus robur), jilmem vazem (Ulmus laevis) a jilmem habrolistým (Ulmus minor), jasanem ztepilým (Fraxinus excelsior) nebo jasanem úzkolistým (Fraxinus angustifolia) podél velkých řek (Ulmenion minoris);91F0;2011-05-25;2011-07-20;129;1,4101;1.5;140;11;3;2026-02-20;Krajský úřad Královéhradeckého kraje;RP Východní Čechy;VMB2;NA
Stanoviště;CZ0524045;Zbytka;Smíšené lužní lesy s dubem letním (Quercus robur), jilmem vazem (Ulmus laevis) a jilmem habrolistým (Ulmus minor), jasanem ztepilým (Fraxinus excelsior) nebo jasanem úzkolistým (Fraxinus angustifolia) podél velkých řek (Ulmenion minoris);91F0;2011-05-25;2011-07-20;132;1,4759;NA;140;8;3;2026-02-20;Krajský úřad Královéhradeckého kraje;RP Východní Čechy;NA;NA
Stanoviště;CZ0524045;Zbytka;Smíšené lužní lesy s dubem letním (Quercus robur), jilmem vazem (Ulmus laevis) a jilmem habrolistým (Ulmus minor), jasanem ztepilým (Fraxinus excelsior) nebo jasanem úzkolistým (Fraxinus angustifolia) podél velkých řek (Ulmenion minoris);91F0;NA;NA;133;NA;NA;% rozlohy v celistvém uspořádání splňující hodnotu minimiareálu;8;NA;2026-02-20;Krajský úřad Královéhradeckého kraje;RP Východní Čechy;MINIMI;NA
Stanoviště;CZ0524045;Zbytka;Smíšené lužní lesy s dubem letním (Quercus robur), jilmem vazem (Ulmus laevis) a jilmem habrolistým (Ulmus minor), jasanem ztepilým (Fraxinus excelsior) nebo jasanem úzkolistým (Fraxinus angustifolia) podél velkých řek (Ulmenion minoris);91F0;NA;NA;135;NA;NA;% hranice s nepřírodními biotopy;8;NA;2026-02-20;Krajský úřad Královéhradeckého kraje;RP Východní Čechy;NA;NA
Stanoviště;CZ0524045;Zbytka;Smíšené lužní lesy s dubem letním (Quercus robur), jilmem vazem (Ulmus laevis) a jilmem habrolistým (Ulmus minor), jasanem ztepilým (Fraxinus excelsior) nebo jasanem úzkolistým (Fraxinus angustifolia) podél velkých řek (Ulmenion minoris);91F0;NA;NA;134;NA;NA;zastoupení nepřírodních biotopů v segmentech stanoviště;8;NA;2026-02-20;Krajský úřad Královéhradeckého kraje;RP Východní Čechy;NA;NA
Stanoviště;CZ0524045;Zbytka;Smíšené lužní lesy s dubem letním (Quercus robur), jilmem vazem (Ulmus laevis) a jilmem habrolistým (Ulmus minor), jasanem ztepilým (Fraxinus excelsior) nebo jasanem úzkolistým (Fraxinus angustifolia) podél velkých řek (Ulmenion minoris);91F0;NA;NA;136;NA;NA;druhy červeného seznamu;8;NA;2026-02-20;Krajský úřad Královéhradeckého kraje;RP Východní Čechy;NA;NA
Stanoviště;CZ0524045;Zbytka;Smíšené lužní lesy s dubem letním (Quercus robur), jilmem vazem (Ulmus laevis) a jilmem habrolistým (Ulmus minor), jasanem ztepilým (Fraxinus excelsior) nebo jasanem úzkolistým (Fraxinus angustifolia) podél velkých řek (Ulmenion minoris);91F0;NA;NA;137;NA;NA;% rozlohy zasažené invazními druhy;8;NA;2026-02-20;Krajský úřad Královéhradeckého kraje;RP Východní Čechy;MINIMI;NA
Stanoviště;CZ0524045;Zbytka;Smíšené lužní lesy s dubem letním (Quercus robur), jilmem vazem (Ulmus laevis) a jilmem habrolistým (Ulmus minor), jasanem ztepilým (Fraxinus excelsior) nebo jasanem úzkolistým (Fraxinus angustifolia) podél velkých řek (Ulmenion minoris);91F0;NA;NA;138;NA;NA;% rozlohy zasažené expanzivními druhy;8;NA;2026-02-20;Krajský úřad Královéhradeckého kraje;RP Východní Čechy;MINIMI;NA
Stanoviště;CZ0524045;Zbytka;Smíšené lužní lesy s dubem letním (Quercus robur), jilmem vazem (Ulmus laevis) a jilmem habrolistým (Ulmus minor), jasanem ztepilým (Fraxinus excelsior) nebo jasanem úzkolistým (Fraxinus angustifolia) podél velkých řek (Ulmenion minoris);91F0;2011-05-25;2011-07-20;162;0,5899;NA;140;8;3;2026-02-20;Krajský úřad Královéhradeckého kraje;RP Východní Čechy;NA;NA
Stanoviště;CZ0524045;Zbytka;Smíšené lužní lesy s dubem letním (Quercus robur), jilmem vazem (Ulmus laevis) a jilmem habrolistým (Ulmus minor), jasanem ztepilým (Fraxinus excelsior) nebo jasanem úzkolistým (Fraxinus angustifolia) podél velkých řek (Ulmenion minoris);91F0;2011-05-25;2011-07-20;10;NA;NA;NA;11;NA;2026-02-20;Krajský úřad Královéhradeckého kraje;RP Východní Čechy;NA;NA
Stanoviště;CZ0524049;Orlice a Labe;Smíšené lužní lesy s dubem letním (Quercus robur), jilmem vazem (Ulmus laevis) a jilmem habrolistým (Ulmus minor), jasanem ztepilým (Fraxinus excelsior) nebo jasanem úzkolistým (Fraxinus angustifolia) podél velkých řek (Ulmenion minoris);91F0;2012-06-04;2022-07-28;128;23,9924;23.81;hektary;11;3;2026-02-20;Krajský úřad Královéhradeckého kraje, Krajský úřad Pardubického kraje;RP Východní Čechy;VMB2;NA
Stanoviště;CZ0524049;Orlice a Labe;Smíšené lužní lesy s dubem letním (Quercus robur), jilmem vazem (Ulmus laevis) a jilmem habrolistým (Ulmus minor), jasanem ztepilým (Fraxinus excelsior) nebo jasanem úzkolistým (Fraxinus angustifolia) podél velkých řek (Ulmenion minoris);91F0;2012-06-04;2022-07-28;129;2,7378;2;140;13;3;2026-02-20;Krajský úřad Královéhradeckého kraje, Krajský úřad Pardubického kraje;RP Východní Čechy;MINIMI;NA
Stanoviště;CZ0524049;Orlice a Labe;Smíšené lužní lesy s dubem letním (Quercus robur), jilmem vazem (Ulmus laevis) a jilmem habrolistým (Ulmus minor), jasanem ztepilým (Fraxinus excelsior) nebo jasanem úzkolistým (Fraxinus angustifolia) podél velkých řek (Ulmenion minoris);91F0;2012-06-04;2022-07-28;132;2,6113;NA;140;8;3;2026-02-20;Krajský úřad Královéhradeckého kraje, Krajský úřad Pardubického kraje;RP Východní Čechy;NA;NA
Stanoviště;CZ0524049;Orlice a Labe;Smíšené lužní lesy s dubem letním (Quercus robur), jilmem vazem (Ulmus laevis) a jilmem habrolistým (Ulmus minor), jasanem ztepilým (Fraxinus excelsior) nebo jasanem úzkolistým (Fraxinus angustifolia) podél velkých řek (Ulmenion minoris);91F0;NA;NA;133;NA;NA;% rozlohy v celistvém uspořádání splňující hodnotu minimiareálu;8;NA;2026-02-20;Krajský úřad Královéhradeckého kraje, Krajský úřad Pardubického kraje;RP Východní Čechy;MINIMI;NA
Stanoviště;CZ0524049;Orlice a Labe;Smíšené lužní lesy s dubem letním (Quercus robur), jilmem vazem (Ulmus laevis) a jilmem habrolistým (Ulmus minor), jasanem ztepilým (Fraxinus excelsior) nebo jasanem úzkolistým (Fraxinus angustifolia) podél velkých řek (Ulmenion minoris);91F0;NA;NA;135;NA;NA;% hranice s nepřírodními biotopy;8;NA;2026-02-20;Krajský úřad Královéhradeckého kraje, Krajský úřad Pardubického kraje;RP Východní Čechy;NA;NA
Stanoviště;CZ0524049;Orlice a Labe;Smíšené lužní lesy s dubem letním (Quercus robur), jilmem vazem (Ulmus laevis) a jilmem habrolistým (Ulmus minor), jasanem ztepilým (Fraxinus excelsior) nebo jasanem úzkolistým (Fraxinus angustifolia) podél velkých řek (Ulmenion minoris);91F0;NA;NA;134;NA;NA;zastoupení nepřírodních biotopů v segmentech stanoviště;8;NA;2026-02-20;Krajský úřad Královéhradeckého kraje, Krajský úřad Pardubického kraje;RP Východní Čechy;NA;NA
Stanoviště;CZ0524049;Orlice a Labe;Smíšené lužní lesy s dubem letním (Quercus robur), jilmem vazem (Ulmus laevis) a jilmem habrolistým (Ulmus minor), jasanem ztepilým (Fraxinus excelsior) nebo jasanem úzkolistým (Fraxinus angustifolia) podél velkých řek (Ulmenion minoris);91F0;NA;NA;136;NA;NA;druhy červeného seznamu;8;NA;2026-02-20;Krajský úřad Královéhradeckého kraje, Krajský úřad Pardubického kraje;RP Východní Čechy;NA;NA
Stanoviště;CZ0524049;Orlice a Labe;Smíšené lužní lesy s dubem letním (Quercus robur), jilmem vazem (Ulmus laevis) a jilmem habrolistým (Ulmus minor), jasanem ztepilým (Fraxinus excelsior) nebo jasanem úzkolistým (Fraxinus angustifolia) podél velkých řek (Ulmenion minoris);91F0;NA;NA;137;NA;NA;% rozlohy zasažené invazními druhy;8;NA;2026-02-20;Krajský úřad Královéhradeckého kraje, Krajský úřad Pardubického kraje;RP Východní Čechy;MINIMI;NA
Stanoviště;CZ0524049;Orlice a Labe;Smíšené lužní lesy s dubem letním (Quercus robur), jilmem vazem (Ulmus laevis) a jilmem habrolistým (Ulmus minor), jasanem ztepilým (Fraxinus excelsior) nebo jasanem úzkolistým (Fraxinus angustifolia) podél velkých řek (Ulmenion minoris);91F0;NA;NA;138;NA;NA;% rozlohy zasažené expanzivními druhy;8;NA;2026-02-20;Krajský úřad Královéhradeckého kraje, Krajský úřad Pardubického kraje;RP Východní Čechy;MINIMI;NA
Stanoviště;CZ0524049;Orlice a Labe;Smíšené lužní lesy s dubem letním (Quercus robur), jilmem vazem (Ulmus laevis) a jilmem habrolistým (Ulmus minor), jasanem ztepilým (Fraxinus excelsior) nebo jasanem úzkolistým (Fraxinus angustifolia) podél velkých řek (Ulmenion minoris);91F0;2012-06-04;2022-07-28;162;0,5978;NA;140;8;NA;2026-02-20;Krajský úřad Královéhradeckého kraje, Krajský úřad Pardubického kraje;RP Východní Čechy;NA;NA
Stanoviště;CZ0524049;Orlice a Labe;Smíšené lužní lesy s dubem letním (Quercus robur), jilmem vazem (Ulmus laevis) a jilmem habrolistým (Ulmus minor), jasanem ztepilým (Fraxinus excelsior) nebo jasanem úzkolistým (Fraxinus angustifolia) podél velkých řek (Ulmenion minoris);91F0;2012-06-04;2022-07-28;10;NA;NA;NA;12;NA;2026-02-20;Krajský úřad Královéhradeckého kraje, Krajský úřad Pardubického kraje;RP Východní Čechy;NA;NA
Stanoviště;CZ0620084;Vranovický a Plačkův les;Smíšené lužní lesy s dubem letním (Quercus robur), jilmem vazem (Ulmus laevis) a jilmem habrolistým (Ulmus minor), jasanem ztepilým (Fraxinus excelsior) nebo jasanem úzkolistým (Fraxinus angustifolia) podél velkých řek (Ulmenion minoris);91F0;2016-08-16;2023-05-12;128;192,6554;192.89;hektary;13;3;2026-02-20;Krajský úřad Jihomoravského kraje;RP Jižní Morava;VMB2;NA
Stanoviště;CZ0620084;Vranovický a Plačkův les;Smíšené lužní lesy s dubem letním (Quercus robur), jilmem vazem (Ulmus laevis) a jilmem habrolistým (Ulmus minor), jasanem ztepilým (Fraxinus excelsior) nebo jasanem úzkolistým (Fraxinus angustifolia) podél velkých řek (Ulmenion minoris);91F0;2016-08-16;2023-05-12;129;3,0348;2;140;13;3;2026-02-20;Krajský úřad Jihomoravského kraje;RP Jižní Morava;MINIMI;NA
Stanoviště;CZ0620084;Vranovický a Plačkův les;Smíšené lužní lesy s dubem letním (Quercus robur), jilmem vazem (Ulmus laevis) a jilmem habrolistým (Ulmus minor), jasanem ztepilým (Fraxinus excelsior) nebo jasanem úzkolistým (Fraxinus angustifolia) podél velkých řek (Ulmenion minoris);91F0;2016-08-16;2023-05-12;132;2,3121;NA;140;8;3;2026-02-20;Krajský úřad Jihomoravského kraje;RP Jižní Morava;NA;NA
Stanoviště;CZ0620084;Vranovický a Plačkův les;Smíšené lužní lesy s dubem letním (Quercus robur), jilmem vazem (Ulmus laevis) a jilmem habrolistým (Ulmus minor), jasanem ztepilým (Fraxinus excelsior) nebo jasanem úzkolistým (Fraxinus angustifolia) podél velkých řek (Ulmenion minoris);91F0;NA;NA;133;NA;NA;% rozlohy v celistvém uspořádání splňující hodnotu minimiareálu;8;NA;2026-02-20;Krajský úřad Jihomoravského kraje;RP Jižní Morava;NA;NA
Stanoviště;CZ0620084;Vranovický a Plačkův les;Smíšené lužní lesy s dubem letním (Quercus robur), jilmem vazem (Ulmus laevis) a jilmem habrolistým (Ulmus minor), jasanem ztepilým (Fraxinus excelsior) nebo jasanem úzkolistým (Fraxinus angustifolia) podél velkých řek (Ulmenion minoris);91F0;NA;NA;135;NA;NA;% hranice s nepřírodními biotopy;8;NA;2026-02-20;Krajský úřad Jihomoravského kraje;RP Jižní Morava;NA;NA
Stanoviště;CZ0620084;Vranovický a Plačkův les;Smíšené lužní lesy s dubem letním (Quercus robur), jilmem vazem (Ulmus laevis) a jilmem habrolistým (Ulmus minor), jasanem ztepilým (Fraxinus excelsior) nebo jasanem úzkolistým (Fraxinus angustifolia) podél velkých řek (Ulmenion minoris);91F0;NA;NA;134;NA;NA;zastoupení nepřírodních biotopů v segmentech stanoviště;8;NA;2026-02-20;Krajský úřad Jihomoravského kraje;RP Jižní Morava;NA;NA
Stanoviště;CZ0620084;Vranovický a Plačkův les;Smíšené lužní lesy s dubem letním (Quercus robur), jilmem vazem (Ulmus laevis) a jilmem habrolistým (Ulmus minor), jasanem ztepilým (Fraxinus excelsior) nebo jasanem úzkolistým (Fraxinus angustifolia) podél velkých řek (Ulmenion minoris);91F0;NA;NA;136;NA;NA;druhy červeného seznamu;8;NA;2026-02-20;Krajský úřad Jihomoravského kraje;RP Jižní Morava;NA;NA
Stanoviště;CZ0620084;Vranovický a Plačkův les;Smíšené lužní lesy s dubem letním (Quercus robur), jilmem vazem (Ulmus laevis) a jilmem habrolistým (Ulmus minor), jasanem ztepilým (Fraxinus excelsior) nebo jasanem úzkolistým (Fraxinus angustifolia) podél velkých řek (Ulmenion minoris);91F0;NA;NA;137;NA;NA;% rozlohy zasažené invazními druhy;8;NA;2026-02-20;Krajský úřad Jihomoravského kraje;RP Jižní Morava;MINIMI;NA
Stanoviště;CZ0620084;Vranovický a Plačkův les;Smíšené lužní lesy s dubem letním (Quercus robur), jilmem vazem (Ulmus laevis) a jilmem habrolistým (Ulmus minor), jasanem ztepilým (Fraxinus excelsior) nebo jasanem úzkolistým (Fraxinus angustifolia) podél velkých řek (Ulmenion minoris);91F0;NA;NA;138;NA;NA;% rozlohy zasažené expanzivními druhy;8;NA;2026-02-20;Krajský úřad Jihomoravského kraje;RP Jižní Morava;MINIMI;NA
Stanoviště;CZ0620084;Vranovický a Plačkův les;Smíšené lužní lesy s dubem letním (Quercus robur), jilmem vazem (Ulmus laevis) a jilmem habrolistým (Ulmus minor), jasanem ztepilým (Fraxinus excelsior) nebo jasanem úzkolistým (Fraxinus angustifolia) podél velkých řek (Ulmenion minoris);91F0;2016-08-16;2023-05-12;162;0,615;NA;140;8;NA;2026-02-20;Krajský úřad Jihomoravského kraje;RP Jižní Morava;NA;NA
Stanoviště;CZ0620084;Vranovický a Plačkův les;Smíšené lužní lesy s dubem letním (Quercus robur), jilmem vazem (Ulmus laevis) a jilmem habrolistým (Ulmus minor), jasanem ztepilým (Fraxinus excelsior) nebo jasanem úzkolistým (Fraxinus angustifolia) podél velkých řek (Ulmenion minoris);91F0;2016-08-16;2023-05-12;10;NA;NA;NA;13;NA;2026-02-20;Krajský úřad Jihomoravského kraje;RP Jižní Morava;NA;NA
Stanoviště;CZ0620158;Rumunská bažantnice;Smíšené lužní lesy s dubem letním (Quercus robur), jilmem vazem (Ulmus laevis) a jilmem habrolistým (Ulmus minor), jasanem ztepilým (Fraxinus excelsior) nebo jasanem úzkolistým (Fraxinus angustifolia) podél velkých řek (Ulmenion minoris);91F0;2022-08-17;2022-09-25;128;44,4864;55.78;hektary;13;4;2026-02-20;Krajský úřad Jihomoravského kraje;RP Jižní Morava;SDF;NA
Stanoviště;CZ0620158;Rumunská bažantnice;Smíšené lužní lesy s dubem letním (Quercus robur), jilmem vazem (Ulmus laevis) a jilmem habrolistým (Ulmus minor), jasanem ztepilým (Fraxinus excelsior) nebo jasanem úzkolistým (Fraxinus angustifolia) podél velkých řek (Ulmenion minoris);91F0;2022-08-17;2022-09-25;129;2,9928;2;140;13;4;2026-02-20;Krajský úřad Jihomoravského kraje;RP Jižní Morava;MINIMI;NA
Stanoviště;CZ0620158;Rumunská bažantnice;Smíšené lužní lesy s dubem letním (Quercus robur), jilmem vazem (Ulmus laevis) a jilmem habrolistým (Ulmus minor), jasanem ztepilým (Fraxinus excelsior) nebo jasanem úzkolistým (Fraxinus angustifolia) podél velkých řek (Ulmenion minoris);91F0;2022-08-17;2022-09-25;132;2,8801;NA;140;8;NA;2026-02-20;Krajský úřad Jihomoravského kraje;RP Jižní Morava;NA;NA
Stanoviště;CZ0620158;Rumunská bažantnice;Smíšené lužní lesy s dubem letním (Quercus robur), jilmem vazem (Ulmus laevis) a jilmem habrolistým (Ulmus minor), jasanem ztepilým (Fraxinus excelsior) nebo jasanem úzkolistým (Fraxinus angustifolia) podél velkých řek (Ulmenion minoris);91F0;NA;NA;133;NA;NA;% rozlohy v celistvém uspořádání splňující hodnotu minimiareálu;8;NA;2026-02-20;Krajský úřad Jihomoravského kraje;RP Jižní Morava;NA;NA
Stanoviště;CZ0620158;Rumunská bažantnice;Smíšené lužní lesy s dubem letním (Quercus robur), jilmem vazem (Ulmus laevis) a jilmem habrolistým (Ulmus minor), jasanem ztepilým (Fraxinus excelsior) nebo jasanem úzkolistým (Fraxinus angustifolia) podél velkých řek (Ulmenion minoris);91F0;NA;NA;135;NA;NA;% hranice s nepřírodními biotopy;8;NA;2026-02-20;Krajský úřad Jihomoravského kraje;RP Jižní Morava;NA;NA
Stanoviště;CZ0620158;Rumunská bažantnice;Smíšené lužní lesy s dubem letním (Quercus robur), jilmem vazem (Ulmus laevis) a jilmem habrolistým (Ulmus minor), jasanem ztepilým (Fraxinus excelsior) nebo jasanem úzkolistým (Fraxinus angustifolia) podél velkých řek (Ulmenion minoris);91F0;NA;NA;134;NA;NA;zastoupení nepřírodních biotopů v segmentech stanoviště;8;NA;2026-02-20;Krajský úřad Jihomoravského kraje;RP Jižní Morava;NA;NA
Stanoviště;CZ0620158;Rumunská bažantnice;Smíšené lužní lesy s dubem letním (Quercus robur), jilmem vazem (Ulmus laevis) a jilmem habrolistým (Ulmus minor), jasanem ztepilým (Fraxinus excelsior) nebo jasanem úzkolistým (Fraxinus angustifolia) podél velkých řek (Ulmenion minoris);91F0;NA;NA;136;NA;NA;druhy červeného seznamu;8;NA;2026-02-20;Krajský úřad Jihomoravského kraje;RP Jižní Morava;NA;NA
Stanoviště;CZ0620158;Rumunská bažantnice;Smíšené lužní lesy s dubem letním (Quercus robur), jilmem vazem (Ulmus laevis) a jilmem habrolistým (Ulmus minor), jasanem ztepilým (Fraxinus excelsior) nebo jasanem úzkolistým (Fraxinus angustifolia) podél velkých řek (Ulmenion minoris);91F0;NA;NA;137;NA;NA;% rozlohy zasažené invazními druhy;8;NA;2026-02-20;Krajský úřad Jihomoravského kraje;RP Jižní Morava;MINIMI;NA
Stanoviště;CZ0620158;Rumunská bažantnice;Smíšené lužní lesy s dubem letním (Quercus robur), jilmem vazem (Ulmus laevis) a jilmem habrolistým (Ulmus minor), jasanem ztepilým (Fraxinus excelsior) nebo jasanem úzkolistým (Fraxinus angustifolia) podél velkých řek (Ulmenion minoris);91F0;NA;NA;138;NA;NA;% rozlohy zasažené expanzivními druhy;8;NA;2026-02-20;Krajský úřad Jihomoravského kraje;RP Jižní Morava;MINIMI;NA
Stanoviště;CZ0620158;Rumunská bažantnice;Smíšené lužní lesy s dubem letním (Quercus robur), jilmem vazem (Ulmus laevis) a jilmem habrolistým (Ulmus minor), jasanem ztepilým (Fraxinus excelsior) nebo jasanem úzkolistým (Fraxinus angustifolia) podél velkých řek (Ulmenion minoris);91F0;2022-08-17;2022-09-25;162;0,3325;NA;140;8;NA;2026-02-20;Krajský úřad Jihomoravského kraje;RP Jižní Morava;NA;NA
Stanoviště;CZ0620158;Rumunská bažantnice;Smíšené lužní lesy s dubem letním (Quercus robur), jilmem vazem (Ulmus laevis) a jilmem habrolistým (Ulmus minor), jasanem ztepilým (Fraxinus excelsior) nebo jasanem úzkolistým (Fraxinus angustifolia) podél velkých řek (Ulmenion minoris);91F0;2022-08-17;2022-09-25;10;NA;NA;NA;13;NA;2026-02-20;Krajský úřad Jihomoravského kraje;RP Jižní Morava;NA;NA
Stanoviště;CZ0620181;Valtrovický luh;Smíšené lužní lesy s dubem letním (Quercus robur), jilmem vazem (Ulmus laevis) a jilmem habrolistým (Ulmus minor), jasanem ztepilým (Fraxinus excelsior) nebo jasanem úzkolistým (Fraxinus angustifolia) podél velkých řek (Ulmenion minoris);91F0;2012-08-22;2012-09-25;128;49,943;49.94;hektary;11;3;2026-02-20;Krajský úřad Jihomoravského kraje;RP Jižní Morava;VMB2;NA
Stanoviště;CZ0620181;Valtrovický luh;Smíšené lužní lesy s dubem letním (Quercus robur), jilmem vazem (Ulmus laevis) a jilmem habrolistým (Ulmus minor), jasanem ztepilým (Fraxinus excelsior) nebo jasanem úzkolistým (Fraxinus angustifolia) podél velkých řek (Ulmenion minoris);91F0;2012-08-22;2012-09-25;129;1,5682;1.6;140;11;3;2026-02-20;Krajský úřad Jihomoravského kraje;RP Jižní Morava;VMB2;NA
Stanoviště;CZ0620181;Valtrovický luh;Smíšené lužní lesy s dubem letním (Quercus robur), jilmem vazem (Ulmus laevis) a jilmem habrolistým (Ulmus minor), jasanem ztepilým (Fraxinus excelsior) nebo jasanem úzkolistým (Fraxinus angustifolia) podél velkých řek (Ulmenion minoris);91F0;2012-08-22;2012-09-25;132;2,1617;NA;140;8;3;2026-02-20;Krajský úřad Jihomoravského kraje;RP Jižní Morava;NA;NA
Stanoviště;CZ0620181;Valtrovický luh;Smíšené lužní lesy s dubem letním (Quercus robur), jilmem vazem (Ulmus laevis) a jilmem habrolistým (Ulmus minor), jasanem ztepilým (Fraxinus excelsior) nebo jasanem úzkolistým (Fraxinus angustifolia) podél velkých řek (Ulmenion minoris);91F0;NA;NA;133;NA;NA;% rozlohy v celistvém uspořádání splňující hodnotu minimiareálu;8;NA;2026-02-20;Krajský úřad Jihomoravského kraje;RP Jižní Morava;NA;NA
Stanoviště;CZ0620181;Valtrovický luh;Smíšené lužní lesy s dubem letním (Quercus robur), jilmem vazem (Ulmus laevis) a jilmem habrolistým (Ulmus minor), jasanem ztepilým (Fraxinus excelsior) nebo jasanem úzkolistým (Fraxinus angustifolia) podél velkých řek (Ulmenion minoris);91F0;NA;NA;135;NA;NA;% hranice s nepřírodními biotopy;8;NA;2026-02-20;Krajský úřad Jihomoravského kraje;RP Jižní Morava;NA;NA
Stanoviště;CZ0620181;Valtrovický luh;Smíšené lužní lesy s dubem letním (Quercus robur), jilmem vazem (Ulmus laevis) a jilmem habrolistým (Ulmus minor), jasanem ztepilým (Fraxinus excelsior) nebo jasanem úzkolistým (Fraxinus angustifolia) podél velkých řek (Ulmenion minoris);91F0;NA;NA;134;NA;NA;zastoupení nepřírodních biotopů v segmentech stanoviště;8;NA;2026-02-20;Krajský úřad Jihomoravského kraje;RP Jižní Morava;NA;NA
Stanoviště;CZ0620181;Valtrovický luh;Smíšené lužní lesy s dubem letním (Quercus robur), jilmem vazem (Ulmus laevis) a jilmem habrolistým (Ulmus minor), jasanem ztepilým (Fraxinus excelsior) nebo jasanem úzkolistým (Fraxinus angustifolia) podél velkých řek (Ulmenion minoris);91F0;NA;NA;136;NA;NA;druhy červeného seznamu;8;NA;2026-02-20;Krajský úřad Jihomoravského kraje;RP Jižní Morava;NA;NA
Stanoviště;CZ0620181;Valtrovický luh;Smíšené lužní lesy s dubem letním (Quercus robur), jilmem vazem (Ulmus laevis) a jilmem habrolistým (Ulmus minor), jasanem ztepilým (Fraxinus excelsior) nebo jasanem úzkolistým (Fraxinus angustifolia) podél velkých řek (Ulmenion minoris);91F0;NA;NA;137;NA;NA;% rozlohy zasažené invazními druhy;8;NA;2026-02-20;Krajský úřad Jihomoravského kraje;RP Jižní Morava;MINIMI;NA
Stanoviště;CZ0620181;Valtrovický luh;Smíšené lužní lesy s dubem letním (Quercus robur), jilmem vazem (Ulmus laevis) a jilmem habrolistým (Ulmus minor), jasanem ztepilým (Fraxinus excelsior) nebo jasanem úzkolistým (Fraxinus angustifolia) podél velkých řek (Ulmenion minoris);91F0;NA;NA;138;NA;NA;% rozlohy zasažené expanzivními druhy;8;NA;2026-02-20;Krajský úřad Jihomoravského kraje;RP Jižní Morava;MINIMI;NA
Stanoviště;CZ0620181;Valtrovický luh;Smíšené lužní lesy s dubem letním (Quercus robur), jilmem vazem (Ulmus laevis) a jilmem habrolistým (Ulmus minor), jasanem ztepilým (Fraxinus excelsior) nebo jasanem úzkolistým (Fraxinus angustifolia) podél velkých řek (Ulmenion minoris);91F0;2012-08-22;2012-09-25;162;0,9007;NA;140;8;3;2026-02-20;Krajský úřad Jihomoravského kraje;RP Jižní Morava;NA;NA
Stanoviště;CZ0620181;Valtrovický luh;Smíšené lužní lesy s dubem letním (Quercus robur), jilmem vazem (Ulmus laevis) a jilmem habrolistým (Ulmus minor), jasanem ztepilým (Fraxinus excelsior) nebo jasanem úzkolistým (Fraxinus angustifolia) podél velkých řek (Ulmenion minoris);91F0;2012-08-22;2012-09-25;10;NA;NA;NA;11;NA;2026-02-20;Krajský úřad Jihomoravského kraje;RP Jižní Morava;NA;NA
Stanoviště;CZ0623799;Drnholecký luh;Smíšené lužní lesy s dubem letním (Quercus robur), jilmem vazem (Ulmus laevis) a jilmem habrolistým (Ulmus minor), jasanem ztepilým (Fraxinus excelsior) nebo jasanem úzkolistým (Fraxinus angustifolia) podél velkých řek (Ulmenion minoris);91F0;2012-04-20;2012-04-23;128;123,1023;123.1;hektary;11;3;2026-02-20;Krajský úřad Jihomoravského kraje;RP Jižní Morava;VMB2;NA
Stanoviště;CZ0623799;Drnholecký luh;Smíšené lužní lesy s dubem letním (Quercus robur), jilmem vazem (Ulmus laevis) a jilmem habrolistým (Ulmus minor), jasanem ztepilým (Fraxinus excelsior) nebo jasanem úzkolistým (Fraxinus angustifolia) podél velkých řek (Ulmenion minoris);91F0;2012-04-20;2012-04-23;129;2,6581;2;140;13;3;2026-02-20;Krajský úřad Jihomoravského kraje;RP Jižní Morava;MINIMI;NA
Stanoviště;CZ0623799;Drnholecký luh;Smíšené lužní lesy s dubem letním (Quercus robur), jilmem vazem (Ulmus laevis) a jilmem habrolistým (Ulmus minor), jasanem ztepilým (Fraxinus excelsior) nebo jasanem úzkolistým (Fraxinus angustifolia) podél velkých řek (Ulmenion minoris);91F0;2012-04-20;2012-04-23;132;2,1479;NA;140;8;3;2026-02-20;Krajský úřad Jihomoravského kraje;RP Jižní Morava;NA;NA
Stanoviště;CZ0623799;Drnholecký luh;Smíšené lužní lesy s dubem letním (Quercus robur), jilmem vazem (Ulmus laevis) a jilmem habrolistým (Ulmus minor), jasanem ztepilým (Fraxinus excelsior) nebo jasanem úzkolistým (Fraxinus angustifolia) podél velkých řek (Ulmenion minoris);91F0;NA;NA;133;NA;NA;% rozlohy v celistvém uspořádání splňující hodnotu minimiareálu;8;NA;2026-02-20;Krajský úřad Jihomoravského kraje;RP Jižní Morava;NA;NA
Stanoviště;CZ0623799;Drnholecký luh;Smíšené lužní lesy s dubem letním (Quercus robur), jilmem vazem (Ulmus laevis) a jilmem habrolistým (Ulmus minor), jasanem ztepilým (Fraxinus excelsior) nebo jasanem úzkolistým (Fraxinus angustifolia) podél velkých řek (Ulmenion minoris);91F0;NA;NA;135;NA;NA;% hranice s nepřírodními biotopy;8;NA;2026-02-20;Krajský úřad Jihomoravského kraje;RP Jižní Morava;NA;NA
Stanoviště;CZ0623799;Drnholecký luh;Smíšené lužní lesy s dubem letním (Quercus robur), jilmem vazem (Ulmus laevis) a jilmem habrolistým (Ulmus minor), jasanem ztepilým (Fraxinus excelsior) nebo jasanem úzkolistým (Fraxinus angustifolia) podél velkých řek (Ulmenion minoris);91F0;NA;NA;134;NA;NA;zastoupení nepřírodních biotopů v segmentech stanoviště;8;NA;2026-02-20;Krajský úřad Jihomoravského kraje;RP Jižní Morava;NA;NA
Stanoviště;CZ0623799;Drnholecký luh;Smíšené lužní lesy s dubem letním (Quercus robur), jilmem vazem (Ulmus laevis) a jilmem habrolistým (Ulmus minor), jasanem ztepilým (Fraxinus excelsior) nebo jasanem úzkolistým (Fraxinus angustifolia) podél velkých řek (Ulmenion minoris);91F0;NA;NA;136;NA;NA;druhy červeného seznamu;8;NA;2026-02-20;Krajský úřad Jihomoravského kraje;RP Jižní Morava;NA;NA
Stanoviště;CZ0623799;Drnholecký luh;Smíšené lužní lesy s dubem letním (Quercus robur), jilmem vazem (Ulmus laevis) a jilmem habrolistým (Ulmus minor), jasanem ztepilým (Fraxinus excelsior) nebo jasanem úzkolistým (Fraxinus angustifolia) podél velkých řek (Ulmenion minoris);91F0;NA;NA;137;NA;NA;% rozlohy zasažené invazními druhy;8;NA;2026-02-20;Krajský úřad Jihomoravského kraje;RP Jižní Morava;MINIMI;NA
Stanoviště;CZ0623799;Drnholecký luh;Smíšené lužní lesy s dubem letním (Quercus robur), jilmem vazem (Ulmus laevis) a jilmem habrolistým (Ulmus minor), jasanem ztepilým (Fraxinus excelsior) nebo jasanem úzkolistým (Fraxinus angustifolia) podél velkých řek (Ulmenion minoris);91F0;NA;NA;138;NA;NA;% rozlohy zasažené expanzivními druhy;8;NA;2026-02-20;Krajský úřad Jihomoravského kraje;RP Jižní Morava;MINIMI;NA
Stanoviště;CZ0623799;Drnholecký luh;Smíšené lužní lesy s dubem letním (Quercus robur), jilmem vazem (Ulmus laevis) a jilmem habrolistým (Ulmus minor), jasanem ztepilým (Fraxinus excelsior) nebo jasanem úzkolistým (Fraxinus angustifolia) podél velkých řek (Ulmenion minoris);91F0;2012-04-20;2012-04-23;162;0,1137;NA;140;8;3;2026-02-20;Krajský úřad Jihomoravského kraje;RP Jižní Morava;NA;NA
Stanoviště;CZ0623799;Drnholecký luh;Smíšené lužní lesy s dubem letním (Quercus robur), jilmem vazem (Ulmus laevis) a jilmem habrolistým (Ulmus minor), jasanem ztepilým (Fraxinus excelsior) nebo jasanem úzkolistým (Fraxinus angustifolia) podél velkých řek (Ulmenion minoris);91F0;2012-04-20;2012-04-23;10;NA;NA;NA;12;NA;2026-02-20;Krajský úřad Jihomoravského kraje;RP Jižní Morava;NA;NA
Stanoviště;CZ0624068;Strážnická Morava;Smíšené lužní lesy s dubem letním (Quercus robur), jilmem vazem (Ulmus laevis) a jilmem habrolistým (Ulmus minor), jasanem ztepilým (Fraxinus excelsior) nebo jasanem úzkolistým (Fraxinus angustifolia) podél velkých řek (Ulmenion minoris);91F0;2009-06-15;2009-07-19;128;423,8883;423.88;hektary;11;3;2026-02-20;Krajský úřad Jihomoravského kraje;RP SCHKO Bílé Karpaty;VMB2;NA
Stanoviště;CZ0624068;Strážnická Morava;Smíšené lužní lesy s dubem letním (Quercus robur), jilmem vazem (Ulmus laevis) a jilmem habrolistým (Ulmus minor), jasanem ztepilým (Fraxinus excelsior) nebo jasanem úzkolistým (Fraxinus angustifolia) podél velkých řek (Ulmenion minoris);91F0;2009-06-15;2009-07-19;129;2,1109;2;140;13;3;2026-02-20;Krajský úřad Jihomoravského kraje;RP SCHKO Bílé Karpaty;MINIMI;NA
Stanoviště;CZ0624068;Strážnická Morava;Smíšené lužní lesy s dubem letním (Quercus robur), jilmem vazem (Ulmus laevis) a jilmem habrolistým (Ulmus minor), jasanem ztepilým (Fraxinus excelsior) nebo jasanem úzkolistým (Fraxinus angustifolia) podél velkých řek (Ulmenion minoris);91F0;2009-06-15;2009-07-19;132;2,4383;NA;140;8;3;2026-02-20;Krajský úřad Jihomoravského kraje;RP SCHKO Bílé Karpaty;NA;NA
Stanoviště;CZ0624068;Strážnická Morava;Smíšené lužní lesy s dubem letním (Quercus robur), jilmem vazem (Ulmus laevis) a jilmem habrolistým (Ulmus minor), jasanem ztepilým (Fraxinus excelsior) nebo jasanem úzkolistým (Fraxinus angustifolia) podél velkých řek (Ulmenion minoris);91F0;NA;NA;133;NA;NA;% rozlohy v celistvém uspořádání splňující hodnotu minimiareálu;8;NA;2026-02-20;Krajský úřad Jihomoravského kraje;RP SCHKO Bílé Karpaty;NA;NA
Stanoviště;CZ0624068;Strážnická Morava;Smíšené lužní lesy s dubem letním (Quercus robur), jilmem vazem (Ulmus laevis) a jilmem habrolistým (Ulmus minor), jasanem ztepilým (Fraxinus excelsior) nebo jasanem úzkolistým (Fraxinus angustifolia) podél velkých řek (Ulmenion minoris);91F0;NA;NA;135;NA;NA;% hranice s nepřírodními biotopy;8;NA;2026-02-20;Krajský úřad Jihomoravského kraje;RP SCHKO Bílé Karpaty;NA;NA
Stanoviště;CZ0624068;Strážnická Morava;Smíšené lužní lesy s dubem letním (Quercus robur), jilmem vazem (Ulmus laevis) a jilmem habrolistým (Ulmus minor), jasanem ztepilým (Fraxinus excelsior) nebo jasanem úzkolistým (Fraxinus angustifolia) podél velkých řek (Ulmenion minoris);91F0;NA;NA;134;NA;NA;zastoupení nepřírodních biotopů v segmentech stanoviště;8;NA;2026-02-20;Krajský úřad Jihomoravského kraje;RP SCHKO Bílé Karpaty;NA;NA
Stanoviště;CZ0624068;Strážnická Morava;Smíšené lužní lesy s dubem letním (Quercus robur), jilmem vazem (Ulmus laevis) a jilmem habrolistým (Ulmus minor), jasanem ztepilým (Fraxinus excelsior) nebo jasanem úzkolistým (Fraxinus angustifolia) podél velkých řek (Ulmenion minoris);91F0;NA;NA;136;NA;NA;druhy červeného seznamu;8;NA;2026-02-20;Krajský úřad Jihomoravského kraje;RP SCHKO Bílé Karpaty;NA;NA
Stanoviště;CZ0624068;Strážnická Morava;Smíšené lužní lesy s dubem letním (Quercus robur), jilmem vazem (Ulmus laevis) a jilmem habrolistým (Ulmus minor), jasanem ztepilým (Fraxinus excelsior) nebo jasanem úzkolistým (Fraxinus angustifolia) podél velkých řek (Ulmenion minoris);91F0;NA;NA;137;NA;NA;% rozlohy zasažené invazními druhy;8;NA;2026-02-20;Krajský úřad Jihomoravského kraje;RP SCHKO Bílé Karpaty;MINIMI;NA
Stanoviště;CZ0624068;Strážnická Morava;Smíšené lužní lesy s dubem letním (Quercus robur), jilmem vazem (Ulmus laevis) a jilmem habrolistým (Ulmus minor), jasanem ztepilým (Fraxinus excelsior) nebo jasanem úzkolistým (Fraxinus angustifolia) podél velkých řek (Ulmenion minoris);91F0;NA;NA;138;NA;NA;% rozlohy zasažené expanzivními druhy;8;NA;2026-02-20;Krajský úřad Jihomoravského kraje;RP SCHKO Bílé Karpaty;MINIMI;NA
Stanoviště;CZ0624068;Strážnická Morava;Smíšené lužní lesy s dubem letním (Quercus robur), jilmem vazem (Ulmus laevis) a jilmem habrolistým (Ulmus minor), jasanem ztepilým (Fraxinus excelsior) nebo jasanem úzkolistým (Fraxinus angustifolia) podél velkých řek (Ulmenion minoris);91F0;2009-06-15;2009-07-19;162;0,4689;NA;140;8;3;2026-02-20;Krajský úřad Jihomoravského kraje;RP SCHKO Bílé Karpaty;NA;NA
Stanoviště;CZ0624068;Strážnická Morava;Smíšené lužní lesy s dubem letním (Quercus robur), jilmem vazem (Ulmus laevis) a jilmem habrolistým (Ulmus minor), jasanem ztepilým (Fraxinus excelsior) nebo jasanem úzkolistým (Fraxinus angustifolia) podél velkých řek (Ulmenion minoris);91F0;2009-06-15;2009-07-19;10;NA;NA;NA;12;NA;2026-02-20;Krajský úřad Jihomoravského kraje;RP SCHKO Bílé Karpaty;NA;NA
Stanoviště;CZ0624071;Očov;Smíšené lužní lesy s dubem letním (Quercus robur), jilmem vazem (Ulmus laevis) a jilmem habrolistým (Ulmus minor), jasanem ztepilým (Fraxinus excelsior) nebo jasanem úzkolistým (Fraxinus angustifolia) podél velkých řek (Ulmenion minoris);91F0;2018-04-20;2018-05-08;128;162,2771;162.27;hektary;11;3;2026-02-20;Krajský úřad Jihomoravského kraje;RP Jižní Morava;VMB2;NA
Stanoviště;CZ0624071;Očov;Smíšené lužní lesy s dubem letním (Quercus robur), jilmem vazem (Ulmus laevis) a jilmem habrolistým (Ulmus minor), jasanem ztepilým (Fraxinus excelsior) nebo jasanem úzkolistým (Fraxinus angustifolia) podél velkých řek (Ulmenion minoris);91F0;2018-04-20;2018-05-08;129;2,2564;2;140;13;3;2026-02-20;Krajský úřad Jihomoravského kraje;RP Jižní Morava;MINIMI;NA
Stanoviště;CZ0624071;Očov;Smíšené lužní lesy s dubem letním (Quercus robur), jilmem vazem (Ulmus laevis) a jilmem habrolistým (Ulmus minor), jasanem ztepilým (Fraxinus excelsior) nebo jasanem úzkolistým (Fraxinus angustifolia) podél velkých řek (Ulmenion minoris);91F0;2018-04-20;2018-05-08;132;2,0084;NA;140;8;3;2026-02-20;Krajský úřad Jihomoravského kraje;RP Jižní Morava;NA;NA
Stanoviště;CZ0624071;Očov;Smíšené lužní lesy s dubem letním (Quercus robur), jilmem vazem (Ulmus laevis) a jilmem habrolistým (Ulmus minor), jasanem ztepilým (Fraxinus excelsior) nebo jasanem úzkolistým (Fraxinus angustifolia) podél velkých řek (Ulmenion minoris);91F0;NA;NA;133;NA;NA;% rozlohy v celistvém uspořádání splňující hodnotu minimiareálu;8;NA;2026-02-20;Krajský úřad Jihomoravského kraje;RP Jižní Morava;NA;NA
Stanoviště;CZ0624071;Očov;Smíšené lužní lesy s dubem letním (Quercus robur), jilmem vazem (Ulmus laevis) a jilmem habrolistým (Ulmus minor), jasanem ztepilým (Fraxinus excelsior) nebo jasanem úzkolistým (Fraxinus angustifolia) podél velkých řek (Ulmenion minoris);91F0;NA;NA;135;NA;NA;% hranice s nepřírodními biotopy;8;NA;2026-02-20;Krajský úřad Jihomoravského kraje;RP Jižní Morava;NA;NA
Stanoviště;CZ0624071;Očov;Smíšené lužní lesy s dubem letním (Quercus robur), jilmem vazem (Ulmus laevis) a jilmem habrolistým (Ulmus minor), jasanem ztepilým (Fraxinus excelsior) nebo jasanem úzkolistým (Fraxinus angustifolia) podél velkých řek (Ulmenion minoris);91F0;NA;NA;134;NA;NA;zastoupení nepřírodních biotopů v segmentech stanoviště;8;NA;2026-02-20;Krajský úřad Jihomoravského kraje;RP Jižní Morava;NA;NA
Stanoviště;CZ0624071;Očov;Smíšené lužní lesy s dubem letním (Quercus robur), jilmem vazem (Ulmus laevis) a jilmem habrolistým (Ulmus minor), jasanem ztepilým (Fraxinus excelsior) nebo jasanem úzkolistým (Fraxinus angustifolia) podél velkých řek (Ulmenion minoris);91F0;NA;NA;136;NA;NA;druhy červeného seznamu;8;NA;2026-02-20;Krajský úřad Jihomoravského kraje;RP Jižní Morava;NA;NA
Stanoviště;CZ0624071;Očov;Smíšené lužní lesy s dubem letním (Quercus robur), jilmem vazem (Ulmus laevis) a jilmem habrolistým (Ulmus minor), jasanem ztepilým (Fraxinus excelsior) nebo jasanem úzkolistým (Fraxinus angustifolia) podél velkých řek (Ulmenion minoris);91F0;NA;NA;137;NA;NA;% rozlohy zasažené invazními druhy;8;NA;2026-02-20;Krajský úřad Jihomoravského kraje;RP Jižní Morava;MINIMI;NA
Stanoviště;CZ0624071;Očov;Smíšené lužní lesy s dubem letním (Quercus robur), jilmem vazem (Ulmus laevis) a jilmem habrolistým (Ulmus minor), jasanem ztepilým (Fraxinus excelsior) nebo jasanem úzkolistým (Fraxinus angustifolia) podél velkých řek (Ulmenion minoris);91F0;NA;NA;138;NA;NA;% rozlohy zasažené expanzivními druhy;8;NA;2026-02-20;Krajský úřad Jihomoravského kraje;RP Jižní Morava;MINIMI;NA
Stanoviště;CZ0624071;Očov;Smíšené lužní lesy s dubem letním (Quercus robur), jilmem vazem (Ulmus laevis) a jilmem habrolistým (Ulmus minor), jasanem ztepilým (Fraxinus excelsior) nebo jasanem úzkolistým (Fraxinus angustifolia) podél velkých řek (Ulmenion minoris);91F0;2018-04-20;2018-05-08;162;0,1958;NA;140;8;3;2026-02-20;Krajský úřad Jihomoravského kraje;RP Jižní Morava;NA;NA
Stanoviště;CZ0624071;Očov;Smíšené lužní lesy s dubem letním (Quercus robur), jilmem vazem (Ulmus laevis) a jilmem habrolistým (Ulmus minor), jasanem ztepilým (Fraxinus excelsior) nebo jasanem úzkolistým (Fraxinus angustifolia) podél velkých řek (Ulmenion minoris);91F0;2018-04-20;2018-05-08;10;NA;NA;NA;12;NA;2026-02-20;Krajský úřad Jihomoravského kraje;RP Jižní Morava;NA;NA
Stanoviště;CZ0624099;Niva Dyje;Smíšené lužní lesy s dubem letním (Quercus robur), jilmem vazem (Ulmus laevis) a jilmem habrolistým (Ulmus minor), jasanem ztepilým (Fraxinus excelsior) nebo jasanem úzkolistým (Fraxinus angustifolia) podél velkých řek (Ulmenion minoris);91F0;2011-09-05;2014-09-07;128;1338,0732;1338.07;hektary;11;3;2026-02-20;AOPK ČR - RP Jižní Morava, Krajský úřad Jihomoravského kraje;RP Jižní Morava;VMB2;NA
Stanoviště;CZ0624099;Niva Dyje;Smíšené lužní lesy s dubem letním (Quercus robur), jilmem vazem (Ulmus laevis) a jilmem habrolistým (Ulmus minor), jasanem ztepilým (Fraxinus excelsior) nebo jasanem úzkolistým (Fraxinus angustifolia) podél velkých řek (Ulmenion minoris);91F0;2011-09-05;2014-09-07;129;2,3756;2;140;13;3;2026-02-20;AOPK ČR - RP Jižní Morava, Krajský úřad Jihomoravského kraje;RP Jižní Morava;MINIMI;NA
Stanoviště;CZ0624099;Niva Dyje;Smíšené lužní lesy s dubem letním (Quercus robur), jilmem vazem (Ulmus laevis) a jilmem habrolistým (Ulmus minor), jasanem ztepilým (Fraxinus excelsior) nebo jasanem úzkolistým (Fraxinus angustifolia) podél velkých řek (Ulmenion minoris);91F0;2011-09-05;2014-09-07;132;1,664;NA;140;8;3;2026-02-20;AOPK ČR - RP Jižní Morava, Krajský úřad Jihomoravského kraje;RP Jižní Morava;NA;NA
Stanoviště;CZ0624099;Niva Dyje;Smíšené lužní lesy s dubem letním (Quercus robur), jilmem vazem (Ulmus laevis) a jilmem habrolistým (Ulmus minor), jasanem ztepilým (Fraxinus excelsior) nebo jasanem úzkolistým (Fraxinus angustifolia) podél velkých řek (Ulmenion minoris);91F0;NA;NA;133;NA;NA;% rozlohy v celistvém uspořádání splňující hodnotu minimiareálu;8;NA;2026-02-20;AOPK ČR - RP Jižní Morava, Krajský úřad Jihomoravského kraje;RP Jižní Morava;NA;NA
Stanoviště;CZ0624099;Niva Dyje;Smíšené lužní lesy s dubem letním (Quercus robur), jilmem vazem (Ulmus laevis) a jilmem habrolistým (Ulmus minor), jasanem ztepilým (Fraxinus excelsior) nebo jasanem úzkolistým (Fraxinus angustifolia) podél velkých řek (Ulmenion minoris);91F0;NA;NA;135;NA;NA;% hranice s nepřírodními biotopy;8;NA;2026-02-20;AOPK ČR - RP Jižní Morava, Krajský úřad Jihomoravského kraje;RP Jižní Morava;NA;NA
Stanoviště;CZ0624099;Niva Dyje;Smíšené lužní lesy s dubem letním (Quercus robur), jilmem vazem (Ulmus laevis) a jilmem habrolistým (Ulmus minor), jasanem ztepilým (Fraxinus excelsior) nebo jasanem úzkolistým (Fraxinus angustifolia) podél velkých řek (Ulmenion minoris);91F0;NA;NA;134;NA;NA;zastoupení nepřírodních biotopů v segmentech stanoviště;8;NA;2026-02-20;AOPK ČR - RP Jižní Morava, Krajský úřad Jihomoravského kraje;RP Jižní Morava;NA;NA
Stanoviště;CZ0624099;Niva Dyje;Smíšené lužní lesy s dubem letním (Quercus robur), jilmem vazem (Ulmus laevis) a jilmem habrolistým (Ulmus minor), jasanem ztepilým (Fraxinus excelsior) nebo jasanem úzkolistým (Fraxinus angustifolia) podél velkých řek (Ulmenion minoris);91F0;NA;NA;136;NA;NA;druhy červeného seznamu;8;NA;2026-02-20;AOPK ČR - RP Jižní Morava, Krajský úřad Jihomoravského kraje;RP Jižní Morava;NA;NA
Stanoviště;CZ0624099;Niva Dyje;Smíšené lužní lesy s dubem letním (Quercus robur), jilmem vazem (Ulmus laevis) a jilmem habrolistým (Ulmus minor), jasanem ztepilým (Fraxinus excelsior) nebo jasanem úzkolistým (Fraxinus angustifolia) podél velkých řek (Ulmenion minoris);91F0;NA;NA;137;NA;NA;% rozlohy zasažené invazními druhy;8;NA;2026-02-20;AOPK ČR - RP Jižní Morava, Krajský úřad Jihomoravského kraje;RP Jižní Morava;MINIMI;NA
Stanoviště;CZ0624099;Niva Dyje;Smíšené lužní lesy s dubem letním (Quercus robur), jilmem vazem (Ulmus laevis) a jilmem habrolistým (Ulmus minor), jasanem ztepilým (Fraxinus excelsior) nebo jasanem úzkolistým (Fraxinus angustifolia) podél velkých řek (Ulmenion minoris);91F0;NA;NA;138;NA;NA;% rozlohy zasažené expanzivními druhy;8;NA;2026-02-20;AOPK ČR - RP Jižní Morava, Krajský úřad Jihomoravského kraje;RP Jižní Morava;MINIMI;NA
Stanoviště;CZ0624099;Niva Dyje;Smíšené lužní lesy s dubem letním (Quercus robur), jilmem vazem (Ulmus laevis) a jilmem habrolistým (Ulmus minor), jasanem ztepilým (Fraxinus excelsior) nebo jasanem úzkolistým (Fraxinus angustifolia) podél velkých řek (Ulmenion minoris);91F0;2011-09-05;2014-09-07;162;0,306;NA;140;8;3;2026-02-20;AOPK ČR - RP Jižní Morava, Krajský úřad Jihomoravského kraje;RP Jižní Morava;NA;NA
Stanoviště;CZ0624099;Niva Dyje;Smíšené lužní lesy s dubem letním (Quercus robur), jilmem vazem (Ulmus laevis) a jilmem habrolistým (Ulmus minor), jasanem ztepilým (Fraxinus excelsior) nebo jasanem úzkolistým (Fraxinus angustifolia) podél velkých řek (Ulmenion minoris);91F0;2011-09-05;2014-09-07;10;NA;NA;NA;12;NA;2026-02-20;AOPK ČR - RP Jižní Morava, Krajský úřad Jihomoravského kraje;RP Jižní Morava;NA;NA
Stanoviště;CZ0624103;Mušovský luh;Smíšené lužní lesy s dubem letním (Quercus robur), jilmem vazem (Ulmus laevis) a jilmem habrolistým (Ulmus minor), jasanem ztepilým (Fraxinus excelsior) nebo jasanem úzkolistým (Fraxinus angustifolia) podél velkých řek (Ulmenion minoris);91F0;2014-04-17;2024-08-31;128;367,5017;364.25;hektary;11;3;2026-02-20;Krajský úřad Jihomoravského kraje;RP Jižní Morava;VMB2;NA
Stanoviště;CZ0624103;Mušovský luh;Smíšené lužní lesy s dubem letním (Quercus robur), jilmem vazem (Ulmus laevis) a jilmem habrolistým (Ulmus minor), jasanem ztepilým (Fraxinus excelsior) nebo jasanem úzkolistým (Fraxinus angustifolia) podél velkých řek (Ulmenion minoris);91F0;2014-04-17;2024-08-31;129;2,6124;2;140;13;2;2026-02-20;Krajský úřad Jihomoravského kraje;RP Jižní Morava;MINIMI;NA
Stanoviště;CZ0624103;Mušovský luh;Smíšené lužní lesy s dubem letním (Quercus robur), jilmem vazem (Ulmus laevis) a jilmem habrolistým (Ulmus minor), jasanem ztepilým (Fraxinus excelsior) nebo jasanem úzkolistým (Fraxinus angustifolia) podél velkých řek (Ulmenion minoris);91F0;2014-04-17;2024-08-31;132;2,0838;NA;140;8;3;2026-02-20;Krajský úřad Jihomoravského kraje;RP Jižní Morava;NA;NA
Stanoviště;CZ0624103;Mušovský luh;Smíšené lužní lesy s dubem letním (Quercus robur), jilmem vazem (Ulmus laevis) a jilmem habrolistým (Ulmus minor), jasanem ztepilým (Fraxinus excelsior) nebo jasanem úzkolistým (Fraxinus angustifolia) podél velkých řek (Ulmenion minoris);91F0;NA;NA;133;NA;NA;% rozlohy v celistvém uspořádání splňující hodnotu minimiareálu;8;NA;2026-02-20;Krajský úřad Jihomoravského kraje;RP Jižní Morava;NA;NA
Stanoviště;CZ0624103;Mušovský luh;Smíšené lužní lesy s dubem letním (Quercus robur), jilmem vazem (Ulmus laevis) a jilmem habrolistým (Ulmus minor), jasanem ztepilým (Fraxinus excelsior) nebo jasanem úzkolistým (Fraxinus angustifolia) podél velkých řek (Ulmenion minoris);91F0;NA;NA;135;NA;NA;% hranice s nepřírodními biotopy;8;NA;2026-02-20;Krajský úřad Jihomoravského kraje;RP Jižní Morava;NA;NA
Stanoviště;CZ0624103;Mušovský luh;Smíšené lužní lesy s dubem letním (Quercus robur), jilmem vazem (Ulmus laevis) a jilmem habrolistým (Ulmus minor), jasanem ztepilým (Fraxinus excelsior) nebo jasanem úzkolistým (Fraxinus angustifolia) podél velkých řek (Ulmenion minoris);91F0;NA;NA;134;NA;NA;zastoupení nepřírodních biotopů v segmentech stanoviště;8;NA;2026-02-20;Krajský úřad Jihomoravského kraje;RP Jižní Morava;NA;NA
Stanoviště;CZ0624103;Mušovský luh;Smíšené lužní lesy s dubem letním (Quercus robur), jilmem vazem (Ulmus laevis) a jilmem habrolistým (Ulmus minor), jasanem ztepilým (Fraxinus excelsior) nebo jasanem úzkolistým (Fraxinus angustifolia) podél velkých řek (Ulmenion minoris);91F0;NA;NA;136;NA;NA;druhy červeného seznamu;8;NA;2026-02-20;Krajský úřad Jihomoravského kraje;RP Jižní Morava;NA;NA
Stanoviště;CZ0624103;Mušovský luh;Smíšené lužní lesy s dubem letním (Quercus robur), jilmem vazem (Ulmus laevis) a jilmem habrolistým (Ulmus minor), jasanem ztepilým (Fraxinus excelsior) nebo jasanem úzkolistým (Fraxinus angustifolia) podél velkých řek (Ulmenion minoris);91F0;NA;NA;137;NA;NA;% rozlohy zasažené invazními druhy;8;NA;2026-02-20;Krajský úřad Jihomoravského kraje;RP Jižní Morava;MINIMI;NA
Stanoviště;CZ0624103;Mušovský luh;Smíšené lužní lesy s dubem letním (Quercus robur), jilmem vazem (Ulmus laevis) a jilmem habrolistým (Ulmus minor), jasanem ztepilým (Fraxinus excelsior) nebo jasanem úzkolistým (Fraxinus angustifolia) podél velkých řek (Ulmenion minoris);91F0;NA;NA;138;NA;NA;% rozlohy zasažené expanzivními druhy;8;NA;2026-02-20;Krajský úřad Jihomoravského kraje;RP Jižní Morava;MINIMI;NA
Stanoviště;CZ0624103;Mušovský luh;Smíšené lužní lesy s dubem letním (Quercus robur), jilmem vazem (Ulmus laevis) a jilmem habrolistým (Ulmus minor), jasanem ztepilým (Fraxinus excelsior) nebo jasanem úzkolistým (Fraxinus angustifolia) podél velkých řek (Ulmenion minoris);91F0;2014-04-17;2024-08-31;162;0,6484;NA;140;8;NA;2026-02-20;Krajský úřad Jihomoravského kraje;RP Jižní Morava;NA;NA
Stanoviště;CZ0624103;Mušovský luh;Smíšené lužní lesy s dubem letním (Quercus robur), jilmem vazem (Ulmus laevis) a jilmem habrolistým (Ulmus minor), jasanem ztepilým (Fraxinus excelsior) nebo jasanem úzkolistým (Fraxinus angustifolia) podél velkých řek (Ulmenion minoris);91F0;2014-04-17;2024-08-31;10;NA;NA;NA;12;NA;2026-02-20;Krajský úřad Jihomoravského kraje;RP Jižní Morava;NA;NA
Stanoviště;CZ0624119;Soutok - Podluží;Smíšené lužní lesy s dubem letním (Quercus robur), jilmem vazem (Ulmus laevis) a jilmem habrolistým (Ulmus minor), jasanem ztepilým (Fraxinus excelsior) nebo jasanem úzkolistým (Fraxinus angustifolia) podél velkých řek (Ulmenion minoris);91F0;2010-08-19;2025-05-01;128;5734,182;5710.07;hektary;11;3;2026-02-20;AOPK ČR - RP Jižní Morava, Krajský úřad Jihomoravského kraje;RP Jižní Morava;VMB2;NA
Stanoviště;CZ0624119;Soutok - Podluží;Smíšené lužní lesy s dubem letním (Quercus robur), jilmem vazem (Ulmus laevis) a jilmem habrolistým (Ulmus minor), jasanem ztepilým (Fraxinus excelsior) nebo jasanem úzkolistým (Fraxinus angustifolia) podél velkých řek (Ulmenion minoris);91F0;2010-08-19;2025-05-01;129;2,9093;2;140;13;3;2026-02-20;AOPK ČR - RP Jižní Morava, Krajský úřad Jihomoravského kraje;RP Jižní Morava;MINIMI;NA
Stanoviště;CZ0624119;Soutok - Podluží;Smíšené lužní lesy s dubem letním (Quercus robur), jilmem vazem (Ulmus laevis) a jilmem habrolistým (Ulmus minor), jasanem ztepilým (Fraxinus excelsior) nebo jasanem úzkolistým (Fraxinus angustifolia) podél velkých řek (Ulmenion minoris);91F0;2010-08-19;2025-05-01;132;2,3372;NA;140;8;3;2026-02-20;AOPK ČR - RP Jižní Morava, Krajský úřad Jihomoravského kraje;RP Jižní Morava;NA;NA
Stanoviště;CZ0624119;Soutok - Podluží;Smíšené lužní lesy s dubem letním (Quercus robur), jilmem vazem (Ulmus laevis) a jilmem habrolistým (Ulmus minor), jasanem ztepilým (Fraxinus excelsior) nebo jasanem úzkolistým (Fraxinus angustifolia) podél velkých řek (Ulmenion minoris);91F0;NA;NA;133;NA;NA;% rozlohy v celistvém uspořádání splňující hodnotu minimiareálu;8;NA;2026-02-20;AOPK ČR - RP Jižní Morava, Krajský úřad Jihomoravského kraje;RP Jižní Morava;NA;NA
Stanoviště;CZ0624119;Soutok - Podluží;Smíšené lužní lesy s dubem letním (Quercus robur), jilmem vazem (Ulmus laevis) a jilmem habrolistým (Ulmus minor), jasanem ztepilým (Fraxinus excelsior) nebo jasanem úzkolistým (Fraxinus angustifolia) podél velkých řek (Ulmenion minoris);91F0;NA;NA;135;NA;NA;% hranice s nepřírodními biotopy;8;NA;2026-02-20;AOPK ČR - RP Jižní Morava, Krajský úřad Jihomoravského kraje;RP Jižní Morava;NA;NA
Stanoviště;CZ0624119;Soutok - Podluží;Smíšené lužní lesy s dubem letním (Quercus robur), jilmem vazem (Ulmus laevis) a jilmem habrolistým (Ulmus minor), jasanem ztepilým (Fraxinus excelsior) nebo jasanem úzkolistým (Fraxinus angustifolia) podél velkých řek (Ulmenion minoris);91F0;NA;NA;134;NA;NA;zastoupení nepřírodních biotopů v segmentech stanoviště;8;NA;2026-02-20;AOPK ČR - RP Jižní Morava, Krajský úřad Jihomoravského kraje;RP Jižní Morava;NA;NA
Stanoviště;CZ0624119;Soutok - Podluží;Smíšené lužní lesy s dubem letním (Quercus robur), jilmem vazem (Ulmus laevis) a jilmem habrolistým (Ulmus minor), jasanem ztepilým (Fraxinus excelsior) nebo jasanem úzkolistým (Fraxinus angustifolia) podél velkých řek (Ulmenion minoris);91F0;NA;NA;136;NA;NA;druhy červeného seznamu;8;NA;2026-02-20;AOPK ČR - RP Jižní Morava, Krajský úřad Jihomoravského kraje;RP Jižní Morava;NA;NA
Stanoviště;CZ0624119;Soutok - Podluží;Smíšené lužní lesy s dubem letním (Quercus robur), jilmem vazem (Ulmus laevis) a jilmem habrolistým (Ulmus minor), jasanem ztepilým (Fraxinus excelsior) nebo jasanem úzkolistým (Fraxinus angustifolia) podél velkých řek (Ulmenion minoris);91F0;NA;NA;137;NA;NA;% rozlohy zasažené invazními druhy;8;NA;2026-02-20;AOPK ČR - RP Jižní Morava, Krajský úřad Jihomoravského kraje;RP Jižní Morava;MINIMI;NA
Stanoviště;CZ0624119;Soutok - Podluží;Smíšené lužní lesy s dubem letním (Quercus robur), jilmem vazem (Ulmus laevis) a jilmem habrolistým (Ulmus minor), jasanem ztepilým (Fraxinus excelsior) nebo jasanem úzkolistým (Fraxinus angustifolia) podél velkých řek (Ulmenion minoris);91F0;NA;NA;138;NA;NA;% rozlohy zasažené expanzivními druhy;8;NA;2026-02-20;AOPK ČR - RP Jižní Morava, Krajský úřad Jihomoravského kraje;RP Jižní Morava;MINIMI;NA
Stanoviště;CZ0624119;Soutok - Podluží;Smíšené lužní lesy s dubem letním (Quercus robur), jilmem vazem (Ulmus laevis) a jilmem habrolistým (Ulmus minor), jasanem ztepilým (Fraxinus excelsior) nebo jasanem úzkolistým (Fraxinus angustifolia) podél velkých řek (Ulmenion minoris);91F0;2010-08-19;2025-05-01;162;0,3827;NA;140;8;NA;2026-02-20;AOPK ČR - RP Jižní Morava, Krajský úřad Jihomoravského kraje;RP Jižní Morava;NA;NA
Stanoviště;CZ0624119;Soutok - Podluží;Smíšené lužní lesy s dubem letním (Quercus robur), jilmem vazem (Ulmus laevis) a jilmem habrolistým (Ulmus minor), jasanem ztepilým (Fraxinus excelsior) nebo jasanem úzkolistým (Fraxinus angustifolia) podél velkých řek (Ulmenion minoris);91F0;2010-08-19;2025-05-01;10;NA;NA;NA;12;NA;2026-02-20;AOPK ČR - RP Jižní Morava, Krajský úřad Jihomoravského kraje;RP Jižní Morava;NA;NA
Stanoviště;CZ0710161;Království;Smíšené lužní lesy s dubem letním (Quercus robur), jilmem vazem (Ulmus laevis) a jilmem habrolistým (Ulmus minor), jasanem ztepilým (Fraxinus excelsior) nebo jasanem úzkolistým (Fraxinus angustifolia) podél velkých řek (Ulmenion minoris);91F0;2021-04-26;2021-05-20;128;291,5987;261.91;hektary;11;2;2026-02-20;Krajský úřad Olomouckého kraje;RP Olomoucko;SDF;NA
Stanoviště;CZ0710161;Království;Smíšené lužní lesy s dubem letním (Quercus robur), jilmem vazem (Ulmus laevis) a jilmem habrolistým (Ulmus minor), jasanem ztepilým (Fraxinus excelsior) nebo jasanem úzkolistým (Fraxinus angustifolia) podél velkých řek (Ulmenion minoris);91F0;2021-04-26;2021-05-20;129;2,1572;2;140;13;3;2026-02-20;Krajský úřad Olomouckého kraje;RP Olomoucko;MINIMI;NA
Stanoviště;CZ0710161;Království;Smíšené lužní lesy s dubem letním (Quercus robur), jilmem vazem (Ulmus laevis) a jilmem habrolistým (Ulmus minor), jasanem ztepilým (Fraxinus excelsior) nebo jasanem úzkolistým (Fraxinus angustifolia) podél velkých řek (Ulmenion minoris);91F0;2021-04-26;2021-05-20;132;1,5387;NA;140;8;3;2026-02-20;Krajský úřad Olomouckého kraje;RP Olomoucko;NA;NA
Stanoviště;CZ0710161;Království;Smíšené lužní lesy s dubem letním (Quercus robur), jilmem vazem (Ulmus laevis) a jilmem habrolistým (Ulmus minor), jasanem ztepilým (Fraxinus excelsior) nebo jasanem úzkolistým (Fraxinus angustifolia) podél velkých řek (Ulmenion minoris);91F0;NA;NA;133;NA;NA;% rozlohy v celistvém uspořádání splňující hodnotu minimiareálu;8;NA;2026-02-20;Krajský úřad Olomouckého kraje;RP Olomoucko;NA;NA
Stanoviště;CZ0710161;Království;Smíšené lužní lesy s dubem letním (Quercus robur), jilmem vazem (Ulmus laevis) a jilmem habrolistým (Ulmus minor), jasanem ztepilým (Fraxinus excelsior) nebo jasanem úzkolistým (Fraxinus angustifolia) podél velkých řek (Ulmenion minoris);91F0;NA;NA;135;NA;NA;% hranice s nepřírodními biotopy;8;NA;2026-02-20;Krajský úřad Olomouckého kraje;RP Olomoucko;NA;NA
Stanoviště;CZ0710161;Království;Smíšené lužní lesy s dubem letním (Quercus robur), jilmem vazem (Ulmus laevis) a jilmem habrolistým (Ulmus minor), jasanem ztepilým (Fraxinus excelsior) nebo jasanem úzkolistým (Fraxinus angustifolia) podél velkých řek (Ulmenion minoris);91F0;NA;NA;134;NA;NA;zastoupení nepřírodních biotopů v segmentech stanoviště;8;NA;2026-02-20;Krajský úřad Olomouckého kraje;RP Olomoucko;NA;NA
Stanoviště;CZ0710161;Království;Smíšené lužní lesy s dubem letním (Quercus robur), jilmem vazem (Ulmus laevis) a jilmem habrolistým (Ulmus minor), jasanem ztepilým (Fraxinus excelsior) nebo jasanem úzkolistým (Fraxinus angustifolia) podél velkých řek (Ulmenion minoris);91F0;NA;NA;136;NA;NA;druhy červeného seznamu;8;NA;2026-02-20;Krajský úřad Olomouckého kraje;RP Olomoucko;NA;NA
Stanoviště;CZ0710161;Království;Smíšené lužní lesy s dubem letním (Quercus robur), jilmem vazem (Ulmus laevis) a jilmem habrolistým (Ulmus minor), jasanem ztepilým (Fraxinus excelsior) nebo jasanem úzkolistým (Fraxinus angustifolia) podél velkých řek (Ulmenion minoris);91F0;NA;NA;137;NA;NA;% rozlohy zasažené invazními druhy;8;NA;2026-02-20;Krajský úřad Olomouckého kraje;RP Olomoucko;MINIMI;NA
Stanoviště;CZ0710161;Království;Smíšené lužní lesy s dubem letním (Quercus robur), jilmem vazem (Ulmus laevis) a jilmem habrolistým (Ulmus minor), jasanem ztepilým (Fraxinus excelsior) nebo jasanem úzkolistým (Fraxinus angustifolia) podél velkých řek (Ulmenion minoris);91F0;NA;NA;138;NA;NA;% rozlohy zasažené expanzivními druhy;8;NA;2026-02-20;Krajský úřad Olomouckého kraje;RP Olomoucko;MINIMI;NA
Stanoviště;CZ0710161;Království;Smíšené lužní lesy s dubem letním (Quercus robur), jilmem vazem (Ulmus laevis) a jilmem habrolistým (Ulmus minor), jasanem ztepilým (Fraxinus excelsior) nebo jasanem úzkolistým (Fraxinus angustifolia) podél velkých řek (Ulmenion minoris);91F0;2021-04-26;2021-05-20;162;1,1839;NA;140;8;NA;2026-02-20;Krajský úřad Olomouckého kraje;RP Olomoucko;NA;NA
Stanoviště;CZ0710161;Království;Smíšené lužní lesy s dubem letním (Quercus robur), jilmem vazem (Ulmus laevis) a jilmem habrolistým (Ulmus minor), jasanem ztepilým (Fraxinus excelsior) nebo jasanem úzkolistým (Fraxinus angustifolia) podél velkých řek (Ulmenion minoris);91F0;2021-04-26;2021-05-20;10;NA;NA;NA;12;NA;2026-02-20;Krajský úřad Olomouckého kraje;RP Olomoucko;NA;NA
Stanoviště;CZ0714073;Litovelské Pomoraví;Smíšené lužní lesy s dubem letním (Quercus robur), jilmem vazem (Ulmus laevis) a jilmem habrolistým (Ulmus minor), jasanem ztepilým (Fraxinus excelsior) nebo jasanem úzkolistým (Fraxinus angustifolia) podél velkých řek (Ulmenion minoris);91F0;2002-05-25;2022-09-30;128;2323,6348;2319.15;hektary;11;3;2026-02-20;AOPK ČR - RP Olomoucko, Krajský úřad Olomouckého kraje;RP Olomoucko;VMB2;NA
Stanoviště;CZ0714073;Litovelské Pomoraví;Smíšené lužní lesy s dubem letním (Quercus robur), jilmem vazem (Ulmus laevis) a jilmem habrolistým (Ulmus minor), jasanem ztepilým (Fraxinus excelsior) nebo jasanem úzkolistým (Fraxinus angustifolia) podél velkých řek (Ulmenion minoris);91F0;2002-05-25;2022-09-30;129;2,2265;2;140;13;3;2026-02-20;AOPK ČR - RP Olomoucko, Krajský úřad Olomouckého kraje;RP Olomoucko;MINIMI;NA
Stanoviště;CZ0714073;Litovelské Pomoraví;Smíšené lužní lesy s dubem letním (Quercus robur), jilmem vazem (Ulmus laevis) a jilmem habrolistým (Ulmus minor), jasanem ztepilým (Fraxinus excelsior) nebo jasanem úzkolistým (Fraxinus angustifolia) podél velkých řek (Ulmenion minoris);91F0;2002-05-25;2022-09-30;132;1,6972;NA;140;8;3;2026-02-20;AOPK ČR - RP Olomoucko, Krajský úřad Olomouckého kraje;RP Olomoucko;NA;NA
Stanoviště;CZ0714073;Litovelské Pomoraví;Smíšené lužní lesy s dubem letním (Quercus robur), jilmem vazem (Ulmus laevis) a jilmem habrolistým (Ulmus minor), jasanem ztepilým (Fraxinus excelsior) nebo jasanem úzkolistým (Fraxinus angustifolia) podél velkých řek (Ulmenion minoris);91F0;NA;NA;133;NA;NA;% rozlohy v celistvém uspořádání splňující hodnotu minimiareálu;8;NA;2026-02-20;AOPK ČR - RP Olomoucko, Krajský úřad Olomouckého kraje;RP Olomoucko;NA;NA
Stanoviště;CZ0714073;Litovelské Pomoraví;Smíšené lužní lesy s dubem letním (Quercus robur), jilmem vazem (Ulmus laevis) a jilmem habrolistým (Ulmus minor), jasanem ztepilým (Fraxinus excelsior) nebo jasanem úzkolistým (Fraxinus angustifolia) podél velkých řek (Ulmenion minoris);91F0;NA;NA;135;NA;NA;% hranice s nepřírodními biotopy;8;NA;2026-02-20;AOPK ČR - RP Olomoucko, Krajský úřad Olomouckého kraje;RP Olomoucko;NA;NA
Stanoviště;CZ0714073;Litovelské Pomoraví;Smíšené lužní lesy s dubem letním (Quercus robur), jilmem vazem (Ulmus laevis) a jilmem habrolistým (Ulmus minor), jasanem ztepilým (Fraxinus excelsior) nebo jasanem úzkolistým (Fraxinus angustifolia) podél velkých řek (Ulmenion minoris);91F0;NA;NA;134;NA;NA;zastoupení nepřírodních biotopů v segmentech stanoviště;8;NA;2026-02-20;AOPK ČR - RP Olomoucko, Krajský úřad Olomouckého kraje;RP Olomoucko;NA;NA
Stanoviště;CZ0714073;Litovelské Pomoraví;Smíšené lužní lesy s dubem letním (Quercus robur), jilmem vazem (Ulmus laevis) a jilmem habrolistým (Ulmus minor), jasanem ztepilým (Fraxinus excelsior) nebo jasanem úzkolistým (Fraxinus angustifolia) podél velkých řek (Ulmenion minoris);91F0;NA;NA;136;NA;NA;druhy červeného seznamu;8;NA;2026-02-20;AOPK ČR - RP Olomoucko, Krajský úřad Olomouckého kraje;RP Olomoucko;NA;NA
Stanoviště;CZ0714073;Litovelské Pomoraví;Smíšené lužní lesy s dubem letním (Quercus robur), jilmem vazem (Ulmus laevis) a jilmem habrolistým (Ulmus minor), jasanem ztepilým (Fraxinus excelsior) nebo jasanem úzkolistým (Fraxinus angustifolia) podél velkých řek (Ulmenion minoris);91F0;NA;NA;137;NA;NA;% rozlohy zasažené invazními druhy;8;NA;2026-02-20;AOPK ČR - RP Olomoucko, Krajský úřad Olomouckého kraje;RP Olomoucko;MINIMI;NA
Stanoviště;CZ0714073;Litovelské Pomoraví;Smíšené lužní lesy s dubem letním (Quercus robur), jilmem vazem (Ulmus laevis) a jilmem habrolistým (Ulmus minor), jasanem ztepilým (Fraxinus excelsior) nebo jasanem úzkolistým (Fraxinus angustifolia) podél velkých řek (Ulmenion minoris);91F0;NA;NA;138;NA;NA;% rozlohy zasažené expanzivními druhy;8;NA;2026-02-20;AOPK ČR - RP Olomoucko, Krajský úřad Olomouckého kraje;RP Olomoucko;MINIMI;NA
Stanoviště;CZ0714073;Litovelské Pomoraví;Smíšené lužní lesy s dubem letním (Quercus robur), jilmem vazem (Ulmus laevis) a jilmem habrolistým (Ulmus minor), jasanem ztepilým (Fraxinus excelsior) nebo jasanem úzkolistým (Fraxinus angustifolia) podél velkých řek (Ulmenion minoris);91F0;2002-05-25;2022-09-30;162;0,3987;NA;140;8;3;2026-02-20;AOPK ČR - RP Olomoucko, Krajský úřad Olomouckého kraje;RP Olomoucko;NA;NA
Stanoviště;CZ0714073;Litovelské Pomoraví;Smíšené lužní lesy s dubem letním (Quercus robur), jilmem vazem (Ulmus laevis) a jilmem habrolistým (Ulmus minor), jasanem ztepilým (Fraxinus excelsior) nebo jasanem úzkolistým (Fraxinus angustifolia) podél velkých řek (Ulmenion minoris);91F0;2002-05-25;2022-09-30;10;NA;NA;NA;12;NA;2026-02-20;AOPK ČR - RP Olomoucko, Krajský úřad Olomouckého kraje;RP Olomoucko;NA;NA
Stanoviště;CZ0714082;Bečva - Žebračka;Smíšené lužní lesy s dubem letním (Quercus robur), jilmem vazem (Ulmus laevis) a jilmem habrolistým (Ulmus minor), jasanem ztepilým (Fraxinus excelsior) nebo jasanem úzkolistým (Fraxinus angustifolia) podél velkých řek (Ulmenion minoris);91F0;2010-09-09;2023-05-27;128;184,0564;180.99;hektary;11;3;2026-02-20;AOPK ČR - RP Olomoucko, Krajský úřad Olomouckého kraje;RP Olomoucko;VMB2;NA
Stanoviště;CZ0714082;Bečva - Žebračka;Smíšené lužní lesy s dubem letním (Quercus robur), jilmem vazem (Ulmus laevis) a jilmem habrolistým (Ulmus minor), jasanem ztepilým (Fraxinus excelsior) nebo jasanem úzkolistým (Fraxinus angustifolia) podél velkých řek (Ulmenion minoris);91F0;2010-09-09;2023-05-27;129;1,3886;2;140;11;2;2026-02-20;AOPK ČR - RP Olomoucko, Krajský úřad Olomouckého kraje;RP Olomoucko;MINIMI;NA
Stanoviště;CZ0714082;Bečva - Žebračka;Smíšené lužní lesy s dubem letním (Quercus robur), jilmem vazem (Ulmus laevis) a jilmem habrolistým (Ulmus minor), jasanem ztepilým (Fraxinus excelsior) nebo jasanem úzkolistým (Fraxinus angustifolia) podél velkých řek (Ulmenion minoris);91F0;2010-09-09;2023-05-27;132;1,1684;NA;140;8;NA;2026-02-20;AOPK ČR - RP Olomoucko, Krajský úřad Olomouckého kraje;RP Olomoucko;NA;NA
Stanoviště;CZ0714082;Bečva - Žebračka;Smíšené lužní lesy s dubem letním (Quercus robur), jilmem vazem (Ulmus laevis) a jilmem habrolistým (Ulmus minor), jasanem ztepilým (Fraxinus excelsior) nebo jasanem úzkolistým (Fraxinus angustifolia) podél velkých řek (Ulmenion minoris);91F0;NA;NA;133;NA;NA;% rozlohy v celistvém uspořádání splňující hodnotu minimiareálu;8;NA;2026-02-20;AOPK ČR - RP Olomoucko, Krajský úřad Olomouckého kraje;RP Olomoucko;NA;NA
Stanoviště;CZ0714082;Bečva - Žebračka;Smíšené lužní lesy s dubem letním (Quercus robur), jilmem vazem (Ulmus laevis) a jilmem habrolistým (Ulmus minor), jasanem ztepilým (Fraxinus excelsior) nebo jasanem úzkolistým (Fraxinus angustifolia) podél velkých řek (Ulmenion minoris);91F0;NA;NA;135;NA;NA;% hranice s nepřírodními biotopy;8;NA;2026-02-20;AOPK ČR - RP Olomoucko, Krajský úřad Olomouckého kraje;RP Olomoucko;NA;NA
Stanoviště;CZ0714082;Bečva - Žebračka;Smíšené lužní lesy s dubem letním (Quercus robur), jilmem vazem (Ulmus laevis) a jilmem habrolistým (Ulmus minor), jasanem ztepilým (Fraxinus excelsior) nebo jasanem úzkolistým (Fraxinus angustifolia) podél velkých řek (Ulmenion minoris);91F0;NA;NA;134;NA;NA;zastoupení nepřírodních biotopů v segmentech stanoviště;8;NA;2026-02-20;AOPK ČR - RP Olomoucko, Krajský úřad Olomouckého kraje;RP Olomoucko;NA;NA
Stanoviště;CZ0714082;Bečva - Žebračka;Smíšené lužní lesy s dubem letním (Quercus robur), jilmem vazem (Ulmus laevis) a jilmem habrolistým (Ulmus minor), jasanem ztepilým (Fraxinus excelsior) nebo jasanem úzkolistým (Fraxinus angustifolia) podél velkých řek (Ulmenion minoris);91F0;NA;NA;136;NA;NA;druhy červeného seznamu;8;NA;2026-02-20;AOPK ČR - RP Olomoucko, Krajský úřad Olomouckého kraje;RP Olomoucko;NA;NA
Stanoviště;CZ0714082;Bečva - Žebračka;Smíšené lužní lesy s dubem letním (Quercus robur), jilmem vazem (Ulmus laevis) a jilmem habrolistým (Ulmus minor), jasanem ztepilým (Fraxinus excelsior) nebo jasanem úzkolistým (Fraxinus angustifolia) podél velkých řek (Ulmenion minoris);91F0;NA;NA;137;NA;NA;% rozlohy zasažené invazními druhy;8;NA;2026-02-20;AOPK ČR - RP Olomoucko, Krajský úřad Olomouckého kraje;RP Olomoucko;MINIMI;NA
Stanoviště;CZ0714082;Bečva - Žebračka;Smíšené lužní lesy s dubem letním (Quercus robur), jilmem vazem (Ulmus laevis) a jilmem habrolistým (Ulmus minor), jasanem ztepilým (Fraxinus excelsior) nebo jasanem úzkolistým (Fraxinus angustifolia) podél velkých řek (Ulmenion minoris);91F0;NA;NA;138;NA;NA;% rozlohy zasažené expanzivními druhy;8;NA;2026-02-20;AOPK ČR - RP Olomoucko, Krajský úřad Olomouckého kraje;RP Olomoucko;MINIMI;NA
Stanoviště;CZ0714082;Bečva - Žebračka;Smíšené lužní lesy s dubem letním (Quercus robur), jilmem vazem (Ulmus laevis) a jilmem habrolistým (Ulmus minor), jasanem ztepilým (Fraxinus excelsior) nebo jasanem úzkolistým (Fraxinus angustifolia) podél velkých řek (Ulmenion minoris);91F0;2010-09-09;2023-05-27;162;1,8498;NA;140;8;NA;2026-02-20;AOPK ČR - RP Olomoucko, Krajský úřad Olomouckého kraje;RP Olomoucko;NA;NA
Stanoviště;CZ0714082;Bečva - Žebračka;Smíšené lužní lesy s dubem letním (Quercus robur), jilmem vazem (Ulmus laevis) a jilmem habrolistým (Ulmus minor), jasanem ztepilým (Fraxinus excelsior) nebo jasanem úzkolistým (Fraxinus angustifolia) podél velkých řek (Ulmenion minoris);91F0;2010-09-09;2023-05-27;10;NA;NA;NA;11;NA;2026-02-20;AOPK ČR - RP Olomoucko, Krajský úřad Olomouckého kraje;RP Olomoucko;NA;NA
Stanoviště;CZ0714085;Morava - Chropyňský luh;Smíšené lužní lesy s dubem letním (Quercus robur), jilmem vazem (Ulmus laevis) a jilmem habrolistým (Ulmus minor), jasanem ztepilým (Fraxinus excelsior) nebo jasanem úzkolistým (Fraxinus angustifolia) podél velkých řek (Ulmenion minoris);91F0;2010-05-14;2023-06-05;128;1993,273;1947.4;hektary;11;3;2026-02-20;AOPK ČR - RP Olomoucko, AOPK ČR - RP SCHKO Bílé Karpaty, Krajský úřad Olomouckého kraje, Krajský úřad Zlínského kraje;RP Olomoucko;VMB2;NA
Stanoviště;CZ0714085;Morava - Chropyňský luh;Smíšené lužní lesy s dubem letním (Quercus robur), jilmem vazem (Ulmus laevis) a jilmem habrolistým (Ulmus minor), jasanem ztepilým (Fraxinus excelsior) nebo jasanem úzkolistým (Fraxinus angustifolia) podél velkých řek (Ulmenion minoris);91F0;2010-05-14;2023-06-05;129;2,9983;2;140;13;4;2026-02-20;AOPK ČR - RP Olomoucko, AOPK ČR - RP SCHKO Bílé Karpaty, Krajský úřad Olomouckého kraje, Krajský úřad Zlínského kraje;RP Olomoucko;MINIMI;NA
Stanoviště;CZ0714085;Morava - Chropyňský luh;Smíšené lužní lesy s dubem letním (Quercus robur), jilmem vazem (Ulmus laevis) a jilmem habrolistým (Ulmus minor), jasanem ztepilým (Fraxinus excelsior) nebo jasanem úzkolistým (Fraxinus angustifolia) podél velkých řek (Ulmenion minoris);91F0;2010-05-14;2023-06-05;132;2,1866;NA;140;8;NA;2026-02-20;AOPK ČR - RP Olomoucko, AOPK ČR - RP SCHKO Bílé Karpaty, Krajský úřad Olomouckého kraje, Krajský úřad Zlínského kraje;RP Olomoucko;NA;NA
Stanoviště;CZ0714085;Morava - Chropyňský luh;Smíšené lužní lesy s dubem letním (Quercus robur), jilmem vazem (Ulmus laevis) a jilmem habrolistým (Ulmus minor), jasanem ztepilým (Fraxinus excelsior) nebo jasanem úzkolistým (Fraxinus angustifolia) podél velkých řek (Ulmenion minoris);91F0;NA;NA;133;NA;NA;% rozlohy v celistvém uspořádání splňující hodnotu minimiareálu;8;NA;2026-02-20;AOPK ČR - RP Olomoucko, AOPK ČR - RP SCHKO Bílé Karpaty, Krajský úřad Olomouckého kraje, Krajský úřad Zlínského kraje;RP Olomoucko;NA;NA
Stanoviště;CZ0714085;Morava - Chropyňský luh;Smíšené lužní lesy s dubem letním (Quercus robur), jilmem vazem (Ulmus laevis) a jilmem habrolistým (Ulmus minor), jasanem ztepilým (Fraxinus excelsior) nebo jasanem úzkolistým (Fraxinus angustifolia) podél velkých řek (Ulmenion minoris);91F0;NA;NA;135;NA;NA;% hranice s nepřírodními biotopy;8;NA;2026-02-20;AOPK ČR - RP Olomoucko, AOPK ČR - RP SCHKO Bílé Karpaty, Krajský úřad Olomouckého kraje, Krajský úřad Zlínského kraje;RP Olomoucko;NA;NA
Stanoviště;CZ0714085;Morava - Chropyňský luh;Smíšené lužní lesy s dubem letním (Quercus robur), jilmem vazem (Ulmus laevis) a jilmem habrolistým (Ulmus minor), jasanem ztepilým (Fraxinus excelsior) nebo jasanem úzkolistým (Fraxinus angustifolia) podél velkých řek (Ulmenion minoris);91F0;NA;NA;134;NA;NA;zastoupení nepřírodních biotopů v segmentech stanoviště;8;NA;2026-02-20;AOPK ČR - RP Olomoucko, AOPK ČR - RP SCHKO Bílé Karpaty, Krajský úřad Olomouckého kraje, Krajský úřad Zlínského kraje;RP Olomoucko;NA;NA
Stanoviště;CZ0714085;Morava - Chropyňský luh;Smíšené lužní lesy s dubem letním (Quercus robur), jilmem vazem (Ulmus laevis) a jilmem habrolistým (Ulmus minor), jasanem ztepilým (Fraxinus excelsior) nebo jasanem úzkolistým (Fraxinus angustifolia) podél velkých řek (Ulmenion minoris);91F0;NA;NA;136;NA;NA;druhy červeného seznamu;8;NA;2026-02-20;AOPK ČR - RP Olomoucko, AOPK ČR - RP SCHKO Bílé Karpaty, Krajský úřad Olomouckého kraje, Krajský úřad Zlínského kraje;RP Olomoucko;NA;NA
Stanoviště;CZ0714085;Morava - Chropyňský luh;Smíšené lužní lesy s dubem letním (Quercus robur), jilmem vazem (Ulmus laevis) a jilmem habrolistým (Ulmus minor), jasanem ztepilým (Fraxinus excelsior) nebo jasanem úzkolistým (Fraxinus angustifolia) podél velkých řek (Ulmenion minoris);91F0;NA;NA;137;NA;NA;% rozlohy zasažené invazními druhy;8;NA;2026-02-20;AOPK ČR - RP Olomoucko, AOPK ČR - RP SCHKO Bílé Karpaty, Krajský úřad Olomouckého kraje, Krajský úřad Zlínského kraje;RP Olomoucko;MINIMI;NA
Stanoviště;CZ0714085;Morava - Chropyňský luh;Smíšené lužní lesy s dubem letním (Quercus robur), jilmem vazem (Ulmus laevis) a jilmem habrolistým (Ulmus minor), jasanem ztepilým (Fraxinus excelsior) nebo jasanem úzkolistým (Fraxinus angustifolia) podél velkých řek (Ulmenion minoris);91F0;NA;NA;138;NA;NA;% rozlohy zasažené expanzivními druhy;8;NA;2026-02-20;AOPK ČR - RP Olomoucko, AOPK ČR - RP SCHKO Bílé Karpaty, Krajský úřad Olomouckého kraje, Krajský úřad Zlínského kraje;RP Olomoucko;MINIMI;NA
Stanoviště;CZ0714085;Morava - Chropyňský luh;Smíšené lužní lesy s dubem letním (Quercus robur), jilmem vazem (Ulmus laevis) a jilmem habrolistým (Ulmus minor), jasanem ztepilým (Fraxinus excelsior) nebo jasanem úzkolistým (Fraxinus angustifolia) podél velkých řek (Ulmenion minoris);91F0;2010-05-14;2023-06-05;162;0,5849;NA;140;8;NA;2026-02-20;AOPK ČR - RP Olomoucko, AOPK ČR - RP SCHKO Bílé Karpaty, Krajský úřad Olomouckého kraje, Krajský úřad Zlínského kraje;RP Olomoucko;NA;NA
Stanoviště;CZ0714085;Morava - Chropyňský luh;Smíšené lužní lesy s dubem letním (Quercus robur), jilmem vazem (Ulmus laevis) a jilmem habrolistým (Ulmus minor), jasanem ztepilým (Fraxinus excelsior) nebo jasanem úzkolistým (Fraxinus angustifolia) podél velkých řek (Ulmenion minoris);91F0;2010-05-14;2023-06-05;10;NA;NA;NA;12;NA;2026-02-20;AOPK ČR - RP Olomoucko, AOPK ČR - RP SCHKO Bílé Karpaty, Krajský úřad Olomouckého kraje, Krajský úřad Zlínského kraje;RP Olomoucko;NA;NA
Stanoviště;CZ0724107;Nedakonický les;Smíšené lužní lesy s dubem letním (Quercus robur), jilmem vazem (Ulmus laevis) a jilmem habrolistým (Ulmus minor), jasanem ztepilým (Fraxinus excelsior) nebo jasanem úzkolistým (Fraxinus angustifolia) podél velkých řek (Ulmenion minoris);91F0;2009-07-28;2009-08-17;128;991,5578;991.56;hektary;13;3;2026-02-20;Krajský úřad Zlínského kraje;RP SCHKO Bílé Karpaty;VMB2;NA
Stanoviště;CZ0724107;Nedakonický les;Smíšené lužní lesy s dubem letním (Quercus robur), jilmem vazem (Ulmus laevis) a jilmem habrolistým (Ulmus minor), jasanem ztepilým (Fraxinus excelsior) nebo jasanem úzkolistým (Fraxinus angustifolia) podél velkých řek (Ulmenion minoris);91F0;2009-07-28;2009-08-17;129;2,4978;2;140;13;3;2026-02-20;Krajský úřad Zlínského kraje;RP SCHKO Bílé Karpaty;MINIMI;NA
Stanoviště;CZ0724107;Nedakonický les;Smíšené lužní lesy s dubem letním (Quercus robur), jilmem vazem (Ulmus laevis) a jilmem habrolistým (Ulmus minor), jasanem ztepilým (Fraxinus excelsior) nebo jasanem úzkolistým (Fraxinus angustifolia) podél velkých řek (Ulmenion minoris);91F0;2009-07-28;2009-08-17;132;2,0996;NA;140;8;3;2026-02-20;Krajský úřad Zlínského kraje;RP SCHKO Bílé Karpaty;NA;NA
Stanoviště;CZ0724107;Nedakonický les;Smíšené lužní lesy s dubem letním (Quercus robur), jilmem vazem (Ulmus laevis) a jilmem habrolistým (Ulmus minor), jasanem ztepilým (Fraxinus excelsior) nebo jasanem úzkolistým (Fraxinus angustifolia) podél velkých řek (Ulmenion minoris);91F0;NA;NA;133;NA;NA;% rozlohy v celistvém uspořádání splňující hodnotu minimiareálu;8;NA;2026-02-20;Krajský úřad Zlínského kraje;RP SCHKO Bílé Karpaty;NA;NA
Stanoviště;CZ0724107;Nedakonický les;Smíšené lužní lesy s dubem letním (Quercus robur), jilmem vazem (Ulmus laevis) a jilmem habrolistým (Ulmus minor), jasanem ztepilým (Fraxinus excelsior) nebo jasanem úzkolistým (Fraxinus angustifolia) podél velkých řek (Ulmenion minoris);91F0;NA;NA;135;NA;NA;% hranice s nepřírodními biotopy;8;NA;2026-02-20;Krajský úřad Zlínského kraje;RP SCHKO Bílé Karpaty;NA;NA
Stanoviště;CZ0724107;Nedakonický les;Smíšené lužní lesy s dubem letním (Quercus robur), jilmem vazem (Ulmus laevis) a jilmem habrolistým (Ulmus minor), jasanem ztepilým (Fraxinus excelsior) nebo jasanem úzkolistým (Fraxinus angustifolia) podél velkých řek (Ulmenion minoris);91F0;NA;NA;134;NA;NA;zastoupení nepřírodních biotopů v segmentech stanoviště;8;NA;2026-02-20;Krajský úřad Zlínského kraje;RP SCHKO Bílé Karpaty;NA;NA
Stanoviště;CZ0724107;Nedakonický les;Smíšené lužní lesy s dubem letním (Quercus robur), jilmem vazem (Ulmus laevis) a jilmem habrolistým (Ulmus minor), jasanem ztepilým (Fraxinus excelsior) nebo jasanem úzkolistým (Fraxinus angustifolia) podél velkých řek (Ulmenion minoris);91F0;NA;NA;136;NA;NA;druhy červeného seznamu;8;NA;2026-02-20;Krajský úřad Zlínského kraje;RP SCHKO Bílé Karpaty;NA;NA
Stanoviště;CZ0724107;Nedakonický les;Smíšené lužní lesy s dubem letním (Quercus robur), jilmem vazem (Ulmus laevis) a jilmem habrolistým (Ulmus minor), jasanem ztepilým (Fraxinus excelsior) nebo jasanem úzkolistým (Fraxinus angustifolia) podél velkých řek (Ulmenion minoris);91F0;NA;NA;137;NA;NA;% rozlohy zasažené invazními druhy;8;NA;2026-02-20;Krajský úřad Zlínského kraje;RP SCHKO Bílé Karpaty;MINIMI;NA
Stanoviště;CZ0724107;Nedakonický les;Smíšené lužní lesy s dubem letním (Quercus robur), jilmem vazem (Ulmus laevis) a jilmem habrolistým (Ulmus minor), jasanem ztepilým (Fraxinus excelsior) nebo jasanem úzkolistým (Fraxinus angustifolia) podél velkých řek (Ulmenion minoris);91F0;NA;NA;138;NA;NA;% rozlohy zasažené expanzivními druhy;8;NA;2026-02-20;Krajský úřad Zlínského kraje;RP SCHKO Bílé Karpaty;MINIMI;NA
Stanoviště;CZ0724107;Nedakonický les;Smíšené lužní lesy s dubem letním (Quercus robur), jilmem vazem (Ulmus laevis) a jilmem habrolistým (Ulmus minor), jasanem ztepilým (Fraxinus excelsior) nebo jasanem úzkolistým (Fraxinus angustifolia) podél velkých řek (Ulmenion minoris);91F0;2009-07-28;2009-08-17;162;0,5983;NA;140;8;3;2026-02-20;Krajský úřad Zlínského kraje;RP SCHKO Bílé Karpaty;NA;NA
Stanoviště;CZ0724107;Nedakonický les;Smíšené lužní lesy s dubem letním (Quercus robur), jilmem vazem (Ulmus laevis) a jilmem habrolistým (Ulmus minor), jasanem ztepilým (Fraxinus excelsior) nebo jasanem úzkolistým (Fraxinus angustifolia) podél velkých řek (Ulmenion minoris);91F0;2009-07-28;2009-08-17;10;NA;NA;NA;13;NA;2026-02-20;Krajský úřad Zlínského kraje;RP SCHKO Bílé Karpaty;NA;NA
Stanoviště;CZ0724120;Kněžpolský les;Smíšené lužní lesy s dubem letním (Quercus robur), jilmem vazem (Ulmus laevis) a jilmem habrolistým (Ulmus minor), jasanem ztepilým (Fraxinus excelsior) nebo jasanem úzkolistým (Fraxinus angustifolia) podél velkých řek (Ulmenion minoris);91F0;2019-06-26;2020-04-23;128;294,4232;295.43;hektary;13;3;2026-02-20;Krajský úřad Zlínského kraje;RP SCHKO Bílé Karpaty;VMB2;NA
Stanoviště;CZ0724120;Kněžpolský les;Smíšené lužní lesy s dubem letním (Quercus robur), jilmem vazem (Ulmus laevis) a jilmem habrolistým (Ulmus minor), jasanem ztepilým (Fraxinus excelsior) nebo jasanem úzkolistým (Fraxinus angustifolia) podél velkých řek (Ulmenion minoris);91F0;2019-06-26;2020-04-23;129;2,4943;2;140;13;4;2026-02-20;Krajský úřad Zlínského kraje;RP SCHKO Bílé Karpaty;MINIMI;NA
Stanoviště;CZ0724120;Kněžpolský les;Smíšené lužní lesy s dubem letním (Quercus robur), jilmem vazem (Ulmus laevis) a jilmem habrolistým (Ulmus minor), jasanem ztepilým (Fraxinus excelsior) nebo jasanem úzkolistým (Fraxinus angustifolia) podél velkých řek (Ulmenion minoris);91F0;2019-06-26;2020-04-23;132;2,0144;NA;140;8;3;2026-02-20;Krajský úřad Zlínského kraje;RP SCHKO Bílé Karpaty;NA;NA
Stanoviště;CZ0724120;Kněžpolský les;Smíšené lužní lesy s dubem letním (Quercus robur), jilmem vazem (Ulmus laevis) a jilmem habrolistým (Ulmus minor), jasanem ztepilým (Fraxinus excelsior) nebo jasanem úzkolistým (Fraxinus angustifolia) podél velkých řek (Ulmenion minoris);91F0;NA;NA;133;NA;NA;% rozlohy v celistvém uspořádání splňující hodnotu minimiareálu;8;NA;2026-02-20;Krajský úřad Zlínského kraje;RP SCHKO Bílé Karpaty;NA;NA
Stanoviště;CZ0724120;Kněžpolský les;Smíšené lužní lesy s dubem letním (Quercus robur), jilmem vazem (Ulmus laevis) a jilmem habrolistým (Ulmus minor), jasanem ztepilým (Fraxinus excelsior) nebo jasanem úzkolistým (Fraxinus angustifolia) podél velkých řek (Ulmenion minoris);91F0;NA;NA;135;NA;NA;% hranice s nepřírodními biotopy;8;NA;2026-02-20;Krajský úřad Zlínského kraje;RP SCHKO Bílé Karpaty;NA;NA
Stanoviště;CZ0724120;Kněžpolský les;Smíšené lužní lesy s dubem letním (Quercus robur), jilmem vazem (Ulmus laevis) a jilmem habrolistým (Ulmus minor), jasanem ztepilým (Fraxinus excelsior) nebo jasanem úzkolistým (Fraxinus angustifolia) podél velkých řek (Ulmenion minoris);91F0;NA;NA;134;NA;NA;zastoupení nepřírodních biotopů v segmentech stanoviště;8;NA;2026-02-20;Krajský úřad Zlínského kraje;RP SCHKO Bílé Karpaty;NA;NA
Stanoviště;CZ0724120;Kněžpolský les;Smíšené lužní lesy s dubem letním (Quercus robur), jilmem vazem (Ulmus laevis) a jilmem habrolistým (Ulmus minor), jasanem ztepilým (Fraxinus excelsior) nebo jasanem úzkolistým (Fraxinus angustifolia) podél velkých řek (Ulmenion minoris);91F0;NA;NA;136;NA;NA;druhy červeného seznamu;8;NA;2026-02-20;Krajský úřad Zlínského kraje;RP SCHKO Bílé Karpaty;NA;NA
Stanoviště;CZ0724120;Kněžpolský les;Smíšené lužní lesy s dubem letním (Quercus robur), jilmem vazem (Ulmus laevis) a jilmem habrolistým (Ulmus minor), jasanem ztepilým (Fraxinus excelsior) nebo jasanem úzkolistým (Fraxinus angustifolia) podél velkých řek (Ulmenion minoris);91F0;NA;NA;137;NA;NA;% rozlohy zasažené invazními druhy;8;NA;2026-02-20;Krajský úřad Zlínského kraje;RP SCHKO Bílé Karpaty;MINIMI;NA
Stanoviště;CZ0724120;Kněžpolský les;Smíšené lužní lesy s dubem letním (Quercus robur), jilmem vazem (Ulmus laevis) a jilmem habrolistým (Ulmus minor), jasanem ztepilým (Fraxinus excelsior) nebo jasanem úzkolistým (Fraxinus angustifolia) podél velkých řek (Ulmenion minoris);91F0;NA;NA;138;NA;NA;% rozlohy zasažené expanzivními druhy;8;NA;2026-02-20;Krajský úřad Zlínského kraje;RP SCHKO Bílé Karpaty;MINIMI;NA
Stanoviště;CZ0724120;Kněžpolský les;Smíšené lužní lesy s dubem letním (Quercus robur), jilmem vazem (Ulmus laevis) a jilmem habrolistým (Ulmus minor), jasanem ztepilým (Fraxinus excelsior) nebo jasanem úzkolistým (Fraxinus angustifolia) podél velkých řek (Ulmenion minoris);91F0;2019-06-26;2020-04-23;162;0,5774;NA;140;8;NA;2026-02-20;Krajský úřad Zlínského kraje;RP SCHKO Bílé Karpaty;NA;NA
Stanoviště;CZ0724120;Kněžpolský les;Smíšené lužní lesy s dubem letním (Quercus robur), jilmem vazem (Ulmus laevis) a jilmem habrolistým (Ulmus minor), jasanem ztepilým (Fraxinus excelsior) nebo jasanem úzkolistým (Fraxinus angustifolia) podél velkých řek (Ulmenion minoris);91F0;2019-06-26;2020-04-23;10;NA;NA;NA;13;NA;2026-02-20;Krajský úřad Zlínského kraje;RP SCHKO Bílé Karpaty;NA;NA
Stanoviště;CZ0814092;Poodří;Smíšené lužní lesy s dubem letním (Quercus robur), jilmem vazem (Ulmus laevis) a jilmem habrolistým (Ulmus minor), jasanem ztepilým (Fraxinus excelsior) nebo jasanem úzkolistým (Fraxinus angustifolia) podél velkých řek (Ulmenion minoris);91F0;2006-08-10;2024-06-21;128;497,1871;491.67;hektary;11;3;2026-02-20;AOPK ČR - RP Moravskoslezské, Krajský úřad Moravskoslezského kraje;RP Moravskoslezské;VMB2;NA
Stanoviště;CZ0814092;Poodří;Smíšené lužní lesy s dubem letním (Quercus robur), jilmem vazem (Ulmus laevis) a jilmem habrolistým (Ulmus minor), jasanem ztepilým (Fraxinus excelsior) nebo jasanem úzkolistým (Fraxinus angustifolia) podél velkých řek (Ulmenion minoris);91F0;2006-08-10;2024-06-21;129;1,9154;1.9;140;13;3;2026-02-20;AOPK ČR - RP Moravskoslezské, Krajský úřad Moravskoslezského kraje;RP Moravskoslezské;VMB2;NA
Stanoviště;CZ0814092;Poodří;Smíšené lužní lesy s dubem letním (Quercus robur), jilmem vazem (Ulmus laevis) a jilmem habrolistým (Ulmus minor), jasanem ztepilým (Fraxinus excelsior) nebo jasanem úzkolistým (Fraxinus angustifolia) podél velkých řek (Ulmenion minoris);91F0;2006-08-10;2024-06-21;132;1,748;NA;140;8;3;2026-02-20;AOPK ČR - RP Moravskoslezské, Krajský úřad Moravskoslezského kraje;RP Moravskoslezské;NA;NA
Stanoviště;CZ0814092;Poodří;Smíšené lužní lesy s dubem letním (Quercus robur), jilmem vazem (Ulmus laevis) a jilmem habrolistým (Ulmus minor), jasanem ztepilým (Fraxinus excelsior) nebo jasanem úzkolistým (Fraxinus angustifolia) podél velkých řek (Ulmenion minoris);91F0;NA;NA;133;NA;NA;% rozlohy v celistvém uspořádání splňující hodnotu minimiareálu;8;NA;2026-02-20;AOPK ČR - RP Moravskoslezské, Krajský úřad Moravskoslezského kraje;RP Moravskoslezské;NA;NA
Stanoviště;CZ0814092;Poodří;Smíšené lužní lesy s dubem letním (Quercus robur), jilmem vazem (Ulmus laevis) a jilmem habrolistým (Ulmus minor), jasanem ztepilým (Fraxinus excelsior) nebo jasanem úzkolistým (Fraxinus angustifolia) podél velkých řek (Ulmenion minoris);91F0;NA;NA;135;NA;NA;% hranice s nepřírodními biotopy;8;NA;2026-02-20;AOPK ČR - RP Moravskoslezské, Krajský úřad Moravskoslezského kraje;RP Moravskoslezské;NA;NA
Stanoviště;CZ0814092;Poodří;Smíšené lužní lesy s dubem letním (Quercus robur), jilmem vazem (Ulmus laevis) a jilmem habrolistým (Ulmus minor), jasanem ztepilým (Fraxinus excelsior) nebo jasanem úzkolistým (Fraxinus angustifolia) podél velkých řek (Ulmenion minoris);91F0;NA;NA;134;NA;NA;zastoupení nepřírodních biotopů v segmentech stanoviště;8;NA;2026-02-20;AOPK ČR - RP Moravskoslezské, Krajský úřad Moravskoslezského kraje;RP Moravskoslezské;NA;NA
Stanoviště;CZ0814092;Poodří;Smíšené lužní lesy s dubem letním (Quercus robur), jilmem vazem (Ulmus laevis) a jilmem habrolistým (Ulmus minor), jasanem ztepilým (Fraxinus excelsior) nebo jasanem úzkolistým (Fraxinus angustifolia) podél velkých řek (Ulmenion minoris);91F0;NA;NA;136;NA;NA;druhy červeného seznamu;8;NA;2026-02-20;AOPK ČR - RP Moravskoslezské, Krajský úřad Moravskoslezského kraje;RP Moravskoslezské;NA;NA
Stanoviště;CZ0814092;Poodří;Smíšené lužní lesy s dubem letním (Quercus robur), jilmem vazem (Ulmus laevis) a jilmem habrolistým (Ulmus minor), jasanem ztepilým (Fraxinus excelsior) nebo jasanem úzkolistým (Fraxinus angustifolia) podél velkých řek (Ulmenion minoris);91F0;NA;NA;137;NA;NA;% rozlohy zasažené invazními druhy;8;NA;2026-02-20;AOPK ČR - RP Moravskoslezské, Krajský úřad Moravskoslezského kraje;RP Moravskoslezské;MINIMI;NA
Stanoviště;CZ0814092;Poodří;Smíšené lužní lesy s dubem letním (Quercus robur), jilmem vazem (Ulmus laevis) a jilmem habrolistým (Ulmus minor), jasanem ztepilým (Fraxinus excelsior) nebo jasanem úzkolistým (Fraxinus angustifolia) podél velkých řek (Ulmenion minoris);91F0;NA;NA;138;NA;NA;% rozlohy zasažené expanzivními druhy;8;NA;2026-02-20;AOPK ČR - RP Moravskoslezské, Krajský úřad Moravskoslezského kraje;RP Moravskoslezské;MINIMI;NA
Stanoviště;CZ0814092;Poodří;Smíšené lužní lesy s dubem letním (Quercus robur), jilmem vazem (Ulmus laevis) a jilmem habrolistým (Ulmus minor), jasanem ztepilým (Fraxinus excelsior) nebo jasanem úzkolistým (Fraxinus angustifolia) podél velkých řek (Ulmenion minoris);91F0;2006-08-10;2024-06-21;162;1,0214;NA;140;8;NA;2026-02-20;AOPK ČR - RP Moravskoslezské, Krajský úřad Moravskoslezského kraje;RP Moravskoslezské;NA;NA
Stanoviště;CZ0814092;Poodří;Smíšené lužní lesy s dubem letním (Quercus robur), jilmem vazem (Ulmus laevis) a jilmem habrolistým (Ulmus minor), jasanem ztepilým (Fraxinus excelsior) nebo jasanem úzkolistým (Fraxinus angustifolia) podél velkých řek (Ulmenion minoris);91F0;2006-08-10;2024-06-21;10;NA;NA;NA;12;NA;2026-02-20;AOPK ČR - RP Moravskoslezské, Krajský úřad Moravskoslezského kraje;RP Moravskoslezské;NA;NA
Stanoviště;CZ0620005;Hochberk;Panonské dubohabřiny;91G0;2023-05-22;2023-05-22;128;12,2721;30;hektary;13;2;2026-02-20;Krajský úřad Jihomoravského kraje;RP Jižní Morava;MINIMI;NA
Stanoviště;CZ0620005;Hochberk;Panonské dubohabřiny;91G0;2023-05-22;2023-05-22;129;2,6311;2;140;13;4;2026-02-20;Krajský úřad Jihomoravského kraje;RP Jižní Morava;VMB2;NA
Stanoviště;CZ0620005;Hochberk;Panonské dubohabřiny;91G0;2023-05-22;2023-05-22;132;1,6311;NA;140;8;NA;2026-02-20;Krajský úřad Jihomoravského kraje;RP Jižní Morava;NA;NA
Stanoviště;CZ0620005;Hochberk;Panonské dubohabřiny;91G0;NA;NA;133;NA;NA;% rozlohy v celistvém uspořádání splňující hodnotu minimiareálu;8;NA;2026-02-20;Krajský úřad Jihomoravského kraje;RP Jižní Morava;MINIMI;NA
Stanoviště;CZ0620005;Hochberk;Panonské dubohabřiny;91G0;NA;NA;135;NA;NA;% hranice s nepřírodními biotopy;8;NA;2026-02-20;Krajský úřad Jihomoravského kraje;RP Jižní Morava;NA;NA
Stanoviště;CZ0620005;Hochberk;Panonské dubohabřiny;91G0;NA;NA;134;NA;NA;zastoupení nepřírodních biotopů v segmentech stanoviště;8;NA;2026-02-20;Krajský úřad Jihomoravského kraje;RP Jižní Morava;NA;NA
Stanoviště;CZ0620005;Hochberk;Panonské dubohabřiny;91G0;NA;NA;136;NA;NA;druhy červeného seznamu;8;NA;2026-02-20;Krajský úřad Jihomoravského kraje;RP Jižní Morava;NA;NA
Stanoviště;CZ0620005;Hochberk;Panonské dubohabřiny;91G0;NA;NA;137;NA;NA;% rozlohy zasažené invazními druhy;8;NA;2026-02-20;Krajský úřad Jihomoravského kraje;RP Jižní Morava;MINIMI;NA
Stanoviště;CZ0620005;Hochberk;Panonské dubohabřiny;91G0;NA;NA;138;NA;NA;% rozlohy zasažené expanzivními druhy;8;NA;2026-02-20;Krajský úřad Jihomoravského kraje;RP Jižní Morava;MINIMI;NA
Stanoviště;CZ0620005;Hochberk;Panonské dubohabřiny;91G0;2023-05-22;2023-05-22;162;1,1742;NA;140;8;NA;2026-02-20;Krajský úřad Jihomoravského kraje;RP Jižní Morava;MINIMI;NA
Stanoviště;CZ0620005;Hochberk;Panonské dubohabřiny;91G0;2023-05-22;2023-05-22;10;NA;NA;NA;13;NA;2026-02-20;Krajský úřad Jihomoravského kraje;RP Jižní Morava;NA;NA
Stanoviště;CZ0620055;Vrbický hájek;Panonské dubohabřiny;91G0;2015-07-07;2015-09-16;128;101,6;101.59;hektary;11;3;2026-02-20;Krajský úřad Jihomoravského kraje;RP Jižní Morava;VMB2;NA
Stanoviště;CZ0620055;Vrbický hájek;Panonské dubohabřiny;91G0;2015-07-07;2015-09-16;129;2,0701;2;140;13;3;2026-02-20;Krajský úřad Jihomoravského kraje;RP Jižní Morava;MINIMI;NA
Stanoviště;CZ0620055;Vrbický hájek;Panonské dubohabřiny;91G0;2015-07-07;2015-09-16;132;2,2143;NA;140;8;3;2026-02-20;Krajský úřad Jihomoravského kraje;RP Jižní Morava;NA;NA
Stanoviště;CZ0620055;Vrbický hájek;Panonské dubohabřiny;91G0;NA;NA;133;NA;NA;% rozlohy v celistvém uspořádání splňující hodnotu minimiareálu;8;NA;2026-02-20;Krajský úřad Jihomoravského kraje;RP Jižní Morava;NA;NA
Stanoviště;CZ0620055;Vrbický hájek;Panonské dubohabřiny;91G0;NA;NA;135;NA;NA;% hranice s nepřírodními biotopy;8;NA;2026-02-20;Krajský úřad Jihomoravského kraje;RP Jižní Morava;NA;NA
Stanoviště;CZ0620055;Vrbický hájek;Panonské dubohabřiny;91G0;NA;NA;134;NA;NA;zastoupení nepřírodních biotopů v segmentech stanoviště;8;NA;2026-02-20;Krajský úřad Jihomoravského kraje;RP Jižní Morava;NA;NA
Stanoviště;CZ0620055;Vrbický hájek;Panonské dubohabřiny;91G0;NA;NA;136;NA;NA;druhy červeného seznamu;8;NA;2026-02-20;Krajský úřad Jihomoravského kraje;RP Jižní Morava;NA;NA
Stanoviště;CZ0620055;Vrbický hájek;Panonské dubohabřiny;91G0;NA;NA;137;NA;NA;% rozlohy zasažené invazními druhy;8;NA;2026-02-20;Krajský úřad Jihomoravského kraje;RP Jižní Morava;MINIMI;NA
Stanoviště;CZ0620055;Vrbický hájek;Panonské dubohabřiny;91G0;NA;NA;138;NA;NA;% rozlohy zasažené expanzivními druhy;8;NA;2026-02-20;Krajský úřad Jihomoravského kraje;RP Jižní Morava;MINIMI;NA
Stanoviště;CZ0620055;Vrbický hájek;Panonské dubohabřiny;91G0;2015-07-07;2015-09-16;162;0;NA;140;8;3;2026-02-20;Krajský úřad Jihomoravského kraje;RP Jižní Morava;MINIMI;NA
Stanoviště;CZ0620055;Vrbický hájek;Panonské dubohabřiny;91G0;2015-07-07;2015-09-16;10;NA;NA;NA;12;NA;2026-02-20;Krajský úřad Jihomoravského kraje;RP Jižní Morava;NA;NA
Stanoviště;CZ0620103;Věteřovská vrchovina;Panonské dubohabřiny;91G0;2014-04-28;2014-05-28;128;253,7076;253.7;hektary;11;3;2026-02-20;Krajský úřad Jihomoravského kraje;RP Jižní Morava;VMB2;NA
Stanoviště;CZ0620103;Věteřovská vrchovina;Panonské dubohabřiny;91G0;2014-04-28;2014-05-28;129;2,5457;2;140;13;3;2026-02-20;Krajský úřad Jihomoravského kraje;RP Jižní Morava;MINIMI;NA
Stanoviště;CZ0620103;Věteřovská vrchovina;Panonské dubohabřiny;91G0;2014-04-28;2014-05-28;132;2,2988;NA;140;8;3;2026-02-20;Krajský úřad Jihomoravského kraje;RP Jižní Morava;NA;NA
Stanoviště;CZ0620103;Věteřovská vrchovina;Panonské dubohabřiny;91G0;NA;NA;133;NA;NA;% rozlohy v celistvém uspořádání splňující hodnotu minimiareálu;8;NA;2026-02-20;Krajský úřad Jihomoravského kraje;RP Jižní Morava;NA;NA
Stanoviště;CZ0620103;Věteřovská vrchovina;Panonské dubohabřiny;91G0;NA;NA;135;NA;NA;% hranice s nepřírodními biotopy;8;NA;2026-02-20;Krajský úřad Jihomoravského kraje;RP Jižní Morava;NA;NA
Stanoviště;CZ0620103;Věteřovská vrchovina;Panonské dubohabřiny;91G0;NA;NA;134;NA;NA;zastoupení nepřírodních biotopů v segmentech stanoviště;8;NA;2026-02-20;Krajský úřad Jihomoravského kraje;RP Jižní Morava;NA;NA
Stanoviště;CZ0620103;Věteřovská vrchovina;Panonské dubohabřiny;91G0;NA;NA;136;NA;NA;druhy červeného seznamu;8;NA;2026-02-20;Krajský úřad Jihomoravského kraje;RP Jižní Morava;NA;NA
Stanoviště;CZ0620103;Věteřovská vrchovina;Panonské dubohabřiny;91G0;NA;NA;137;NA;NA;% rozlohy zasažené invazními druhy;8;NA;2026-02-20;Krajský úřad Jihomoravského kraje;RP Jižní Morava;MINIMI;NA
Stanoviště;CZ0620103;Věteřovská vrchovina;Panonské dubohabřiny;91G0;NA;NA;138;NA;NA;% rozlohy zasažené expanzivními druhy;8;NA;2026-02-20;Krajský úřad Jihomoravského kraje;RP Jižní Morava;MINIMI;NA
Stanoviště;CZ0620103;Věteřovská vrchovina;Panonské dubohabřiny;91G0;2014-04-28;2014-05-28;162;0,5153;NA;140;8;3;2026-02-20;Krajský úřad Jihomoravského kraje;RP Jižní Morava;NA;NA
Stanoviště;CZ0620103;Věteřovská vrchovina;Panonské dubohabřiny;91G0;2014-04-28;2014-05-28;10;NA;NA;NA;12;NA;2026-02-20;Krajský úřad Jihomoravského kraje;RP Jižní Morava;NA;NA
Stanoviště;CZ0620169;Ochůzky - Nedánov;Panonské dubohabřiny;91G0;2021-05-07;2021-06-12;128;312,0437;311.94;hektary;11;3;2026-02-20;Krajský úřad Jihomoravského kraje;RP Jižní Morava;VMB2;NA
Stanoviště;CZ0620169;Ochůzky - Nedánov;Panonské dubohabřiny;91G0;2021-05-07;2021-06-12;129;2,1008;1.4;140;13;4;2026-02-20;Krajský úřad Jihomoravského kraje;RP Jižní Morava;VMB2;NA
Stanoviště;CZ0620169;Ochůzky - Nedánov;Panonské dubohabřiny;91G0;2021-05-07;2021-06-12;132;1,8111;NA;140;8;NA;2026-02-20;Krajský úřad Jihomoravského kraje;RP Jižní Morava;NA;NA
Stanoviště;CZ0620169;Ochůzky - Nedánov;Panonské dubohabřiny;91G0;NA;NA;133;NA;NA;% rozlohy v celistvém uspořádání splňující hodnotu minimiareálu;8;NA;2026-02-20;Krajský úřad Jihomoravského kraje;RP Jižní Morava;NA;NA
Stanoviště;CZ0620169;Ochůzky - Nedánov;Panonské dubohabřiny;91G0;NA;NA;135;NA;NA;% hranice s nepřírodními biotopy;8;NA;2026-02-20;Krajský úřad Jihomoravského kraje;RP Jižní Morava;NA;NA
Stanoviště;CZ0620169;Ochůzky - Nedánov;Panonské dubohabřiny;91G0;NA;NA;134;NA;NA;zastoupení nepřírodních biotopů v segmentech stanoviště;8;NA;2026-02-20;Krajský úřad Jihomoravského kraje;RP Jižní Morava;NA;NA
Stanoviště;CZ0620169;Ochůzky - Nedánov;Panonské dubohabřiny;91G0;NA;NA;136;NA;NA;druhy červeného seznamu;8;NA;2026-02-20;Krajský úřad Jihomoravského kraje;RP Jižní Morava;NA;NA
Stanoviště;CZ0620169;Ochůzky - Nedánov;Panonské dubohabřiny;91G0;NA;NA;137;NA;NA;% rozlohy zasažené invazními druhy;8;NA;2026-02-20;Krajský úřad Jihomoravského kraje;RP Jižní Morava;MINIMI;NA
Stanoviště;CZ0620169;Ochůzky - Nedánov;Panonské dubohabřiny;91G0;NA;NA;138;NA;NA;% rozlohy zasažené expanzivními druhy;8;NA;2026-02-20;Krajský úřad Jihomoravského kraje;RP Jižní Morava;MINIMI;NA
Stanoviště;CZ0620169;Ochůzky - Nedánov;Panonské dubohabřiny;91G0;2021-05-07;2021-06-12;162;1,4822;NA;140;8;NA;2026-02-20;Krajský úřad Jihomoravského kraje;RP Jižní Morava;NA;NA
Stanoviště;CZ0620169;Ochůzky - Nedánov;Panonské dubohabřiny;91G0;2021-05-07;2021-06-12;10;NA;NA;NA;12;NA;2026-02-20;Krajský úřad Jihomoravského kraje;RP Jižní Morava;NA;NA
Stanoviště;CZ0620177;Kapánsko;Panonské dubohabřiny;91G0;2021-07-06;2021-09-17;128;457,9217;491.04;hektary;13;4;2026-02-20;Krajský úřad Jihomoravského kraje;RP Jižní Morava;VMB2;NA
Stanoviště;CZ0620177;Kapánsko;Panonské dubohabřiny;91G0;2021-07-06;2021-09-17;129;2,4898;1.7;140;13;4;2026-02-20;Krajský úřad Jihomoravského kraje;RP Jižní Morava;VMB2;NA
Stanoviště;CZ0620177;Kapánsko;Panonské dubohabřiny;91G0;2021-07-06;2021-09-17;132;2,2852;NA;140;8;NA;2026-02-20;Krajský úřad Jihomoravského kraje;RP Jižní Morava;NA;NA
Stanoviště;CZ0620177;Kapánsko;Panonské dubohabřiny;91G0;NA;NA;133;NA;NA;% rozlohy v celistvém uspořádání splňující hodnotu minimiareálu;8;NA;2026-02-20;Krajský úřad Jihomoravského kraje;RP Jižní Morava;NA;NA
Stanoviště;CZ0620177;Kapánsko;Panonské dubohabřiny;91G0;NA;NA;135;NA;NA;% hranice s nepřírodními biotopy;8;NA;2026-02-20;Krajský úřad Jihomoravského kraje;RP Jižní Morava;NA;NA
Stanoviště;CZ0620177;Kapánsko;Panonské dubohabřiny;91G0;NA;NA;134;NA;NA;zastoupení nepřírodních biotopů v segmentech stanoviště;8;NA;2026-02-20;Krajský úřad Jihomoravského kraje;RP Jižní Morava;NA;NA
Stanoviště;CZ0620177;Kapánsko;Panonské dubohabřiny;91G0;NA;NA;136;NA;NA;druhy červeného seznamu;8;NA;2026-02-20;Krajský úřad Jihomoravského kraje;RP Jižní Morava;NA;NA
Stanoviště;CZ0620177;Kapánsko;Panonské dubohabřiny;91G0;NA;NA;137;NA;NA;% rozlohy zasažené invazními druhy;8;NA;2026-02-20;Krajský úřad Jihomoravského kraje;RP Jižní Morava;MINIMI;NA
Stanoviště;CZ0620177;Kapánsko;Panonské dubohabřiny;91G0;NA;NA;138;NA;NA;% rozlohy zasažené expanzivními druhy;8;NA;2026-02-20;Krajský úřad Jihomoravského kraje;RP Jižní Morava;MINIMI;NA
Stanoviště;CZ0620177;Kapánsko;Panonské dubohabřiny;91G0;2021-07-06;2021-09-17;162;0,3423;NA;140;8;NA;2026-02-20;Krajský úřad Jihomoravského kraje;RP Jižní Morava;NA;NA
Stanoviště;CZ0620177;Kapánsko;Panonské dubohabřiny;91G0;2021-07-06;2021-09-17;10;NA;NA;NA;13;NA;2026-02-20;Krajský úřad Jihomoravského kraje;RP Jižní Morava;NA;NA
Stanoviště;CZ0620421;Dambořický les;Panonské dubohabřiny;91G0;2016-08-02;2016-08-09;128;758,1524;739.46;hektary;11;3;2026-02-20;Krajský úřad Jihomoravského kraje;RP Jižní Morava;SDF;NA
Stanoviště;CZ0620421;Dambořický les;Panonské dubohabřiny;91G0;2016-08-02;2016-08-09;129;1,9478;2;140;11;3;2026-02-20;Krajský úřad Jihomoravského kraje;RP Jižní Morava;VMB2;NA
Stanoviště;CZ0620421;Dambořický les;Panonské dubohabřiny;91G0;2016-08-02;2016-08-09;132;1,6774;NA;140;8;3;2026-02-20;Krajský úřad Jihomoravského kraje;RP Jižní Morava;NA;NA
Stanoviště;CZ0620421;Dambořický les;Panonské dubohabřiny;91G0;NA;NA;133;NA;NA;% rozlohy v celistvém uspořádání splňující hodnotu minimiareálu;8;NA;2026-02-20;Krajský úřad Jihomoravského kraje;RP Jižní Morava;NA;NA
Stanoviště;CZ0620421;Dambořický les;Panonské dubohabřiny;91G0;NA;NA;135;NA;NA;% hranice s nepřírodními biotopy;8;NA;2026-02-20;Krajský úřad Jihomoravského kraje;RP Jižní Morava;NA;NA
Stanoviště;CZ0620421;Dambořický les;Panonské dubohabřiny;91G0;NA;NA;134;NA;NA;zastoupení nepřírodních biotopů v segmentech stanoviště;8;NA;2026-02-20;Krajský úřad Jihomoravského kraje;RP Jižní Morava;NA;NA
Stanoviště;CZ0620421;Dambořický les;Panonské dubohabřiny;91G0;NA;NA;136;NA;NA;druhy červeného seznamu;8;NA;2026-02-20;Krajský úřad Jihomoravského kraje;RP Jižní Morava;NA;NA
Stanoviště;CZ0620421;Dambořický les;Panonské dubohabřiny;91G0;NA;NA;137;NA;NA;% rozlohy zasažené invazními druhy;8;NA;2026-02-20;Krajský úřad Jihomoravského kraje;RP Jižní Morava;MINIMI;NA
Stanoviště;CZ0620421;Dambořický les;Panonské dubohabřiny;91G0;NA;NA;138;NA;NA;% rozlohy zasažené expanzivními druhy;8;NA;2026-02-20;Krajský úřad Jihomoravského kraje;RP Jižní Morava;MINIMI;NA
Stanoviště;CZ0620421;Dambořický les;Panonské dubohabřiny;91G0;2016-08-02;2016-08-09;162;0,2781;NA;140;8;3;2026-02-20;Krajský úřad Jihomoravského kraje;RP Jižní Morava;NA;NA
Stanoviště;CZ0620421;Dambořický les;Panonské dubohabřiny;91G0;2016-08-02;2016-08-09;10;NA;NA;NA;11;NA;2026-02-20;Krajský úřad Jihomoravského kraje;RP Jižní Morava;NA;NA
Stanoviště;CZ0624060;Pouzdřanská step - Kolby;Panonské dubohabřiny;91G0;2023-05-19;2024-05-30;128;80,141;40;hektary;11;2;2026-02-20;AOPK ČR - RP Jižní Morava, Krajský úřad Jihomoravského kraje;RP Jižní Morava;EXPERT;NA
Stanoviště;CZ0624060;Pouzdřanská step - Kolby;Panonské dubohabřiny;91G0;2023-05-19;2024-05-30;129;3,1854;2;140;13;3;2026-02-20;AOPK ČR - RP Jižní Morava, Krajský úřad Jihomoravského kraje;RP Jižní Morava;MINIMI;NA
Stanoviště;CZ0624060;Pouzdřanská step - Kolby;Panonské dubohabřiny;91G0;2023-05-19;2024-05-30;132;2,3163;NA;140;8;3;2026-02-20;AOPK ČR - RP Jižní Morava, Krajský úřad Jihomoravského kraje;RP Jižní Morava;NA;NA
Stanoviště;CZ0624060;Pouzdřanská step - Kolby;Panonské dubohabřiny;91G0;NA;NA;133;NA;NA;% rozlohy v celistvém uspořádání splňující hodnotu minimiareálu;8;NA;2026-02-20;AOPK ČR - RP Jižní Morava, Krajský úřad Jihomoravského kraje;RP Jižní Morava;MINIMI;NA
Stanoviště;CZ0624060;Pouzdřanská step - Kolby;Panonské dubohabřiny;91G0;NA;NA;135;NA;NA;% hranice s nepřírodními biotopy;8;NA;2026-02-20;AOPK ČR - RP Jižní Morava, Krajský úřad Jihomoravského kraje;RP Jižní Morava;NA;NA
Stanoviště;CZ0624060;Pouzdřanská step - Kolby;Panonské dubohabřiny;91G0;NA;NA;134;NA;NA;zastoupení nepřírodních biotopů v segmentech stanoviště;8;NA;2026-02-20;AOPK ČR - RP Jižní Morava, Krajský úřad Jihomoravského kraje;RP Jižní Morava;NA;NA
Stanoviště;CZ0624060;Pouzdřanská step - Kolby;Panonské dubohabřiny;91G0;NA;NA;136;NA;NA;druhy červeného seznamu;8;NA;2026-02-20;AOPK ČR - RP Jižní Morava, Krajský úřad Jihomoravského kraje;RP Jižní Morava;NA;NA
Stanoviště;CZ0624060;Pouzdřanská step - Kolby;Panonské dubohabřiny;91G0;NA;NA;137;NA;NA;% rozlohy zasažené invazními druhy;8;NA;2026-02-20;AOPK ČR - RP Jižní Morava, Krajský úřad Jihomoravského kraje;RP Jižní Morava;MINIMI;NA
Stanoviště;CZ0624060;Pouzdřanská step - Kolby;Panonské dubohabřiny;91G0;NA;NA;138;NA;NA;% rozlohy zasažené expanzivními druhy;8;NA;2026-02-20;AOPK ČR - RP Jižní Morava, Krajský úřad Jihomoravského kraje;RP Jižní Morava;MINIMI;NA
Stanoviště;CZ0624060;Pouzdřanská step - Kolby;Panonské dubohabřiny;91G0;2023-05-19;2024-05-30;162;0,5883;NA;140;8;NA;2026-02-20;AOPK ČR - RP Jižní Morava, Krajský úřad Jihomoravského kraje;RP Jižní Morava;NA;NA
Stanoviště;CZ0624060;Pouzdřanská step - Kolby;Panonské dubohabřiny;91G0;2023-05-19;2024-05-30;10;NA;NA;NA;12;NA;2026-02-20;AOPK ČR - RP Jižní Morava, Krajský úřad Jihomoravského kraje;RP Jižní Morava;NA;NA
Stanoviště;CZ0624062;Černecký a Milonický hájek;Panonské dubohabřiny;91G0;2012-05-06;2012-05-14;128;146,1691;146.16;hektary;11;3;2026-02-20;AOPK ČR - RP Jižní Morava, Krajský úřad Jihomoravského kraje;RP Jižní Morava;VMB2;NA
Stanoviště;CZ0624062;Černecký a Milonický hájek;Panonské dubohabřiny;91G0;2012-05-06;2012-05-14;129;2,2304;2;140;13;3;2026-02-20;AOPK ČR - RP Jižní Morava, Krajský úřad Jihomoravského kraje;RP Jižní Morava;MINIMI;NA
Stanoviště;CZ0624062;Černecký a Milonický hájek;Panonské dubohabřiny;91G0;2012-05-06;2012-05-14;132;2,1591;NA;140;8;3;2026-02-20;AOPK ČR - RP Jižní Morava, Krajský úřad Jihomoravského kraje;RP Jižní Morava;NA;NA
Stanoviště;CZ0624062;Černecký a Milonický hájek;Panonské dubohabřiny;91G0;NA;NA;133;NA;NA;% rozlohy v celistvém uspořádání splňující hodnotu minimiareálu;8;NA;2026-02-20;AOPK ČR - RP Jižní Morava, Krajský úřad Jihomoravského kraje;RP Jižní Morava;NA;NA
Stanoviště;CZ0624062;Černecký a Milonický hájek;Panonské dubohabřiny;91G0;NA;NA;135;NA;NA;% hranice s nepřírodními biotopy;8;NA;2026-02-20;AOPK ČR - RP Jižní Morava, Krajský úřad Jihomoravského kraje;RP Jižní Morava;NA;NA
Stanoviště;CZ0624062;Černecký a Milonický hájek;Panonské dubohabřiny;91G0;NA;NA;134;NA;NA;zastoupení nepřírodních biotopů v segmentech stanoviště;8;NA;2026-02-20;AOPK ČR - RP Jižní Morava, Krajský úřad Jihomoravského kraje;RP Jižní Morava;NA;NA
Stanoviště;CZ0624062;Černecký a Milonický hájek;Panonské dubohabřiny;91G0;NA;NA;136;NA;NA;druhy červeného seznamu;8;NA;2026-02-20;AOPK ČR - RP Jižní Morava, Krajský úřad Jihomoravského kraje;RP Jižní Morava;NA;NA
Stanoviště;CZ0624062;Černecký a Milonický hájek;Panonské dubohabřiny;91G0;NA;NA;137;NA;NA;% rozlohy zasažené invazními druhy;8;NA;2026-02-20;AOPK ČR - RP Jižní Morava, Krajský úřad Jihomoravského kraje;RP Jižní Morava;MINIMI;NA
Stanoviště;CZ0624062;Černecký a Milonický hájek;Panonské dubohabřiny;91G0;NA;NA;138;NA;NA;% rozlohy zasažené expanzivními druhy;8;NA;2026-02-20;AOPK ČR - RP Jižní Morava, Krajský úřad Jihomoravského kraje;RP Jižní Morava;MINIMI;NA
Stanoviště;CZ0624062;Černecký a Milonický hájek;Panonské dubohabřiny;91G0;2012-05-06;2012-05-14;162;0,1319;NA;140;8;3;2026-02-20;AOPK ČR - RP Jižní Morava, Krajský úřad Jihomoravského kraje;RP Jižní Morava;NA;NA
Stanoviště;CZ0624062;Černecký a Milonický hájek;Panonské dubohabřiny;91G0;2012-05-06;2012-05-14;10;NA;NA;NA;12;NA;2026-02-20;AOPK ČR - RP Jižní Morava, Krajský úřad Jihomoravského kraje;RP Jižní Morava;NA;NA
Stanoviště;CZ0624064;Krumlovský les;Panonské dubohabřiny;91G0;2022-05-07;2023-09-23;128;77,4446;55.75;hektary;11;2;2026-02-20;Krajský úřad Jihomoravského kraje;RP Jižní Morava;VMB2;NA
Stanoviště;CZ0624064;Krumlovský les;Panonské dubohabřiny;91G0;2022-05-07;2023-09-23;129;2,3521;1.8;140;13;4;2026-02-20;Krajský úřad Jihomoravského kraje;RP Jižní Morava;VMB2;NA
Stanoviště;CZ0624064;Krumlovský les;Panonské dubohabřiny;91G0;2022-05-07;2023-09-23;132;1,7424;NA;140;8;3;2026-02-20;Krajský úřad Jihomoravského kraje;RP Jižní Morava;NA;NA
Stanoviště;CZ0624064;Krumlovský les;Panonské dubohabřiny;91G0;NA;NA;133;NA;NA;% rozlohy v celistvém uspořádání splňující hodnotu minimiareálu;8;NA;2026-02-20;Krajský úřad Jihomoravského kraje;RP Jižní Morava;MINIMI;NA
Stanoviště;CZ0624064;Krumlovský les;Panonské dubohabřiny;91G0;NA;NA;135;NA;NA;% hranice s nepřírodními biotopy;8;NA;2026-02-20;Krajský úřad Jihomoravského kraje;RP Jižní Morava;NA;NA
Stanoviště;CZ0624064;Krumlovský les;Panonské dubohabřiny;91G0;NA;NA;134;NA;NA;zastoupení nepřírodních biotopů v segmentech stanoviště;8;NA;2026-02-20;Krajský úřad Jihomoravského kraje;RP Jižní Morava;NA;NA
Stanoviště;CZ0624064;Krumlovský les;Panonské dubohabřiny;91G0;NA;NA;136;NA;NA;druhy červeného seznamu;8;NA;2026-02-20;Krajský úřad Jihomoravského kraje;RP Jižní Morava;NA;NA
Stanoviště;CZ0624064;Krumlovský les;Panonské dubohabřiny;91G0;NA;NA;137;NA;NA;% rozlohy zasažené invazními druhy;8;NA;2026-02-20;Krajský úřad Jihomoravského kraje;RP Jižní Morava;MINIMI;NA
Stanoviště;CZ0624064;Krumlovský les;Panonské dubohabřiny;91G0;NA;NA;138;NA;NA;% rozlohy zasažené expanzivními druhy;8;NA;2026-02-20;Krajský úřad Jihomoravského kraje;RP Jižní Morava;MINIMI;NA
Stanoviště;CZ0624064;Krumlovský les;Panonské dubohabřiny;91G0;2022-05-07;2023-09-23;162;0,7805;NA;140;8;NA;2026-02-20;Krajský úřad Jihomoravského kraje;RP Jižní Morava;MINIMI;NA
Stanoviště;CZ0624064;Krumlovský les;Panonské dubohabřiny;91G0;2022-05-07;2023-09-23;10;NA;NA;NA;12;NA;2026-02-20;Krajský úřad Jihomoravského kraje;RP Jižní Morava;NA;NA
Stanoviště;CZ0624070;Hodonínská Dúbrava;Panonské dubohabřiny;91G0;2008-07-13;2024-10-16;128;346,0645;282.18;hektary;11;2;2026-02-20;AOPK ČR - RP Jižní Morava, Krajský úřad Jihomoravského kraje;RP Jižní Morava;VMB2;NA
Stanoviště;CZ0624070;Hodonínská Dúbrava;Panonské dubohabřiny;91G0;2008-07-13;2024-10-16;129;2,9956;2;140;13;4;2026-02-20;AOPK ČR - RP Jižní Morava, Krajský úřad Jihomoravského kraje;RP Jižní Morava;MINIMI;NA
Stanoviště;CZ0624070;Hodonínská Dúbrava;Panonské dubohabřiny;91G0;2008-07-13;2024-10-16;132;2,7359;NA;140;8;NA;2026-02-20;AOPK ČR - RP Jižní Morava, Krajský úřad Jihomoravského kraje;RP Jižní Morava;NA;NA
Stanoviště;CZ0624070;Hodonínská Dúbrava;Panonské dubohabřiny;91G0;NA;NA;133;NA;NA;% rozlohy v celistvém uspořádání splňující hodnotu minimiareálu;8;NA;2026-02-20;AOPK ČR - RP Jižní Morava, Krajský úřad Jihomoravského kraje;RP Jižní Morava;NA;NA
Stanoviště;CZ0624070;Hodonínská Dúbrava;Panonské dubohabřiny;91G0;NA;NA;135;NA;NA;% hranice s nepřírodními biotopy;8;NA;2026-02-20;AOPK ČR - RP Jižní Morava, Krajský úřad Jihomoravského kraje;RP Jižní Morava;NA;NA
Stanoviště;CZ0624070;Hodonínská Dúbrava;Panonské dubohabřiny;91G0;NA;NA;134;NA;NA;zastoupení nepřírodních biotopů v segmentech stanoviště;8;NA;2026-02-20;AOPK ČR - RP Jižní Morava, Krajský úřad Jihomoravského kraje;RP Jižní Morava;NA;NA
Stanoviště;CZ0624070;Hodonínská Dúbrava;Panonské dubohabřiny;91G0;NA;NA;136;NA;NA;druhy červeného seznamu;8;NA;2026-02-20;AOPK ČR - RP Jižní Morava, Krajský úřad Jihomoravského kraje;RP Jižní Morava;NA;NA
Stanoviště;CZ0624070;Hodonínská Dúbrava;Panonské dubohabřiny;91G0;NA;NA;137;NA;NA;% rozlohy zasažené invazními druhy;8;NA;2026-02-20;AOPK ČR - RP Jižní Morava, Krajský úřad Jihomoravského kraje;RP Jižní Morava;MINIMI;NA
Stanoviště;CZ0624070;Hodonínská Dúbrava;Panonské dubohabřiny;91G0;NA;NA;138;NA;NA;% rozlohy zasažené expanzivními druhy;8;NA;2026-02-20;AOPK ČR - RP Jižní Morava, Krajský úřad Jihomoravského kraje;RP Jižní Morava;MINIMI;NA
Stanoviště;CZ0624070;Hodonínská Dúbrava;Panonské dubohabřiny;91G0;2008-07-13;2024-10-16;162;0,3843;NA;140;8;NA;2026-02-20;AOPK ČR - RP Jižní Morava, Krajský úřad Jihomoravského kraje;RP Jižní Morava;NA;NA
Stanoviště;CZ0624070;Hodonínská Dúbrava;Panonské dubohabřiny;91G0;2008-07-13;2024-10-16;10;NA;NA;NA;12;NA;2026-02-20;AOPK ČR - RP Jižní Morava, Krajský úřad Jihomoravského kraje;RP Jižní Morava;NA;NA
Stanoviště;CZ0624072;Čertoryje;Panonské dubohabřiny;91G0;2010-06-10;2021-05-28;128;1334,1109;1298.38;hektary;11;3;2026-02-20;AOPK ČR - RP SCHKO Bílé Karpaty;RP SCHKO Bílé Karpaty;VMB2;NA
Stanoviště;CZ0624072;Čertoryje;Panonské dubohabřiny;91G0;2010-06-10;2021-05-28;129;2,7623;2;140;13;3;2026-02-20;AOPK ČR - RP SCHKO Bílé Karpaty;RP SCHKO Bílé Karpaty;MINIMI;NA
Stanoviště;CZ0624072;Čertoryje;Panonské dubohabřiny;91G0;2010-06-10;2021-05-28;132;2,0793;NA;140;8;3;2026-02-20;AOPK ČR - RP SCHKO Bílé Karpaty;RP SCHKO Bílé Karpaty;NA;NA
Stanoviště;CZ0624072;Čertoryje;Panonské dubohabřiny;91G0;NA;NA;133;NA;NA;% rozlohy v celistvém uspořádání splňující hodnotu minimiareálu;8;NA;2026-02-20;AOPK ČR - RP SCHKO Bílé Karpaty;RP SCHKO Bílé Karpaty;NA;NA
Stanoviště;CZ0624072;Čertoryje;Panonské dubohabřiny;91G0;NA;NA;135;NA;NA;% hranice s nepřírodními biotopy;8;NA;2026-02-20;AOPK ČR - RP SCHKO Bílé Karpaty;RP SCHKO Bílé Karpaty;NA;NA
Stanoviště;CZ0624072;Čertoryje;Panonské dubohabřiny;91G0;NA;NA;134;NA;NA;zastoupení nepřírodních biotopů v segmentech stanoviště;8;NA;2026-02-20;AOPK ČR - RP SCHKO Bílé Karpaty;RP SCHKO Bílé Karpaty;NA;NA
Stanoviště;CZ0624072;Čertoryje;Panonské dubohabřiny;91G0;NA;NA;136;NA;NA;druhy červeného seznamu;8;NA;2026-02-20;AOPK ČR - RP SCHKO Bílé Karpaty;RP SCHKO Bílé Karpaty;NA;NA
Stanoviště;CZ0624072;Čertoryje;Panonské dubohabřiny;91G0;NA;NA;137;NA;NA;% rozlohy zasažené invazními druhy;8;NA;2026-02-20;AOPK ČR - RP SCHKO Bílé Karpaty;RP SCHKO Bílé Karpaty;MINIMI;NA
Stanoviště;CZ0624072;Čertoryje;Panonské dubohabřiny;91G0;NA;NA;138;NA;NA;% rozlohy zasažené expanzivními druhy;8;NA;2026-02-20;AOPK ČR - RP SCHKO Bílé Karpaty;RP SCHKO Bílé Karpaty;MINIMI;NA
Stanoviště;CZ0624072;Čertoryje;Panonské dubohabřiny;91G0;2010-06-10;2021-05-28;162;0,4739;NA;140;8;3;2026-02-20;AOPK ČR - RP SCHKO Bílé Karpaty;RP SCHKO Bílé Karpaty;NA;NA
Stanoviště;CZ0624072;Čertoryje;Panonské dubohabřiny;91G0;2010-06-10;2021-05-28;10;NA;NA;NA;12;NA;2026-02-20;AOPK ČR - RP SCHKO Bílé Karpaty;RP SCHKO Bílé Karpaty;NA;NA
Stanoviště;CZ0624100;Milovický les;Panonské dubohabřiny;91G0;2011-05-10;2013-09-05;128;945,7569;945.74;hektary;11;3;2026-02-20;AOPK ČR - RP Jižní Morava;RP Jižní Morava;VMB2;NA
Stanoviště;CZ0624100;Milovický les;Panonské dubohabřiny;91G0;2011-05-10;2013-09-05;129;2,9669;2;140;13;3;2026-02-20;AOPK ČR - RP Jižní Morava;RP Jižní Morava;MINIMI;NA
Stanoviště;CZ0624100;Milovický les;Panonské dubohabřiny;91G0;2011-05-10;2013-09-05;132;2,3913;NA;140;8;3;2026-02-20;AOPK ČR - RP Jižní Morava;RP Jižní Morava;NA;NA
Stanoviště;CZ0624100;Milovický les;Panonské dubohabřiny;91G0;NA;NA;133;NA;NA;% rozlohy v celistvém uspořádání splňující hodnotu minimiareálu;8;NA;2026-02-20;AOPK ČR - RP Jižní Morava;RP Jižní Morava;NA;NA
Stanoviště;CZ0624100;Milovický les;Panonské dubohabřiny;91G0;NA;NA;135;NA;NA;% hranice s nepřírodními biotopy;8;NA;2026-02-20;AOPK ČR - RP Jižní Morava;RP Jižní Morava;NA;NA
Stanoviště;CZ0624100;Milovický les;Panonské dubohabřiny;91G0;NA;NA;134;NA;NA;zastoupení nepřírodních biotopů v segmentech stanoviště;8;NA;2026-02-20;AOPK ČR - RP Jižní Morava;RP Jižní Morava;NA;NA
Stanoviště;CZ0624100;Milovický les;Panonské dubohabřiny;91G0;NA;NA;136;NA;NA;druhy červeného seznamu;8;NA;2026-02-20;AOPK ČR - RP Jižní Morava;RP Jižní Morava;NA;NA
Stanoviště;CZ0624100;Milovický les;Panonské dubohabřiny;91G0;NA;NA;137;NA;NA;% rozlohy zasažené invazními druhy;8;NA;2026-02-20;AOPK ČR - RP Jižní Morava;RP Jižní Morava;MINIMI;NA
Stanoviště;CZ0624100;Milovický les;Panonské dubohabřiny;91G0;NA;NA;138;NA;NA;% rozlohy zasažené expanzivními druhy;8;NA;2026-02-20;AOPK ČR - RP Jižní Morava;RP Jižní Morava;MINIMI;NA
Stanoviště;CZ0624100;Milovický les;Panonské dubohabřiny;91G0;2011-05-10;2013-09-05;162;0,6737;NA;140;8;3;2026-02-20;AOPK ČR - RP Jižní Morava;RP Jižní Morava;NA;NA
Stanoviště;CZ0624100;Milovický les;Panonské dubohabřiny;91G0;2011-05-10;2013-09-05;10;NA;NA;NA;12;NA;2026-02-20;AOPK ČR - RP Jižní Morava;RP Jižní Morava;NA;NA
Stanoviště;CZ0624101;Kuntínov;Panonské dubohabřiny;91G0;2014-04-18;2014-04-24;128;347,6579;347.66;hektary;13;3;2026-02-20;Krajský úřad Jihomoravského kraje;RP Jižní Morava;VMB2;NA
Stanoviště;CZ0624101;Kuntínov;Panonské dubohabřiny;91G0;2014-04-18;2014-04-24;129;1,9307;2;140;11;3;2026-02-20;Krajský úřad Jihomoravského kraje;RP Jižní Morava;VMB2;NA
Stanoviště;CZ0624101;Kuntínov;Panonské dubohabřiny;91G0;2014-04-18;2014-04-24;132;1,8407;NA;140;8;3;2026-02-20;Krajský úřad Jihomoravského kraje;RP Jižní Morava;NA;NA
Stanoviště;CZ0624101;Kuntínov;Panonské dubohabřiny;91G0;NA;NA;133;NA;NA;% rozlohy v celistvém uspořádání splňující hodnotu minimiareálu;8;NA;2026-02-20;Krajský úřad Jihomoravského kraje;RP Jižní Morava;NA;NA
Stanoviště;CZ0624101;Kuntínov;Panonské dubohabřiny;91G0;NA;NA;135;NA;NA;% hranice s nepřírodními biotopy;8;NA;2026-02-20;Krajský úřad Jihomoravského kraje;RP Jižní Morava;NA;NA
Stanoviště;CZ0624101;Kuntínov;Panonské dubohabřiny;91G0;NA;NA;134;NA;NA;zastoupení nepřírodních biotopů v segmentech stanoviště;8;NA;2026-02-20;Krajský úřad Jihomoravského kraje;RP Jižní Morava;NA;NA
Stanoviště;CZ0624101;Kuntínov;Panonské dubohabřiny;91G0;NA;NA;136;NA;NA;druhy červeného seznamu;8;NA;2026-02-20;Krajský úřad Jihomoravského kraje;RP Jižní Morava;NA;NA
Stanoviště;CZ0624101;Kuntínov;Panonské dubohabřiny;91G0;NA;NA;137;NA;NA;% rozlohy zasažené invazními druhy;8;NA;2026-02-20;Krajský úřad Jihomoravského kraje;RP Jižní Morava;MINIMI;NA
Stanoviště;CZ0624101;Kuntínov;Panonské dubohabřiny;91G0;NA;NA;138;NA;NA;% rozlohy zasažené expanzivními druhy;8;NA;2026-02-20;Krajský úřad Jihomoravského kraje;RP Jižní Morava;MINIMI;NA
Stanoviště;CZ0624101;Kuntínov;Panonské dubohabřiny;91G0;2014-04-18;2014-04-24;162;0;NA;140;8;3;2026-02-20;Krajský úřad Jihomoravského kraje;RP Jižní Morava;MINIMI;NA
Stanoviště;CZ0624101;Kuntínov;Panonské dubohabřiny;91G0;2014-04-18;2014-04-24;10;NA;NA;NA;12;NA;2026-02-20;Krajský úřad Jihomoravského kraje;RP Jižní Morava;NA;NA
Stanoviště;CZ0624104;Děvín;Panonské dubohabřiny;91G0;2013-04-26;2022-08-14;128;71,4829;70.78;hektary;11;3;2026-02-20;AOPK ČR - RP Jižní Morava;RP Jižní Morava;VMB2;NA
Stanoviště;CZ0624104;Děvín;Panonské dubohabřiny;91G0;2013-04-26;2022-08-14;129;2,1219;2;140;13;2;2026-02-20;AOPK ČR - RP Jižní Morava;RP Jižní Morava;MINIMI;NA
Stanoviště;CZ0624104;Děvín;Panonské dubohabřiny;91G0;2013-04-26;2022-08-14;132;2,0274;NA;140;8;3;2026-02-20;AOPK ČR - RP Jižní Morava;RP Jižní Morava;NA;NA
Stanoviště;CZ0624104;Děvín;Panonské dubohabřiny;91G0;NA;NA;133;NA;NA;% rozlohy v celistvém uspořádání splňující hodnotu minimiareálu;8;NA;2026-02-20;AOPK ČR - RP Jižní Morava;RP Jižní Morava;NA;NA
Stanoviště;CZ0624104;Děvín;Panonské dubohabřiny;91G0;NA;NA;135;NA;NA;% hranice s nepřírodními biotopy;8;NA;2026-02-20;AOPK ČR - RP Jižní Morava;RP Jižní Morava;NA;NA
Stanoviště;CZ0624104;Děvín;Panonské dubohabřiny;91G0;NA;NA;134;NA;NA;zastoupení nepřírodních biotopů v segmentech stanoviště;8;NA;2026-02-20;AOPK ČR - RP Jižní Morava;RP Jižní Morava;NA;NA
Stanoviště;CZ0624104;Děvín;Panonské dubohabřiny;91G0;NA;NA;136;NA;NA;druhy červeného seznamu;8;NA;2026-02-20;AOPK ČR - RP Jižní Morava;RP Jižní Morava;NA;NA
Stanoviště;CZ0624104;Děvín;Panonské dubohabřiny;91G0;NA;NA;137;NA;NA;% rozlohy zasažené invazními druhy;8;NA;2026-02-20;AOPK ČR - RP Jižní Morava;RP Jižní Morava;MINIMI;NA
Stanoviště;CZ0624104;Děvín;Panonské dubohabřiny;91G0;NA;NA;138;NA;NA;% rozlohy zasažené expanzivními druhy;8;NA;2026-02-20;AOPK ČR - RP Jižní Morava;RP Jižní Morava;MINIMI;NA
Stanoviště;CZ0624104;Děvín;Panonské dubohabřiny;91G0;2013-04-26;2022-08-14;162;0,7075;NA;140;8;NA;2026-02-20;AOPK ČR - RP Jižní Morava;RP Jižní Morava;NA;NA
Stanoviště;CZ0624104;Děvín;Panonské dubohabřiny;91G0;2013-04-26;2022-08-14;10;NA;NA;NA;12;NA;2026-02-20;AOPK ČR - RP Jižní Morava;RP Jižní Morava;NA;NA
Stanoviště;CZ0624106;Tvořihrázský les;Panonské dubohabřiny;91G0;2015-04-11;2024-05-13;128;183,5881;135.08;hektary;11;2;2026-02-20;Krajský úřad Jihomoravského kraje;RP Jižní Morava;VMB2;NA
Stanoviště;CZ0624106;Tvořihrázský les;Panonské dubohabřiny;91G0;2015-04-11;2024-05-13;129;2,8056;2;140;13;4;2026-02-20;Krajský úřad Jihomoravského kraje;RP Jižní Morava;MINIMI;NA
Stanoviště;CZ0624106;Tvořihrázský les;Panonské dubohabřiny;91G0;2015-04-11;2024-05-13;132;2,0461;NA;140;8;NA;2026-02-20;Krajský úřad Jihomoravského kraje;RP Jižní Morava;NA;NA
Stanoviště;CZ0624106;Tvořihrázský les;Panonské dubohabřiny;91G0;NA;NA;133;NA;NA;% rozlohy v celistvém uspořádání splňující hodnotu minimiareálu;8;NA;2026-02-20;Krajský úřad Jihomoravského kraje;RP Jižní Morava;MINIMI;NA
Stanoviště;CZ0624106;Tvořihrázský les;Panonské dubohabřiny;91G0;NA;NA;135;NA;NA;% hranice s nepřírodními biotopy;8;NA;2026-02-20;Krajský úřad Jihomoravského kraje;RP Jižní Morava;NA;NA
Stanoviště;CZ0624106;Tvořihrázský les;Panonské dubohabřiny;91G0;NA;NA;134;NA;NA;zastoupení nepřírodních biotopů v segmentech stanoviště;8;NA;2026-02-20;Krajský úřad Jihomoravského kraje;RP Jižní Morava;NA;NA
Stanoviště;CZ0624106;Tvořihrázský les;Panonské dubohabřiny;91G0;NA;NA;136;NA;NA;druhy červeného seznamu;8;NA;2026-02-20;Krajský úřad Jihomoravského kraje;RP Jižní Morava;NA;NA
Stanoviště;CZ0624106;Tvořihrázský les;Panonské dubohabřiny;91G0;NA;NA;137;NA;NA;% rozlohy zasažené invazními druhy;8;NA;2026-02-20;Krajský úřad Jihomoravského kraje;RP Jižní Morava;MINIMI;NA
Stanoviště;CZ0624106;Tvořihrázský les;Panonské dubohabřiny;91G0;NA;NA;138;NA;NA;% rozlohy zasažené expanzivními druhy;8;NA;2026-02-20;Krajský úřad Jihomoravského kraje;RP Jižní Morava;MINIMI;NA
Stanoviště;CZ0624106;Tvořihrázský les;Panonské dubohabřiny;91G0;2015-04-11;2024-05-13;162;0,373;NA;140;8;NA;2026-02-20;Krajský úřad Jihomoravského kraje;RP Jižní Morava;NA;NA
Stanoviště;CZ0624106;Tvořihrázský les;Panonské dubohabřiny;91G0;2015-04-11;2024-05-13;10;NA;NA;NA;12;NA;2026-02-20;Krajský úřad Jihomoravského kraje;RP Jižní Morava;NA;NA
Stanoviště;CZ0624114;Přední kout;Panonské dubohabřiny;91G0;2010-09-18;2012-05-17;128;451,6021;451.6;hektary;11;3;2026-02-20;AOPK ČR - RP Jižní Morava, Krajský úřad Jihomoravského kraje;RP Jižní Morava;VMB2;NA
Stanoviště;CZ0624114;Přední kout;Panonské dubohabřiny;91G0;2010-09-18;2012-05-17;129;2,1019;2;140;13;3;2026-02-20;AOPK ČR - RP Jižní Morava, Krajský úřad Jihomoravského kraje;RP Jižní Morava;MINIMI;NA
Stanoviště;CZ0624114;Přední kout;Panonské dubohabřiny;91G0;2010-09-18;2012-05-17;132;2,0765;NA;140;8;3;2026-02-20;AOPK ČR - RP Jižní Morava, Krajský úřad Jihomoravského kraje;RP Jižní Morava;NA;NA
Stanoviště;CZ0624114;Přední kout;Panonské dubohabřiny;91G0;NA;NA;133;NA;NA;% rozlohy v celistvém uspořádání splňující hodnotu minimiareálu;8;NA;2026-02-20;AOPK ČR - RP Jižní Morava, Krajský úřad Jihomoravského kraje;RP Jižní Morava;NA;NA
Stanoviště;CZ0624114;Přední kout;Panonské dubohabřiny;91G0;NA;NA;135;NA;NA;% hranice s nepřírodními biotopy;8;NA;2026-02-20;AOPK ČR - RP Jižní Morava, Krajský úřad Jihomoravského kraje;RP Jižní Morava;NA;NA
Stanoviště;CZ0624114;Přední kout;Panonské dubohabřiny;91G0;NA;NA;134;NA;NA;zastoupení nepřírodních biotopů v segmentech stanoviště;8;NA;2026-02-20;AOPK ČR - RP Jižní Morava, Krajský úřad Jihomoravského kraje;RP Jižní Morava;NA;NA
Stanoviště;CZ0624114;Přední kout;Panonské dubohabřiny;91G0;NA;NA;136;NA;NA;druhy červeného seznamu;8;NA;2026-02-20;AOPK ČR - RP Jižní Morava, Krajský úřad Jihomoravského kraje;RP Jižní Morava;NA;NA
Stanoviště;CZ0624114;Přední kout;Panonské dubohabřiny;91G0;NA;NA;137;NA;NA;% rozlohy zasažené invazními druhy;8;NA;2026-02-20;AOPK ČR - RP Jižní Morava, Krajský úřad Jihomoravského kraje;RP Jižní Morava;MINIMI;NA
Stanoviště;CZ0624114;Přední kout;Panonské dubohabřiny;91G0;NA;NA;138;NA;NA;% rozlohy zasažené expanzivními druhy;8;NA;2026-02-20;AOPK ČR - RP Jižní Morava, Krajský úřad Jihomoravského kraje;RP Jižní Morava;MINIMI;NA
Stanoviště;CZ0624114;Přední kout;Panonské dubohabřiny;91G0;2010-09-18;2012-05-17;162;0,4722;NA;140;8;3;2026-02-20;AOPK ČR - RP Jižní Morava, Krajský úřad Jihomoravského kraje;RP Jižní Morava;NA;NA
Stanoviště;CZ0624114;Přední kout;Panonské dubohabřiny;91G0;2010-09-18;2012-05-17;10;NA;NA;NA;12;NA;2026-02-20;AOPK ČR - RP Jižní Morava, Krajský úřad Jihomoravského kraje;RP Jižní Morava;NA;NA
Stanoviště;CZ0624119;Soutok - Podluží;Panonské dubohabřiny;91G0;2010-08-26;2024-10-30;128;144,5665;140.33;hektary;11;3;2026-02-20;AOPK ČR - RP Jižní Morava, Krajský úřad Jihomoravského kraje;RP Jižní Morava;VMB2;NA
Stanoviště;CZ0624119;Soutok - Podluží;Panonské dubohabřiny;91G0;2010-08-26;2024-10-30;129;3,7281;2;140;13;3;2026-02-20;AOPK ČR - RP Jižní Morava, Krajský úřad Jihomoravského kraje;RP Jižní Morava;MINIMI;NA
Stanoviště;CZ0624119;Soutok - Podluží;Panonské dubohabřiny;91G0;2010-08-26;2024-10-30;132;2,8533;NA;140;8;3;2026-02-20;AOPK ČR - RP Jižní Morava, Krajský úřad Jihomoravského kraje;RP Jižní Morava;NA;NA
Stanoviště;CZ0624119;Soutok - Podluží;Panonské dubohabřiny;91G0;NA;NA;133;NA;NA;% rozlohy v celistvém uspořádání splňující hodnotu minimiareálu;8;NA;2026-02-20;AOPK ČR - RP Jižní Morava, Krajský úřad Jihomoravského kraje;RP Jižní Morava;MINIMI;NA
Stanoviště;CZ0624119;Soutok - Podluží;Panonské dubohabřiny;91G0;NA;NA;135;NA;NA;% hranice s nepřírodními biotopy;8;NA;2026-02-20;AOPK ČR - RP Jižní Morava, Krajský úřad Jihomoravského kraje;RP Jižní Morava;NA;NA
Stanoviště;CZ0624119;Soutok - Podluží;Panonské dubohabřiny;91G0;NA;NA;134;NA;NA;zastoupení nepřírodních biotopů v segmentech stanoviště;8;NA;2026-02-20;AOPK ČR - RP Jižní Morava, Krajský úřad Jihomoravského kraje;RP Jižní Morava;NA;NA
Stanoviště;CZ0624119;Soutok - Podluží;Panonské dubohabřiny;91G0;NA;NA;136;NA;NA;druhy červeného seznamu;8;NA;2026-02-20;AOPK ČR - RP Jižní Morava, Krajský úřad Jihomoravského kraje;RP Jižní Morava;NA;NA
Stanoviště;CZ0624119;Soutok - Podluží;Panonské dubohabřiny;91G0;NA;NA;137;NA;NA;% rozlohy zasažené invazními druhy;8;NA;2026-02-20;AOPK ČR - RP Jižní Morava, Krajský úřad Jihomoravského kraje;RP Jižní Morava;MINIMI;NA
Stanoviště;CZ0624119;Soutok - Podluží;Panonské dubohabřiny;91G0;NA;NA;138;NA;NA;% rozlohy zasažené expanzivními druhy;8;NA;2026-02-20;AOPK ČR - RP Jižní Morava, Krajský úřad Jihomoravského kraje;RP Jižní Morava;MINIMI;NA
Stanoviště;CZ0624119;Soutok - Podluží;Panonské dubohabřiny;91G0;2010-08-26;2024-10-30;162;0,5081;NA;140;8;NA;2026-02-20;AOPK ČR - RP Jižní Morava, Krajský úřad Jihomoravského kraje;RP Jižní Morava;NA;NA
Stanoviště;CZ0624119;Soutok - Podluží;Panonské dubohabřiny;91G0;2010-08-26;2024-10-30;10;NA;NA;NA;12;NA;2026-02-20;AOPK ČR - RP Jižní Morava, Krajský úřad Jihomoravského kraje;RP Jižní Morava;NA;NA
Stanoviště;CZ0624130;Moravský kras;Panonské dubohabřiny;91G0;2010-05-17;2024-09-24;128;608,6908;611.86;hektary;13;3;2026-02-20;AOPK ČR - RP Jižní Morava, Krajský úřad Jihomoravského kraje;RP Jižní Morava;VMB2;NA
Stanoviště;CZ0624130;Moravský kras;Panonské dubohabřiny;91G0;2010-05-17;2024-09-24;129;1,7185;1.7;140;13;3;2026-02-20;AOPK ČR - RP Jižní Morava, Krajský úřad Jihomoravského kraje;RP Jižní Morava;VMB2;NA
Stanoviště;CZ0624130;Moravský kras;Panonské dubohabřiny;91G0;2010-05-17;2024-09-24;132;1,4228;NA;140;8;3;2026-02-20;AOPK ČR - RP Jižní Morava, Krajský úřad Jihomoravského kraje;RP Jižní Morava;NA;NA
Stanoviště;CZ0624130;Moravský kras;Panonské dubohabřiny;91G0;NA;NA;133;NA;NA;% rozlohy v celistvém uspořádání splňující hodnotu minimiareálu;8;NA;2026-02-20;AOPK ČR - RP Jižní Morava, Krajský úřad Jihomoravského kraje;RP Jižní Morava;NA;NA
Stanoviště;CZ0624130;Moravský kras;Panonské dubohabřiny;91G0;NA;NA;135;NA;NA;% hranice s nepřírodními biotopy;8;NA;2026-02-20;AOPK ČR - RP Jižní Morava, Krajský úřad Jihomoravského kraje;RP Jižní Morava;NA;NA
Stanoviště;CZ0624130;Moravský kras;Panonské dubohabřiny;91G0;NA;NA;134;NA;NA;zastoupení nepřírodních biotopů v segmentech stanoviště;8;NA;2026-02-20;AOPK ČR - RP Jižní Morava, Krajský úřad Jihomoravského kraje;RP Jižní Morava;NA;NA
Stanoviště;CZ0624130;Moravský kras;Panonské dubohabřiny;91G0;NA;NA;136;NA;NA;druhy červeného seznamu;8;NA;2026-02-20;AOPK ČR - RP Jižní Morava, Krajský úřad Jihomoravského kraje;RP Jižní Morava;NA;NA
Stanoviště;CZ0624130;Moravský kras;Panonské dubohabřiny;91G0;NA;NA;137;NA;NA;% rozlohy zasažené invazními druhy;8;NA;2026-02-20;AOPK ČR - RP Jižní Morava, Krajský úřad Jihomoravského kraje;RP Jižní Morava;MINIMI;NA
Stanoviště;CZ0624130;Moravský kras;Panonské dubohabřiny;91G0;NA;NA;138;NA;NA;% rozlohy zasažené expanzivními druhy;8;NA;2026-02-20;AOPK ČR - RP Jižní Morava, Krajský úřad Jihomoravského kraje;RP Jižní Morava;MINIMI;NA
Stanoviště;CZ0624130;Moravský kras;Panonské dubohabřiny;91G0;2010-05-17;2024-09-24;162;0,9056;NA;140;8;NA;2026-02-20;AOPK ČR - RP Jižní Morava, Krajský úřad Jihomoravského kraje;RP Jižní Morava;NA;NA
Stanoviště;CZ0624130;Moravský kras;Panonské dubohabřiny;91G0;2010-05-17;2024-09-24;10;NA;NA;NA;13;NA;2026-02-20;AOPK ČR - RP Jižní Morava, Krajský úřad Jihomoravského kraje;RP Jižní Morava;NA;NA
Stanoviště;CZ0724090;Bílé Karpaty;Panonské dubohabřiny;91G0;2010-05-21;2017-07-14;128;58,664;58.66;hektary;11;3;2026-02-20;AOPK ČR - RP SCHKO Bílé Karpaty;RP SCHKO Bílé Karpaty;VMB2;NA
Stanoviště;CZ0724090;Bílé Karpaty;Panonské dubohabřiny;91G0;2010-05-21;2017-07-14;129;2,117;2;140;13;3;2026-02-20;AOPK ČR - RP SCHKO Bílé Karpaty;RP SCHKO Bílé Karpaty;MINIMI;NA
Stanoviště;CZ0724090;Bílé Karpaty;Panonské dubohabřiny;91G0;2010-05-21;2017-07-14;132;1,86;NA;140;8;3;2026-02-20;AOPK ČR - RP SCHKO Bílé Karpaty;RP SCHKO Bílé Karpaty;NA;NA
Stanoviště;CZ0724090;Bílé Karpaty;Panonské dubohabřiny;91G0;NA;NA;133;NA;NA;% rozlohy v celistvém uspořádání splňující hodnotu minimiareálu;8;NA;2026-02-20;AOPK ČR - RP SCHKO Bílé Karpaty;RP SCHKO Bílé Karpaty;MINIMI;NA
Stanoviště;CZ0724090;Bílé Karpaty;Panonské dubohabřiny;91G0;NA;NA;135;NA;NA;% hranice s nepřírodními biotopy;8;NA;2026-02-20;AOPK ČR - RP SCHKO Bílé Karpaty;RP SCHKO Bílé Karpaty;NA;NA
Stanoviště;CZ0724090;Bílé Karpaty;Panonské dubohabřiny;91G0;NA;NA;134;NA;NA;zastoupení nepřírodních biotopů v segmentech stanoviště;8;NA;2026-02-20;AOPK ČR - RP SCHKO Bílé Karpaty;RP SCHKO Bílé Karpaty;NA;NA
Stanoviště;CZ0724090;Bílé Karpaty;Panonské dubohabřiny;91G0;NA;NA;136;NA;NA;druhy červeného seznamu;8;NA;2026-02-20;AOPK ČR - RP SCHKO Bílé Karpaty;RP SCHKO Bílé Karpaty;NA;NA
Stanoviště;CZ0724090;Bílé Karpaty;Panonské dubohabřiny;91G0;NA;NA;137;NA;NA;% rozlohy zasažené invazními druhy;8;NA;2026-02-20;AOPK ČR - RP SCHKO Bílé Karpaty;RP SCHKO Bílé Karpaty;MINIMI;NA
Stanoviště;CZ0724090;Bílé Karpaty;Panonské dubohabřiny;91G0;NA;NA;138;NA;NA;% rozlohy zasažené expanzivními druhy;8;NA;2026-02-20;AOPK ČR - RP SCHKO Bílé Karpaty;RP SCHKO Bílé Karpaty;MINIMI;NA
Stanoviště;CZ0724090;Bílé Karpaty;Panonské dubohabřiny;91G0;2010-05-21;2017-07-14;162;0,7609;NA;140;8;3;2026-02-20;AOPK ČR - RP SCHKO Bílé Karpaty;RP SCHKO Bílé Karpaty;NA;NA
Stanoviště;CZ0724090;Bílé Karpaty;Panonské dubohabřiny;91G0;2010-05-21;2017-07-14;10;NA;NA;NA;12;NA;2026-02-20;AOPK ČR - RP SCHKO Bílé Karpaty;RP SCHKO Bílé Karpaty;NA;NA
Stanoviště;CZ0114001;Radotínské údolí;Panonské šipákové doubravy;91H0;2014-10-03;2017-04-23;128;11,033;11.02;hektary;11;3;2026-02-20;AOPK ČR - RP Střední Čechy;RP Střední Čechy;VMB2;NA
Stanoviště;CZ0114001;Radotínské údolí;Panonské šipákové doubravy;91H0;2014-10-03;2017-04-23;129;1,3626;1.4;140;11;3;2026-02-20;AOPK ČR - RP Střední Čechy;RP Střední Čechy;VMB2;NA
Stanoviště;CZ0114001;Radotínské údolí;Panonské šipákové doubravy;91H0;2014-10-03;2017-04-23;132;1,2417;NA;140;8;3;2026-02-20;AOPK ČR - RP Střední Čechy;RP Střední Čechy;NA;NA
Stanoviště;CZ0114001;Radotínské údolí;Panonské šipákové doubravy;91H0;NA;NA;133;NA;NA;% rozlohy v celistvém uspořádání splňující hodnotu minimiareálu;8;NA;2026-02-20;AOPK ČR - RP Střední Čechy;RP Střední Čechy;NA;NA
Stanoviště;CZ0114001;Radotínské údolí;Panonské šipákové doubravy;91H0;NA;NA;135;NA;NA;% hranice s nepřírodními biotopy;8;NA;2026-02-20;AOPK ČR - RP Střední Čechy;RP Střední Čechy;NA;NA
Stanoviště;CZ0114001;Radotínské údolí;Panonské šipákové doubravy;91H0;NA;NA;134;NA;NA;zastoupení nepřírodních biotopů v segmentech stanoviště;8;NA;2026-02-20;AOPK ČR - RP Střední Čechy;RP Střední Čechy;NA;NA
Stanoviště;CZ0114001;Radotínské údolí;Panonské šipákové doubravy;91H0;NA;NA;136;NA;NA;druhy červeného seznamu;8;NA;2026-02-20;AOPK ČR - RP Střední Čechy;RP Střední Čechy;NA;NA
Stanoviště;CZ0114001;Radotínské údolí;Panonské šipákové doubravy;91H0;NA;NA;137;NA;NA;% rozlohy zasažené invazními druhy;8;NA;2026-02-20;AOPK ČR - RP Střední Čechy;RP Střední Čechy;MINIMI;NA
Stanoviště;CZ0114001;Radotínské údolí;Panonské šipákové doubravy;91H0;NA;NA;138;NA;NA;% rozlohy zasažené expanzivními druhy;8;NA;2026-02-20;AOPK ČR - RP Střední Čechy;RP Střední Čechy;MINIMI;NA
Stanoviště;CZ0114001;Radotínské údolí;Panonské šipákové doubravy;91H0;2014-10-03;2017-04-23;162;0,7887;NA;140;8;3;2026-02-20;AOPK ČR - RP Střední Čechy;RP Střední Čechy;NA;NA
Stanoviště;CZ0114001;Radotínské údolí;Panonské šipákové doubravy;91H0;2014-10-03;2017-04-23;10;NA;NA;NA;11;NA;2026-02-20;AOPK ČR - RP Střední Čechy;RP Střední Čechy;NA;NA
Stanoviště;CZ0210101;Dymokursko;Panonské šipákové doubravy;91H0;2015-06-28;2016-06-09;128;49,6199;42.39;hektary;11;3;2026-02-20;Krajský úřad Královéhradeckého kraje, Krajský úřad Středočeského kraje;RP SCHKO Kokořínsko - Máchův kraj;SDF;NA
Stanoviště;CZ0210101;Dymokursko;Panonské šipákové doubravy;91H0;2015-06-28;2016-06-09;129;2,0303;2;140;13;3;2026-02-20;Krajský úřad Královéhradeckého kraje, Krajský úřad Středočeského kraje;RP SCHKO Kokořínsko - Máchův kraj;MINIMI;NA
Stanoviště;CZ0210101;Dymokursko;Panonské šipákové doubravy;91H0;2015-06-28;2016-06-09;132;1,9978;NA;140;8;3;2026-02-20;Krajský úřad Královéhradeckého kraje, Krajský úřad Středočeského kraje;RP SCHKO Kokořínsko - Máchův kraj;NA;NA
Stanoviště;CZ0210101;Dymokursko;Panonské šipákové doubravy;91H0;NA;NA;133;NA;NA;% rozlohy v celistvém uspořádání splňující hodnotu minimiareálu;8;NA;2026-02-20;Krajský úřad Královéhradeckého kraje, Krajský úřad Středočeského kraje;RP SCHKO Kokořínsko - Máchův kraj;NA;NA
Stanoviště;CZ0210101;Dymokursko;Panonské šipákové doubravy;91H0;NA;NA;135;NA;NA;% hranice s nepřírodními biotopy;8;NA;2026-02-20;Krajský úřad Královéhradeckého kraje, Krajský úřad Středočeského kraje;RP SCHKO Kokořínsko - Máchův kraj;NA;NA
Stanoviště;CZ0210101;Dymokursko;Panonské šipákové doubravy;91H0;NA;NA;134;NA;NA;zastoupení nepřírodních biotopů v segmentech stanoviště;8;NA;2026-02-20;Krajský úřad Královéhradeckého kraje, Krajský úřad Středočeského kraje;RP SCHKO Kokořínsko - Máchův kraj;NA;NA
Stanoviště;CZ0210101;Dymokursko;Panonské šipákové doubravy;91H0;NA;NA;136;NA;NA;druhy červeného seznamu;8;NA;2026-02-20;Krajský úřad Královéhradeckého kraje, Krajský úřad Středočeského kraje;RP SCHKO Kokořínsko - Máchův kraj;NA;NA
Stanoviště;CZ0210101;Dymokursko;Panonské šipákové doubravy;91H0;NA;NA;137;NA;NA;% rozlohy zasažené invazními druhy;8;NA;2026-02-20;Krajský úřad Královéhradeckého kraje, Krajský úřad Středočeského kraje;RP SCHKO Kokořínsko - Máchův kraj;MINIMI;NA
Stanoviště;CZ0210101;Dymokursko;Panonské šipákové doubravy;91H0;NA;NA;138;NA;NA;% rozlohy zasažené expanzivními druhy;8;NA;2026-02-20;Krajský úřad Královéhradeckého kraje, Krajský úřad Středočeského kraje;RP SCHKO Kokořínsko - Máchův kraj;MINIMI;NA
Stanoviště;CZ0210101;Dymokursko;Panonské šipákové doubravy;91H0;2015-06-28;2016-06-09;162;0,7375;NA;140;8;3;2026-02-20;Krajský úřad Královéhradeckého kraje, Krajský úřad Středočeského kraje;RP SCHKO Kokořínsko - Máchův kraj;NA;NA
Stanoviště;CZ0210101;Dymokursko;Panonské šipákové doubravy;91H0;2015-06-28;2016-06-09;10;NA;NA;NA;12;NA;2026-02-20;Krajský úřad Královéhradeckého kraje, Krajský úřad Středočeského kraje;RP SCHKO Kokořínsko - Máchův kraj;NA;NA
Stanoviště;CZ0210409;Kulivá hora;Panonské šipákové doubravy;91H0;2011-07-10;2011-07-10;128;7,4762;7.46;hektary;11;3;2026-02-20;AOPK ČR - RP Střední Čechy;RP Střední Čechy;VMB2;NA
Stanoviště;CZ0210409;Kulivá hora;Panonské šipákové doubravy;91H0;2011-07-10;2011-07-10;129;1;1;140;11;3;2026-02-20;AOPK ČR - RP Střední Čechy;RP Střední Čechy;VMB2;NA
Stanoviště;CZ0210409;Kulivá hora;Panonské šipákové doubravy;91H0;2011-07-10;2011-07-10;132;1,0193;NA;140;8;3;2026-02-20;AOPK ČR - RP Střední Čechy;RP Střední Čechy;NA;NA
Stanoviště;CZ0210409;Kulivá hora;Panonské šipákové doubravy;91H0;NA;NA;133;NA;NA;% rozlohy v celistvém uspořádání splňující hodnotu minimiareálu;8;NA;2026-02-20;AOPK ČR - RP Střední Čechy;RP Střední Čechy;NA;NA
Stanoviště;CZ0210409;Kulivá hora;Panonské šipákové doubravy;91H0;NA;NA;135;NA;NA;% hranice s nepřírodními biotopy;8;NA;2026-02-20;AOPK ČR - RP Střední Čechy;RP Střední Čechy;NA;NA
Stanoviště;CZ0210409;Kulivá hora;Panonské šipákové doubravy;91H0;NA;NA;134;NA;NA;zastoupení nepřírodních biotopů v segmentech stanoviště;8;NA;2026-02-20;AOPK ČR - RP Střední Čechy;RP Střední Čechy;NA;NA
Stanoviště;CZ0210409;Kulivá hora;Panonské šipákové doubravy;91H0;NA;NA;136;NA;NA;druhy červeného seznamu;8;NA;2026-02-20;AOPK ČR - RP Střední Čechy;RP Střední Čechy;NA;NA
Stanoviště;CZ0210409;Kulivá hora;Panonské šipákové doubravy;91H0;NA;NA;137;NA;NA;% rozlohy zasažené invazními druhy;8;NA;2026-02-20;AOPK ČR - RP Střední Čechy;RP Střední Čechy;MINIMI;NA
Stanoviště;CZ0210409;Kulivá hora;Panonské šipákové doubravy;91H0;NA;NA;138;NA;NA;% rozlohy zasažené expanzivními druhy;8;NA;2026-02-20;AOPK ČR - RP Střední Čechy;RP Střední Čechy;MINIMI;NA
Stanoviště;CZ0210409;Kulivá hora;Panonské šipákové doubravy;91H0;2011-07-10;2011-07-10;162;1;NA;140;8;3;2026-02-20;AOPK ČR - RP Střední Čechy;RP Střední Čechy;NA;NA
Stanoviště;CZ0210409;Kulivá hora;Panonské šipákové doubravy;91H0;2011-07-10;2011-07-10;10;NA;NA;NA;11;NA;2026-02-20;AOPK ČR - RP Střední Čechy;RP Střední Čechy;NA;NA
Stanoviště;CZ0210421;Mramor;Panonské šipákové doubravy;91H0;2020-04-09;2021-06-25;128;5,8961;5.88;hektary;11;3;2026-02-20;AOPK ČR - RP Střední Čechy;RP Střední Čechy;VMB2;NA
Stanoviště;CZ0210421;Mramor;Panonské šipákové doubravy;91H0;2020-04-09;2021-06-25;129;1,7554;1.8;140;11;3;2026-02-20;AOPK ČR - RP Střední Čechy;RP Střední Čechy;VMB2;NA
Stanoviště;CZ0210421;Mramor;Panonské šipákové doubravy;91H0;2020-04-09;2021-06-25;132;1,0357;NA;140;8;3;2026-02-20;AOPK ČR - RP Střední Čechy;RP Střední Čechy;NA;NA
Stanoviště;CZ0210421;Mramor;Panonské šipákové doubravy;91H0;NA;NA;133;NA;NA;% rozlohy v celistvém uspořádání splňující hodnotu minimiareálu;8;NA;2026-02-20;AOPK ČR - RP Střední Čechy;RP Střední Čechy;MINIMI;NA
Stanoviště;CZ0210421;Mramor;Panonské šipákové doubravy;91H0;NA;NA;135;NA;NA;% hranice s nepřírodními biotopy;8;NA;2026-02-20;AOPK ČR - RP Střední Čechy;RP Střední Čechy;NA;NA
Stanoviště;CZ0210421;Mramor;Panonské šipákové doubravy;91H0;NA;NA;134;NA;NA;zastoupení nepřírodních biotopů v segmentech stanoviště;8;NA;2026-02-20;AOPK ČR - RP Střední Čechy;RP Střední Čechy;NA;NA
Stanoviště;CZ0210421;Mramor;Panonské šipákové doubravy;91H0;NA;NA;136;NA;NA;druhy červeného seznamu;8;NA;2026-02-20;AOPK ČR - RP Střední Čechy;RP Střední Čechy;NA;NA
Stanoviště;CZ0210421;Mramor;Panonské šipákové doubravy;91H0;NA;NA;137;NA;NA;% rozlohy zasažené invazními druhy;8;NA;2026-02-20;AOPK ČR - RP Střední Čechy;RP Střední Čechy;MINIMI;NA
Stanoviště;CZ0210421;Mramor;Panonské šipákové doubravy;91H0;NA;NA;138;NA;NA;% rozlohy zasažené expanzivními druhy;8;NA;2026-02-20;AOPK ČR - RP Střední Čechy;RP Střední Čechy;MINIMI;NA
Stanoviště;CZ0210421;Mramor;Panonské šipákové doubravy;91H0;2020-04-09;2021-06-25;162;0;NA;140;8;3;2026-02-20;AOPK ČR - RP Střední Čechy;RP Střední Čechy;MINIMI;NA
Stanoviště;CZ0210421;Mramor;Panonské šipákové doubravy;91H0;2020-04-09;2021-06-25;10;NA;NA;NA;11;NA;2026-02-20;AOPK ČR - RP Střední Čechy;RP Střední Čechy;NA;NA
Stanoviště;CZ0214002;Karlické údolí;Panonské šipákové doubravy;91H0;2016-04-28;2020-04-28;128;42,275;42.27;hektary;11;3;2026-02-20;AOPK ČR - RP Střední Čechy;RP Střední Čechy;VMB2;NA
Stanoviště;CZ0214002;Karlické údolí;Panonské šipákové doubravy;91H0;2016-04-28;2020-04-28;129;2,4101;2;140;13;3;2026-02-20;AOPK ČR - RP Střední Čechy;RP Střední Čechy;MINIMI;NA
Stanoviště;CZ0214002;Karlické údolí;Panonské šipákové doubravy;91H0;2016-04-28;2020-04-28;132;1,2791;NA;140;8;3;2026-02-20;AOPK ČR - RP Střední Čechy;RP Střední Čechy;NA;NA
Stanoviště;CZ0214002;Karlické údolí;Panonské šipákové doubravy;91H0;NA;NA;133;NA;NA;% rozlohy v celistvém uspořádání splňující hodnotu minimiareálu;8;NA;2026-02-20;AOPK ČR - RP Střední Čechy;RP Střední Čechy;NA;NA
Stanoviště;CZ0214002;Karlické údolí;Panonské šipákové doubravy;91H0;NA;NA;135;NA;NA;% hranice s nepřírodními biotopy;8;NA;2026-02-20;AOPK ČR - RP Střední Čechy;RP Střední Čechy;NA;NA
Stanoviště;CZ0214002;Karlické údolí;Panonské šipákové doubravy;91H0;NA;NA;134;NA;NA;zastoupení nepřírodních biotopů v segmentech stanoviště;8;NA;2026-02-20;AOPK ČR - RP Střední Čechy;RP Střední Čechy;NA;NA
Stanoviště;CZ0214002;Karlické údolí;Panonské šipákové doubravy;91H0;NA;NA;136;NA;NA;druhy červeného seznamu;8;NA;2026-02-20;AOPK ČR - RP Střední Čechy;RP Střední Čechy;NA;NA
Stanoviště;CZ0214002;Karlické údolí;Panonské šipákové doubravy;91H0;NA;NA;137;NA;NA;% rozlohy zasažené invazními druhy;8;NA;2026-02-20;AOPK ČR - RP Střední Čechy;RP Střední Čechy;MINIMI;NA
Stanoviště;CZ0214002;Karlické údolí;Panonské šipákové doubravy;91H0;NA;NA;138;NA;NA;% rozlohy zasažené expanzivními druhy;8;NA;2026-02-20;AOPK ČR - RP Střední Čechy;RP Střední Čechy;MINIMI;NA
Stanoviště;CZ0214002;Karlické údolí;Panonské šipákové doubravy;91H0;2016-04-28;2020-04-28;162;0,5046;NA;140;8;3;2026-02-20;AOPK ČR - RP Střední Čechy;RP Střední Čechy;NA;NA
Stanoviště;CZ0214002;Karlické údolí;Panonské šipákové doubravy;91H0;2016-04-28;2020-04-28;10;NA;NA;NA;12;NA;2026-02-20;AOPK ČR - RP Střední Čechy;RP Střední Čechy;NA;NA
Stanoviště;CZ0214017;Karlštejn - Koda;Panonské šipákové doubravy;91H0;2006-06-30;2017-06-21;128;293,6141;293.61;hektary;11;3;2026-02-20;AOPK ČR - RP Střední Čechy;RP Střední Čechy;VMB2;NA
Stanoviště;CZ0214017;Karlštejn - Koda;Panonské šipákové doubravy;91H0;2006-06-30;2017-06-21;129;1,6083;1.7;140;11;3;2026-02-20;AOPK ČR - RP Střední Čechy;RP Střední Čechy;VMB2;NA
Stanoviště;CZ0214017;Karlštejn - Koda;Panonské šipákové doubravy;91H0;2006-06-30;2017-06-21;132;1,3713;NA;140;8;3;2026-02-20;AOPK ČR - RP Střední Čechy;RP Střední Čechy;NA;NA
Stanoviště;CZ0214017;Karlštejn - Koda;Panonské šipákové doubravy;91H0;NA;NA;133;NA;NA;% rozlohy v celistvém uspořádání splňující hodnotu minimiareálu;8;NA;2026-02-20;AOPK ČR - RP Střední Čechy;RP Střední Čechy;NA;NA
Stanoviště;CZ0214017;Karlštejn - Koda;Panonské šipákové doubravy;91H0;NA;NA;135;NA;NA;% hranice s nepřírodními biotopy;8;NA;2026-02-20;AOPK ČR - RP Střední Čechy;RP Střední Čechy;NA;NA
Stanoviště;CZ0214017;Karlštejn - Koda;Panonské šipákové doubravy;91H0;NA;NA;134;NA;NA;zastoupení nepřírodních biotopů v segmentech stanoviště;8;NA;2026-02-20;AOPK ČR - RP Střední Čechy;RP Střední Čechy;NA;NA
Stanoviště;CZ0214017;Karlštejn - Koda;Panonské šipákové doubravy;91H0;NA;NA;136;NA;NA;druhy červeného seznamu;8;NA;2026-02-20;AOPK ČR - RP Střední Čechy;RP Střední Čechy;NA;NA
Stanoviště;CZ0214017;Karlštejn - Koda;Panonské šipákové doubravy;91H0;NA;NA;137;NA;NA;% rozlohy zasažené invazními druhy;8;NA;2026-02-20;AOPK ČR - RP Střední Čechy;RP Střední Čechy;MINIMI;NA
Stanoviště;CZ0214017;Karlštejn - Koda;Panonské šipákové doubravy;91H0;NA;NA;138;NA;NA;% rozlohy zasažené expanzivními druhy;8;NA;2026-02-20;AOPK ČR - RP Střední Čechy;RP Střední Čechy;MINIMI;NA
Stanoviště;CZ0214017;Karlštejn - Koda;Panonské šipákové doubravy;91H0;2006-06-30;2017-06-21;162;0,3975;NA;140;8;3;2026-02-20;AOPK ČR - RP Střední Čechy;RP Střední Čechy;NA;NA
Stanoviště;CZ0214017;Karlštejn - Koda;Panonské šipákové doubravy;91H0;2006-06-30;2017-06-21;10;NA;NA;NA;11;NA;2026-02-20;AOPK ČR - RP Střední Čechy;RP Střední Čechy;NA;NA
Stanoviště;CZ0214050;Žehuňsko;Panonské šipákové doubravy;91H0;2013-06-18;2013-07-05;128;39,5118;32.44;hektary;11;3;2026-02-20;AOPK ČR - RP SCHKO Kokořínsko - Máchův kraj, AOPK ČR - RP Střední Čechy, Krajský úřad Královéhradeckého kraje, Krajský úřad Středočeského kraje;RP SCHKO Kokořínsko - Máchův kraj;VMB2;NA
Stanoviště;CZ0214050;Žehuňsko;Panonské šipákové doubravy;91H0;2013-06-18;2013-07-05;129;1,846;1.9;140;11;3;2026-02-20;AOPK ČR - RP SCHKO Kokořínsko - Máchův kraj, AOPK ČR - RP Střední Čechy, Krajský úřad Královéhradeckého kraje, Krajský úřad Středočeského kraje;RP SCHKO Kokořínsko - Máchův kraj;VMB2;NA
Stanoviště;CZ0214050;Žehuňsko;Panonské šipákové doubravy;91H0;2013-06-18;2013-07-05;132;2,031;NA;140;8;3;2026-02-20;AOPK ČR - RP SCHKO Kokořínsko - Máchův kraj, AOPK ČR - RP Střední Čechy, Krajský úřad Královéhradeckého kraje, Krajský úřad Středočeského kraje;RP SCHKO Kokořínsko - Máchův kraj;NA;NA
Stanoviště;CZ0214050;Žehuňsko;Panonské šipákové doubravy;91H0;NA;NA;133;NA;NA;% rozlohy v celistvém uspořádání splňující hodnotu minimiareálu;8;NA;2026-02-20;AOPK ČR - RP SCHKO Kokořínsko - Máchův kraj, AOPK ČR - RP Střední Čechy, Krajský úřad Královéhradeckého kraje, Krajský úřad Středočeského kraje;RP SCHKO Kokořínsko - Máchův kraj;NA;NA
Stanoviště;CZ0214050;Žehuňsko;Panonské šipákové doubravy;91H0;NA;NA;135;NA;NA;% hranice s nepřírodními biotopy;8;NA;2026-02-20;AOPK ČR - RP SCHKO Kokořínsko - Máchův kraj, AOPK ČR - RP Střední Čechy, Krajský úřad Královéhradeckého kraje, Krajský úřad Středočeského kraje;RP SCHKO Kokořínsko - Máchův kraj;NA;NA
Stanoviště;CZ0214050;Žehuňsko;Panonské šipákové doubravy;91H0;NA;NA;134;NA;NA;zastoupení nepřírodních biotopů v segmentech stanoviště;8;NA;2026-02-20;AOPK ČR - RP SCHKO Kokořínsko - Máchův kraj, AOPK ČR - RP Střední Čechy, Krajský úřad Královéhradeckého kraje, Krajský úřad Středočeského kraje;RP SCHKO Kokořínsko - Máchův kraj;NA;NA
Stanoviště;CZ0214050;Žehuňsko;Panonské šipákové doubravy;91H0;NA;NA;136;NA;NA;druhy červeného seznamu;8;NA;2026-02-20;AOPK ČR - RP SCHKO Kokořínsko - Máchův kraj, AOPK ČR - RP Střední Čechy, Krajský úřad Královéhradeckého kraje, Krajský úřad Středočeského kraje;RP SCHKO Kokořínsko - Máchův kraj;NA;NA
Stanoviště;CZ0214050;Žehuňsko;Panonské šipákové doubravy;91H0;NA;NA;137;NA;NA;% rozlohy zasažené invazními druhy;8;NA;2026-02-20;AOPK ČR - RP SCHKO Kokořínsko - Máchův kraj, AOPK ČR - RP Střední Čechy, Krajský úřad Královéhradeckého kraje, Krajský úřad Středočeského kraje;RP SCHKO Kokořínsko - Máchův kraj;MINIMI;NA
Stanoviště;CZ0214050;Žehuňsko;Panonské šipákové doubravy;91H0;NA;NA;138;NA;NA;% rozlohy zasažené expanzivními druhy;8;NA;2026-02-20;AOPK ČR - RP SCHKO Kokořínsko - Máchův kraj, AOPK ČR - RP Střední Čechy, Krajský úřad Královéhradeckého kraje, Krajský úřad Středočeského kraje;RP SCHKO Kokořínsko - Máchův kraj;MINIMI;NA
Stanoviště;CZ0214050;Žehuňsko;Panonské šipákové doubravy;91H0;2013-06-18;2013-07-05;162;0,8025;NA;140;8;3;2026-02-20;AOPK ČR - RP SCHKO Kokořínsko - Máchův kraj, AOPK ČR - RP Střední Čechy, Krajský úřad Královéhradeckého kraje, Krajský úřad Středočeského kraje;RP SCHKO Kokořínsko - Máchův kraj;NA;NA
Stanoviště;CZ0214050;Žehuňsko;Panonské šipákové doubravy;91H0;2013-06-18;2013-07-05;10;NA;NA;NA;11;NA;2026-02-20;AOPK ČR - RP SCHKO Kokořínsko - Máchův kraj, AOPK ČR - RP Střední Čechy, Krajský úřad Královéhradeckého kraje, Krajský úřad Středočeského kraje;RP SCHKO Kokořínsko - Máchův kraj;NA;NA
Stanoviště;CZ0420007;Holý vrch;Panonské šipákové doubravy;91H0;2011-09-30;2011-09-30;128;2,2747;3.5;hektary;13;3;2026-02-20;Krajský úřad Ústeckého kraje;RP SCHKO České středohoří;MINIMI;NA
Stanoviště;CZ0420007;Holý vrch;Panonské šipákové doubravy;91H0;2011-09-30;2011-09-30;129;2;2;140;11;3;2026-02-20;Krajský úřad Ústeckého kraje;RP SCHKO České středohoří;VMB2;NA
Stanoviště;CZ0420007;Holý vrch;Panonské šipákové doubravy;91H0;2011-09-30;2011-09-30;132;2;NA;140;8;3;2026-02-20;Krajský úřad Ústeckého kraje;RP SCHKO České středohoří;NA;NA
Stanoviště;CZ0420007;Holý vrch;Panonské šipákové doubravy;91H0;NA;NA;133;NA;NA;% rozlohy v celistvém uspořádání splňující hodnotu minimiareálu;8;NA;2026-02-20;Krajský úřad Ústeckého kraje;RP SCHKO České středohoří;MINIMI;NA
Stanoviště;CZ0420007;Holý vrch;Panonské šipákové doubravy;91H0;NA;NA;135;NA;NA;% hranice s nepřírodními biotopy;8;NA;2026-02-20;Krajský úřad Ústeckého kraje;RP SCHKO České středohoří;NA;NA
Stanoviště;CZ0420007;Holý vrch;Panonské šipákové doubravy;91H0;NA;NA;134;NA;NA;zastoupení nepřírodních biotopů v segmentech stanoviště;8;NA;2026-02-20;Krajský úřad Ústeckého kraje;RP SCHKO České středohoří;NA;NA
Stanoviště;CZ0420007;Holý vrch;Panonské šipákové doubravy;91H0;NA;NA;136;NA;NA;druhy červeného seznamu;8;NA;2026-02-20;Krajský úřad Ústeckého kraje;RP SCHKO České středohoří;NA;NA
Stanoviště;CZ0420007;Holý vrch;Panonské šipákové doubravy;91H0;NA;NA;137;NA;NA;% rozlohy zasažené invazními druhy;8;NA;2026-02-20;Krajský úřad Ústeckého kraje;RP SCHKO České středohoří;MINIMI;NA
Stanoviště;CZ0420007;Holý vrch;Panonské šipákové doubravy;91H0;NA;NA;138;NA;NA;% rozlohy zasažené expanzivními druhy;8;NA;2026-02-20;Krajský úřad Ústeckého kraje;RP SCHKO České středohoří;MINIMI;NA
Stanoviště;CZ0420007;Holý vrch;Panonské šipákové doubravy;91H0;2011-09-30;2011-09-30;162;1;NA;140;8;3;2026-02-20;Krajský úřad Ústeckého kraje;RP SCHKO České středohoří;NA;NA
Stanoviště;CZ0420007;Holý vrch;Panonské šipákové doubravy;91H0;2011-09-30;2011-09-30;10;NA;NA;NA;12;NA;2026-02-20;Krajský úřad Ústeckého kraje;RP SCHKO České středohoří;NA;NA
Stanoviště;CZ0420041;Skalky u Třebutiček;Panonské šipákové doubravy;91H0;2022-09-21;2022-09-21;128;1,7591;1.75;hektary;11;3;2026-02-20;Krajský úřad Ústeckého kraje;RP SCHKO České středohoří;VMB2;NA
Stanoviště;CZ0420041;Skalky u Třebutiček;Panonské šipákové doubravy;91H0;2022-09-21;2022-09-21;129;2;2;140;11;3;2026-02-20;Krajský úřad Ústeckého kraje;RP SCHKO České středohoří;VMB2;NA
Stanoviště;CZ0420041;Skalky u Třebutiček;Panonské šipákové doubravy;91H0;2022-09-21;2022-09-21;132;2;NA;140;8;3;2026-02-20;Krajský úřad Ústeckého kraje;RP SCHKO České středohoří;NA;NA
Stanoviště;CZ0420041;Skalky u Třebutiček;Panonské šipákové doubravy;91H0;NA;NA;133;NA;NA;% rozlohy v celistvém uspořádání splňující hodnotu minimiareálu;8;NA;2026-02-20;Krajský úřad Ústeckého kraje;RP SCHKO České středohoří;MINIMI;NA
Stanoviště;CZ0420041;Skalky u Třebutiček;Panonské šipákové doubravy;91H0;NA;NA;135;NA;NA;% hranice s nepřírodními biotopy;8;NA;2026-02-20;Krajský úřad Ústeckého kraje;RP SCHKO České středohoří;NA;NA
Stanoviště;CZ0420041;Skalky u Třebutiček;Panonské šipákové doubravy;91H0;NA;NA;134;NA;NA;zastoupení nepřírodních biotopů v segmentech stanoviště;8;NA;2026-02-20;Krajský úřad Ústeckého kraje;RP SCHKO České středohoří;NA;NA
Stanoviště;CZ0420041;Skalky u Třebutiček;Panonské šipákové doubravy;91H0;NA;NA;136;NA;NA;druhy červeného seznamu;8;NA;2026-02-20;Krajský úřad Ústeckého kraje;RP SCHKO České středohoří;NA;NA
Stanoviště;CZ0420041;Skalky u Třebutiček;Panonské šipákové doubravy;91H0;NA;NA;137;NA;NA;% rozlohy zasažené invazními druhy;8;NA;2026-02-20;Krajský úřad Ústeckého kraje;RP SCHKO České středohoří;MINIMI;NA
Stanoviště;CZ0420041;Skalky u Třebutiček;Panonské šipákové doubravy;91H0;NA;NA;138;NA;NA;% rozlohy zasažené expanzivními druhy;8;NA;2026-02-20;Krajský úřad Ústeckého kraje;RP SCHKO České středohoří;MINIMI;NA
Stanoviště;CZ0420041;Skalky u Třebutiček;Panonské šipákové doubravy;91H0;2022-09-21;2022-09-21;162;0;NA;140;8;NA;2026-02-20;Krajský úřad Ústeckého kraje;RP SCHKO České středohoří;NA;NA
Stanoviště;CZ0420041;Skalky u Třebutiček;Panonské šipákové doubravy;91H0;2022-09-21;2022-09-21;10;NA;NA;NA;11;NA;2026-02-20;Krajský úřad Ústeckého kraje;RP SCHKO České středohoří;NA;NA
Stanoviště;CZ0420073;Údolí Podbradeckého potoka;Panonské šipákové doubravy;91H0;2013-09-22;2013-09-22;128;6,0018;6;hektary;11;3;2026-02-20;Krajský úřad Ústeckého kraje;RP SCHKO České středohoří;VMB2;NA
Stanoviště;CZ0420073;Údolí Podbradeckého potoka;Panonské šipákové doubravy;91H0;2013-09-22;2013-09-22;129;1,5097;1.6;140;11;3;2026-02-20;Krajský úřad Ústeckého kraje;RP SCHKO České středohoří;VMB2;NA
Stanoviště;CZ0420073;Údolí Podbradeckého potoka;Panonské šipákové doubravy;91H0;2013-09-22;2013-09-22;132;1,149;NA;140;8;3;2026-02-20;Krajský úřad Ústeckého kraje;RP SCHKO České středohoří;NA;NA
Stanoviště;CZ0420073;Údolí Podbradeckého potoka;Panonské šipákové doubravy;91H0;NA;NA;133;NA;NA;% rozlohy v celistvém uspořádání splňující hodnotu minimiareálu;8;NA;2026-02-20;Krajský úřad Ústeckého kraje;RP SCHKO České středohoří;NA;NA
Stanoviště;CZ0420073;Údolí Podbradeckého potoka;Panonské šipákové doubravy;91H0;NA;NA;135;NA;NA;% hranice s nepřírodními biotopy;8;NA;2026-02-20;Krajský úřad Ústeckého kraje;RP SCHKO České středohoří;NA;NA
Stanoviště;CZ0420073;Údolí Podbradeckého potoka;Panonské šipákové doubravy;91H0;NA;NA;134;NA;NA;zastoupení nepřírodních biotopů v segmentech stanoviště;8;NA;2026-02-20;Krajský úřad Ústeckého kraje;RP SCHKO České středohoří;NA;NA
Stanoviště;CZ0420073;Údolí Podbradeckého potoka;Panonské šipákové doubravy;91H0;NA;NA;136;NA;NA;druhy červeného seznamu;8;NA;2026-02-20;Krajský úřad Ústeckého kraje;RP SCHKO České středohoří;NA;NA
Stanoviště;CZ0420073;Údolí Podbradeckého potoka;Panonské šipákové doubravy;91H0;NA;NA;137;NA;NA;% rozlohy zasažené invazními druhy;8;NA;2026-02-20;Krajský úřad Ústeckého kraje;RP SCHKO České středohoří;MINIMI;NA
Stanoviště;CZ0420073;Údolí Podbradeckého potoka;Panonské šipákové doubravy;91H0;NA;NA;138;NA;NA;% rozlohy zasažené expanzivními druhy;8;NA;2026-02-20;Krajský úřad Ústeckého kraje;RP SCHKO České středohoří;MINIMI;NA
Stanoviště;CZ0420073;Údolí Podbradeckého potoka;Panonské šipákové doubravy;91H0;2013-09-22;2013-09-22;162;0,9837;NA;140;8;3;2026-02-20;Krajský úřad Ústeckého kraje;RP SCHKO České středohoří;NA;NA
Stanoviště;CZ0420073;Údolí Podbradeckého potoka;Panonské šipákové doubravy;91H0;2013-09-22;2013-09-22;10;NA;NA;NA;11;NA;2026-02-20;Krajský úřad Ústeckého kraje;RP SCHKO České středohoří;NA;NA
Stanoviště;CZ0420459;Košťálov;Panonské šipákové doubravy;91H0;2014-09-09;2014-09-16;128;4,3252;4.32;hektary;11;3;2026-02-20;AOPK ČR - RP SCHKO České středohoří;RP SCHKO České středohoří;VMB2;NA
Stanoviště;CZ0420459;Košťálov;Panonské šipákové doubravy;91H0;2014-09-09;2014-09-16;129;2,3002;2;140;13;3;2026-02-20;AOPK ČR - RP SCHKO České středohoří;RP SCHKO České středohoří;MINIMI;NA
Stanoviště;CZ0420459;Košťálov;Panonské šipákové doubravy;91H0;2014-09-09;2014-09-16;132;2,0357;NA;140;8;3;2026-02-20;AOPK ČR - RP SCHKO České středohoří;RP SCHKO České středohoří;NA;NA
Stanoviště;CZ0420459;Košťálov;Panonské šipákové doubravy;91H0;NA;NA;133;NA;NA;% rozlohy v celistvém uspořádání splňující hodnotu minimiareálu;8;NA;2026-02-20;AOPK ČR - RP SCHKO České středohoří;RP SCHKO České středohoří;MINIMI;NA
Stanoviště;CZ0420459;Košťálov;Panonské šipákové doubravy;91H0;NA;NA;135;NA;NA;% hranice s nepřírodními biotopy;8;NA;2026-02-20;AOPK ČR - RP SCHKO České středohoří;RP SCHKO České středohoří;NA;NA
Stanoviště;CZ0420459;Košťálov;Panonské šipákové doubravy;91H0;NA;NA;134;NA;NA;zastoupení nepřírodních biotopů v segmentech stanoviště;8;NA;2026-02-20;AOPK ČR - RP SCHKO České středohoří;RP SCHKO České středohoří;NA;NA
Stanoviště;CZ0420459;Košťálov;Panonské šipákové doubravy;91H0;NA;NA;136;NA;NA;druhy červeného seznamu;8;NA;2026-02-20;AOPK ČR - RP SCHKO České středohoří;RP SCHKO České středohoří;NA;NA
Stanoviště;CZ0420459;Košťálov;Panonské šipákové doubravy;91H0;NA;NA;137;NA;NA;% rozlohy zasažené invazními druhy;8;NA;2026-02-20;AOPK ČR - RP SCHKO České středohoří;RP SCHKO České středohoří;MINIMI;NA
Stanoviště;CZ0420459;Košťálov;Panonské šipákové doubravy;91H0;NA;NA;138;NA;NA;% rozlohy zasažené expanzivními druhy;8;NA;2026-02-20;AOPK ČR - RP SCHKO České středohoří;RP SCHKO České středohoří;MINIMI;NA
Stanoviště;CZ0420459;Košťálov;Panonské šipákové doubravy;91H0;2014-09-09;2014-09-16;162;0,2914;NA;140;8;3;2026-02-20;AOPK ČR - RP SCHKO České středohoří;RP SCHKO České středohoří;NA;NA
Stanoviště;CZ0420459;Košťálov;Panonské šipákové doubravy;91H0;2014-09-09;2014-09-16;10;NA;NA;NA;12;NA;2026-02-20;AOPK ČR - RP SCHKO České středohoří;RP SCHKO České středohoří;NA;NA
Stanoviště;CZ0424036;Běšický chochol;Panonské šipákové doubravy;91H0;2009-01-24;2009-01-27;128;4,1848;4.18;hektary;11;3;2026-02-20;Krajský úřad Ústeckého kraje;RP SCHKO Slavkovský les;VMB2;NA
Stanoviště;CZ0424036;Běšický chochol;Panonské šipákové doubravy;91H0;2009-01-24;2009-01-27;129;1,6438;1.7;140;11;3;2026-02-20;Krajský úřad Ústeckého kraje;RP SCHKO Slavkovský les;VMB2;NA
Stanoviště;CZ0424036;Běšický chochol;Panonské šipákové doubravy;91H0;2009-01-24;2009-01-27;132;1,4292;NA;140;8;3;2026-02-20;Krajský úřad Ústeckého kraje;RP SCHKO Slavkovský les;NA;NA
Stanoviště;CZ0424036;Běšický chochol;Panonské šipákové doubravy;91H0;NA;NA;133;NA;NA;% rozlohy v celistvém uspořádání splňující hodnotu minimiareálu;8;NA;2026-02-20;Krajský úřad Ústeckého kraje;RP SCHKO Slavkovský les;MINIMI;NA
Stanoviště;CZ0424036;Běšický chochol;Panonské šipákové doubravy;91H0;NA;NA;135;NA;NA;% hranice s nepřírodními biotopy;8;NA;2026-02-20;Krajský úřad Ústeckého kraje;RP SCHKO Slavkovský les;NA;NA
Stanoviště;CZ0424036;Běšický chochol;Panonské šipákové doubravy;91H0;NA;NA;134;NA;NA;zastoupení nepřírodních biotopů v segmentech stanoviště;8;NA;2026-02-20;Krajský úřad Ústeckého kraje;RP SCHKO Slavkovský les;NA;NA
Stanoviště;CZ0424036;Běšický chochol;Panonské šipákové doubravy;91H0;NA;NA;136;NA;NA;druhy červeného seznamu;8;NA;2026-02-20;Krajský úřad Ústeckého kraje;RP SCHKO Slavkovský les;NA;NA
Stanoviště;CZ0424036;Běšický chochol;Panonské šipákové doubravy;91H0;NA;NA;137;NA;NA;% rozlohy zasažené invazními druhy;8;NA;2026-02-20;Krajský úřad Ústeckého kraje;RP SCHKO Slavkovský les;MINIMI;NA
Stanoviště;CZ0424036;Běšický chochol;Panonské šipákové doubravy;91H0;NA;NA;138;NA;NA;% rozlohy zasažené expanzivními druhy;8;NA;2026-02-20;Krajský úřad Ústeckého kraje;RP SCHKO Slavkovský les;MINIMI;NA
Stanoviště;CZ0424036;Běšický chochol;Panonské šipákové doubravy;91H0;2009-01-24;2009-01-27;162;0,7854;NA;140;8;3;2026-02-20;Krajský úřad Ústeckého kraje;RP SCHKO Slavkovský les;NA;NA
Stanoviště;CZ0424036;Běšický chochol;Panonské šipákové doubravy;91H0;2009-01-24;2009-01-27;10;NA;NA;NA;11;NA;2026-02-20;Krajský úřad Ústeckého kraje;RP SCHKO Slavkovský les;NA;NA
Stanoviště;CZ0624065;Květnice;Panonské šipákové doubravy;91H0;2017-08-28;2017-10-19;128;14,8679;14.86;hektary;11;3;2026-02-20;Krajský úřad Jihomoravského kraje;RP Jižní Morava;VMB2;NA
Stanoviště;CZ0624065;Květnice;Panonské šipákové doubravy;91H0;2017-08-28;2017-10-19;129;1,5725;1.6;140;11;3;2026-02-20;Krajský úřad Jihomoravského kraje;RP Jižní Morava;VMB2;NA
Stanoviště;CZ0624065;Květnice;Panonské šipákové doubravy;91H0;2017-08-28;2017-10-19;132;2,2153;NA;140;8;3;2026-02-20;Krajský úřad Jihomoravského kraje;RP Jižní Morava;NA;NA
Stanoviště;CZ0624065;Květnice;Panonské šipákové doubravy;91H0;NA;NA;133;NA;NA;% rozlohy v celistvém uspořádání splňující hodnotu minimiareálu;8;NA;2026-02-20;Krajský úřad Jihomoravského kraje;RP Jižní Morava;NA;NA
Stanoviště;CZ0624065;Květnice;Panonské šipákové doubravy;91H0;NA;NA;135;NA;NA;% hranice s nepřírodními biotopy;8;NA;2026-02-20;Krajský úřad Jihomoravského kraje;RP Jižní Morava;NA;NA
Stanoviště;CZ0624065;Květnice;Panonské šipákové doubravy;91H0;NA;NA;134;NA;NA;zastoupení nepřírodních biotopů v segmentech stanoviště;8;NA;2026-02-20;Krajský úřad Jihomoravského kraje;RP Jižní Morava;NA;NA
Stanoviště;CZ0624065;Květnice;Panonské šipákové doubravy;91H0;NA;NA;136;NA;NA;druhy červeného seznamu;8;NA;2026-02-20;Krajský úřad Jihomoravského kraje;RP Jižní Morava;NA;NA
Stanoviště;CZ0624065;Květnice;Panonské šipákové doubravy;91H0;NA;NA;137;NA;NA;% rozlohy zasažené invazními druhy;8;NA;2026-02-20;Krajský úřad Jihomoravského kraje;RP Jižní Morava;MINIMI;NA
Stanoviště;CZ0624065;Květnice;Panonské šipákové doubravy;91H0;NA;NA;138;NA;NA;% rozlohy zasažené expanzivními druhy;8;NA;2026-02-20;Krajský úřad Jihomoravského kraje;RP Jižní Morava;MINIMI;NA
Stanoviště;CZ0624065;Květnice;Panonské šipákové doubravy;91H0;2017-08-28;2017-10-19;162;1,7403;NA;140;8;3;2026-02-20;Krajský úřad Jihomoravského kraje;RP Jižní Morava;NA;NA
Stanoviště;CZ0624065;Květnice;Panonské šipákové doubravy;91H0;2017-08-28;2017-10-19;10;NA;NA;NA;11;NA;2026-02-20;Krajský úřad Jihomoravského kraje;RP Jižní Morava;NA;NA
Stanoviště;CZ0624095;Údolí Dyje;Panonské šipákové doubravy;91H0;NA;NA;128;NA;3.5;hektary;NA;NA;2026-02-20;Krajský úřad Jihomoravského kraje;RP Jižní Morava;MINIMI;NA
Stanoviště;CZ0624095;Údolí Dyje;Panonské šipákové doubravy;91H0;NA;NA;129;NA;2;140;13;NA;2026-02-20;Krajský úřad Jihomoravského kraje;RP Jižní Morava;MINIMI;NA
Stanoviště;CZ0624095;Údolí Dyje;Panonské šipákové doubravy;91H0;NA;NA;132;NA;NA;140;8;NA;2026-02-20;Krajský úřad Jihomoravského kraje;RP Jižní Morava;NA;NA
Stanoviště;CZ0624095;Údolí Dyje;Panonské šipákové doubravy;91H0;NA;NA;133;NA;NA;% rozlohy v celistvém uspořádání splňující hodnotu minimiareálu;8;NA;2026-02-20;Krajský úřad Jihomoravského kraje;RP Jižní Morava;NA;NA
Stanoviště;CZ0624095;Údolí Dyje;Panonské šipákové doubravy;91H0;NA;NA;135;NA;NA;% hranice s nepřírodními biotopy;8;NA;2026-02-20;Krajský úřad Jihomoravského kraje;RP Jižní Morava;NA;NA
Stanoviště;CZ0624095;Údolí Dyje;Panonské šipákové doubravy;91H0;NA;NA;134;NA;NA;zastoupení nepřírodních biotopů v segmentech stanoviště;8;NA;2026-02-20;Krajský úřad Jihomoravského kraje;RP Jižní Morava;NA;NA
Stanoviště;CZ0624095;Údolí Dyje;Panonské šipákové doubravy;91H0;NA;NA;136;NA;NA;druhy červeného seznamu;8;NA;2026-02-20;Krajský úřad Jihomoravského kraje;RP Jižní Morava;NA;NA
Stanoviště;CZ0624095;Údolí Dyje;Panonské šipákové doubravy;91H0;NA;NA;137;NA;NA;% rozlohy zasažené invazními druhy;8;NA;2026-02-20;Krajský úřad Jihomoravského kraje;RP Jižní Morava;NA;NA
Stanoviště;CZ0624095;Údolí Dyje;Panonské šipákové doubravy;91H0;NA;NA;138;NA;NA;% rozlohy zasažené expanzivními druhy;8;NA;2026-02-20;Krajský úřad Jihomoravského kraje;RP Jižní Morava;NA;NA
Stanoviště;CZ0624095;Údolí Dyje;Panonské šipákové doubravy;91H0;NA;NA;162;NA;NA;140;8;NA;2026-02-20;Krajský úřad Jihomoravského kraje;RP Jižní Morava;NA;NA
Stanoviště;CZ0624095;Údolí Dyje;Panonské šipákové doubravy;91H0;NA;NA;10;NA;NA;NA;13;NA;2026-02-20;Krajský úřad Jihomoravského kraje;RP Jižní Morava;NA;NA
Stanoviště;CZ0624100;Milovický les;Panonské šipákové doubravy;91H0;2011-05-10;2013-08-01;128;50,8619;50.85;hektary;11;3;2026-02-20;AOPK ČR - RP Jižní Morava;RP Jižní Morava;VMB2;NA
Stanoviště;CZ0624100;Milovický les;Panonské šipákové doubravy;91H0;2011-05-10;2013-08-01;129;3,248;2;140;13;3;2026-02-20;AOPK ČR - RP Jižní Morava;RP Jižní Morava;MINIMI;NA
Stanoviště;CZ0624100;Milovický les;Panonské šipákové doubravy;91H0;2011-05-10;2013-08-01;132;2,609;NA;140;8;3;2026-02-20;AOPK ČR - RP Jižní Morava;RP Jižní Morava;NA;NA
Stanoviště;CZ0624100;Milovický les;Panonské šipákové doubravy;91H0;NA;NA;133;NA;NA;% rozlohy v celistvém uspořádání splňující hodnotu minimiareálu;8;NA;2026-02-20;AOPK ČR - RP Jižní Morava;RP Jižní Morava;NA;NA
Stanoviště;CZ0624100;Milovický les;Panonské šipákové doubravy;91H0;NA;NA;135;NA;NA;% hranice s nepřírodními biotopy;8;NA;2026-02-20;AOPK ČR - RP Jižní Morava;RP Jižní Morava;NA;NA
Stanoviště;CZ0624100;Milovický les;Panonské šipákové doubravy;91H0;NA;NA;134;NA;NA;zastoupení nepřírodních biotopů v segmentech stanoviště;8;NA;2026-02-20;AOPK ČR - RP Jižní Morava;RP Jižní Morava;NA;NA
Stanoviště;CZ0624100;Milovický les;Panonské šipákové doubravy;91H0;NA;NA;136;NA;NA;druhy červeného seznamu;8;NA;2026-02-20;AOPK ČR - RP Jižní Morava;RP Jižní Morava;NA;NA
Stanoviště;CZ0624100;Milovický les;Panonské šipákové doubravy;91H0;NA;NA;137;NA;NA;% rozlohy zasažené invazními druhy;8;NA;2026-02-20;AOPK ČR - RP Jižní Morava;RP Jižní Morava;MINIMI;NA
Stanoviště;CZ0624100;Milovický les;Panonské šipákové doubravy;91H0;NA;NA;138;NA;NA;% rozlohy zasažené expanzivními druhy;8;NA;2026-02-20;AOPK ČR - RP Jižní Morava;RP Jižní Morava;MINIMI;NA
Stanoviště;CZ0624100;Milovický les;Panonské šipákové doubravy;91H0;2011-05-10;2013-08-01;162;0,9563;NA;140;8;3;2026-02-20;AOPK ČR - RP Jižní Morava;RP Jižní Morava;NA;NA
Stanoviště;CZ0624100;Milovický les;Panonské šipákové doubravy;91H0;2011-05-10;2013-08-01;10;NA;NA;NA;12;NA;2026-02-20;AOPK ČR - RP Jižní Morava;RP Jižní Morava;NA;NA
Stanoviště;CZ0624104;Děvín;Panonské šipákové doubravy;91H0;2022-07-07;2022-08-14;128;19,6452;16.25;hektary;11;2;2026-02-20;AOPK ČR - RP Jižní Morava;RP Jižní Morava;VMB2;NA
Stanoviště;CZ0624104;Děvín;Panonské šipákové doubravy;91H0;2022-07-07;2022-08-14;129;1,9984;2;140;11;2;2026-02-20;AOPK ČR - RP Jižní Morava;RP Jižní Morava;MINIMI;NA
Stanoviště;CZ0624104;Děvín;Panonské šipákové doubravy;91H0;2022-07-07;2022-08-14;132;1,6487;NA;140;8;NA;2026-02-20;AOPK ČR - RP Jižní Morava;RP Jižní Morava;NA;NA
Stanoviště;CZ0624104;Děvín;Panonské šipákové doubravy;91H0;NA;NA;133;NA;NA;% rozlohy v celistvém uspořádání splňující hodnotu minimiareálu;8;NA;2026-02-20;AOPK ČR - RP Jižní Morava;RP Jižní Morava;NA;NA
Stanoviště;CZ0624104;Děvín;Panonské šipákové doubravy;91H0;NA;NA;135;NA;NA;% hranice s nepřírodními biotopy;8;NA;2026-02-20;AOPK ČR - RP Jižní Morava;RP Jižní Morava;NA;NA
Stanoviště;CZ0624104;Děvín;Panonské šipákové doubravy;91H0;NA;NA;134;NA;NA;zastoupení nepřírodních biotopů v segmentech stanoviště;8;NA;2026-02-20;AOPK ČR - RP Jižní Morava;RP Jižní Morava;NA;NA
Stanoviště;CZ0624104;Děvín;Panonské šipákové doubravy;91H0;NA;NA;136;NA;NA;druhy červeného seznamu;8;NA;2026-02-20;AOPK ČR - RP Jižní Morava;RP Jižní Morava;NA;NA
Stanoviště;CZ0624104;Děvín;Panonské šipákové doubravy;91H0;NA;NA;137;NA;NA;% rozlohy zasažené invazními druhy;8;NA;2026-02-20;AOPK ČR - RP Jižní Morava;RP Jižní Morava;MINIMI;NA
Stanoviště;CZ0624104;Děvín;Panonské šipákové doubravy;91H0;NA;NA;138;NA;NA;% rozlohy zasažené expanzivními druhy;8;NA;2026-02-20;AOPK ČR - RP Jižní Morava;RP Jižní Morava;MINIMI;NA
Stanoviště;CZ0624104;Děvín;Panonské šipákové doubravy;91H0;2022-07-07;2022-08-14;162;0,5977;NA;140;8;NA;2026-02-20;AOPK ČR - RP Jižní Morava;RP Jižní Morava;NA;NA
Stanoviště;CZ0624104;Děvín;Panonské šipákové doubravy;91H0;2022-07-07;2022-08-14;10;NA;NA;NA;11;NA;2026-02-20;AOPK ČR - RP Jižní Morava;RP Jižní Morava;NA;NA
Stanoviště;CZ0624130;Moravský kras;Panonské šipákové doubravy;91H0;2010-05-20;2024-09-24;128;6,9002;6.75;hektary;11;3;2026-02-20;AOPK ČR - RP Jižní Morava, Krajský úřad Jihomoravského kraje;RP Jižní Morava;VMB2;NA
Stanoviště;CZ0624130;Moravský kras;Panonské šipákové doubravy;91H0;2010-05-20;2024-09-24;129;1,591;1.6;140;11;3;2026-02-20;AOPK ČR - RP Jižní Morava, Krajský úřad Jihomoravského kraje;RP Jižní Morava;VMB2;NA
Stanoviště;CZ0624130;Moravský kras;Panonské šipákové doubravy;91H0;2010-05-20;2024-09-24;132;1,2395;NA;140;8;NA;2026-02-20;AOPK ČR - RP Jižní Morava, Krajský úřad Jihomoravského kraje;RP Jižní Morava;NA;NA
Stanoviště;CZ0624130;Moravský kras;Panonské šipákové doubravy;91H0;NA;NA;133;NA;NA;% rozlohy v celistvém uspořádání splňující hodnotu minimiareálu;8;NA;2026-02-20;AOPK ČR - RP Jižní Morava, Krajský úřad Jihomoravského kraje;RP Jižní Morava;MINIMI;NA
Stanoviště;CZ0624130;Moravský kras;Panonské šipákové doubravy;91H0;NA;NA;135;NA;NA;% hranice s nepřírodními biotopy;8;NA;2026-02-20;AOPK ČR - RP Jižní Morava, Krajský úřad Jihomoravského kraje;RP Jižní Morava;NA;NA
Stanoviště;CZ0624130;Moravský kras;Panonské šipákové doubravy;91H0;NA;NA;134;NA;NA;zastoupení nepřírodních biotopů v segmentech stanoviště;8;NA;2026-02-20;AOPK ČR - RP Jižní Morava, Krajský úřad Jihomoravského kraje;RP Jižní Morava;NA;NA
Stanoviště;CZ0624130;Moravský kras;Panonské šipákové doubravy;91H0;NA;NA;136;NA;NA;druhy červeného seznamu;8;NA;2026-02-20;AOPK ČR - RP Jižní Morava, Krajský úřad Jihomoravského kraje;RP Jižní Morava;NA;NA
Stanoviště;CZ0624130;Moravský kras;Panonské šipákové doubravy;91H0;NA;NA;137;NA;NA;% rozlohy zasažené invazními druhy;8;NA;2026-02-20;AOPK ČR - RP Jižní Morava, Krajský úřad Jihomoravského kraje;RP Jižní Morava;MINIMI;NA
Stanoviště;CZ0624130;Moravský kras;Panonské šipákové doubravy;91H0;NA;NA;138;NA;NA;% rozlohy zasažené expanzivními druhy;8;NA;2026-02-20;AOPK ČR - RP Jižní Morava, Krajský úřad Jihomoravského kraje;RP Jižní Morava;MINIMI;NA
Stanoviště;CZ0624130;Moravský kras;Panonské šipákové doubravy;91H0;2010-05-20;2024-09-24;162;0,9142;NA;140;8;3;2026-02-20;AOPK ČR - RP Jižní Morava, Krajský úřad Jihomoravského kraje;RP Jižní Morava;NA;NA
Stanoviště;CZ0624130;Moravský kras;Panonské šipákové doubravy;91H0;2010-05-20;2024-09-24;10;NA;NA;NA;11;NA;2026-02-20;AOPK ČR - RP Jižní Morava, Krajský úřad Jihomoravského kraje;RP Jižní Morava;NA;NA
Stanoviště;CZ0210010;Housina;Eurosibiřské stepní doubravy;91I0;2022-09-14;2022-09-14;128;8,6483;15;hektary;13;3;2026-02-20;Krajský úřad Středočeského kraje;RP Střední Čechy;MINIMI;NA
Stanoviště;CZ0210010;Housina;Eurosibiřské stepní doubravy;91I0;2022-09-14;2022-09-14;129;2,9306;2;140;13;3;2026-02-20;Krajský úřad Středočeského kraje;RP Střední Čechy;MINIMI;NA
Stanoviště;CZ0210010;Housina;Eurosibiřské stepní doubravy;91I0;2022-09-14;2022-09-14;132;2,4634;NA;140;8;3;2026-02-20;Krajský úřad Středočeského kraje;RP Střední Čechy;NA;NA
Stanoviště;CZ0210010;Housina;Eurosibiřské stepní doubravy;91I0;NA;NA;133;NA;NA;% rozlohy v celistvém uspořádání splňující hodnotu minimiareálu;8;NA;2026-02-20;Krajský úřad Středočeského kraje;RP Střední Čechy;MINIMI;NA
Stanoviště;CZ0210010;Housina;Eurosibiřské stepní doubravy;91I0;NA;NA;135;NA;NA;% hranice s nepřírodními biotopy;8;NA;2026-02-20;Krajský úřad Středočeského kraje;RP Střední Čechy;NA;NA
Stanoviště;CZ0210010;Housina;Eurosibiřské stepní doubravy;91I0;NA;NA;134;NA;NA;zastoupení nepřírodních biotopů v segmentech stanoviště;8;NA;2026-02-20;Krajský úřad Středočeského kraje;RP Střední Čechy;NA;NA
Stanoviště;CZ0210010;Housina;Eurosibiřské stepní doubravy;91I0;NA;NA;136;NA;NA;druhy červeného seznamu;8;NA;2026-02-20;Krajský úřad Středočeského kraje;RP Střední Čechy;NA;NA
Stanoviště;CZ0210010;Housina;Eurosibiřské stepní doubravy;91I0;NA;NA;137;NA;NA;% rozlohy zasažené invazními druhy;8;NA;2026-02-20;Krajský úřad Středočeského kraje;RP Střední Čechy;MINIMI;NA
Stanoviště;CZ0210010;Housina;Eurosibiřské stepní doubravy;91I0;NA;NA;138;NA;NA;% rozlohy zasažené expanzivními druhy;8;NA;2026-02-20;Krajský úřad Středočeského kraje;RP Střední Čechy;MINIMI;NA
Stanoviště;CZ0210010;Housina;Eurosibiřské stepní doubravy;91I0;2022-09-14;2022-09-14;162;1;NA;140;8;NA;2026-02-20;Krajský úřad Středočeského kraje;RP Střední Čechy;MINIMI;NA
Stanoviště;CZ0210010;Housina;Eurosibiřské stepní doubravy;91I0;2022-09-14;2022-09-14;10;NA;NA;NA;13;NA;2026-02-20;Krajský úřad Středočeského kraje;RP Střední Čechy;NA;NA
Stanoviště;CZ0210101;Dymokursko;Eurosibiřské stepní doubravy;91I0;2015-06-17;2023-05-11;128;17,6481;13.68;hektary;11;2;2026-02-20;Krajský úřad Královéhradeckého kraje, Krajský úřad Středočeského kraje;RP SCHKO Kokořínsko - Máchův kraj;VMB2;NA
Stanoviště;CZ0210101;Dymokursko;Eurosibiřské stepní doubravy;91I0;2015-06-17;2023-05-11;129;2,5839;2;140;13;3;2026-02-20;Krajský úřad Královéhradeckého kraje, Krajský úřad Středočeského kraje;RP SCHKO Kokořínsko - Máchův kraj;MINIMI;NA
Stanoviště;CZ0210101;Dymokursko;Eurosibiřské stepní doubravy;91I0;2015-06-17;2023-05-11;132;2,1325;NA;140;8;3;2026-02-20;Krajský úřad Královéhradeckého kraje, Krajský úřad Středočeského kraje;RP SCHKO Kokořínsko - Máchův kraj;NA;NA
Stanoviště;CZ0210101;Dymokursko;Eurosibiřské stepní doubravy;91I0;NA;NA;133;NA;NA;% rozlohy v celistvém uspořádání splňující hodnotu minimiareálu;8;NA;2026-02-20;Krajský úřad Královéhradeckého kraje, Krajský úřad Středočeského kraje;RP SCHKO Kokořínsko - Máchův kraj;MINIMI;NA
Stanoviště;CZ0210101;Dymokursko;Eurosibiřské stepní doubravy;91I0;NA;NA;135;NA;NA;% hranice s nepřírodními biotopy;8;NA;2026-02-20;Krajský úřad Královéhradeckého kraje, Krajský úřad Středočeského kraje;RP SCHKO Kokořínsko - Máchův kraj;NA;NA
Stanoviště;CZ0210101;Dymokursko;Eurosibiřské stepní doubravy;91I0;NA;NA;134;NA;NA;zastoupení nepřírodních biotopů v segmentech stanoviště;8;NA;2026-02-20;Krajský úřad Královéhradeckého kraje, Krajský úřad Středočeského kraje;RP SCHKO Kokořínsko - Máchův kraj;NA;NA
Stanoviště;CZ0210101;Dymokursko;Eurosibiřské stepní doubravy;91I0;NA;NA;136;NA;NA;druhy červeného seznamu;8;NA;2026-02-20;Krajský úřad Královéhradeckého kraje, Krajský úřad Středočeského kraje;RP SCHKO Kokořínsko - Máchův kraj;NA;NA
Stanoviště;CZ0210101;Dymokursko;Eurosibiřské stepní doubravy;91I0;NA;NA;137;NA;NA;% rozlohy zasažené invazními druhy;8;NA;2026-02-20;Krajský úřad Královéhradeckého kraje, Krajský úřad Středočeského kraje;RP SCHKO Kokořínsko - Máchův kraj;MINIMI;NA
Stanoviště;CZ0210101;Dymokursko;Eurosibiřské stepní doubravy;91I0;NA;NA;138;NA;NA;% rozlohy zasažené expanzivními druhy;8;NA;2026-02-20;Krajský úřad Královéhradeckého kraje, Krajský úřad Středočeského kraje;RP SCHKO Kokořínsko - Máchův kraj;MINIMI;NA
Stanoviště;CZ0210101;Dymokursko;Eurosibiřské stepní doubravy;91I0;2015-06-17;2023-05-11;162;0,5363;NA;140;8;3;2026-02-20;Krajský úřad Královéhradeckého kraje, Krajský úřad Středočeského kraje;RP SCHKO Kokořínsko - Máchův kraj;NA;NA
Stanoviště;CZ0210101;Dymokursko;Eurosibiřské stepní doubravy;91I0;2015-06-17;2023-05-11;10;NA;NA;NA;12;NA;2026-02-20;Krajský úřad Královéhradeckého kraje, Krajský úřad Středočeského kraje;RP SCHKO Kokořínsko - Máchův kraj;NA;NA
Stanoviště;CZ0210107;Krnčí a Voleška;Eurosibiřské stepní doubravy;91I0;2016-05-18;2016-05-19;128;13,5278;15;hektary;13;3;2026-02-20;Krajský úřad Středočeského kraje;RP Střední Čechy;MINIMI;NA
Stanoviště;CZ0210107;Krnčí a Voleška;Eurosibiřské stepní doubravy;91I0;2016-05-18;2016-05-19;129;1,5411;1.6;140;11;3;2026-02-20;Krajský úřad Středočeského kraje;RP Střední Čechy;VMB2;NA
Stanoviště;CZ0210107;Krnčí a Voleška;Eurosibiřské stepní doubravy;91I0;2016-05-18;2016-05-19;132;1,3141;NA;140;8;3;2026-02-20;Krajský úřad Středočeského kraje;RP Střední Čechy;NA;NA
Stanoviště;CZ0210107;Krnčí a Voleška;Eurosibiřské stepní doubravy;91I0;NA;NA;133;NA;NA;% rozlohy v celistvém uspořádání splňující hodnotu minimiareálu;8;NA;2026-02-20;Krajský úřad Středočeského kraje;RP Střední Čechy;MINIMI;NA
Stanoviště;CZ0210107;Krnčí a Voleška;Eurosibiřské stepní doubravy;91I0;NA;NA;135;NA;NA;% hranice s nepřírodními biotopy;8;NA;2026-02-20;Krajský úřad Středočeského kraje;RP Střední Čechy;NA;NA
Stanoviště;CZ0210107;Krnčí a Voleška;Eurosibiřské stepní doubravy;91I0;NA;NA;134;NA;NA;zastoupení nepřírodních biotopů v segmentech stanoviště;8;NA;2026-02-20;Krajský úřad Středočeského kraje;RP Střední Čechy;NA;NA
Stanoviště;CZ0210107;Krnčí a Voleška;Eurosibiřské stepní doubravy;91I0;NA;NA;136;NA;NA;druhy červeného seznamu;8;NA;2026-02-20;Krajský úřad Středočeského kraje;RP Střední Čechy;NA;NA
Stanoviště;CZ0210107;Krnčí a Voleška;Eurosibiřské stepní doubravy;91I0;NA;NA;137;NA;NA;% rozlohy zasažené invazními druhy;8;NA;2026-02-20;Krajský úřad Středočeského kraje;RP Střední Čechy;MINIMI;NA
Stanoviště;CZ0210107;Krnčí a Voleška;Eurosibiřské stepní doubravy;91I0;NA;NA;138;NA;NA;% rozlohy zasažené expanzivními druhy;8;NA;2026-02-20;Krajský úřad Středočeského kraje;RP Střední Čechy;MINIMI;NA
Stanoviště;CZ0210107;Krnčí a Voleška;Eurosibiřské stepní doubravy;91I0;2016-05-18;2016-05-19;162;1;NA;140;8;3;2026-02-20;Krajský úřad Středočeského kraje;RP Střední Čechy;NA;NA
Stanoviště;CZ0210107;Krnčí a Voleška;Eurosibiřské stepní doubravy;91I0;2016-05-18;2016-05-19;10;NA;NA;NA;12;NA;2026-02-20;Krajský úřad Středočeského kraje;RP Střední Čechy;NA;NA
Stanoviště;CZ0210175;Žlunice - Skochovice;Eurosibiřské stepní doubravy;91I0;2014-06-21;2014-06-24;128;42,1064;16.23;hektary;11;3;2026-02-20;Krajský úřad Královéhradeckého kraje, Krajský úřad Středočeského kraje;RP SCHKO Kokořínsko - Máchův kraj;SDF;NA
Stanoviště;CZ0210175;Žlunice - Skochovice;Eurosibiřské stepní doubravy;91I0;2014-06-21;2014-06-24;129;1,3769;1.4;140;11;3;2026-02-20;Krajský úřad Královéhradeckého kraje, Krajský úřad Středočeského kraje;RP SCHKO Kokořínsko - Máchův kraj;VMB2;NA
Stanoviště;CZ0210175;Žlunice - Skochovice;Eurosibiřské stepní doubravy;91I0;2014-06-21;2014-06-24;132;1,2526;NA;140;8;3;2026-02-20;Krajský úřad Královéhradeckého kraje, Krajský úřad Středočeského kraje;RP SCHKO Kokořínsko - Máchův kraj;NA;NA
Stanoviště;CZ0210175;Žlunice - Skochovice;Eurosibiřské stepní doubravy;91I0;NA;NA;133;NA;NA;% rozlohy v celistvém uspořádání splňující hodnotu minimiareálu;8;NA;2026-02-20;Krajský úřad Královéhradeckého kraje, Krajský úřad Středočeského kraje;RP SCHKO Kokořínsko - Máchův kraj;NA;NA
Stanoviště;CZ0210175;Žlunice - Skochovice;Eurosibiřské stepní doubravy;91I0;NA;NA;135;NA;NA;% hranice s nepřírodními biotopy;8;NA;2026-02-20;Krajský úřad Královéhradeckého kraje, Krajský úřad Středočeského kraje;RP SCHKO Kokořínsko - Máchův kraj;NA;NA
Stanoviště;CZ0210175;Žlunice - Skochovice;Eurosibiřské stepní doubravy;91I0;NA;NA;134;NA;NA;zastoupení nepřírodních biotopů v segmentech stanoviště;8;NA;2026-02-20;Krajský úřad Královéhradeckého kraje, Krajský úřad Středočeského kraje;RP SCHKO Kokořínsko - Máchův kraj;NA;NA
Stanoviště;CZ0210175;Žlunice - Skochovice;Eurosibiřské stepní doubravy;91I0;NA;NA;136;NA;NA;druhy červeného seznamu;8;NA;2026-02-20;Krajský úřad Královéhradeckého kraje, Krajský úřad Středočeského kraje;RP SCHKO Kokořínsko - Máchův kraj;NA;NA
Stanoviště;CZ0210175;Žlunice - Skochovice;Eurosibiřské stepní doubravy;91I0;NA;NA;137;NA;NA;% rozlohy zasažené invazními druhy;8;NA;2026-02-20;Krajský úřad Královéhradeckého kraje, Krajský úřad Středočeského kraje;RP SCHKO Kokořínsko - Máchův kraj;MINIMI;NA
Stanoviště;CZ0210175;Žlunice - Skochovice;Eurosibiřské stepní doubravy;91I0;NA;NA;138;NA;NA;% rozlohy zasažené expanzivními druhy;8;NA;2026-02-20;Krajský úřad Královéhradeckého kraje, Krajský úřad Středočeského kraje;RP SCHKO Kokořínsko - Máchův kraj;MINIMI;NA
Stanoviště;CZ0210175;Žlunice - Skochovice;Eurosibiřské stepní doubravy;91I0;2014-06-21;2014-06-24;162;0,1425;NA;140;8;3;2026-02-20;Krajský úřad Královéhradeckého kraje, Krajský úřad Středočeského kraje;RP SCHKO Kokořínsko - Máchův kraj;NA;NA
Stanoviště;CZ0210175;Žlunice - Skochovice;Eurosibiřské stepní doubravy;91I0;2014-06-21;2014-06-24;10;NA;NA;NA;11;NA;2026-02-20;Krajský úřad Královéhradeckého kraje, Krajský úřad Středočeského kraje;RP SCHKO Kokořínsko - Máchův kraj;NA;NA
Stanoviště;CZ0214002;Karlické údolí;Eurosibiřské stepní doubravy;91I0;2017-07-06;2019-05-14;128;8,7719;15;hektary;13;3;2026-02-20;AOPK ČR - RP Střední Čechy;RP Střední Čechy;MINIMI;NA
Stanoviště;CZ0214002;Karlické údolí;Eurosibiřské stepní doubravy;91I0;2017-07-06;2019-05-14;129;1,6334;1.7;140;11;3;2026-02-20;AOPK ČR - RP Střední Čechy;RP Střední Čechy;VMB2;NA
Stanoviště;CZ0214002;Karlické údolí;Eurosibiřské stepní doubravy;91I0;2017-07-06;2019-05-14;132;1,1976;NA;140;8;3;2026-02-20;AOPK ČR - RP Střední Čechy;RP Střední Čechy;NA;NA
Stanoviště;CZ0214002;Karlické údolí;Eurosibiřské stepní doubravy;91I0;NA;NA;133;NA;NA;% rozlohy v celistvém uspořádání splňující hodnotu minimiareálu;8;NA;2026-02-20;AOPK ČR - RP Střední Čechy;RP Střední Čechy;MINIMI;NA
Stanoviště;CZ0214002;Karlické údolí;Eurosibiřské stepní doubravy;91I0;NA;NA;135;NA;NA;% hranice s nepřírodními biotopy;8;NA;2026-02-20;AOPK ČR - RP Střední Čechy;RP Střední Čechy;NA;NA
Stanoviště;CZ0214002;Karlické údolí;Eurosibiřské stepní doubravy;91I0;NA;NA;134;NA;NA;zastoupení nepřírodních biotopů v segmentech stanoviště;8;NA;2026-02-20;AOPK ČR - RP Střední Čechy;RP Střední Čechy;NA;NA
Stanoviště;CZ0214002;Karlické údolí;Eurosibiřské stepní doubravy;91I0;NA;NA;136;NA;NA;druhy červeného seznamu;8;NA;2026-02-20;AOPK ČR - RP Střední Čechy;RP Střední Čechy;NA;NA
Stanoviště;CZ0214002;Karlické údolí;Eurosibiřské stepní doubravy;91I0;NA;NA;137;NA;NA;% rozlohy zasažené invazními druhy;8;NA;2026-02-20;AOPK ČR - RP Střední Čechy;RP Střední Čechy;MINIMI;NA
Stanoviště;CZ0214002;Karlické údolí;Eurosibiřské stepní doubravy;91I0;NA;NA;138;NA;NA;% rozlohy zasažené expanzivními druhy;8;NA;2026-02-20;AOPK ČR - RP Střední Čechy;RP Střední Čechy;MINIMI;NA
Stanoviště;CZ0214002;Karlické údolí;Eurosibiřské stepní doubravy;91I0;2017-07-06;2019-05-14;162;0;NA;140;8;3;2026-02-20;AOPK ČR - RP Střední Čechy;RP Střední Čechy;MINIMI;NA
Stanoviště;CZ0214002;Karlické údolí;Eurosibiřské stepní doubravy;91I0;2017-07-06;2019-05-14;10;NA;NA;NA;12;NA;2026-02-20;AOPK ČR - RP Střední Čechy;RP Střední Čechy;NA;NA
Stanoviště;CZ0214015;Vůznice;Eurosibiřské stepní doubravy;91I0;2008-08-27;2010-06-30;128;27,3269;27.32;hektary;11;3;2026-02-20;AOPK ČR - RP Střední Čechy;RP Střední Čechy;VMB2;NA
Stanoviště;CZ0214015;Vůznice;Eurosibiřské stepní doubravy;91I0;2008-08-27;2010-06-30;129;2,8143;2;140;13;3;2026-02-20;AOPK ČR - RP Střední Čechy;RP Střední Čechy;MINIMI;NA
Stanoviště;CZ0214015;Vůznice;Eurosibiřské stepní doubravy;91I0;2008-08-27;2010-06-30;132;2,6154;NA;140;8;3;2026-02-20;AOPK ČR - RP Střední Čechy;RP Střední Čechy;NA;NA
Stanoviště;CZ0214015;Vůznice;Eurosibiřské stepní doubravy;91I0;NA;NA;133;NA;NA;% rozlohy v celistvém uspořádání splňující hodnotu minimiareálu;8;NA;2026-02-20;AOPK ČR - RP Střední Čechy;RP Střední Čechy;MINIMI;NA
Stanoviště;CZ0214015;Vůznice;Eurosibiřské stepní doubravy;91I0;NA;NA;135;NA;NA;% hranice s nepřírodními biotopy;8;NA;2026-02-20;AOPK ČR - RP Střední Čechy;RP Střední Čechy;NA;NA
Stanoviště;CZ0214015;Vůznice;Eurosibiřské stepní doubravy;91I0;NA;NA;134;NA;NA;zastoupení nepřírodních biotopů v segmentech stanoviště;8;NA;2026-02-20;AOPK ČR - RP Střední Čechy;RP Střední Čechy;NA;NA
Stanoviště;CZ0214015;Vůznice;Eurosibiřské stepní doubravy;91I0;NA;NA;136;NA;NA;druhy červeného seznamu;8;NA;2026-02-20;AOPK ČR - RP Střední Čechy;RP Střední Čechy;NA;NA
Stanoviště;CZ0214015;Vůznice;Eurosibiřské stepní doubravy;91I0;NA;NA;137;NA;NA;% rozlohy zasažené invazními druhy;8;NA;2026-02-20;AOPK ČR - RP Střední Čechy;RP Střední Čechy;MINIMI;NA
Stanoviště;CZ0214015;Vůznice;Eurosibiřské stepní doubravy;91I0;NA;NA;138;NA;NA;% rozlohy zasažené expanzivními druhy;8;NA;2026-02-20;AOPK ČR - RP Střední Čechy;RP Střední Čechy;MINIMI;NA
Stanoviště;CZ0214015;Vůznice;Eurosibiřské stepní doubravy;91I0;2008-08-27;2010-06-30;162;0,244;NA;140;8;3;2026-02-20;AOPK ČR - RP Střední Čechy;RP Střední Čechy;NA;NA
Stanoviště;CZ0214015;Vůznice;Eurosibiřské stepní doubravy;91I0;2008-08-27;2010-06-30;10;NA;NA;NA;12;NA;2026-02-20;AOPK ČR - RP Střední Čechy;RP Střední Čechy;NA;NA
Stanoviště;CZ0214017;Karlštejn - Koda;Eurosibiřské stepní doubravy;91I0;2011-07-09;2017-06-21;128;41,3981;71.16;hektary;13;3;2026-02-20;AOPK ČR - RP Střední Čechy;RP Střední Čechy;SDF;NA
Stanoviště;CZ0214017;Karlštejn - Koda;Eurosibiřské stepní doubravy;91I0;2011-07-09;2017-06-21;129;2,4352;2;140;13;3;2026-02-20;AOPK ČR - RP Střední Čechy;RP Střední Čechy;MINIMI;NA
Stanoviště;CZ0214017;Karlštejn - Koda;Eurosibiřské stepní doubravy;91I0;2011-07-09;2017-06-21;132;1,6159;NA;140;8;3;2026-02-20;AOPK ČR - RP Střední Čechy;RP Střední Čechy;NA;NA
Stanoviště;CZ0214017;Karlštejn - Koda;Eurosibiřské stepní doubravy;91I0;NA;NA;133;NA;NA;% rozlohy v celistvém uspořádání splňující hodnotu minimiareálu;8;NA;2026-02-20;AOPK ČR - RP Střední Čechy;RP Střední Čechy;MINIMI;NA
Stanoviště;CZ0214017;Karlštejn - Koda;Eurosibiřské stepní doubravy;91I0;NA;NA;135;NA;NA;% hranice s nepřírodními biotopy;8;NA;2026-02-20;AOPK ČR - RP Střední Čechy;RP Střední Čechy;NA;NA
Stanoviště;CZ0214017;Karlštejn - Koda;Eurosibiřské stepní doubravy;91I0;NA;NA;134;NA;NA;zastoupení nepřírodních biotopů v segmentech stanoviště;8;NA;2026-02-20;AOPK ČR - RP Střední Čechy;RP Střední Čechy;NA;NA
Stanoviště;CZ0214017;Karlštejn - Koda;Eurosibiřské stepní doubravy;91I0;NA;NA;136;NA;NA;druhy červeného seznamu;8;NA;2026-02-20;AOPK ČR - RP Střední Čechy;RP Střední Čechy;NA;NA
Stanoviště;CZ0214017;Karlštejn - Koda;Eurosibiřské stepní doubravy;91I0;NA;NA;137;NA;NA;% rozlohy zasažené invazními druhy;8;NA;2026-02-20;AOPK ČR - RP Střední Čechy;RP Střední Čechy;MINIMI;NA
Stanoviště;CZ0214017;Karlštejn - Koda;Eurosibiřské stepní doubravy;91I0;NA;NA;138;NA;NA;% rozlohy zasažené expanzivními druhy;8;NA;2026-02-20;AOPK ČR - RP Střední Čechy;RP Střední Čechy;MINIMI;NA
Stanoviště;CZ0214017;Karlštejn - Koda;Eurosibiřské stepní doubravy;91I0;2011-07-09;2017-06-21;162;0,4483;NA;140;8;3;2026-02-20;AOPK ČR - RP Střední Čechy;RP Střední Čechy;NA;NA
Stanoviště;CZ0214017;Karlštejn - Koda;Eurosibiřské stepní doubravy;91I0;2011-07-09;2017-06-21;10;NA;NA;NA;13;NA;2026-02-20;AOPK ČR - RP Střední Čechy;RP Střední Čechy;NA;NA
Stanoviště;CZ0214050;Žehuňsko;Eurosibiřské stepní doubravy;91I0;2013-06-18;2013-07-09;128;45,3702;51.39;hektary;13;3;2026-02-20;AOPK ČR - RP SCHKO Kokořínsko - Máchův kraj, AOPK ČR - RP Střední Čechy, Krajský úřad Královéhradeckého kraje, Krajský úřad Středočeského kraje;RP SCHKO Kokořínsko - Máchův kraj;VMB2;NA
Stanoviště;CZ0214050;Žehuňsko;Eurosibiřské stepní doubravy;91I0;2013-06-18;2013-07-09;129;2,2935;2;140;13;3;2026-02-20;AOPK ČR - RP SCHKO Kokořínsko - Máchův kraj, AOPK ČR - RP Střední Čechy, Krajský úřad Královéhradeckého kraje, Krajský úřad Středočeského kraje;RP SCHKO Kokořínsko - Máchův kraj;MINIMI;NA
Stanoviště;CZ0214050;Žehuňsko;Eurosibiřské stepní doubravy;91I0;2013-06-18;2013-07-09;132;2,2595;NA;140;8;3;2026-02-20;AOPK ČR - RP SCHKO Kokořínsko - Máchův kraj, AOPK ČR - RP Střední Čechy, Krajský úřad Královéhradeckého kraje, Krajský úřad Středočeského kraje;RP SCHKO Kokořínsko - Máchův kraj;NA;NA
Stanoviště;CZ0214050;Žehuňsko;Eurosibiřské stepní doubravy;91I0;NA;NA;133;NA;NA;% rozlohy v celistvém uspořádání splňující hodnotu minimiareálu;8;NA;2026-02-20;AOPK ČR - RP SCHKO Kokořínsko - Máchův kraj, AOPK ČR - RP Střední Čechy, Krajský úřad Královéhradeckého kraje, Krajský úřad Středočeského kraje;RP SCHKO Kokořínsko - Máchův kraj;NA;NA
Stanoviště;CZ0214050;Žehuňsko;Eurosibiřské stepní doubravy;91I0;NA;NA;135;NA;NA;% hranice s nepřírodními biotopy;8;NA;2026-02-20;AOPK ČR - RP SCHKO Kokořínsko - Máchův kraj, AOPK ČR - RP Střední Čechy, Krajský úřad Královéhradeckého kraje, Krajský úřad Středočeského kraje;RP SCHKO Kokořínsko - Máchův kraj;NA;NA
Stanoviště;CZ0214050;Žehuňsko;Eurosibiřské stepní doubravy;91I0;NA;NA;134;NA;NA;zastoupení nepřírodních biotopů v segmentech stanoviště;8;NA;2026-02-20;AOPK ČR - RP SCHKO Kokořínsko - Máchův kraj, AOPK ČR - RP Střední Čechy, Krajský úřad Královéhradeckého kraje, Krajský úřad Středočeského kraje;RP SCHKO Kokořínsko - Máchův kraj;NA;NA
Stanoviště;CZ0214050;Žehuňsko;Eurosibiřské stepní doubravy;91I0;NA;NA;136;NA;NA;druhy červeného seznamu;8;NA;2026-02-20;AOPK ČR - RP SCHKO Kokořínsko - Máchův kraj, AOPK ČR - RP Střední Čechy, Krajský úřad Královéhradeckého kraje, Krajský úřad Středočeského kraje;RP SCHKO Kokořínsko - Máchův kraj;NA;NA
Stanoviště;CZ0214050;Žehuňsko;Eurosibiřské stepní doubravy;91I0;NA;NA;137;NA;NA;% rozlohy zasažené invazními druhy;8;NA;2026-02-20;AOPK ČR - RP SCHKO Kokořínsko - Máchův kraj, AOPK ČR - RP Střední Čechy, Krajský úřad Královéhradeckého kraje, Krajský úřad Středočeského kraje;RP SCHKO Kokořínsko - Máchův kraj;MINIMI;NA
Stanoviště;CZ0214050;Žehuňsko;Eurosibiřské stepní doubravy;91I0;NA;NA;138;NA;NA;% rozlohy zasažené expanzivními druhy;8;NA;2026-02-20;AOPK ČR - RP SCHKO Kokořínsko - Máchův kraj, AOPK ČR - RP Střední Čechy, Krajský úřad Královéhradeckého kraje, Krajský úřad Středočeského kraje;RP SCHKO Kokořínsko - Máchův kraj;MINIMI;NA
Stanoviště;CZ0214050;Žehuňsko;Eurosibiřské stepní doubravy;91I0;2013-06-18;2013-07-09;162;0,9029;NA;140;8;3;2026-02-20;AOPK ČR - RP SCHKO Kokořínsko - Máchův kraj, AOPK ČR - RP Střední Čechy, Krajský úřad Královéhradeckého kraje, Krajský úřad Středočeského kraje;RP SCHKO Kokořínsko - Máchův kraj;NA;NA
Stanoviště;CZ0214050;Žehuňsko;Eurosibiřské stepní doubravy;91I0;2013-06-18;2013-07-09;10;NA;NA;NA;13;NA;2026-02-20;AOPK ČR - RP SCHKO Kokořínsko - Máchův kraj, AOPK ČR - RP Střední Čechy, Krajský úřad Královéhradeckého kraje, Krajský úřad Středočeského kraje;RP SCHKO Kokořínsko - Máchův kraj;NA;NA
Stanoviště;CZ0414127;Hradiště;Eurosibiřské stepní doubravy;91I0;2001-09-12;2023-07-11;128;364,2502;349.49;hektary;11;3;2026-02-20;Krajský úřad Ústeckého kraje, Újezdní úřad Hradiště, Krajský úřad Karlovarského kraje, AOPK ČR - RP SCHKO Slavkovský les;RP SCHKO Slavkovský les;VMB2;NA
Stanoviště;CZ0414127;Hradiště;Eurosibiřské stepní doubravy;91I0;2001-09-12;2023-07-11;129;2,3661;2;140;13;3;2026-02-20;Krajský úřad Ústeckého kraje, Újezdní úřad Hradiště, Krajský úřad Karlovarského kraje, AOPK ČR - RP SCHKO Slavkovský les;RP SCHKO Slavkovský les;MINIMI;NA
Stanoviště;CZ0414127;Hradiště;Eurosibiřské stepní doubravy;91I0;2001-09-12;2023-07-11;132;2,441;NA;140;8;3;2026-02-20;Krajský úřad Ústeckého kraje, Újezdní úřad Hradiště, Krajský úřad Karlovarského kraje, AOPK ČR - RP SCHKO Slavkovský les;RP SCHKO Slavkovský les;NA;NA
Stanoviště;CZ0414127;Hradiště;Eurosibiřské stepní doubravy;91I0;NA;NA;133;NA;NA;% rozlohy v celistvém uspořádání splňující hodnotu minimiareálu;8;NA;2026-02-20;Krajský úřad Ústeckého kraje, Újezdní úřad Hradiště, Krajský úřad Karlovarského kraje, AOPK ČR - RP SCHKO Slavkovský les;RP SCHKO Slavkovský les;NA;NA
Stanoviště;CZ0414127;Hradiště;Eurosibiřské stepní doubravy;91I0;NA;NA;135;NA;NA;% hranice s nepřírodními biotopy;8;NA;2026-02-20;Krajský úřad Ústeckého kraje, Újezdní úřad Hradiště, Krajský úřad Karlovarského kraje, AOPK ČR - RP SCHKO Slavkovský les;RP SCHKO Slavkovský les;NA;NA
Stanoviště;CZ0414127;Hradiště;Eurosibiřské stepní doubravy;91I0;NA;NA;134;NA;NA;zastoupení nepřírodních biotopů v segmentech stanoviště;8;NA;2026-02-20;Krajský úřad Ústeckého kraje, Újezdní úřad Hradiště, Krajský úřad Karlovarského kraje, AOPK ČR - RP SCHKO Slavkovský les;RP SCHKO Slavkovský les;NA;NA
Stanoviště;CZ0414127;Hradiště;Eurosibiřské stepní doubravy;91I0;NA;NA;136;NA;NA;druhy červeného seznamu;8;NA;2026-02-20;Krajský úřad Ústeckého kraje, Újezdní úřad Hradiště, Krajský úřad Karlovarského kraje, AOPK ČR - RP SCHKO Slavkovský les;RP SCHKO Slavkovský les;NA;NA
Stanoviště;CZ0414127;Hradiště;Eurosibiřské stepní doubravy;91I0;NA;NA;137;NA;NA;% rozlohy zasažené invazními druhy;8;NA;2026-02-20;Krajský úřad Ústeckého kraje, Újezdní úřad Hradiště, Krajský úřad Karlovarského kraje, AOPK ČR - RP SCHKO Slavkovský les;RP SCHKO Slavkovský les;MINIMI;NA
Stanoviště;CZ0414127;Hradiště;Eurosibiřské stepní doubravy;91I0;NA;NA;138;NA;NA;% rozlohy zasažené expanzivními druhy;8;NA;2026-02-20;Krajský úřad Ústeckého kraje, Újezdní úřad Hradiště, Krajský úřad Karlovarského kraje, AOPK ČR - RP SCHKO Slavkovský les;RP SCHKO Slavkovský les;MINIMI;NA
Stanoviště;CZ0414127;Hradiště;Eurosibiřské stepní doubravy;91I0;2001-09-12;2023-07-11;162;0,7005;NA;140;8;3;2026-02-20;Krajský úřad Ústeckého kraje, Újezdní úřad Hradiště, Krajský úřad Karlovarského kraje, AOPK ČR - RP SCHKO Slavkovský les;RP SCHKO Slavkovský les;NA;NA
Stanoviště;CZ0414127;Hradiště;Eurosibiřské stepní doubravy;91I0;2001-09-12;2023-07-11;10;NA;NA;NA;12;NA;2026-02-20;Krajský úřad Ústeckého kraje, Újezdní úřad Hradiště, Krajský úřad Karlovarského kraje, AOPK ČR - RP SCHKO Slavkovský les;RP SCHKO Slavkovský les;NA;NA
Stanoviště;CZ0420041;Skalky u Třebutiček;Eurosibiřské stepní doubravy;91I0;2022-09-21;2022-09-21;128;62,8635;62.99;hektary;13;3;2026-02-20;Krajský úřad Ústeckého kraje;RP SCHKO České středohoří;VMB2;NA
Stanoviště;CZ0420041;Skalky u Třebutiček;Eurosibiřské stepní doubravy;91I0;2022-09-21;2022-09-21;129;2;1;140;13;4;2026-02-20;Krajský úřad Ústeckého kraje;RP SCHKO České středohoří;VMB2;NA
Stanoviště;CZ0420041;Skalky u Třebutiček;Eurosibiřské stepní doubravy;91I0;2022-09-21;2022-09-21;132;1,0418;NA;140;8;3;2026-02-20;Krajský úřad Ústeckého kraje;RP SCHKO České středohoří;NA;NA
Stanoviště;CZ0420041;Skalky u Třebutiček;Eurosibiřské stepní doubravy;91I0;NA;NA;133;NA;NA;% rozlohy v celistvém uspořádání splňující hodnotu minimiareálu;8;NA;2026-02-20;Krajský úřad Ústeckého kraje;RP SCHKO České středohoří;NA;NA
Stanoviště;CZ0420041;Skalky u Třebutiček;Eurosibiřské stepní doubravy;91I0;NA;NA;135;NA;NA;% hranice s nepřírodními biotopy;8;NA;2026-02-20;Krajský úřad Ústeckého kraje;RP SCHKO České středohoří;NA;NA
Stanoviště;CZ0420041;Skalky u Třebutiček;Eurosibiřské stepní doubravy;91I0;NA;NA;134;NA;NA;zastoupení nepřírodních biotopů v segmentech stanoviště;8;NA;2026-02-20;Krajský úřad Ústeckého kraje;RP SCHKO České středohoří;NA;NA
Stanoviště;CZ0420041;Skalky u Třebutiček;Eurosibiřské stepní doubravy;91I0;NA;NA;136;NA;NA;druhy červeného seznamu;8;NA;2026-02-20;Krajský úřad Ústeckého kraje;RP SCHKO České středohoří;NA;NA
Stanoviště;CZ0420041;Skalky u Třebutiček;Eurosibiřské stepní doubravy;91I0;NA;NA;137;NA;NA;% rozlohy zasažené invazními druhy;8;NA;2026-02-20;Krajský úřad Ústeckého kraje;RP SCHKO České středohoří;MINIMI;NA
Stanoviště;CZ0420041;Skalky u Třebutiček;Eurosibiřské stepní doubravy;91I0;NA;NA;138;NA;NA;% rozlohy zasažené expanzivními druhy;8;NA;2026-02-20;Krajský úřad Ústeckého kraje;RP SCHKO České středohoří;MINIMI;NA
Stanoviště;CZ0420041;Skalky u Třebutiček;Eurosibiřské stepní doubravy;91I0;2022-09-21;2022-09-21;162;0,9582;NA;140;8;NA;2026-02-20;Krajský úřad Ústeckého kraje;RP SCHKO České středohoří;NA;NA
Stanoviště;CZ0420041;Skalky u Třebutiček;Eurosibiřské stepní doubravy;91I0;2022-09-21;2022-09-21;10;NA;NA;NA;13;NA;2026-02-20;Krajský úřad Ústeckého kraje;RP SCHKO České středohoří;NA;NA
Stanoviště;CZ0420069;Dětanský chlum;Eurosibiřské stepní doubravy;91I0;2021-05-05;2021-05-07;128;38,0844;38.02;hektary;11;3;2026-02-20;Krajský úřad Ústeckého kraje;RP SCHKO Slavkovský les;VMB2;NA
Stanoviště;CZ0420069;Dětanský chlum;Eurosibiřské stepní doubravy;91I0;2021-05-05;2021-05-07;129;1,1691;1.3;140;11;2;2026-02-20;Krajský úřad Ústeckého kraje;RP SCHKO Slavkovský les;VMB2;NA
Stanoviště;CZ0420069;Dětanský chlum;Eurosibiřské stepní doubravy;91I0;2021-05-05;2021-05-07;132;1,1323;NA;140;8;NA;2026-02-20;Krajský úřad Ústeckého kraje;RP SCHKO Slavkovský les;NA;NA
Stanoviště;CZ0420069;Dětanský chlum;Eurosibiřské stepní doubravy;91I0;NA;NA;133;NA;NA;% rozlohy v celistvém uspořádání splňující hodnotu minimiareálu;8;NA;2026-02-20;Krajský úřad Ústeckého kraje;RP SCHKO Slavkovský les;NA;NA
Stanoviště;CZ0420069;Dětanský chlum;Eurosibiřské stepní doubravy;91I0;NA;NA;135;NA;NA;% hranice s nepřírodními biotopy;8;NA;2026-02-20;Krajský úřad Ústeckého kraje;RP SCHKO Slavkovský les;NA;NA
Stanoviště;CZ0420069;Dětanský chlum;Eurosibiřské stepní doubravy;91I0;NA;NA;134;NA;NA;zastoupení nepřírodních biotopů v segmentech stanoviště;8;NA;2026-02-20;Krajský úřad Ústeckého kraje;RP SCHKO Slavkovský les;NA;NA
Stanoviště;CZ0420069;Dětanský chlum;Eurosibiřské stepní doubravy;91I0;NA;NA;136;NA;NA;druhy červeného seznamu;8;NA;2026-02-20;Krajský úřad Ústeckého kraje;RP SCHKO Slavkovský les;NA;NA
Stanoviště;CZ0420069;Dětanský chlum;Eurosibiřské stepní doubravy;91I0;NA;NA;137;NA;NA;% rozlohy zasažené invazními druhy;8;NA;2026-02-20;Krajský úřad Ústeckého kraje;RP SCHKO Slavkovský les;MINIMI;NA
Stanoviště;CZ0420069;Dětanský chlum;Eurosibiřské stepní doubravy;91I0;NA;NA;138;NA;NA;% rozlohy zasažené expanzivními druhy;8;NA;2026-02-20;Krajský úřad Ústeckého kraje;RP SCHKO Slavkovský les;MINIMI;NA
Stanoviště;CZ0420069;Dětanský chlum;Eurosibiřské stepní doubravy;91I0;2021-05-05;2021-05-07;162;0,0021;NA;140;8;NA;2026-02-20;Krajský úřad Ústeckého kraje;RP SCHKO Slavkovský les;NA;NA
Stanoviště;CZ0420069;Dětanský chlum;Eurosibiřské stepní doubravy;91I0;2021-05-05;2021-05-07;10;NA;NA;NA;11;NA;2026-02-20;Krajský úřad Ústeckého kraje;RP SCHKO Slavkovský les;NA;NA
Stanoviště;CZ0420073;Údolí Podbradeckého potoka;Eurosibiřské stepní doubravy;91I0;2013-09-22;2013-09-28;128;16,9476;16.94;hektary;11;3;2026-02-20;Krajský úřad Ústeckého kraje;RP SCHKO České středohoří;VMB2;NA
Stanoviště;CZ0420073;Údolí Podbradeckého potoka;Eurosibiřské stepní doubravy;91I0;2013-09-22;2013-09-28;129;1,23;1.3;140;11;3;2026-02-20;Krajský úřad Ústeckého kraje;RP SCHKO České středohoří;VMB2;NA
Stanoviště;CZ0420073;Údolí Podbradeckého potoka;Eurosibiřské stepní doubravy;91I0;2013-09-22;2013-09-28;132;1,1344;NA;140;8;3;2026-02-20;Krajský úřad Ústeckého kraje;RP SCHKO České středohoří;NA;NA
Stanoviště;CZ0420073;Údolí Podbradeckého potoka;Eurosibiřské stepní doubravy;91I0;NA;NA;133;NA;NA;% rozlohy v celistvém uspořádání splňující hodnotu minimiareálu;8;NA;2026-02-20;Krajský úřad Ústeckého kraje;RP SCHKO České středohoří;NA;NA
Stanoviště;CZ0420073;Údolí Podbradeckého potoka;Eurosibiřské stepní doubravy;91I0;NA;NA;135;NA;NA;% hranice s nepřírodními biotopy;8;NA;2026-02-20;Krajský úřad Ústeckého kraje;RP SCHKO České středohoří;NA;NA
Stanoviště;CZ0420073;Údolí Podbradeckého potoka;Eurosibiřské stepní doubravy;91I0;NA;NA;134;NA;NA;zastoupení nepřírodních biotopů v segmentech stanoviště;8;NA;2026-02-20;Krajský úřad Ústeckého kraje;RP SCHKO České středohoří;NA;NA
Stanoviště;CZ0420073;Údolí Podbradeckého potoka;Eurosibiřské stepní doubravy;91I0;NA;NA;136;NA;NA;druhy červeného seznamu;8;NA;2026-02-20;Krajský úřad Ústeckého kraje;RP SCHKO České středohoří;NA;NA
Stanoviště;CZ0420073;Údolí Podbradeckého potoka;Eurosibiřské stepní doubravy;91I0;NA;NA;137;NA;NA;% rozlohy zasažené invazními druhy;8;NA;2026-02-20;Krajský úřad Ústeckého kraje;RP SCHKO České středohoří;MINIMI;NA
Stanoviště;CZ0420073;Údolí Podbradeckého potoka;Eurosibiřské stepní doubravy;91I0;NA;NA;138;NA;NA;% rozlohy zasažené expanzivními druhy;8;NA;2026-02-20;Krajský úřad Ústeckého kraje;RP SCHKO České středohoří;MINIMI;NA
Stanoviště;CZ0420073;Údolí Podbradeckého potoka;Eurosibiřské stepní doubravy;91I0;2013-09-22;2013-09-28;162;0,6839;NA;140;8;3;2026-02-20;Krajský úřad Ústeckého kraje;RP SCHKO České středohoří;NA;NA
Stanoviště;CZ0420073;Údolí Podbradeckého potoka;Eurosibiřské stepní doubravy;91I0;2013-09-22;2013-09-28;10;NA;NA;NA;11;NA;2026-02-20;Krajský úřad Ústeckého kraje;RP SCHKO České středohoří;NA;NA
Stanoviště;CZ0420165;Velký vrch - Černodoly;Eurosibiřské stepní doubravy;91I0;2021-06-04;2021-06-04;128;4,8815;4;hektary;11;3;2026-02-20;AOPK ČR - RP SCHKO České středohoří, Krajský úřad Ústeckého kraje;RP SCHKO České středohoří;EXPERT;NA
Stanoviště;CZ0420165;Velký vrch - Černodoly;Eurosibiřské stepní doubravy;91I0;2021-06-04;2021-06-04;129;2,0866;2;140;13;3;2026-02-20;AOPK ČR - RP SCHKO České středohoří, Krajský úřad Ústeckého kraje;RP SCHKO České středohoří;MINIMI;NA
Stanoviště;CZ0420165;Velký vrch - Černodoly;Eurosibiřské stepní doubravy;91I0;2021-06-04;2021-06-04;132;2,0433;NA;140;8;NA;2026-02-20;AOPK ČR - RP SCHKO České středohoří, Krajský úřad Ústeckého kraje;RP SCHKO České středohoří;NA;NA
Stanoviště;CZ0420165;Velký vrch - Černodoly;Eurosibiřské stepní doubravy;91I0;NA;NA;133;NA;NA;% rozlohy v celistvém uspořádání splňující hodnotu minimiareálu;8;NA;2026-02-20;AOPK ČR - RP SCHKO České středohoří, Krajský úřad Ústeckého kraje;RP SCHKO České středohoří;MINIMI;NA
Stanoviště;CZ0420165;Velký vrch - Černodoly;Eurosibiřské stepní doubravy;91I0;NA;NA;135;NA;NA;% hranice s nepřírodními biotopy;8;NA;2026-02-20;AOPK ČR - RP SCHKO České středohoří, Krajský úřad Ústeckého kraje;RP SCHKO České středohoří;NA;NA
Stanoviště;CZ0420165;Velký vrch - Černodoly;Eurosibiřské stepní doubravy;91I0;NA;NA;134;NA;NA;zastoupení nepřírodních biotopů v segmentech stanoviště;8;NA;2026-02-20;AOPK ČR - RP SCHKO České středohoří, Krajský úřad Ústeckého kraje;RP SCHKO České středohoří;NA;NA
Stanoviště;CZ0420165;Velký vrch - Černodoly;Eurosibiřské stepní doubravy;91I0;NA;NA;136;NA;NA;druhy červeného seznamu;8;NA;2026-02-20;AOPK ČR - RP SCHKO České středohoří, Krajský úřad Ústeckého kraje;RP SCHKO České středohoří;NA;NA
Stanoviště;CZ0420165;Velký vrch - Černodoly;Eurosibiřské stepní doubravy;91I0;NA;NA;137;NA;NA;% rozlohy zasažené invazními druhy;8;NA;2026-02-20;AOPK ČR - RP SCHKO České středohoří, Krajský úřad Ústeckého kraje;RP SCHKO České středohoří;MINIMI;NA
Stanoviště;CZ0420165;Velký vrch - Černodoly;Eurosibiřské stepní doubravy;91I0;NA;NA;138;NA;NA;% rozlohy zasažené expanzivními druhy;8;NA;2026-02-20;AOPK ČR - RP SCHKO České středohoří, Krajský úřad Ústeckého kraje;RP SCHKO České středohoří;MINIMI;NA
Stanoviště;CZ0420165;Velký vrch - Černodoly;Eurosibiřské stepní doubravy;91I0;2021-06-04;2021-06-04;162;0;NA;140;8;3;2026-02-20;AOPK ČR - RP SCHKO České středohoří, Krajský úřad Ústeckého kraje;RP SCHKO České středohoří;MINIMI;NA
Stanoviště;CZ0420165;Velký vrch - Černodoly;Eurosibiřské stepní doubravy;91I0;2021-06-04;2021-06-04;10;NA;NA;NA;12;NA;2026-02-20;AOPK ČR - RP SCHKO České středohoří, Krajský úřad Ústeckého kraje;RP SCHKO České středohoří;NA;NA
Stanoviště;CZ0420455;Lhota;Eurosibiřské stepní doubravy;91I0;2024-06-16;2024-06-16;128;1,5553;7.05;hektary;13;4;2026-02-20;AOPK ČR - RP SCHKO České středohoří;RP SCHKO České středohoří;VMB2;NA
Stanoviště;CZ0420455;Lhota;Eurosibiřské stepní doubravy;91I0;2024-06-16;2024-06-16;129;3,7489;1.6;140;13;4;2026-02-20;AOPK ČR - RP SCHKO České středohoří;RP SCHKO České středohoří;VMB2;NA
Stanoviště;CZ0420455;Lhota;Eurosibiřské stepní doubravy;91I0;2024-06-16;2024-06-16;132;3;NA;140;8;NA;2026-02-20;AOPK ČR - RP SCHKO České středohoří;RP SCHKO České středohoří;NA;NA
Stanoviště;CZ0420455;Lhota;Eurosibiřské stepní doubravy;91I0;NA;NA;133;NA;NA;% rozlohy v celistvém uspořádání splňující hodnotu minimiareálu;8;NA;2026-02-20;AOPK ČR - RP SCHKO České středohoří;RP SCHKO České středohoří;MINIMI;NA
Stanoviště;CZ0420455;Lhota;Eurosibiřské stepní doubravy;91I0;NA;NA;135;NA;NA;% hranice s nepřírodními biotopy;8;NA;2026-02-20;AOPK ČR - RP SCHKO České středohoří;RP SCHKO České středohoří;NA;NA
Stanoviště;CZ0420455;Lhota;Eurosibiřské stepní doubravy;91I0;NA;NA;134;NA;NA;zastoupení nepřírodních biotopů v segmentech stanoviště;8;NA;2026-02-20;AOPK ČR - RP SCHKO České středohoří;RP SCHKO České středohoří;NA;NA
Stanoviště;CZ0420455;Lhota;Eurosibiřské stepní doubravy;91I0;NA;NA;136;NA;NA;druhy červeného seznamu;8;NA;2026-02-20;AOPK ČR - RP SCHKO České středohoří;RP SCHKO České středohoří;NA;NA
Stanoviště;CZ0420455;Lhota;Eurosibiřské stepní doubravy;91I0;NA;NA;137;NA;NA;% rozlohy zasažené invazními druhy;8;NA;2026-02-20;AOPK ČR - RP SCHKO České středohoří;RP SCHKO České středohoří;MINIMI;NA
Stanoviště;CZ0420455;Lhota;Eurosibiřské stepní doubravy;91I0;NA;NA;138;NA;NA;% rozlohy zasažené expanzivními druhy;8;NA;2026-02-20;AOPK ČR - RP SCHKO České středohoří;RP SCHKO České středohoří;MINIMI;NA
Stanoviště;CZ0420455;Lhota;Eurosibiřské stepní doubravy;91I0;2024-06-16;2024-06-16;162;0;NA;140;8;NA;2026-02-20;AOPK ČR - RP SCHKO České středohoří;RP SCHKO České středohoří;NA;NA
Stanoviště;CZ0420455;Lhota;Eurosibiřské stepní doubravy;91I0;2024-06-16;2024-06-16;10;NA;NA;NA;13;NA;2026-02-20;AOPK ČR - RP SCHKO České středohoří;RP SCHKO České středohoří;NA;NA
Stanoviště;CZ0420456;Ostrý;Eurosibiřské stepní doubravy;91I0;NA;NA;128;NA;15;hektary;NA;NA;2026-02-20;AOPK ČR - RP SCHKO České středohoří;RP SCHKO České středohoří;MINIMI;NA
Stanoviště;CZ0420456;Ostrý;Eurosibiřské stepní doubravy;91I0;NA;NA;129;NA;2;140;13;NA;2026-02-20;AOPK ČR - RP SCHKO České středohoří;RP SCHKO České středohoří;MINIMI;NA
Stanoviště;CZ0420456;Ostrý;Eurosibiřské stepní doubravy;91I0;NA;NA;132;NA;NA;140;8;NA;2026-02-20;AOPK ČR - RP SCHKO České středohoří;RP SCHKO České středohoří;NA;NA
Stanoviště;CZ0420456;Ostrý;Eurosibiřské stepní doubravy;91I0;NA;NA;133;NA;NA;% rozlohy v celistvém uspořádání splňující hodnotu minimiareálu;8;NA;2026-02-20;AOPK ČR - RP SCHKO České středohoří;RP SCHKO České středohoří;NA;NA
Stanoviště;CZ0420456;Ostrý;Eurosibiřské stepní doubravy;91I0;NA;NA;135;NA;NA;% hranice s nepřírodními biotopy;8;NA;2026-02-20;AOPK ČR - RP SCHKO České středohoří;RP SCHKO České středohoří;NA;NA
Stanoviště;CZ0420456;Ostrý;Eurosibiřské stepní doubravy;91I0;NA;NA;134;NA;NA;zastoupení nepřírodních biotopů v segmentech stanoviště;8;NA;2026-02-20;AOPK ČR - RP SCHKO České středohoří;RP SCHKO České středohoří;NA;NA
Stanoviště;CZ0420456;Ostrý;Eurosibiřské stepní doubravy;91I0;NA;NA;136;NA;NA;druhy červeného seznamu;8;NA;2026-02-20;AOPK ČR - RP SCHKO České středohoří;RP SCHKO České středohoří;NA;NA
Stanoviště;CZ0420456;Ostrý;Eurosibiřské stepní doubravy;91I0;NA;NA;137;NA;NA;% rozlohy zasažené invazními druhy;8;NA;2026-02-20;AOPK ČR - RP SCHKO České středohoří;RP SCHKO České středohoří;NA;NA
Stanoviště;CZ0420456;Ostrý;Eurosibiřské stepní doubravy;91I0;NA;NA;138;NA;NA;% rozlohy zasažené expanzivními druhy;8;NA;2026-02-20;AOPK ČR - RP SCHKO České středohoří;RP SCHKO České středohoří;NA;NA
Stanoviště;CZ0420456;Ostrý;Eurosibiřské stepní doubravy;91I0;NA;NA;162;NA;NA;140;8;NA;2026-02-20;AOPK ČR - RP SCHKO České středohoří;RP SCHKO České středohoří;NA;NA
Stanoviště;CZ0420456;Ostrý;Eurosibiřské stepní doubravy;91I0;NA;NA;10;NA;NA;NA;13;NA;2026-02-20;AOPK ČR - RP SCHKO České středohoří;RP SCHKO České středohoří;NA;NA
Stanoviště;CZ0420459;Košťálov;Eurosibiřské stepní doubravy;91I0;2015-05-02;2015-05-02;128;32,362;32.36;hektary;11;3;2026-02-20;AOPK ČR - RP SCHKO České středohoří;RP SCHKO České středohoří;VMB2;NA
Stanoviště;CZ0420459;Košťálov;Eurosibiřské stepní doubravy;91I0;2015-05-02;2015-05-02;129;1,0122;1.1;140;11;3;2026-02-20;AOPK ČR - RP SCHKO České středohoří;RP SCHKO České středohoří;VMB2;NA
Stanoviště;CZ0420459;Košťálov;Eurosibiřské stepní doubravy;91I0;2015-05-02;2015-05-02;132;1,0081;NA;140;8;3;2026-02-20;AOPK ČR - RP SCHKO České středohoří;RP SCHKO České středohoří;NA;NA
Stanoviště;CZ0420459;Košťálov;Eurosibiřské stepní doubravy;91I0;NA;NA;133;NA;NA;% rozlohy v celistvém uspořádání splňující hodnotu minimiareálu;8;NA;2026-02-20;AOPK ČR - RP SCHKO České středohoří;RP SCHKO České středohoří;NA;NA
Stanoviště;CZ0420459;Košťálov;Eurosibiřské stepní doubravy;91I0;NA;NA;135;NA;NA;% hranice s nepřírodními biotopy;8;NA;2026-02-20;AOPK ČR - RP SCHKO České středohoří;RP SCHKO České středohoří;NA;NA
Stanoviště;CZ0420459;Košťálov;Eurosibiřské stepní doubravy;91I0;NA;NA;134;NA;NA;zastoupení nepřírodních biotopů v segmentech stanoviště;8;NA;2026-02-20;AOPK ČR - RP SCHKO České středohoří;RP SCHKO České středohoří;NA;NA
Stanoviště;CZ0420459;Košťálov;Eurosibiřské stepní doubravy;91I0;NA;NA;136;NA;NA;druhy červeného seznamu;8;NA;2026-02-20;AOPK ČR - RP SCHKO České středohoří;RP SCHKO České středohoří;NA;NA
Stanoviště;CZ0420459;Košťálov;Eurosibiřské stepní doubravy;91I0;NA;NA;137;NA;NA;% rozlohy zasažené invazními druhy;8;NA;2026-02-20;AOPK ČR - RP SCHKO České středohoří;RP SCHKO České středohoří;MINIMI;NA
Stanoviště;CZ0420459;Košťálov;Eurosibiřské stepní doubravy;91I0;NA;NA;138;NA;NA;% rozlohy zasažené expanzivními druhy;8;NA;2026-02-20;AOPK ČR - RP SCHKO České středohoří;RP SCHKO České středohoří;MINIMI;NA
Stanoviště;CZ0420459;Košťálov;Eurosibiřské stepní doubravy;91I0;2015-05-02;2015-05-02;162;0;NA;140;8;3;2026-02-20;AOPK ČR - RP SCHKO České středohoří;RP SCHKO České středohoří;MINIMI;NA
Stanoviště;CZ0420459;Košťálov;Eurosibiřské stepní doubravy;91I0;2015-05-02;2015-05-02;10;NA;NA;NA;11;NA;2026-02-20;AOPK ČR - RP SCHKO České středohoří;RP SCHKO České středohoří;NA;NA
Stanoviště;CZ0510441;Binov - Bobří soutěska;Eurosibiřské stepní doubravy;91I0;2014-05-19;2014-06-01;128;19,2466;19.24;hektary;11;3;2026-02-20;AOPK ČR - RP SCHKO České středohoří;RP SCHKO České středohoří;VMB2;NA
Stanoviště;CZ0510441;Binov - Bobří soutěska;Eurosibiřské stepní doubravy;91I0;2014-05-19;2014-06-01;129;1,9321;2;140;11;3;2026-02-20;AOPK ČR - RP SCHKO České středohoří;RP SCHKO České středohoří;VMB2;NA
Stanoviště;CZ0510441;Binov - Bobří soutěska;Eurosibiřské stepní doubravy;91I0;2014-05-19;2014-06-01;132;1,9292;NA;140;8;3;2026-02-20;AOPK ČR - RP SCHKO České středohoří;RP SCHKO České středohoří;NA;NA
Stanoviště;CZ0510441;Binov - Bobří soutěska;Eurosibiřské stepní doubravy;91I0;NA;NA;133;NA;NA;% rozlohy v celistvém uspořádání splňující hodnotu minimiareálu;8;NA;2026-02-20;AOPK ČR - RP SCHKO České středohoří;RP SCHKO České středohoří;MINIMI;NA
Stanoviště;CZ0510441;Binov - Bobří soutěska;Eurosibiřské stepní doubravy;91I0;NA;NA;135;NA;NA;% hranice s nepřírodními biotopy;8;NA;2026-02-20;AOPK ČR - RP SCHKO České středohoří;RP SCHKO České středohoří;NA;NA
Stanoviště;CZ0510441;Binov - Bobří soutěska;Eurosibiřské stepní doubravy;91I0;NA;NA;134;NA;NA;zastoupení nepřírodních biotopů v segmentech stanoviště;8;NA;2026-02-20;AOPK ČR - RP SCHKO České středohoří;RP SCHKO České středohoří;NA;NA
Stanoviště;CZ0510441;Binov - Bobří soutěska;Eurosibiřské stepní doubravy;91I0;NA;NA;136;NA;NA;druhy červeného seznamu;8;NA;2026-02-20;AOPK ČR - RP SCHKO České středohoří;RP SCHKO České středohoří;NA;NA
Stanoviště;CZ0510441;Binov - Bobří soutěska;Eurosibiřské stepní doubravy;91I0;NA;NA;137;NA;NA;% rozlohy zasažené invazními druhy;8;NA;2026-02-20;AOPK ČR - RP SCHKO České středohoří;RP SCHKO České středohoří;MINIMI;NA
Stanoviště;CZ0510441;Binov - Bobří soutěska;Eurosibiřské stepní doubravy;91I0;NA;NA;138;NA;NA;% rozlohy zasažené expanzivními druhy;8;NA;2026-02-20;AOPK ČR - RP SCHKO České středohoří;RP SCHKO České středohoří;MINIMI;NA
Stanoviště;CZ0510441;Binov - Bobří soutěska;Eurosibiřské stepní doubravy;91I0;2014-05-19;2014-06-01;162;0,5787;NA;140;8;3;2026-02-20;AOPK ČR - RP SCHKO České středohoří;RP SCHKO České středohoří;NA;NA
Stanoviště;CZ0510441;Binov - Bobří soutěska;Eurosibiřské stepní doubravy;91I0;2014-05-19;2014-06-01;10;NA;NA;NA;11;NA;2026-02-20;AOPK ČR - RP SCHKO České středohoří;RP SCHKO České středohoří;NA;NA
Stanoviště;CZ0614131;Údolí Oslavy a Chvojnice;Eurosibiřské stepní doubravy;91I0;2010-05-01;2013-06-06;128;14,4204;15;hektary;13;3;2026-02-20;Krajský úřad Jihomoravského kraje, AOPK ČR - RP Vysočina, Krajský úřad Kraje Vysočina;RP Vysočina;MINIMI;NA
Stanoviště;CZ0614131;Údolí Oslavy a Chvojnice;Eurosibiřské stepní doubravy;91I0;2010-05-01;2013-06-06;129;1,17;1.2;140;11;3;2026-02-20;Krajský úřad Jihomoravského kraje, AOPK ČR - RP Vysočina, Krajský úřad Kraje Vysočina;RP Vysočina;VMB2;NA
Stanoviště;CZ0614131;Údolí Oslavy a Chvojnice;Eurosibiřské stepní doubravy;91I0;2010-05-01;2013-06-06;132;1,5842;NA;140;8;3;2026-02-20;Krajský úřad Jihomoravského kraje, AOPK ČR - RP Vysočina, Krajský úřad Kraje Vysočina;RP Vysočina;NA;NA
Stanoviště;CZ0614131;Údolí Oslavy a Chvojnice;Eurosibiřské stepní doubravy;91I0;NA;NA;133;NA;NA;% rozlohy v celistvém uspořádání splňující hodnotu minimiareálu;8;NA;2026-02-20;Krajský úřad Jihomoravského kraje, AOPK ČR - RP Vysočina, Krajský úřad Kraje Vysočina;RP Vysočina;MINIMI;NA
Stanoviště;CZ0614131;Údolí Oslavy a Chvojnice;Eurosibiřské stepní doubravy;91I0;NA;NA;135;NA;NA;% hranice s nepřírodními biotopy;8;NA;2026-02-20;Krajský úřad Jihomoravského kraje, AOPK ČR - RP Vysočina, Krajský úřad Kraje Vysočina;RP Vysočina;NA;NA
Stanoviště;CZ0614131;Údolí Oslavy a Chvojnice;Eurosibiřské stepní doubravy;91I0;NA;NA;134;NA;NA;zastoupení nepřírodních biotopů v segmentech stanoviště;8;NA;2026-02-20;Krajský úřad Jihomoravského kraje, AOPK ČR - RP Vysočina, Krajský úřad Kraje Vysočina;RP Vysočina;NA;NA
Stanoviště;CZ0614131;Údolí Oslavy a Chvojnice;Eurosibiřské stepní doubravy;91I0;NA;NA;136;NA;NA;druhy červeného seznamu;8;NA;2026-02-20;Krajský úřad Jihomoravského kraje, AOPK ČR - RP Vysočina, Krajský úřad Kraje Vysočina;RP Vysočina;NA;NA
Stanoviště;CZ0614131;Údolí Oslavy a Chvojnice;Eurosibiřské stepní doubravy;91I0;NA;NA;137;NA;NA;% rozlohy zasažené invazními druhy;8;NA;2026-02-20;Krajský úřad Jihomoravského kraje, AOPK ČR - RP Vysočina, Krajský úřad Kraje Vysočina;RP Vysočina;MINIMI;NA
Stanoviště;CZ0614131;Údolí Oslavy a Chvojnice;Eurosibiřské stepní doubravy;91I0;NA;NA;138;NA;NA;% rozlohy zasažené expanzivními druhy;8;NA;2026-02-20;Krajský úřad Jihomoravského kraje, AOPK ČR - RP Vysočina, Krajský úřad Kraje Vysočina;RP Vysočina;MINIMI;NA
Stanoviště;CZ0614131;Údolí Oslavy a Chvojnice;Eurosibiřské stepní doubravy;91I0;2010-05-01;2013-06-06;162;0,9174;NA;140;8;3;2026-02-20;Krajský úřad Jihomoravského kraje, AOPK ČR - RP Vysočina, Krajský úřad Kraje Vysočina;RP Vysočina;NA;NA
Stanoviště;CZ0614131;Údolí Oslavy a Chvojnice;Eurosibiřské stepní doubravy;91I0;2010-05-01;2013-06-06;10;NA;NA;NA;12;NA;2026-02-20;Krajský úřad Jihomoravského kraje, AOPK ČR - RP Vysočina, Krajský úřad Kraje Vysočina;RP Vysočina;NA;NA
Stanoviště;CZ0614134;Údolí Jihlavy;Eurosibiřské stepní doubravy;91I0;2013-07-20;2014-07-07;128;17,0473;17.04;hektary;11;3;2026-02-20;AOPK ČR - RP Vysočina, Krajský úřad Jihomoravského kraje, Krajský úřad Kraje Vysočina;RP Vysočina;VMB2;NA
Stanoviště;CZ0614134;Údolí Jihlavy;Eurosibiřské stepní doubravy;91I0;2013-07-20;2014-07-07;129;1,9846;2;140;11;3;2026-02-20;AOPK ČR - RP Vysočina, Krajský úřad Jihomoravského kraje, Krajský úřad Kraje Vysočina;RP Vysočina;VMB2;NA
Stanoviště;CZ0614134;Údolí Jihlavy;Eurosibiřské stepní doubravy;91I0;2013-07-20;2014-07-07;132;1,8596;NA;140;8;3;2026-02-20;AOPK ČR - RP Vysočina, Krajský úřad Jihomoravského kraje, Krajský úřad Kraje Vysočina;RP Vysočina;NA;NA
Stanoviště;CZ0614134;Údolí Jihlavy;Eurosibiřské stepní doubravy;91I0;NA;NA;133;NA;NA;% rozlohy v celistvém uspořádání splňující hodnotu minimiareálu;8;NA;2026-02-20;AOPK ČR - RP Vysočina, Krajský úřad Jihomoravského kraje, Krajský úřad Kraje Vysočina;RP Vysočina;MINIMI;NA
Stanoviště;CZ0614134;Údolí Jihlavy;Eurosibiřské stepní doubravy;91I0;NA;NA;135;NA;NA;% hranice s nepřírodními biotopy;8;NA;2026-02-20;AOPK ČR - RP Vysočina, Krajský úřad Jihomoravského kraje, Krajský úřad Kraje Vysočina;RP Vysočina;NA;NA
Stanoviště;CZ0614134;Údolí Jihlavy;Eurosibiřské stepní doubravy;91I0;NA;NA;134;NA;NA;zastoupení nepřírodních biotopů v segmentech stanoviště;8;NA;2026-02-20;AOPK ČR - RP Vysočina, Krajský úřad Jihomoravského kraje, Krajský úřad Kraje Vysočina;RP Vysočina;NA;NA
Stanoviště;CZ0614134;Údolí Jihlavy;Eurosibiřské stepní doubravy;91I0;NA;NA;136;NA;NA;druhy červeného seznamu;8;NA;2026-02-20;AOPK ČR - RP Vysočina, Krajský úřad Jihomoravského kraje, Krajský úřad Kraje Vysočina;RP Vysočina;NA;NA
Stanoviště;CZ0614134;Údolí Jihlavy;Eurosibiřské stepní doubravy;91I0;NA;NA;137;NA;NA;% rozlohy zasažené invazními druhy;8;NA;2026-02-20;AOPK ČR - RP Vysočina, Krajský úřad Jihomoravského kraje, Krajský úřad Kraje Vysočina;RP Vysočina;MINIMI;NA
Stanoviště;CZ0614134;Údolí Jihlavy;Eurosibiřské stepní doubravy;91I0;NA;NA;138;NA;NA;% rozlohy zasažené expanzivními druhy;8;NA;2026-02-20;AOPK ČR - RP Vysočina, Krajský úřad Jihomoravského kraje, Krajský úřad Kraje Vysočina;RP Vysočina;MINIMI;NA
Stanoviště;CZ0614134;Údolí Jihlavy;Eurosibiřské stepní doubravy;91I0;2013-07-20;2014-07-07;162;0,9994;NA;140;8;3;2026-02-20;AOPK ČR - RP Vysočina, Krajský úřad Jihomoravského kraje, Krajský úřad Kraje Vysočina;RP Vysočina;NA;NA
Stanoviště;CZ0614134;Údolí Jihlavy;Eurosibiřské stepní doubravy;91I0;2013-07-20;2014-07-07;10;NA;NA;NA;11;NA;2026-02-20;AOPK ČR - RP Vysočina, Krajský úřad Jihomoravského kraje, Krajský úřad Kraje Vysočina;RP Vysočina;NA;NA
Stanoviště;CZ0620037;Sivický les;Eurosibiřské stepní doubravy;91I0;2022-05-01;2022-07-06;128;53,7374;44.11;hektary;11;2;2026-02-20;Krajský úřad Jihomoravského kraje;RP Jižní Morava;VMB2;NA
Stanoviště;CZ0620037;Sivický les;Eurosibiřské stepní doubravy;91I0;2022-05-01;2022-07-06;129;1,7565;1.5;140;13;4;2026-02-20;Krajský úřad Jihomoravského kraje;RP Jižní Morava;VMB2;NA
Stanoviště;CZ0620037;Sivický les;Eurosibiřské stepní doubravy;91I0;2022-05-01;2022-07-06;132;1,8104;NA;140;8;NA;2026-02-20;Krajský úřad Jihomoravského kraje;RP Jižní Morava;NA;NA
Stanoviště;CZ0620037;Sivický les;Eurosibiřské stepní doubravy;91I0;NA;NA;133;NA;NA;% rozlohy v celistvém uspořádání splňující hodnotu minimiareálu;8;NA;2026-02-20;Krajský úřad Jihomoravského kraje;RP Jižní Morava;NA;NA
Stanoviště;CZ0620037;Sivický les;Eurosibiřské stepní doubravy;91I0;NA;NA;135;NA;NA;% hranice s nepřírodními biotopy;8;NA;2026-02-20;Krajský úřad Jihomoravského kraje;RP Jižní Morava;NA;NA
Stanoviště;CZ0620037;Sivický les;Eurosibiřské stepní doubravy;91I0;NA;NA;134;NA;NA;zastoupení nepřírodních biotopů v segmentech stanoviště;8;NA;2026-02-20;Krajský úřad Jihomoravského kraje;RP Jižní Morava;NA;NA
Stanoviště;CZ0620037;Sivický les;Eurosibiřské stepní doubravy;91I0;NA;NA;136;NA;NA;druhy červeného seznamu;8;NA;2026-02-20;Krajský úřad Jihomoravského kraje;RP Jižní Morava;NA;NA
Stanoviště;CZ0620037;Sivický les;Eurosibiřské stepní doubravy;91I0;NA;NA;137;NA;NA;% rozlohy zasažené invazními druhy;8;NA;2026-02-20;Krajský úřad Jihomoravského kraje;RP Jižní Morava;MINIMI;NA
Stanoviště;CZ0620037;Sivický les;Eurosibiřské stepní doubravy;91I0;NA;NA;138;NA;NA;% rozlohy zasažené expanzivními druhy;8;NA;2026-02-20;Krajský úřad Jihomoravského kraje;RP Jižní Morava;MINIMI;NA
Stanoviště;CZ0620037;Sivický les;Eurosibiřské stepní doubravy;91I0;2022-05-01;2022-07-06;162;0,1217;NA;140;8;NA;2026-02-20;Krajský úřad Jihomoravského kraje;RP Jižní Morava;MINIMI;NA
Stanoviště;CZ0620037;Sivický les;Eurosibiřské stepní doubravy;91I0;2022-05-01;2022-07-06;10;NA;NA;NA;12;NA;2026-02-20;Krajský úřad Jihomoravského kraje;RP Jižní Morava;NA;NA
Stanoviště;CZ0620101;Mikulovický les;Eurosibiřské stepní doubravy;91I0;2012-07-05;2012-07-11;128;23,659;23.65;hektary;11;3;2026-02-20;Krajský úřad Jihomoravského kraje;RP Jižní Morava;VMB2;NA
Stanoviště;CZ0620101;Mikulovický les;Eurosibiřské stepní doubravy;91I0;2012-07-05;2012-07-11;129;3,3169;2;140;13;3;2026-02-20;Krajský úřad Jihomoravského kraje;RP Jižní Morava;MINIMI;NA
Stanoviště;CZ0620101;Mikulovický les;Eurosibiřské stepní doubravy;91I0;2012-07-05;2012-07-11;132;2,7129;NA;140;8;3;2026-02-20;Krajský úřad Jihomoravského kraje;RP Jižní Morava;NA;NA
Stanoviště;CZ0620101;Mikulovický les;Eurosibiřské stepní doubravy;91I0;NA;NA;133;NA;NA;% rozlohy v celistvém uspořádání splňující hodnotu minimiareálu;8;NA;2026-02-20;Krajský úřad Jihomoravského kraje;RP Jižní Morava;MINIMI;NA
Stanoviště;CZ0620101;Mikulovický les;Eurosibiřské stepní doubravy;91I0;NA;NA;135;NA;NA;% hranice s nepřírodními biotopy;8;NA;2026-02-20;Krajský úřad Jihomoravského kraje;RP Jižní Morava;NA;NA
Stanoviště;CZ0620101;Mikulovický les;Eurosibiřské stepní doubravy;91I0;NA;NA;134;NA;NA;zastoupení nepřírodních biotopů v segmentech stanoviště;8;NA;2026-02-20;Krajský úřad Jihomoravského kraje;RP Jižní Morava;NA;NA
Stanoviště;CZ0620101;Mikulovický les;Eurosibiřské stepní doubravy;91I0;NA;NA;136;NA;NA;druhy červeného seznamu;8;NA;2026-02-20;Krajský úřad Jihomoravského kraje;RP Jižní Morava;NA;NA
Stanoviště;CZ0620101;Mikulovický les;Eurosibiřské stepní doubravy;91I0;NA;NA;137;NA;NA;% rozlohy zasažené invazními druhy;8;NA;2026-02-20;Krajský úřad Jihomoravského kraje;RP Jižní Morava;MINIMI;NA
Stanoviště;CZ0620101;Mikulovický les;Eurosibiřské stepní doubravy;91I0;NA;NA;138;NA;NA;% rozlohy zasažené expanzivními druhy;8;NA;2026-02-20;Krajský úřad Jihomoravského kraje;RP Jižní Morava;MINIMI;NA
Stanoviště;CZ0620101;Mikulovický les;Eurosibiřské stepní doubravy;91I0;2012-07-05;2012-07-11;162;0,0085;NA;140;8;3;2026-02-20;Krajský úřad Jihomoravského kraje;RP Jižní Morava;NA;NA
Stanoviště;CZ0620101;Mikulovický les;Eurosibiřské stepní doubravy;91I0;2012-07-05;2012-07-11;10;NA;NA;NA;12;NA;2026-02-20;Krajský úřad Jihomoravského kraje;RP Jižní Morava;NA;NA
Stanoviště;CZ0620103;Věteřovská vrchovina;Eurosibiřské stepní doubravy;91I0;2014-05-26;2014-05-28;128;19,7652;19.76;hektary;11;3;2026-02-20;Krajský úřad Jihomoravského kraje;RP Jižní Morava;VMB2;NA
Stanoviště;CZ0620103;Věteřovská vrchovina;Eurosibiřské stepní doubravy;91I0;2014-05-26;2014-05-28;129;2,3976;2;140;13;3;2026-02-20;Krajský úřad Jihomoravského kraje;RP Jižní Morava;MINIMI;NA
Stanoviště;CZ0620103;Věteřovská vrchovina;Eurosibiřské stepní doubravy;91I0;2014-05-26;2014-05-28;132;2,2246;NA;140;8;3;2026-02-20;Krajský úřad Jihomoravského kraje;RP Jižní Morava;NA;NA
Stanoviště;CZ0620103;Věteřovská vrchovina;Eurosibiřské stepní doubravy;91I0;NA;NA;133;NA;NA;% rozlohy v celistvém uspořádání splňující hodnotu minimiareálu;8;NA;2026-02-20;Krajský úřad Jihomoravského kraje;RP Jižní Morava;MINIMI;NA
Stanoviště;CZ0620103;Věteřovská vrchovina;Eurosibiřské stepní doubravy;91I0;NA;NA;135;NA;NA;% hranice s nepřírodními biotopy;8;NA;2026-02-20;Krajský úřad Jihomoravského kraje;RP Jižní Morava;NA;NA
Stanoviště;CZ0620103;Věteřovská vrchovina;Eurosibiřské stepní doubravy;91I0;NA;NA;134;NA;NA;zastoupení nepřírodních biotopů v segmentech stanoviště;8;NA;2026-02-20;Krajský úřad Jihomoravského kraje;RP Jižní Morava;NA;NA
Stanoviště;CZ0620103;Věteřovská vrchovina;Eurosibiřské stepní doubravy;91I0;NA;NA;136;NA;NA;druhy červeného seznamu;8;NA;2026-02-20;Krajský úřad Jihomoravského kraje;RP Jižní Morava;NA;NA
Stanoviště;CZ0620103;Věteřovská vrchovina;Eurosibiřské stepní doubravy;91I0;NA;NA;137;NA;NA;% rozlohy zasažené invazními druhy;8;NA;2026-02-20;Krajský úřad Jihomoravského kraje;RP Jižní Morava;MINIMI;NA
Stanoviště;CZ0620103;Věteřovská vrchovina;Eurosibiřské stepní doubravy;91I0;NA;NA;138;NA;NA;% rozlohy zasažené expanzivními druhy;8;NA;2026-02-20;Krajský úřad Jihomoravského kraje;RP Jižní Morava;MINIMI;NA
Stanoviště;CZ0620103;Věteřovská vrchovina;Eurosibiřské stepní doubravy;91I0;2014-05-26;2014-05-28;162;0,1925;NA;140;8;3;2026-02-20;Krajský úřad Jihomoravského kraje;RP Jižní Morava;NA;NA
Stanoviště;CZ0620103;Věteřovská vrchovina;Eurosibiřské stepní doubravy;91I0;2014-05-26;2014-05-28;10;NA;NA;NA;12;NA;2026-02-20;Krajský úřad Jihomoravského kraje;RP Jižní Morava;NA;NA
Stanoviště;CZ0620120;Zlobice;Eurosibiřské stepní doubravy;91I0;2022-05-21;2022-05-21;128;17,138;15;hektary;11;2;2026-02-20;Krajský úřad Jihomoravského kraje;RP Jižní Morava;MINIMI;NA
Stanoviště;CZ0620120;Zlobice;Eurosibiřské stepní doubravy;91I0;2022-05-21;2022-05-21;129;1;1;140;11;3;2026-02-20;Krajský úřad Jihomoravského kraje;RP Jižní Morava;VMB2;NA
Stanoviště;CZ0620120;Zlobice;Eurosibiřské stepní doubravy;91I0;2022-05-21;2022-05-21;132;1;NA;140;8;NA;2026-02-20;Krajský úřad Jihomoravského kraje;RP Jižní Morava;NA;NA
Stanoviště;CZ0620120;Zlobice;Eurosibiřské stepní doubravy;91I0;NA;NA;133;NA;NA;% rozlohy v celistvém uspořádání splňující hodnotu minimiareálu;8;NA;2026-02-20;Krajský úřad Jihomoravského kraje;RP Jižní Morava;MINIMI;NA
Stanoviště;CZ0620120;Zlobice;Eurosibiřské stepní doubravy;91I0;NA;NA;135;NA;NA;% hranice s nepřírodními biotopy;8;NA;2026-02-20;Krajský úřad Jihomoravského kraje;RP Jižní Morava;NA;NA
Stanoviště;CZ0620120;Zlobice;Eurosibiřské stepní doubravy;91I0;NA;NA;134;NA;NA;zastoupení nepřírodních biotopů v segmentech stanoviště;8;NA;2026-02-20;Krajský úřad Jihomoravského kraje;RP Jižní Morava;NA;NA
Stanoviště;CZ0620120;Zlobice;Eurosibiřské stepní doubravy;91I0;NA;NA;136;NA;NA;druhy červeného seznamu;8;NA;2026-02-20;Krajský úřad Jihomoravského kraje;RP Jižní Morava;NA;NA
Stanoviště;CZ0620120;Zlobice;Eurosibiřské stepní doubravy;91I0;NA;NA;137;NA;NA;% rozlohy zasažené invazními druhy;8;NA;2026-02-20;Krajský úřad Jihomoravského kraje;RP Jižní Morava;MINIMI;NA
Stanoviště;CZ0620120;Zlobice;Eurosibiřské stepní doubravy;91I0;NA;NA;138;NA;NA;% rozlohy zasažené expanzivními druhy;8;NA;2026-02-20;Krajský úřad Jihomoravského kraje;RP Jižní Morava;MINIMI;NA
Stanoviště;CZ0620120;Zlobice;Eurosibiřské stepní doubravy;91I0;2022-05-21;2022-05-21;162;1;NA;140;8;NA;2026-02-20;Krajský úřad Jihomoravského kraje;RP Jižní Morava;MINIMI;NA
Stanoviště;CZ0620120;Zlobice;Eurosibiřské stepní doubravy;91I0;2022-05-21;2022-05-21;10;NA;NA;NA;11;NA;2026-02-20;Krajský úřad Jihomoravského kraje;RP Jižní Morava;NA;NA
Stanoviště;CZ0620169;Ochůzky - Nedánov;Eurosibiřské stepní doubravy;91I0;2021-05-07;2021-06-12;128;100,3064;99.49;hektary;11;3;2026-02-20;Krajský úřad Jihomoravského kraje;RP Jižní Morava;VMB2;NA
Stanoviště;CZ0620169;Ochůzky - Nedánov;Eurosibiřské stepní doubravy;91I0;2021-05-07;2021-06-12;129;1,6087;1.1;140;13;4;2026-02-20;Krajský úřad Jihomoravského kraje;RP Jižní Morava;VMB2;NA
Stanoviště;CZ0620169;Ochůzky - Nedánov;Eurosibiřské stepní doubravy;91I0;2021-05-07;2021-06-12;132;1,951;NA;140;8;NA;2026-02-20;Krajský úřad Jihomoravského kraje;RP Jižní Morava;NA;NA
Stanoviště;CZ0620169;Ochůzky - Nedánov;Eurosibiřské stepní doubravy;91I0;NA;NA;133;NA;NA;% rozlohy v celistvém uspořádání splňující hodnotu minimiareálu;8;NA;2026-02-20;Krajský úřad Jihomoravského kraje;RP Jižní Morava;NA;NA
Stanoviště;CZ0620169;Ochůzky - Nedánov;Eurosibiřské stepní doubravy;91I0;NA;NA;135;NA;NA;% hranice s nepřírodními biotopy;8;NA;2026-02-20;Krajský úřad Jihomoravského kraje;RP Jižní Morava;NA;NA
Stanoviště;CZ0620169;Ochůzky - Nedánov;Eurosibiřské stepní doubravy;91I0;NA;NA;134;NA;NA;zastoupení nepřírodních biotopů v segmentech stanoviště;8;NA;2026-02-20;Krajský úřad Jihomoravského kraje;RP Jižní Morava;NA;NA
Stanoviště;CZ0620169;Ochůzky - Nedánov;Eurosibiřské stepní doubravy;91I0;NA;NA;136;NA;NA;druhy červeného seznamu;8;NA;2026-02-20;Krajský úřad Jihomoravského kraje;RP Jižní Morava;NA;NA
Stanoviště;CZ0620169;Ochůzky - Nedánov;Eurosibiřské stepní doubravy;91I0;NA;NA;137;NA;NA;% rozlohy zasažené invazními druhy;8;NA;2026-02-20;Krajský úřad Jihomoravského kraje;RP Jižní Morava;MINIMI;NA
Stanoviště;CZ0620169;Ochůzky - Nedánov;Eurosibiřské stepní doubravy;91I0;NA;NA;138;NA;NA;% rozlohy zasažené expanzivními druhy;8;NA;2026-02-20;Krajský úřad Jihomoravského kraje;RP Jižní Morava;MINIMI;NA
Stanoviště;CZ0620169;Ochůzky - Nedánov;Eurosibiřské stepní doubravy;91I0;2021-05-07;2021-06-12;162;1,4054;NA;140;8;NA;2026-02-20;Krajský úřad Jihomoravského kraje;RP Jižní Morava;NA;NA
Stanoviště;CZ0620169;Ochůzky - Nedánov;Eurosibiřské stepní doubravy;91I0;2021-05-07;2021-06-12;10;NA;NA;NA;12;NA;2026-02-20;Krajský úřad Jihomoravského kraje;RP Jižní Morava;NA;NA
Stanoviště;CZ0620177;Kapánsko;Eurosibiřské stepní doubravy;91I0;2021-07-06;2021-09-17;128;190,0471;195.21;hektary;13;3;2026-02-20;Krajský úřad Jihomoravského kraje;RP Jižní Morava;VMB2;NA
Stanoviště;CZ0620177;Kapánsko;Eurosibiřské stepní doubravy;91I0;2021-07-06;2021-09-17;129;2,1534;1.5;140;13;4;2026-02-20;Krajský úřad Jihomoravského kraje;RP Jižní Morava;VMB2;NA
Stanoviště;CZ0620177;Kapánsko;Eurosibiřské stepní doubravy;91I0;2021-07-06;2021-09-17;132;2,4859;NA;140;8;NA;2026-02-20;Krajský úřad Jihomoravského kraje;RP Jižní Morava;NA;NA
Stanoviště;CZ0620177;Kapánsko;Eurosibiřské stepní doubravy;91I0;NA;NA;133;NA;NA;% rozlohy v celistvém uspořádání splňující hodnotu minimiareálu;8;NA;2026-02-20;Krajský úřad Jihomoravského kraje;RP Jižní Morava;NA;NA
Stanoviště;CZ0620177;Kapánsko;Eurosibiřské stepní doubravy;91I0;NA;NA;135;NA;NA;% hranice s nepřírodními biotopy;8;NA;2026-02-20;Krajský úřad Jihomoravského kraje;RP Jižní Morava;NA;NA
Stanoviště;CZ0620177;Kapánsko;Eurosibiřské stepní doubravy;91I0;NA;NA;134;NA;NA;zastoupení nepřírodních biotopů v segmentech stanoviště;8;NA;2026-02-20;Krajský úřad Jihomoravského kraje;RP Jižní Morava;NA;NA
Stanoviště;CZ0620177;Kapánsko;Eurosibiřské stepní doubravy;91I0;NA;NA;136;NA;NA;druhy červeného seznamu;8;NA;2026-02-20;Krajský úřad Jihomoravského kraje;RP Jižní Morava;NA;NA
Stanoviště;CZ0620177;Kapánsko;Eurosibiřské stepní doubravy;91I0;NA;NA;137;NA;NA;% rozlohy zasažené invazními druhy;8;NA;2026-02-20;Krajský úřad Jihomoravského kraje;RP Jižní Morava;MINIMI;NA
Stanoviště;CZ0620177;Kapánsko;Eurosibiřské stepní doubravy;91I0;NA;NA;138;NA;NA;% rozlohy zasažené expanzivními druhy;8;NA;2026-02-20;Krajský úřad Jihomoravského kraje;RP Jižní Morava;MINIMI;NA
Stanoviště;CZ0620177;Kapánsko;Eurosibiřské stepní doubravy;91I0;2021-07-06;2021-09-17;162;0,1752;NA;140;8;NA;2026-02-20;Krajský úřad Jihomoravského kraje;RP Jižní Morava;NA;NA
Stanoviště;CZ0620177;Kapánsko;Eurosibiřské stepní doubravy;91I0;2021-07-06;2021-09-17;10;NA;NA;NA;13;NA;2026-02-20;Krajský úřad Jihomoravského kraje;RP Jižní Morava;NA;NA
Stanoviště;CZ0624060;Pouzdřanská step - Kolby;Eurosibiřské stepní doubravy;91I0;2023-05-23;2023-06-20;128;34,8694;34.38;hektary;11;3;2026-02-20;AOPK ČR - RP Jižní Morava, Krajský úřad Jihomoravského kraje;RP Jižní Morava;VMB2;NA
Stanoviště;CZ0624060;Pouzdřanská step - Kolby;Eurosibiřské stepní doubravy;91I0;2023-05-23;2023-06-20;129;2,3028;2;140;13;2;2026-02-20;AOPK ČR - RP Jižní Morava, Krajský úřad Jihomoravského kraje;RP Jižní Morava;MINIMI;NA
Stanoviště;CZ0624060;Pouzdřanská step - Kolby;Eurosibiřské stepní doubravy;91I0;2023-05-23;2023-06-20;132;2,2154;NA;140;8;3;2026-02-20;AOPK ČR - RP Jižní Morava, Krajský úřad Jihomoravského kraje;RP Jižní Morava;NA;NA
Stanoviště;CZ0624060;Pouzdřanská step - Kolby;Eurosibiřské stepní doubravy;91I0;NA;NA;133;NA;NA;% rozlohy v celistvém uspořádání splňující hodnotu minimiareálu;8;NA;2026-02-20;AOPK ČR - RP Jižní Morava, Krajský úřad Jihomoravského kraje;RP Jižní Morava;NA;NA
Stanoviště;CZ0624060;Pouzdřanská step - Kolby;Eurosibiřské stepní doubravy;91I0;NA;NA;135;NA;NA;% hranice s nepřírodními biotopy;8;NA;2026-02-20;AOPK ČR - RP Jižní Morava, Krajský úřad Jihomoravského kraje;RP Jižní Morava;NA;NA
Stanoviště;CZ0624060;Pouzdřanská step - Kolby;Eurosibiřské stepní doubravy;91I0;NA;NA;134;NA;NA;zastoupení nepřírodních biotopů v segmentech stanoviště;8;NA;2026-02-20;AOPK ČR - RP Jižní Morava, Krajský úřad Jihomoravského kraje;RP Jižní Morava;NA;NA
Stanoviště;CZ0624060;Pouzdřanská step - Kolby;Eurosibiřské stepní doubravy;91I0;NA;NA;136;NA;NA;druhy červeného seznamu;8;NA;2026-02-20;AOPK ČR - RP Jižní Morava, Krajský úřad Jihomoravského kraje;RP Jižní Morava;NA;NA
Stanoviště;CZ0624060;Pouzdřanská step - Kolby;Eurosibiřské stepní doubravy;91I0;NA;NA;137;NA;NA;% rozlohy zasažené invazními druhy;8;NA;2026-02-20;AOPK ČR - RP Jižní Morava, Krajský úřad Jihomoravského kraje;RP Jižní Morava;MINIMI;NA
Stanoviště;CZ0624060;Pouzdřanská step - Kolby;Eurosibiřské stepní doubravy;91I0;NA;NA;138;NA;NA;% rozlohy zasažené expanzivními druhy;8;NA;2026-02-20;AOPK ČR - RP Jižní Morava, Krajský úřad Jihomoravského kraje;RP Jižní Morava;MINIMI;NA
Stanoviště;CZ0624060;Pouzdřanská step - Kolby;Eurosibiřské stepní doubravy;91I0;2023-05-23;2023-06-20;162;1,0473;NA;140;8;NA;2026-02-20;AOPK ČR - RP Jižní Morava, Krajský úřad Jihomoravského kraje;RP Jižní Morava;NA;NA
Stanoviště;CZ0624060;Pouzdřanská step - Kolby;Eurosibiřské stepní doubravy;91I0;2023-05-23;2023-06-20;10;NA;NA;NA;12;NA;2026-02-20;AOPK ČR - RP Jižní Morava, Krajský úřad Jihomoravského kraje;RP Jižní Morava;NA;NA
Stanoviště;CZ0624062;Černecký a Milonický hájek;Eurosibiřské stepní doubravy;91I0;2012-05-14;2012-05-14;128;10,1877;15;hektary;13;3;2026-02-20;AOPK ČR - RP Jižní Morava, Krajský úřad Jihomoravského kraje;RP Jižní Morava;MINIMI;NA
Stanoviště;CZ0624062;Černecký a Milonický hájek;Eurosibiřské stepní doubravy;91I0;2012-05-14;2012-05-14;129;1,5374;1.6;140;11;3;2026-02-20;AOPK ČR - RP Jižní Morava, Krajský úřad Jihomoravského kraje;RP Jižní Morava;VMB2;NA
Stanoviště;CZ0624062;Černecký a Milonický hájek;Eurosibiřské stepní doubravy;91I0;2012-05-14;2012-05-14;132;2;NA;140;8;3;2026-02-20;AOPK ČR - RP Jižní Morava, Krajský úřad Jihomoravského kraje;RP Jižní Morava;NA;NA
Stanoviště;CZ0624062;Černecký a Milonický hájek;Eurosibiřské stepní doubravy;91I0;NA;NA;133;NA;NA;% rozlohy v celistvém uspořádání splňující hodnotu minimiareálu;8;NA;2026-02-20;AOPK ČR - RP Jižní Morava, Krajský úřad Jihomoravského kraje;RP Jižní Morava;MINIMI;NA
Stanoviště;CZ0624062;Černecký a Milonický hájek;Eurosibiřské stepní doubravy;91I0;NA;NA;135;NA;NA;% hranice s nepřírodními biotopy;8;NA;2026-02-20;AOPK ČR - RP Jižní Morava, Krajský úřad Jihomoravského kraje;RP Jižní Morava;NA;NA
Stanoviště;CZ0624062;Černecký a Milonický hájek;Eurosibiřské stepní doubravy;91I0;NA;NA;134;NA;NA;zastoupení nepřírodních biotopů v segmentech stanoviště;8;NA;2026-02-20;AOPK ČR - RP Jižní Morava, Krajský úřad Jihomoravského kraje;RP Jižní Morava;NA;NA
Stanoviště;CZ0624062;Černecký a Milonický hájek;Eurosibiřské stepní doubravy;91I0;NA;NA;136;NA;NA;druhy červeného seznamu;8;NA;2026-02-20;AOPK ČR - RP Jižní Morava, Krajský úřad Jihomoravského kraje;RP Jižní Morava;NA;NA
Stanoviště;CZ0624062;Černecký a Milonický hájek;Eurosibiřské stepní doubravy;91I0;NA;NA;137;NA;NA;% rozlohy zasažené invazními druhy;8;NA;2026-02-20;AOPK ČR - RP Jižní Morava, Krajský úřad Jihomoravského kraje;RP Jižní Morava;MINIMI;NA
Stanoviště;CZ0624062;Černecký a Milonický hájek;Eurosibiřské stepní doubravy;91I0;NA;NA;138;NA;NA;% rozlohy zasažené expanzivními druhy;8;NA;2026-02-20;AOPK ČR - RP Jižní Morava, Krajský úřad Jihomoravského kraje;RP Jižní Morava;MINIMI;NA
Stanoviště;CZ0624062;Černecký a Milonický hájek;Eurosibiřské stepní doubravy;91I0;2012-05-14;2012-05-14;162;0;NA;140;8;3;2026-02-20;AOPK ČR - RP Jižní Morava, Krajský úřad Jihomoravského kraje;RP Jižní Morava;MINIMI;NA
Stanoviště;CZ0624062;Černecký a Milonický hájek;Eurosibiřské stepní doubravy;91I0;2012-05-14;2012-05-14;10;NA;NA;NA;12;NA;2026-02-20;AOPK ČR - RP Jižní Morava, Krajský úřad Jihomoravského kraje;RP Jižní Morava;NA;NA
Stanoviště;CZ0624064;Krumlovský les;Eurosibiřské stepní doubravy;91I0;2022-05-07;2023-09-18;128;53,7617;30.6;hektary;11;2;2026-02-20;Krajský úřad Jihomoravského kraje;RP Jižní Morava;VMB2;NA
Stanoviště;CZ0624064;Krumlovský les;Eurosibiřské stepní doubravy;91I0;2022-05-07;2023-09-18;129;2,8778;2;140;13;4;2026-02-20;Krajský úřad Jihomoravského kraje;RP Jižní Morava;MINIMI;NA
Stanoviště;CZ0624064;Krumlovský les;Eurosibiřské stepní doubravy;91I0;2022-05-07;2023-09-18;132;1,9826;NA;140;8;3;2026-02-20;Krajský úřad Jihomoravského kraje;RP Jižní Morava;NA;NA
Stanoviště;CZ0624064;Krumlovský les;Eurosibiřské stepní doubravy;91I0;NA;NA;133;NA;NA;% rozlohy v celistvém uspořádání splňující hodnotu minimiareálu;8;NA;2026-02-20;Krajský úřad Jihomoravského kraje;RP Jižní Morava;MINIMI;NA
Stanoviště;CZ0624064;Krumlovský les;Eurosibiřské stepní doubravy;91I0;NA;NA;135;NA;NA;% hranice s nepřírodními biotopy;8;NA;2026-02-20;Krajský úřad Jihomoravského kraje;RP Jižní Morava;NA;NA
Stanoviště;CZ0624064;Krumlovský les;Eurosibiřské stepní doubravy;91I0;NA;NA;134;NA;NA;zastoupení nepřírodních biotopů v segmentech stanoviště;8;NA;2026-02-20;Krajský úřad Jihomoravského kraje;RP Jižní Morava;NA;NA
Stanoviště;CZ0624064;Krumlovský les;Eurosibiřské stepní doubravy;91I0;NA;NA;136;NA;NA;druhy červeného seznamu;8;NA;2026-02-20;Krajský úřad Jihomoravského kraje;RP Jižní Morava;NA;NA
Stanoviště;CZ0624064;Krumlovský les;Eurosibiřské stepní doubravy;91I0;NA;NA;137;NA;NA;% rozlohy zasažené invazními druhy;8;NA;2026-02-20;Krajský úřad Jihomoravského kraje;RP Jižní Morava;MINIMI;NA
Stanoviště;CZ0624064;Krumlovský les;Eurosibiřské stepní doubravy;91I0;NA;NA;138;NA;NA;% rozlohy zasažené expanzivními druhy;8;NA;2026-02-20;Krajský úřad Jihomoravského kraje;RP Jižní Morava;MINIMI;NA
Stanoviště;CZ0624064;Krumlovský les;Eurosibiřské stepní doubravy;91I0;2022-05-07;2023-09-18;162;0,8881;NA;140;8;NA;2026-02-20;Krajský úřad Jihomoravského kraje;RP Jižní Morava;MINIMI;NA
Stanoviště;CZ0624064;Krumlovský les;Eurosibiřské stepní doubravy;91I0;2022-05-07;2023-09-18;10;NA;NA;NA;12;NA;2026-02-20;Krajský úřad Jihomoravského kraje;RP Jižní Morava;NA;NA
Stanoviště;CZ0624069;Strabišov - Oulehla;Eurosibiřské stepní doubravy;91I0;2014-05-12;2014-05-15;128;18,9205;18.92;hektary;11;3;2026-02-20;AOPK ČR - RP SCHKO Bílé Karpaty, Krajský úřad Jihomoravského kraje, Krajský úřad Zlínského kraje;RP Jižní Morava;VMB2;NA
Stanoviště;CZ0624069;Strabišov - Oulehla;Eurosibiřské stepní doubravy;91I0;2014-05-12;2014-05-15;129;2,8454;2;140;13;3;2026-02-20;AOPK ČR - RP SCHKO Bílé Karpaty, Krajský úřad Jihomoravského kraje, Krajský úřad Zlínského kraje;RP Jižní Morava;MINIMI;NA
Stanoviště;CZ0624069;Strabišov - Oulehla;Eurosibiřské stepní doubravy;91I0;2014-05-12;2014-05-15;132;2,4923;NA;140;8;3;2026-02-20;AOPK ČR - RP SCHKO Bílé Karpaty, Krajský úřad Jihomoravského kraje, Krajský úřad Zlínského kraje;RP Jižní Morava;NA;NA
Stanoviště;CZ0624069;Strabišov - Oulehla;Eurosibiřské stepní doubravy;91I0;NA;NA;133;NA;NA;% rozlohy v celistvém uspořádání splňující hodnotu minimiareálu;8;NA;2026-02-20;AOPK ČR - RP SCHKO Bílé Karpaty, Krajský úřad Jihomoravského kraje, Krajský úřad Zlínského kraje;RP Jižní Morava;MINIMI;NA
Stanoviště;CZ0624069;Strabišov - Oulehla;Eurosibiřské stepní doubravy;91I0;NA;NA;135;NA;NA;% hranice s nepřírodními biotopy;8;NA;2026-02-20;AOPK ČR - RP SCHKO Bílé Karpaty, Krajský úřad Jihomoravského kraje, Krajský úřad Zlínského kraje;RP Jižní Morava;NA;NA
Stanoviště;CZ0624069;Strabišov - Oulehla;Eurosibiřské stepní doubravy;91I0;NA;NA;134;NA;NA;zastoupení nepřírodních biotopů v segmentech stanoviště;8;NA;2026-02-20;AOPK ČR - RP SCHKO Bílé Karpaty, Krajský úřad Jihomoravského kraje, Krajský úřad Zlínského kraje;RP Jižní Morava;NA;NA
Stanoviště;CZ0624069;Strabišov - Oulehla;Eurosibiřské stepní doubravy;91I0;NA;NA;136;NA;NA;druhy červeného seznamu;8;NA;2026-02-20;AOPK ČR - RP SCHKO Bílé Karpaty, Krajský úřad Jihomoravského kraje, Krajský úřad Zlínského kraje;RP Jižní Morava;NA;NA
Stanoviště;CZ0624069;Strabišov - Oulehla;Eurosibiřské stepní doubravy;91I0;NA;NA;137;NA;NA;% rozlohy zasažené invazními druhy;8;NA;2026-02-20;AOPK ČR - RP SCHKO Bílé Karpaty, Krajský úřad Jihomoravského kraje, Krajský úřad Zlínského kraje;RP Jižní Morava;MINIMI;NA
Stanoviště;CZ0624069;Strabišov - Oulehla;Eurosibiřské stepní doubravy;91I0;NA;NA;138;NA;NA;% rozlohy zasažené expanzivními druhy;8;NA;2026-02-20;AOPK ČR - RP SCHKO Bílé Karpaty, Krajský úřad Jihomoravského kraje, Krajský úřad Zlínského kraje;RP Jižní Morava;MINIMI;NA
Stanoviště;CZ0624069;Strabišov - Oulehla;Eurosibiřské stepní doubravy;91I0;2014-05-12;2014-05-15;162;0,0303;NA;140;8;3;2026-02-20;AOPK ČR - RP SCHKO Bílé Karpaty, Krajský úřad Jihomoravského kraje, Krajský úřad Zlínského kraje;RP Jižní Morava;NA;NA
Stanoviště;CZ0624069;Strabišov - Oulehla;Eurosibiřské stepní doubravy;91I0;2014-05-12;2014-05-15;10;NA;NA;NA;12;NA;2026-02-20;AOPK ČR - RP SCHKO Bílé Karpaty, Krajský úřad Jihomoravského kraje, Krajský úřad Zlínského kraje;RP Jižní Morava;NA;NA
Stanoviště;CZ0624070;Hodonínská Dúbrava;Eurosibiřské stepní doubravy;91I0;2007-06-03;2024-10-16;128;946,9678;936.69;hektary;11;3;2026-02-20;AOPK ČR - RP Jižní Morava, Krajský úřad Jihomoravského kraje;RP Jižní Morava;VMB2;NA
Stanoviště;CZ0624070;Hodonínská Dúbrava;Eurosibiřské stepní doubravy;91I0;2007-06-03;2024-10-16;129;2,6324;2;140;13;3;2026-02-20;AOPK ČR - RP Jižní Morava, Krajský úřad Jihomoravského kraje;RP Jižní Morava;MINIMI;NA
Stanoviště;CZ0624070;Hodonínská Dúbrava;Eurosibiřské stepní doubravy;91I0;2007-06-03;2024-10-16;132;2,1975;NA;140;8;3;2026-02-20;AOPK ČR - RP Jižní Morava, Krajský úřad Jihomoravského kraje;RP Jižní Morava;NA;NA
Stanoviště;CZ0624070;Hodonínská Dúbrava;Eurosibiřské stepní doubravy;91I0;NA;NA;133;NA;NA;% rozlohy v celistvém uspořádání splňující hodnotu minimiareálu;8;NA;2026-02-20;AOPK ČR - RP Jižní Morava, Krajský úřad Jihomoravského kraje;RP Jižní Morava;NA;NA
Stanoviště;CZ0624070;Hodonínská Dúbrava;Eurosibiřské stepní doubravy;91I0;NA;NA;135;NA;NA;% hranice s nepřírodními biotopy;8;NA;2026-02-20;AOPK ČR - RP Jižní Morava, Krajský úřad Jihomoravského kraje;RP Jižní Morava;NA;NA
Stanoviště;CZ0624070;Hodonínská Dúbrava;Eurosibiřské stepní doubravy;91I0;NA;NA;134;NA;NA;zastoupení nepřírodních biotopů v segmentech stanoviště;8;NA;2026-02-20;AOPK ČR - RP Jižní Morava, Krajský úřad Jihomoravského kraje;RP Jižní Morava;NA;NA
Stanoviště;CZ0624070;Hodonínská Dúbrava;Eurosibiřské stepní doubravy;91I0;NA;NA;136;NA;NA;druhy červeného seznamu;8;NA;2026-02-20;AOPK ČR - RP Jižní Morava, Krajský úřad Jihomoravského kraje;RP Jižní Morava;NA;NA
Stanoviště;CZ0624070;Hodonínská Dúbrava;Eurosibiřské stepní doubravy;91I0;NA;NA;137;NA;NA;% rozlohy zasažené invazními druhy;8;NA;2026-02-20;AOPK ČR - RP Jižní Morava, Krajský úřad Jihomoravského kraje;RP Jižní Morava;MINIMI;NA
Stanoviště;CZ0624070;Hodonínská Dúbrava;Eurosibiřské stepní doubravy;91I0;NA;NA;138;NA;NA;% rozlohy zasažené expanzivními druhy;8;NA;2026-02-20;AOPK ČR - RP Jižní Morava, Krajský úřad Jihomoravského kraje;RP Jižní Morava;MINIMI;NA
Stanoviště;CZ0624070;Hodonínská Dúbrava;Eurosibiřské stepní doubravy;91I0;2007-06-03;2024-10-16;162;0,3121;NA;140;8;NA;2026-02-20;AOPK ČR - RP Jižní Morava, Krajský úřad Jihomoravského kraje;RP Jižní Morava;NA;NA
Stanoviště;CZ0624070;Hodonínská Dúbrava;Eurosibiřské stepní doubravy;91I0;2007-06-03;2024-10-16;10;NA;NA;NA;12;NA;2026-02-20;AOPK ČR - RP Jižní Morava, Krajský úřad Jihomoravského kraje;RP Jižní Morava;NA;NA
Stanoviště;CZ0624072;Čertoryje;Eurosibiřské stepní doubravy;91I0;2010-06-10;2020-06-30;128;93,8264;142.29;hektary;13;3;2026-02-20;AOPK ČR - RP SCHKO Bílé Karpaty;RP SCHKO Bílé Karpaty;SDF;NA
Stanoviště;CZ0624072;Čertoryje;Eurosibiřské stepní doubravy;91I0;2010-06-10;2020-06-30;129;2,4487;2;140;13;3;2026-02-20;AOPK ČR - RP SCHKO Bílé Karpaty;RP SCHKO Bílé Karpaty;MINIMI;NA
Stanoviště;CZ0624072;Čertoryje;Eurosibiřské stepní doubravy;91I0;2010-06-10;2020-06-30;132;2,0083;NA;140;8;3;2026-02-20;AOPK ČR - RP SCHKO Bílé Karpaty;RP SCHKO Bílé Karpaty;NA;NA
Stanoviště;CZ0624072;Čertoryje;Eurosibiřské stepní doubravy;91I0;NA;NA;133;NA;NA;% rozlohy v celistvém uspořádání splňující hodnotu minimiareálu;8;NA;2026-02-20;AOPK ČR - RP SCHKO Bílé Karpaty;RP SCHKO Bílé Karpaty;NA;NA
Stanoviště;CZ0624072;Čertoryje;Eurosibiřské stepní doubravy;91I0;NA;NA;135;NA;NA;% hranice s nepřírodními biotopy;8;NA;2026-02-20;AOPK ČR - RP SCHKO Bílé Karpaty;RP SCHKO Bílé Karpaty;NA;NA
Stanoviště;CZ0624072;Čertoryje;Eurosibiřské stepní doubravy;91I0;NA;NA;134;NA;NA;zastoupení nepřírodních biotopů v segmentech stanoviště;8;NA;2026-02-20;AOPK ČR - RP SCHKO Bílé Karpaty;RP SCHKO Bílé Karpaty;NA;NA
Stanoviště;CZ0624072;Čertoryje;Eurosibiřské stepní doubravy;91I0;NA;NA;136;NA;NA;druhy červeného seznamu;8;NA;2026-02-20;AOPK ČR - RP SCHKO Bílé Karpaty;RP SCHKO Bílé Karpaty;NA;NA
Stanoviště;CZ0624072;Čertoryje;Eurosibiřské stepní doubravy;91I0;NA;NA;137;NA;NA;% rozlohy zasažené invazními druhy;8;NA;2026-02-20;AOPK ČR - RP SCHKO Bílé Karpaty;RP SCHKO Bílé Karpaty;MINIMI;NA
Stanoviště;CZ0624072;Čertoryje;Eurosibiřské stepní doubravy;91I0;NA;NA;138;NA;NA;% rozlohy zasažené expanzivními druhy;8;NA;2026-02-20;AOPK ČR - RP SCHKO Bílé Karpaty;RP SCHKO Bílé Karpaty;MINIMI;NA
Stanoviště;CZ0624072;Čertoryje;Eurosibiřské stepní doubravy;91I0;2010-06-10;2020-06-30;162;0,2322;NA;140;8;NA;2026-02-20;AOPK ČR - RP SCHKO Bílé Karpaty;RP SCHKO Bílé Karpaty;NA;NA
Stanoviště;CZ0624072;Čertoryje;Eurosibiřské stepní doubravy;91I0;2010-06-10;2020-06-30;10;NA;NA;NA;13;NA;2026-02-20;AOPK ČR - RP SCHKO Bílé Karpaty;RP SCHKO Bílé Karpaty;NA;NA
Stanoviště;CZ0624096;Podyjí;Eurosibiřské stepní doubravy;91I0;2016-06-10;2023-10-13;128;139,4937;123.54;hektary;11;2;2026-02-20;Správa NP Podyjí;RP Jižní Morava;VMB2;NA
Stanoviště;CZ0624096;Podyjí;Eurosibiřské stepní doubravy;91I0;2016-06-10;2023-10-13;129;1,1209;1.3;140;11;2;2026-02-20;Správa NP Podyjí;RP Jižní Morava;VMB2;NA
Stanoviště;CZ0624096;Podyjí;Eurosibiřské stepní doubravy;91I0;2016-06-10;2023-10-13;132;1,1192;NA;140;8;3;2026-02-20;Správa NP Podyjí;RP Jižní Morava;NA;NA
Stanoviště;CZ0624096;Podyjí;Eurosibiřské stepní doubravy;91I0;NA;NA;133;NA;NA;% rozlohy v celistvém uspořádání splňující hodnotu minimiareálu;8;NA;2026-02-20;Správa NP Podyjí;RP Jižní Morava;NA;NA
Stanoviště;CZ0624096;Podyjí;Eurosibiřské stepní doubravy;91I0;NA;NA;135;NA;NA;% hranice s nepřírodními biotopy;8;NA;2026-02-20;Správa NP Podyjí;RP Jižní Morava;NA;NA
Stanoviště;CZ0624096;Podyjí;Eurosibiřské stepní doubravy;91I0;NA;NA;134;NA;NA;zastoupení nepřírodních biotopů v segmentech stanoviště;8;NA;2026-02-20;Správa NP Podyjí;RP Jižní Morava;NA;NA
Stanoviště;CZ0624096;Podyjí;Eurosibiřské stepní doubravy;91I0;NA;NA;136;NA;NA;druhy červeného seznamu;8;NA;2026-02-20;Správa NP Podyjí;RP Jižní Morava;NA;NA
Stanoviště;CZ0624096;Podyjí;Eurosibiřské stepní doubravy;91I0;NA;NA;137;NA;NA;% rozlohy zasažené invazními druhy;8;NA;2026-02-20;Správa NP Podyjí;RP Jižní Morava;MINIMI;NA
Stanoviště;CZ0624096;Podyjí;Eurosibiřské stepní doubravy;91I0;NA;NA;138;NA;NA;% rozlohy zasažené expanzivními druhy;8;NA;2026-02-20;Správa NP Podyjí;RP Jižní Morava;MINIMI;NA
Stanoviště;CZ0624096;Podyjí;Eurosibiřské stepní doubravy;91I0;2016-06-10;2023-10-13;162;1,3238;NA;140;8;3;2026-02-20;Správa NP Podyjí;RP Jižní Morava;NA;NA
Stanoviště;CZ0624096;Podyjí;Eurosibiřské stepní doubravy;91I0;2016-06-10;2023-10-13;10;NA;NA;NA;11;NA;2026-02-20;Správa NP Podyjí;RP Jižní Morava;NA;NA
Stanoviště;CZ0624100;Milovický les;Eurosibiřské stepní doubravy;91I0;2011-05-10;2013-09-05;128;752,0517;752.04;hektary;11;3;2026-02-20;AOPK ČR - RP Jižní Morava;RP Jižní Morava;VMB2;NA
Stanoviště;CZ0624100;Milovický les;Eurosibiřské stepní doubravy;91I0;2011-05-10;2013-09-05;129;2,4723;2;140;13;3;2026-02-20;AOPK ČR - RP Jižní Morava;RP Jižní Morava;MINIMI;NA
Stanoviště;CZ0624100;Milovický les;Eurosibiřské stepní doubravy;91I0;2011-05-10;2013-09-05;132;2,159;NA;140;8;3;2026-02-20;AOPK ČR - RP Jižní Morava;RP Jižní Morava;NA;NA
Stanoviště;CZ0624100;Milovický les;Eurosibiřské stepní doubravy;91I0;NA;NA;133;NA;NA;% rozlohy v celistvém uspořádání splňující hodnotu minimiareálu;8;NA;2026-02-20;AOPK ČR - RP Jižní Morava;RP Jižní Morava;NA;NA
Stanoviště;CZ0624100;Milovický les;Eurosibiřské stepní doubravy;91I0;NA;NA;135;NA;NA;% hranice s nepřírodními biotopy;8;NA;2026-02-20;AOPK ČR - RP Jižní Morava;RP Jižní Morava;NA;NA
Stanoviště;CZ0624100;Milovický les;Eurosibiřské stepní doubravy;91I0;NA;NA;134;NA;NA;zastoupení nepřírodních biotopů v segmentech stanoviště;8;NA;2026-02-20;AOPK ČR - RP Jižní Morava;RP Jižní Morava;NA;NA
Stanoviště;CZ0624100;Milovický les;Eurosibiřské stepní doubravy;91I0;NA;NA;136;NA;NA;druhy červeného seznamu;8;NA;2026-02-20;AOPK ČR - RP Jižní Morava;RP Jižní Morava;NA;NA
Stanoviště;CZ0624100;Milovický les;Eurosibiřské stepní doubravy;91I0;NA;NA;137;NA;NA;% rozlohy zasažené invazními druhy;8;NA;2026-02-20;AOPK ČR - RP Jižní Morava;RP Jižní Morava;MINIMI;NA
Stanoviště;CZ0624100;Milovický les;Eurosibiřské stepní doubravy;91I0;NA;NA;138;NA;NA;% rozlohy zasažené expanzivními druhy;8;NA;2026-02-20;AOPK ČR - RP Jižní Morava;RP Jižní Morava;MINIMI;NA
Stanoviště;CZ0624100;Milovický les;Eurosibiřské stepní doubravy;91I0;2011-05-10;2013-09-05;162;0,6747;NA;140;8;3;2026-02-20;AOPK ČR - RP Jižní Morava;RP Jižní Morava;NA;NA
Stanoviště;CZ0624100;Milovický les;Eurosibiřské stepní doubravy;91I0;2011-05-10;2013-09-05;10;NA;NA;NA;12;NA;2026-02-20;AOPK ČR - RP Jižní Morava;RP Jižní Morava;NA;NA
Stanoviště;CZ0624101;Kuntínov;Eurosibiřské stepní doubravy;91I0;2014-04-18;2014-04-24;128;205,7447;205.74;hektary;11;3;2026-02-20;Krajský úřad Jihomoravského kraje;RP Jižní Morava;VMB2;NA
Stanoviště;CZ0624101;Kuntínov;Eurosibiřské stepní doubravy;91I0;2014-04-18;2014-04-24;129;1,5771;1.6;140;11;3;2026-02-20;Krajský úřad Jihomoravského kraje;RP Jižní Morava;VMB2;NA
Stanoviště;CZ0624101;Kuntínov;Eurosibiřské stepní doubravy;91I0;2014-04-18;2014-04-24;132;1,4302;NA;140;8;3;2026-02-20;Krajský úřad Jihomoravského kraje;RP Jižní Morava;NA;NA
Stanoviště;CZ0624101;Kuntínov;Eurosibiřské stepní doubravy;91I0;NA;NA;133;NA;NA;% rozlohy v celistvém uspořádání splňující hodnotu minimiareálu;8;NA;2026-02-20;Krajský úřad Jihomoravského kraje;RP Jižní Morava;NA;NA
Stanoviště;CZ0624101;Kuntínov;Eurosibiřské stepní doubravy;91I0;NA;NA;135;NA;NA;% hranice s nepřírodními biotopy;8;NA;2026-02-20;Krajský úřad Jihomoravského kraje;RP Jižní Morava;NA;NA
Stanoviště;CZ0624101;Kuntínov;Eurosibiřské stepní doubravy;91I0;NA;NA;134;NA;NA;zastoupení nepřírodních biotopů v segmentech stanoviště;8;NA;2026-02-20;Krajský úřad Jihomoravského kraje;RP Jižní Morava;NA;NA
Stanoviště;CZ0624101;Kuntínov;Eurosibiřské stepní doubravy;91I0;NA;NA;136;NA;NA;druhy červeného seznamu;8;NA;2026-02-20;Krajský úřad Jihomoravského kraje;RP Jižní Morava;NA;NA
Stanoviště;CZ0624101;Kuntínov;Eurosibiřské stepní doubravy;91I0;NA;NA;137;NA;NA;% rozlohy zasažené invazními druhy;8;NA;2026-02-20;Krajský úřad Jihomoravského kraje;RP Jižní Morava;MINIMI;NA
Stanoviště;CZ0624101;Kuntínov;Eurosibiřské stepní doubravy;91I0;NA;NA;138;NA;NA;% rozlohy zasažené expanzivními druhy;8;NA;2026-02-20;Krajský úřad Jihomoravského kraje;RP Jižní Morava;MINIMI;NA
Stanoviště;CZ0624101;Kuntínov;Eurosibiřské stepní doubravy;91I0;2014-04-18;2014-04-24;162;0,0076;NA;140;8;3;2026-02-20;Krajský úřad Jihomoravského kraje;RP Jižní Morava;NA;NA
Stanoviště;CZ0624101;Kuntínov;Eurosibiřské stepní doubravy;91I0;2014-04-18;2014-04-24;10;NA;NA;NA;11;NA;2026-02-20;Krajský úřad Jihomoravského kraje;RP Jižní Morava;NA;NA
Stanoviště;CZ0624114;Přední kout;Eurosibiřské stepní doubravy;91I0;2012-05-07;2012-05-17;128;94,2007;130.49;hektary;13;3;2026-02-20;AOPK ČR - RP Jižní Morava, Krajský úřad Jihomoravského kraje;RP Jižní Morava;SDF;NA
Stanoviště;CZ0624114;Přední kout;Eurosibiřské stepní doubravy;91I0;2012-05-07;2012-05-17;129;1,7091;1.8;140;11;3;2026-02-20;AOPK ČR - RP Jižní Morava, Krajský úřad Jihomoravského kraje;RP Jižní Morava;VMB2;NA
Stanoviště;CZ0624114;Přední kout;Eurosibiřské stepní doubravy;91I0;2012-05-07;2012-05-17;132;1,7656;NA;140;8;3;2026-02-20;AOPK ČR - RP Jižní Morava, Krajský úřad Jihomoravského kraje;RP Jižní Morava;NA;NA
Stanoviště;CZ0624114;Přední kout;Eurosibiřské stepní doubravy;91I0;NA;NA;133;NA;NA;% rozlohy v celistvém uspořádání splňující hodnotu minimiareálu;8;NA;2026-02-20;AOPK ČR - RP Jižní Morava, Krajský úřad Jihomoravského kraje;RP Jižní Morava;NA;NA
Stanoviště;CZ0624114;Přední kout;Eurosibiřské stepní doubravy;91I0;NA;NA;135;NA;NA;% hranice s nepřírodními biotopy;8;NA;2026-02-20;AOPK ČR - RP Jižní Morava, Krajský úřad Jihomoravského kraje;RP Jižní Morava;NA;NA
Stanoviště;CZ0624114;Přední kout;Eurosibiřské stepní doubravy;91I0;NA;NA;134;NA;NA;zastoupení nepřírodních biotopů v segmentech stanoviště;8;NA;2026-02-20;AOPK ČR - RP Jižní Morava, Krajský úřad Jihomoravského kraje;RP Jižní Morava;NA;NA
Stanoviště;CZ0624114;Přední kout;Eurosibiřské stepní doubravy;91I0;NA;NA;136;NA;NA;druhy červeného seznamu;8;NA;2026-02-20;AOPK ČR - RP Jižní Morava, Krajský úřad Jihomoravského kraje;RP Jižní Morava;NA;NA
Stanoviště;CZ0624114;Přední kout;Eurosibiřské stepní doubravy;91I0;NA;NA;137;NA;NA;% rozlohy zasažené invazními druhy;8;NA;2026-02-20;AOPK ČR - RP Jižní Morava, Krajský úřad Jihomoravského kraje;RP Jižní Morava;MINIMI;NA
Stanoviště;CZ0624114;Přední kout;Eurosibiřské stepní doubravy;91I0;NA;NA;138;NA;NA;% rozlohy zasažené expanzivními druhy;8;NA;2026-02-20;AOPK ČR - RP Jižní Morava, Krajský úřad Jihomoravského kraje;RP Jižní Morava;MINIMI;NA
Stanoviště;CZ0624114;Přední kout;Eurosibiřské stepní doubravy;91I0;2012-05-07;2012-05-17;162;0,1994;NA;140;8;3;2026-02-20;AOPK ČR - RP Jižní Morava, Krajský úřad Jihomoravského kraje;RP Jižní Morava;NA;NA
Stanoviště;CZ0624114;Přední kout;Eurosibiřské stepní doubravy;91I0;2012-05-07;2012-05-17;10;NA;NA;NA;12;NA;2026-02-20;AOPK ČR - RP Jižní Morava, Krajský úřad Jihomoravského kraje;RP Jižní Morava;NA;NA
Stanoviště;CZ0720013;Babí hora;Eurosibiřské stepní doubravy;91I0;2012-06-06;2012-06-06;128;15,3734;15.36;hektary;11;3;2026-02-20;Krajský úřad Zlínského kraje;RP SCHKO Bílé Karpaty;VMB2;NA
Stanoviště;CZ0720013;Babí hora;Eurosibiřské stepní doubravy;91I0;2012-06-06;2012-06-06;129;3,0321;2;140;13;3;2026-02-20;Krajský úřad Zlínského kraje;RP SCHKO Bílé Karpaty;MINIMI;NA
Stanoviště;CZ0720013;Babí hora;Eurosibiřské stepní doubravy;91I0;2012-06-06;2012-06-06;132;2,0321;NA;140;8;3;2026-02-20;Krajský úřad Zlínského kraje;RP SCHKO Bílé Karpaty;NA;NA
Stanoviště;CZ0720013;Babí hora;Eurosibiřské stepní doubravy;91I0;NA;NA;133;NA;NA;% rozlohy v celistvém uspořádání splňující hodnotu minimiareálu;8;NA;2026-02-20;Krajský úřad Zlínského kraje;RP SCHKO Bílé Karpaty;MINIMI;NA
Stanoviště;CZ0720013;Babí hora;Eurosibiřské stepní doubravy;91I0;NA;NA;135;NA;NA;% hranice s nepřírodními biotopy;8;NA;2026-02-20;Krajský úřad Zlínského kraje;RP SCHKO Bílé Karpaty;NA;NA
Stanoviště;CZ0720013;Babí hora;Eurosibiřské stepní doubravy;91I0;NA;NA;134;NA;NA;zastoupení nepřírodních biotopů v segmentech stanoviště;8;NA;2026-02-20;Krajský úřad Zlínského kraje;RP SCHKO Bílé Karpaty;NA;NA
Stanoviště;CZ0720013;Babí hora;Eurosibiřské stepní doubravy;91I0;NA;NA;136;NA;NA;druhy červeného seznamu;8;NA;2026-02-20;Krajský úřad Zlínského kraje;RP SCHKO Bílé Karpaty;NA;NA
Stanoviště;CZ0720013;Babí hora;Eurosibiřské stepní doubravy;91I0;NA;NA;137;NA;NA;% rozlohy zasažené invazními druhy;8;NA;2026-02-20;Krajský úřad Zlínského kraje;RP SCHKO Bílé Karpaty;MINIMI;NA
Stanoviště;CZ0720013;Babí hora;Eurosibiřské stepní doubravy;91I0;NA;NA;138;NA;NA;% rozlohy zasažené expanzivními druhy;8;NA;2026-02-20;Krajský úřad Zlínského kraje;RP SCHKO Bílé Karpaty;MINIMI;NA
Stanoviště;CZ0720013;Babí hora;Eurosibiřské stepní doubravy;91I0;2012-06-06;2012-06-06;162;0,5513;NA;140;8;3;2026-02-20;Krajský úřad Zlínského kraje;RP SCHKO Bílé Karpaty;NA;NA
Stanoviště;CZ0720013;Babí hora;Eurosibiřské stepní doubravy;91I0;2012-06-06;2012-06-06;10;NA;NA;NA;12;NA;2026-02-20;Krajský úřad Zlínského kraje;RP SCHKO Bílé Karpaty;NA;NA
Stanoviště;CZ0720016;Kovářův žleb - Obora;Eurosibiřské stepní doubravy;91I0;2013-07-22;2013-08-05;128;21,182;21.18;hektary;11;3;2026-02-20;Krajský úřad Zlínského kraje;RP SCHKO Bílé Karpaty;VMB2;NA
Stanoviště;CZ0720016;Kovářův žleb - Obora;Eurosibiřské stepní doubravy;91I0;2013-07-22;2013-08-05;129;2,1109;2;140;13;3;2026-02-20;Krajský úřad Zlínského kraje;RP SCHKO Bílé Karpaty;MINIMI;NA
Stanoviště;CZ0720016;Kovářův žleb - Obora;Eurosibiřské stepní doubravy;91I0;2013-07-22;2013-08-05;132;2,1824;NA;140;8;3;2026-02-20;Krajský úřad Zlínského kraje;RP SCHKO Bílé Karpaty;NA;NA
Stanoviště;CZ0720016;Kovářův žleb - Obora;Eurosibiřské stepní doubravy;91I0;NA;NA;133;NA;NA;% rozlohy v celistvém uspořádání splňující hodnotu minimiareálu;8;NA;2026-02-20;Krajský úřad Zlínského kraje;RP SCHKO Bílé Karpaty;MINIMI;NA
Stanoviště;CZ0720016;Kovářův žleb - Obora;Eurosibiřské stepní doubravy;91I0;NA;NA;135;NA;NA;% hranice s nepřírodními biotopy;8;NA;2026-02-20;Krajský úřad Zlínského kraje;RP SCHKO Bílé Karpaty;NA;NA
Stanoviště;CZ0720016;Kovářův žleb - Obora;Eurosibiřské stepní doubravy;91I0;NA;NA;134;NA;NA;zastoupení nepřírodních biotopů v segmentech stanoviště;8;NA;2026-02-20;Krajský úřad Zlínského kraje;RP SCHKO Bílé Karpaty;NA;NA
Stanoviště;CZ0720016;Kovářův žleb - Obora;Eurosibiřské stepní doubravy;91I0;NA;NA;136;NA;NA;druhy červeného seznamu;8;NA;2026-02-20;Krajský úřad Zlínského kraje;RP SCHKO Bílé Karpaty;NA;NA
Stanoviště;CZ0720016;Kovářův žleb - Obora;Eurosibiřské stepní doubravy;91I0;NA;NA;137;NA;NA;% rozlohy zasažené invazními druhy;8;NA;2026-02-20;Krajský úřad Zlínského kraje;RP SCHKO Bílé Karpaty;MINIMI;NA
Stanoviště;CZ0720016;Kovářův žleb - Obora;Eurosibiřské stepní doubravy;91I0;NA;NA;138;NA;NA;% rozlohy zasažené expanzivními druhy;8;NA;2026-02-20;Krajský úřad Zlínského kraje;RP SCHKO Bílé Karpaty;MINIMI;NA
Stanoviště;CZ0720016;Kovářův žleb - Obora;Eurosibiřské stepní doubravy;91I0;2013-07-22;2013-08-05;162;0,3568;NA;140;8;3;2026-02-20;Krajský úřad Zlínského kraje;RP SCHKO Bílé Karpaty;NA;NA
Stanoviště;CZ0720016;Kovářův žleb - Obora;Eurosibiřské stepní doubravy;91I0;2013-07-22;2013-08-05;10;NA;NA;NA;12;NA;2026-02-20;Krajský úřad Zlínského kraje;RP SCHKO Bílé Karpaty;NA;NA
Stanoviště;CZ0720420;Rudický les;Eurosibiřské stepní doubravy;91I0;2011-08-15;2012-09-20;128;34,9625;34.96;hektary;11;3;2026-02-20;AOPK ČR - RP SCHKO Bílé Karpaty;RP SCHKO Bílé Karpaty;VMB2;NA
Stanoviště;CZ0720420;Rudický les;Eurosibiřské stepní doubravy;91I0;2011-08-15;2012-09-20;129;2,0619;2;140;13;3;2026-02-20;AOPK ČR - RP SCHKO Bílé Karpaty;RP SCHKO Bílé Karpaty;MINIMI;NA
Stanoviště;CZ0720420;Rudický les;Eurosibiřské stepní doubravy;91I0;2011-08-15;2012-09-20;132;2,29;NA;140;8;3;2026-02-20;AOPK ČR - RP SCHKO Bílé Karpaty;RP SCHKO Bílé Karpaty;NA;NA
Stanoviště;CZ0720420;Rudický les;Eurosibiřské stepní doubravy;91I0;NA;NA;133;NA;NA;% rozlohy v celistvém uspořádání splňující hodnotu minimiareálu;8;NA;2026-02-20;AOPK ČR - RP SCHKO Bílé Karpaty;RP SCHKO Bílé Karpaty;NA;NA
Stanoviště;CZ0720420;Rudický les;Eurosibiřské stepní doubravy;91I0;NA;NA;135;NA;NA;% hranice s nepřírodními biotopy;8;NA;2026-02-20;AOPK ČR - RP SCHKO Bílé Karpaty;RP SCHKO Bílé Karpaty;NA;NA
Stanoviště;CZ0720420;Rudický les;Eurosibiřské stepní doubravy;91I0;NA;NA;134;NA;NA;zastoupení nepřírodních biotopů v segmentech stanoviště;8;NA;2026-02-20;AOPK ČR - RP SCHKO Bílé Karpaty;RP SCHKO Bílé Karpaty;NA;NA
Stanoviště;CZ0720420;Rudický les;Eurosibiřské stepní doubravy;91I0;NA;NA;136;NA;NA;druhy červeného seznamu;8;NA;2026-02-20;AOPK ČR - RP SCHKO Bílé Karpaty;RP SCHKO Bílé Karpaty;NA;NA
Stanoviště;CZ0720420;Rudický les;Eurosibiřské stepní doubravy;91I0;NA;NA;137;NA;NA;% rozlohy zasažené invazními druhy;8;NA;2026-02-20;AOPK ČR - RP SCHKO Bílé Karpaty;RP SCHKO Bílé Karpaty;MINIMI;NA
Stanoviště;CZ0720420;Rudický les;Eurosibiřské stepní doubravy;91I0;NA;NA;138;NA;NA;% rozlohy zasažené expanzivními druhy;8;NA;2026-02-20;AOPK ČR - RP SCHKO Bílé Karpaty;RP SCHKO Bílé Karpaty;MINIMI;NA
Stanoviště;CZ0720420;Rudický les;Eurosibiřské stepní doubravy;91I0;2011-08-15;2012-09-20;162;0,2018;NA;140;8;3;2026-02-20;AOPK ČR - RP SCHKO Bílé Karpaty;RP SCHKO Bílé Karpaty;NA;NA
Stanoviště;CZ0720420;Rudický les;Eurosibiřské stepní doubravy;91I0;2011-08-15;2012-09-20;10;NA;NA;NA;12;NA;2026-02-20;AOPK ČR - RP SCHKO Bílé Karpaty;RP SCHKO Bílé Karpaty;NA;NA
Stanoviště;CZ0724087;Újezdecký les;Eurosibiřské stepní doubravy;91I0;2016-04-25;2022-05-20;128;89,0411;102.93;hektary;13;2;2026-02-20;Krajský úřad Zlínského kraje;RP SCHKO Bílé Karpaty;SDF;NA
Stanoviště;CZ0724087;Újezdecký les;Eurosibiřské stepní doubravy;91I0;2016-04-25;2022-05-20;129;1,1707;1.3;140;11;2;2026-02-20;Krajský úřad Zlínského kraje;RP SCHKO Bílé Karpaty;VMB2;NA
Stanoviště;CZ0724087;Újezdecký les;Eurosibiřské stepní doubravy;91I0;2016-04-25;2022-05-20;132;1,3454;NA;140;8;NA;2026-02-20;Krajský úřad Zlínského kraje;RP SCHKO Bílé Karpaty;NA;NA
Stanoviště;CZ0724087;Újezdecký les;Eurosibiřské stepní doubravy;91I0;NA;NA;133;NA;NA;% rozlohy v celistvém uspořádání splňující hodnotu minimiareálu;8;NA;2026-02-20;Krajský úřad Zlínského kraje;RP SCHKO Bílé Karpaty;NA;NA
Stanoviště;CZ0724087;Újezdecký les;Eurosibiřské stepní doubravy;91I0;NA;NA;135;NA;NA;% hranice s nepřírodními biotopy;8;NA;2026-02-20;Krajský úřad Zlínského kraje;RP SCHKO Bílé Karpaty;NA;NA
Stanoviště;CZ0724087;Újezdecký les;Eurosibiřské stepní doubravy;91I0;NA;NA;134;NA;NA;zastoupení nepřírodních biotopů v segmentech stanoviště;8;NA;2026-02-20;Krajský úřad Zlínského kraje;RP SCHKO Bílé Karpaty;NA;NA
Stanoviště;CZ0724087;Újezdecký les;Eurosibiřské stepní doubravy;91I0;NA;NA;136;NA;NA;druhy červeného seznamu;8;NA;2026-02-20;Krajský úřad Zlínského kraje;RP SCHKO Bílé Karpaty;NA;NA
Stanoviště;CZ0724087;Újezdecký les;Eurosibiřské stepní doubravy;91I0;NA;NA;137;NA;NA;% rozlohy zasažené invazními druhy;8;NA;2026-02-20;Krajský úřad Zlínského kraje;RP SCHKO Bílé Karpaty;MINIMI;NA
Stanoviště;CZ0724087;Újezdecký les;Eurosibiřské stepní doubravy;91I0;NA;NA;138;NA;NA;% rozlohy zasažené expanzivními druhy;8;NA;2026-02-20;Krajský úřad Zlínského kraje;RP SCHKO Bílé Karpaty;MINIMI;NA
Stanoviště;CZ0724087;Újezdecký les;Eurosibiřské stepní doubravy;91I0;2016-04-25;2022-05-20;162;0,7456;NA;140;8;NA;2026-02-20;Krajský úřad Zlínského kraje;RP SCHKO Bílé Karpaty;NA;NA
Stanoviště;CZ0724087;Újezdecký les;Eurosibiřské stepní doubravy;91I0;2016-04-25;2022-05-20;10;NA;NA;NA;12;NA;2026-02-20;Krajský úřad Zlínského kraje;RP SCHKO Bílé Karpaty;NA;NA
Stanoviště;CZ0724090;Bílé Karpaty;Eurosibiřské stepní doubravy;91I0;2010-05-22;2018-08-06;128;95,2613;95.26;hektary;11;3;2026-02-20;AOPK ČR - RP SCHKO Bílé Karpaty;RP SCHKO Bílé Karpaty;VMB2;NA
Stanoviště;CZ0724090;Bílé Karpaty;Eurosibiřské stepní doubravy;91I0;2010-05-22;2018-08-06;129;2,2579;2;140;13;3;2026-02-20;AOPK ČR - RP SCHKO Bílé Karpaty;RP SCHKO Bílé Karpaty;MINIMI;NA
Stanoviště;CZ0724090;Bílé Karpaty;Eurosibiřské stepní doubravy;91I0;2010-05-22;2018-08-06;132;1,6223;NA;140;8;3;2026-02-20;AOPK ČR - RP SCHKO Bílé Karpaty;RP SCHKO Bílé Karpaty;NA;NA
Stanoviště;CZ0724090;Bílé Karpaty;Eurosibiřské stepní doubravy;91I0;NA;NA;133;NA;NA;% rozlohy v celistvém uspořádání splňující hodnotu minimiareálu;8;NA;2026-02-20;AOPK ČR - RP SCHKO Bílé Karpaty;RP SCHKO Bílé Karpaty;NA;NA
Stanoviště;CZ0724090;Bílé Karpaty;Eurosibiřské stepní doubravy;91I0;NA;NA;135;NA;NA;% hranice s nepřírodními biotopy;8;NA;2026-02-20;AOPK ČR - RP SCHKO Bílé Karpaty;RP SCHKO Bílé Karpaty;NA;NA
Stanoviště;CZ0724090;Bílé Karpaty;Eurosibiřské stepní doubravy;91I0;NA;NA;134;NA;NA;zastoupení nepřírodních biotopů v segmentech stanoviště;8;NA;2026-02-20;AOPK ČR - RP SCHKO Bílé Karpaty;RP SCHKO Bílé Karpaty;NA;NA
Stanoviště;CZ0724090;Bílé Karpaty;Eurosibiřské stepní doubravy;91I0;NA;NA;136;NA;NA;druhy červeného seznamu;8;NA;2026-02-20;AOPK ČR - RP SCHKO Bílé Karpaty;RP SCHKO Bílé Karpaty;NA;NA
Stanoviště;CZ0724090;Bílé Karpaty;Eurosibiřské stepní doubravy;91I0;NA;NA;137;NA;NA;% rozlohy zasažené invazními druhy;8;NA;2026-02-20;AOPK ČR - RP SCHKO Bílé Karpaty;RP SCHKO Bílé Karpaty;MINIMI;NA
Stanoviště;CZ0724090;Bílé Karpaty;Eurosibiřské stepní doubravy;91I0;NA;NA;138;NA;NA;% rozlohy zasažené expanzivními druhy;8;NA;2026-02-20;AOPK ČR - RP SCHKO Bílé Karpaty;RP SCHKO Bílé Karpaty;MINIMI;NA
Stanoviště;CZ0724090;Bílé Karpaty;Eurosibiřské stepní doubravy;91I0;2010-05-22;2018-08-06;162;0,463;NA;140;8;3;2026-02-20;AOPK ČR - RP SCHKO Bílé Karpaty;RP SCHKO Bílé Karpaty;NA;NA
Stanoviště;CZ0724090;Bílé Karpaty;Eurosibiřské stepní doubravy;91I0;2010-05-22;2018-08-06;10;NA;NA;NA;12;NA;2026-02-20;AOPK ČR - RP SCHKO Bílé Karpaty;RP SCHKO Bílé Karpaty;NA;NA
Stanoviště;CZ0424125;Doupovské hory;Eurosibiřské stepní doubravy;91I0;2015-05-14;2023-07-05;128;237,1565;216.46;hektary;11;2;2026-02-20;Krajský úřad Ústeckého kraje, AOPK ČR - RP SCHKO Slavkovský les, Krajský úřad Karlovarského kraje;RP SCHKO Slavkovský les;SDF;NA
Stanoviště;CZ0424125;Doupovské hory;Eurosibiřské stepní doubravy;91I0;2015-05-14;2023-07-05;129;2,0553;1.6;140;13;4;2026-02-20;Krajský úřad Ústeckého kraje, AOPK ČR - RP SCHKO Slavkovský les, Krajský úřad Karlovarského kraje;RP SCHKO Slavkovský les;VMB2;NA
Stanoviště;CZ0424125;Doupovské hory;Eurosibiřské stepní doubravy;91I0;2015-05-14;2023-07-05;132;1,8949;NA;140;8;NA;2026-02-20;Krajský úřad Ústeckého kraje, AOPK ČR - RP SCHKO Slavkovský les, Krajský úřad Karlovarského kraje;RP SCHKO Slavkovský les;NA;NA
Stanoviště;CZ0424125;Doupovské hory;Eurosibiřské stepní doubravy;91I0;NA;NA;133;NA;NA;% rozlohy v celistvém uspořádání splňující hodnotu minimiareálu;8;NA;2026-02-20;Krajský úřad Ústeckého kraje, AOPK ČR - RP SCHKO Slavkovský les, Krajský úřad Karlovarského kraje;RP SCHKO Slavkovský les;NA;NA
Stanoviště;CZ0424125;Doupovské hory;Eurosibiřské stepní doubravy;91I0;NA;NA;135;NA;NA;% hranice s nepřírodními biotopy;8;NA;2026-02-20;Krajský úřad Ústeckého kraje, AOPK ČR - RP SCHKO Slavkovský les, Krajský úřad Karlovarského kraje;RP SCHKO Slavkovský les;NA;NA
Stanoviště;CZ0424125;Doupovské hory;Eurosibiřské stepní doubravy;91I0;NA;NA;134;NA;NA;zastoupení nepřírodních biotopů v segmentech stanoviště;8;NA;2026-02-20;Krajský úřad Ústeckého kraje, AOPK ČR - RP SCHKO Slavkovský les, Krajský úřad Karlovarského kraje;RP SCHKO Slavkovský les;NA;NA
Stanoviště;CZ0424125;Doupovské hory;Eurosibiřské stepní doubravy;91I0;NA;NA;136;NA;NA;druhy červeného seznamu;8;NA;2026-02-20;Krajský úřad Ústeckého kraje, AOPK ČR - RP SCHKO Slavkovský les, Krajský úřad Karlovarského kraje;RP SCHKO Slavkovský les;NA;NA
Stanoviště;CZ0424125;Doupovské hory;Eurosibiřské stepní doubravy;91I0;NA;NA;137;NA;NA;% rozlohy zasažené invazními druhy;8;NA;2026-02-20;Krajský úřad Ústeckého kraje, AOPK ČR - RP SCHKO Slavkovský les, Krajský úřad Karlovarského kraje;RP SCHKO Slavkovský les;MINIMI;NA
Stanoviště;CZ0424125;Doupovské hory;Eurosibiřské stepní doubravy;91I0;NA;NA;138;NA;NA;% rozlohy zasažené expanzivními druhy;8;NA;2026-02-20;Krajský úřad Ústeckého kraje, AOPK ČR - RP SCHKO Slavkovský les, Krajský úřad Karlovarského kraje;RP SCHKO Slavkovský les;MINIMI;NA
Stanoviště;CZ0424125;Doupovské hory;Eurosibiřské stepní doubravy;91I0;2015-05-14;2023-07-05;162;0,4466;NA;140;8;NA;2026-02-20;Krajský úřad Ústeckého kraje, AOPK ČR - RP SCHKO Slavkovský les, Krajský úřad Karlovarského kraje;RP SCHKO Slavkovský les;NA;NA
Stanoviště;CZ0424125;Doupovské hory;Eurosibiřské stepní doubravy;91I0;2015-05-14;2023-07-05;10;NA;NA;NA;12;NA;2026-02-20;Krajský úřad Ústeckého kraje, AOPK ČR - RP SCHKO Slavkovský les, Krajský úřad Karlovarského kraje;RP SCHKO Slavkovský les;NA;NA
Stanoviště;CZ0314021;Borkovická blata;Středoevropské lišejníkové bory;91T0;2014-10-05;2014-10-05;128;2,3579;NA;hektary;8;3;2026-02-20;Krajský úřad Jihočeského kraje;RP Jižní Čechy;NA;NA
Stanoviště;CZ0314021;Borkovická blata;Středoevropské lišejníkové bory;91T0;2014-10-05;2014-10-05;129;4;NA;140;8;3;2026-02-20;Krajský úřad Jihočeského kraje;RP Jižní Čechy;NA;NA
Stanoviště;CZ0314021;Borkovická blata;Středoevropské lišejníkové bory;91T0;2014-10-05;2014-10-05;132;2;NA;140;8;3;2026-02-20;Krajský úřad Jihočeského kraje;RP Jižní Čechy;NA;NA
Stanoviště;CZ0314021;Borkovická blata;Středoevropské lišejníkové bory;91T0;NA;NA;133;NA;NA;% rozlohy v celistvém uspořádání splňující hodnotu minimiareálu;8;NA;2026-02-20;Krajský úřad Jihočeského kraje;RP Jižní Čechy;NA;NA
Stanoviště;CZ0314021;Borkovická blata;Středoevropské lišejníkové bory;91T0;NA;NA;135;NA;NA;% hranice s nepřírodními biotopy;8;NA;2026-02-20;Krajský úřad Jihočeského kraje;RP Jižní Čechy;NA;NA
Stanoviště;CZ0314021;Borkovická blata;Středoevropské lišejníkové bory;91T0;NA;NA;134;NA;NA;zastoupení nepřírodních biotopů v segmentech stanoviště;8;NA;2026-02-20;Krajský úřad Jihočeského kraje;RP Jižní Čechy;NA;NA
Stanoviště;CZ0314021;Borkovická blata;Středoevropské lišejníkové bory;91T0;NA;NA;136;NA;NA;druhy červeného seznamu;8;NA;2026-02-20;Krajský úřad Jihočeského kraje;RP Jižní Čechy;NA;NA
Stanoviště;CZ0314021;Borkovická blata;Středoevropské lišejníkové bory;91T0;NA;NA;137;NA;NA;% rozlohy zasažené invazními druhy;8;NA;2026-02-20;Krajský úřad Jihočeského kraje;RP Jižní Čechy;NA;NA
Stanoviště;CZ0314021;Borkovická blata;Středoevropské lišejníkové bory;91T0;NA;NA;138;NA;NA;% rozlohy zasažené expanzivními druhy;8;NA;2026-02-20;Krajský úřad Jihočeského kraje;RP Jižní Čechy;NA;NA
Stanoviště;CZ0314021;Borkovická blata;Středoevropské lišejníkové bory;91T0;2014-10-05;2014-10-05;162;0;NA;140;8;3;2026-02-20;Krajský úřad Jihočeského kraje;RP Jižní Čechy;NA;NA
Stanoviště;CZ0314021;Borkovická blata;Středoevropské lišejníkové bory;91T0;2014-10-05;2014-10-05;10;NA;NA;NA;8;NA;2026-02-20;Krajský úřad Jihočeského kraje;RP Jižní Čechy;NA;NA
Stanoviště;CZ0424111;Labské údolí;Středoevropské lišejníkové bory;91T0;NA;NA;128;NA;NA;hektary;8;NA;2026-02-20;Správa NP České Švýcarsko;RP SCHKO České středohoří;NA;NA
Stanoviště;CZ0424111;Labské údolí;Středoevropské lišejníkové bory;91T0;NA;NA;129;NA;NA;140;8;NA;2026-02-20;Správa NP České Švýcarsko;RP SCHKO České středohoří;NA;NA
Stanoviště;CZ0424111;Labské údolí;Středoevropské lišejníkové bory;91T0;NA;NA;132;NA;NA;140;8;NA;2026-02-20;Správa NP České Švýcarsko;RP SCHKO České středohoří;NA;NA
Stanoviště;CZ0424111;Labské údolí;Středoevropské lišejníkové bory;91T0;NA;NA;133;NA;NA;% rozlohy v celistvém uspořádání splňující hodnotu minimiareálu;8;NA;2026-02-20;Správa NP České Švýcarsko;RP SCHKO České středohoří;NA;NA
Stanoviště;CZ0424111;Labské údolí;Středoevropské lišejníkové bory;91T0;NA;NA;135;NA;NA;% hranice s nepřírodními biotopy;8;NA;2026-02-20;Správa NP České Švýcarsko;RP SCHKO České středohoří;NA;NA
Stanoviště;CZ0424111;Labské údolí;Středoevropské lišejníkové bory;91T0;NA;NA;134;NA;NA;zastoupení nepřírodních biotopů v segmentech stanoviště;8;NA;2026-02-20;Správa NP České Švýcarsko;RP SCHKO České středohoří;NA;NA
Stanoviště;CZ0424111;Labské údolí;Středoevropské lišejníkové bory;91T0;NA;NA;136;NA;NA;druhy červeného seznamu;8;NA;2026-02-20;Správa NP České Švýcarsko;RP SCHKO České středohoří;NA;NA
Stanoviště;CZ0424111;Labské údolí;Středoevropské lišejníkové bory;91T0;NA;NA;137;NA;NA;% rozlohy zasažené invazními druhy;8;NA;2026-02-20;Správa NP České Švýcarsko;RP SCHKO České středohoří;NA;NA
Stanoviště;CZ0424111;Labské údolí;Středoevropské lišejníkové bory;91T0;NA;NA;138;NA;NA;% rozlohy zasažené expanzivními druhy;8;NA;2026-02-20;Správa NP České Švýcarsko;RP SCHKO České středohoří;NA;NA
Stanoviště;CZ0424111;Labské údolí;Středoevropské lišejníkové bory;91T0;NA;NA;162;NA;NA;140;8;NA;2026-02-20;Správa NP České Švýcarsko;RP SCHKO České středohoří;NA;NA
Stanoviště;CZ0424111;Labské údolí;Středoevropské lišejníkové bory;91T0;NA;NA;10;NA;NA;NA;8;NA;2026-02-20;Správa NP České Švýcarsko;RP SCHKO České středohoří;NA;NA
Stanoviště;CZ0514042;Jestřebsko - Dokesko;Středoevropské lišejníkové bory;91T0;2014-08-02;2014-09-08;128;5,6056;NA;hektary;8;3;2026-02-20;Krajský úřad Libereckého kraje, AOPK ČR - RP SCHKO Kokořínsko - Máchův kraj;RP SCHKO Kokořínsko - Máchův kraj;NA;NA
Stanoviště;CZ0514042;Jestřebsko - Dokesko;Středoevropské lišejníkové bory;91T0;2014-08-02;2014-09-08;129;1,8261;NA;140;8;3;2026-02-20;Krajský úřad Libereckého kraje, AOPK ČR - RP SCHKO Kokořínsko - Máchův kraj;RP SCHKO Kokořínsko - Máchův kraj;NA;NA
Stanoviště;CZ0514042;Jestřebsko - Dokesko;Středoevropské lišejníkové bory;91T0;2014-08-02;2014-09-08;132;2,842;NA;140;8;3;2026-02-20;Krajský úřad Libereckého kraje, AOPK ČR - RP SCHKO Kokořínsko - Máchův kraj;RP SCHKO Kokořínsko - Máchův kraj;NA;NA
Stanoviště;CZ0514042;Jestřebsko - Dokesko;Středoevropské lišejníkové bory;91T0;NA;NA;133;NA;NA;% rozlohy v celistvém uspořádání splňující hodnotu minimiareálu;8;NA;2026-02-20;Krajský úřad Libereckého kraje, AOPK ČR - RP SCHKO Kokořínsko - Máchův kraj;RP SCHKO Kokořínsko - Máchův kraj;NA;NA
Stanoviště;CZ0514042;Jestřebsko - Dokesko;Středoevropské lišejníkové bory;91T0;NA;NA;135;NA;NA;% hranice s nepřírodními biotopy;8;NA;2026-02-20;Krajský úřad Libereckého kraje, AOPK ČR - RP SCHKO Kokořínsko - Máchův kraj;RP SCHKO Kokořínsko - Máchův kraj;NA;NA
Stanoviště;CZ0514042;Jestřebsko - Dokesko;Středoevropské lišejníkové bory;91T0;NA;NA;134;NA;NA;zastoupení nepřírodních biotopů v segmentech stanoviště;8;NA;2026-02-20;Krajský úřad Libereckého kraje, AOPK ČR - RP SCHKO Kokořínsko - Máchův kraj;RP SCHKO Kokořínsko - Máchův kraj;NA;NA
Stanoviště;CZ0514042;Jestřebsko - Dokesko;Středoevropské lišejníkové bory;91T0;NA;NA;136;NA;NA;druhy červeného seznamu;8;NA;2026-02-20;Krajský úřad Libereckého kraje, AOPK ČR - RP SCHKO Kokořínsko - Máchův kraj;RP SCHKO Kokořínsko - Máchův kraj;NA;NA
Stanoviště;CZ0514042;Jestřebsko - Dokesko;Středoevropské lišejníkové bory;91T0;NA;NA;137;NA;NA;% rozlohy zasažené invazními druhy;8;NA;2026-02-20;Krajský úřad Libereckého kraje, AOPK ČR - RP SCHKO Kokořínsko - Máchův kraj;RP SCHKO Kokořínsko - Máchův kraj;NA;NA
Stanoviště;CZ0514042;Jestřebsko - Dokesko;Středoevropské lišejníkové bory;91T0;NA;NA;138;NA;NA;% rozlohy zasažené expanzivními druhy;8;NA;2026-02-20;Krajský úřad Libereckého kraje, AOPK ČR - RP SCHKO Kokořínsko - Máchův kraj;RP SCHKO Kokořínsko - Máchův kraj;NA;NA
Stanoviště;CZ0514042;Jestřebsko - Dokesko;Středoevropské lišejníkové bory;91T0;2014-08-02;2014-09-08;162;0,9732;NA;140;8;3;2026-02-20;Krajský úřad Libereckého kraje, AOPK ČR - RP SCHKO Kokořínsko - Máchův kraj;RP SCHKO Kokořínsko - Máchův kraj;NA;NA
Stanoviště;CZ0514042;Jestřebsko - Dokesko;Středoevropské lišejníkové bory;91T0;2014-08-02;2014-09-08;10;NA;NA;NA;8;NA;2026-02-20;Krajský úřad Libereckého kraje, AOPK ČR - RP SCHKO Kokořínsko - Máchův kraj;RP SCHKO Kokořínsko - Máchův kraj;NA;NA
Stanoviště;CZ0210111;Paterovské stráně;Lesostepní bory (Cytiso-Pinetalia);91U0;2012-07-30;2012-10-08;128;13,4665;13.46;hektary;11;3;2026-02-20;Krajský úřad Středočeského kraje;RP SCHKO Kokořínsko - Máchův kraj;VMB2;NA
Stanoviště;CZ0210111;Paterovské stráně;Lesostepní bory (Cytiso-Pinetalia);91U0;2012-07-30;2012-10-08;129;2,4888;2;140;13;3;2026-02-20;Krajský úřad Středočeského kraje;RP SCHKO Kokořínsko - Máchův kraj;MINIMI;NA
Stanoviště;CZ0210111;Paterovské stráně;Lesostepní bory (Cytiso-Pinetalia);91U0;2012-07-30;2012-10-08;132;1,6841;NA;140;8;3;2026-02-20;Krajský úřad Středočeského kraje;RP SCHKO Kokořínsko - Máchův kraj;NA;NA
Stanoviště;CZ0210111;Paterovské stráně;Lesostepní bory (Cytiso-Pinetalia);91U0;NA;NA;133;NA;NA;% rozlohy v celistvém uspořádání splňující hodnotu minimiareálu;8;NA;2026-02-20;Krajský úřad Středočeského kraje;RP SCHKO Kokořínsko - Máchův kraj;MINIMI;NA
Stanoviště;CZ0210111;Paterovské stráně;Lesostepní bory (Cytiso-Pinetalia);91U0;NA;NA;135;NA;NA;% hranice s nepřírodními biotopy;8;NA;2026-02-20;Krajský úřad Středočeského kraje;RP SCHKO Kokořínsko - Máchův kraj;NA;NA
Stanoviště;CZ0210111;Paterovské stráně;Lesostepní bory (Cytiso-Pinetalia);91U0;NA;NA;134;NA;NA;zastoupení nepřírodních biotopů v segmentech stanoviště;8;NA;2026-02-20;Krajský úřad Středočeského kraje;RP SCHKO Kokořínsko - Máchův kraj;NA;NA
Stanoviště;CZ0210111;Paterovské stráně;Lesostepní bory (Cytiso-Pinetalia);91U0;NA;NA;136;NA;NA;druhy červeného seznamu;8;NA;2026-02-20;Krajský úřad Středočeského kraje;RP SCHKO Kokořínsko - Máchův kraj;NA;NA
Stanoviště;CZ0210111;Paterovské stráně;Lesostepní bory (Cytiso-Pinetalia);91U0;NA;NA;137;NA;NA;% rozlohy zasažené invazními druhy;8;NA;2026-02-20;Krajský úřad Středočeského kraje;RP SCHKO Kokořínsko - Máchův kraj;MINIMI;NA
Stanoviště;CZ0210111;Paterovské stráně;Lesostepní bory (Cytiso-Pinetalia);91U0;NA;NA;138;NA;NA;% rozlohy zasažené expanzivními druhy;8;NA;2026-02-20;Krajský úřad Středočeského kraje;RP SCHKO Kokořínsko - Máchův kraj;MINIMI;NA
Stanoviště;CZ0210111;Paterovské stráně;Lesostepní bory (Cytiso-Pinetalia);91U0;2012-07-30;2012-10-08;162;0;NA;140;8;3;2026-02-20;Krajský úřad Středočeského kraje;RP SCHKO Kokořínsko - Máchův kraj;MINIMI;NA
Stanoviště;CZ0210111;Paterovské stráně;Lesostepní bory (Cytiso-Pinetalia);91U0;2012-07-30;2012-10-08;10;NA;NA;NA;12;NA;2026-02-20;Krajský úřad Středočeského kraje;RP SCHKO Kokořínsko - Máchův kraj;NA;NA
Stanoviště;CZ0210726;Vápnomilný bor u Líského;Lesostepní bory (Cytiso-Pinetalia);91U0;2016-09-30;2016-09-30;128;3,1332;3.12;hektary;11;3;2026-02-20;Krajský úřad Středočeského kraje;RP Střední Čechy;VMB2;NA
Stanoviště;CZ0210726;Vápnomilný bor u Líského;Lesostepní bory (Cytiso-Pinetalia);91U0;2016-09-30;2016-09-30;129;2,1224;2.2;140;11;3;2026-02-20;Krajský úřad Středočeského kraje;RP Střední Čechy;VMB2;NA
Stanoviště;CZ0210726;Vápnomilný bor u Líského;Lesostepní bory (Cytiso-Pinetalia);91U0;2016-09-30;2016-09-30;132;1,7483;NA;140;8;3;2026-02-20;Krajský úřad Středočeského kraje;RP Střední Čechy;NA;NA
Stanoviště;CZ0210726;Vápnomilný bor u Líského;Lesostepní bory (Cytiso-Pinetalia);91U0;NA;NA;133;NA;NA;% rozlohy v celistvém uspořádání splňující hodnotu minimiareálu;8;NA;2026-02-20;Krajský úřad Středočeského kraje;RP Střední Čechy;MINIMI;NA
Stanoviště;CZ0210726;Vápnomilný bor u Líského;Lesostepní bory (Cytiso-Pinetalia);91U0;NA;NA;135;NA;NA;% hranice s nepřírodními biotopy;8;NA;2026-02-20;Krajský úřad Středočeského kraje;RP Střední Čechy;NA;NA
Stanoviště;CZ0210726;Vápnomilný bor u Líského;Lesostepní bory (Cytiso-Pinetalia);91U0;NA;NA;134;NA;NA;zastoupení nepřírodních biotopů v segmentech stanoviště;8;NA;2026-02-20;Krajský úřad Středočeského kraje;RP Střední Čechy;NA;NA
Stanoviště;CZ0210726;Vápnomilný bor u Líského;Lesostepní bory (Cytiso-Pinetalia);91U0;NA;NA;136;NA;NA;druhy červeného seznamu;8;NA;2026-02-20;Krajský úřad Středočeského kraje;RP Střední Čechy;NA;NA
Stanoviště;CZ0210726;Vápnomilný bor u Líského;Lesostepní bory (Cytiso-Pinetalia);91U0;NA;NA;137;NA;NA;% rozlohy zasažené invazními druhy;8;NA;2026-02-20;Krajský úřad Středočeského kraje;RP Střední Čechy;MINIMI;NA
Stanoviště;CZ0210726;Vápnomilný bor u Líského;Lesostepní bory (Cytiso-Pinetalia);91U0;NA;NA;138;NA;NA;% rozlohy zasažené expanzivními druhy;8;NA;2026-02-20;Krajský úřad Středočeského kraje;RP Střední Čechy;MINIMI;NA
Stanoviště;CZ0210726;Vápnomilný bor u Líského;Lesostepní bory (Cytiso-Pinetalia);91U0;2016-09-30;2016-09-30;162;0,6259;NA;140;8;3;2026-02-20;Krajský úřad Středočeského kraje;RP Střední Čechy;NA;NA
Stanoviště;CZ0210726;Vápnomilný bor u Líského;Lesostepní bory (Cytiso-Pinetalia);91U0;2016-09-30;2016-09-30;10;NA;NA;NA;11;NA;2026-02-20;Krajský úřad Středočeského kraje;RP Střední Čechy;NA;NA
Stanoviště;CZ0310067;Ryšovy;Lesostepní bory (Cytiso-Pinetalia);91U0;2007-05-09;2007-05-09;128;16,1757;16.1;hektary;11;3;2026-02-20;Krajský úřad Jihočeského kraje;RP Jižní Čechy;SDF;NA
Stanoviště;CZ0310067;Ryšovy;Lesostepní bory (Cytiso-Pinetalia);91U0;2007-05-09;2007-05-09;129;2,3062;2;140;13;3;2026-02-20;Krajský úřad Jihočeského kraje;RP Jižní Čechy;MINIMI;NA
Stanoviště;CZ0310067;Ryšovy;Lesostepní bory (Cytiso-Pinetalia);91U0;2007-05-09;2007-05-09;132;3;NA;140;8;3;2026-02-20;Krajský úřad Jihočeského kraje;RP Jižní Čechy;NA;NA
Stanoviště;CZ0310067;Ryšovy;Lesostepní bory (Cytiso-Pinetalia);91U0;NA;NA;133;NA;NA;% rozlohy v celistvém uspořádání splňující hodnotu minimiareálu;8;NA;2026-02-20;Krajský úřad Jihočeského kraje;RP Jižní Čechy;NA;NA
Stanoviště;CZ0310067;Ryšovy;Lesostepní bory (Cytiso-Pinetalia);91U0;NA;NA;135;NA;NA;% hranice s nepřírodními biotopy;8;NA;2026-02-20;Krajský úřad Jihočeského kraje;RP Jižní Čechy;NA;NA
Stanoviště;CZ0310067;Ryšovy;Lesostepní bory (Cytiso-Pinetalia);91U0;NA;NA;134;NA;NA;zastoupení nepřírodních biotopů v segmentech stanoviště;8;NA;2026-02-20;Krajský úřad Jihočeského kraje;RP Jižní Čechy;NA;NA
Stanoviště;CZ0310067;Ryšovy;Lesostepní bory (Cytiso-Pinetalia);91U0;NA;NA;136;NA;NA;druhy červeného seznamu;8;NA;2026-02-20;Krajský úřad Jihočeského kraje;RP Jižní Čechy;NA;NA
Stanoviště;CZ0310067;Ryšovy;Lesostepní bory (Cytiso-Pinetalia);91U0;NA;NA;137;NA;NA;% rozlohy zasažené invazními druhy;8;NA;2026-02-20;Krajský úřad Jihočeského kraje;RP Jižní Čechy;MINIMI;NA
Stanoviště;CZ0310067;Ryšovy;Lesostepní bory (Cytiso-Pinetalia);91U0;NA;NA;138;NA;NA;% rozlohy zasažené expanzivními druhy;8;NA;2026-02-20;Krajský úřad Jihočeského kraje;RP Jižní Čechy;MINIMI;NA
Stanoviště;CZ0310067;Ryšovy;Lesostepní bory (Cytiso-Pinetalia);91U0;2007-05-09;2007-05-09;162;0;NA;140;8;3;2026-02-20;Krajský úřad Jihočeského kraje;RP Jižní Čechy;MINIMI;NA
Stanoviště;CZ0310067;Ryšovy;Lesostepní bory (Cytiso-Pinetalia);91U0;2007-05-09;2007-05-09;10;NA;NA;NA;12;NA;2026-02-20;Krajský úřad Jihočeského kraje;RP Jižní Čechy;NA;NA
Stanoviště;CZ0314044;Opolenec;Lesostepní bory (Cytiso-Pinetalia);91U0;2017-07-13;2017-08-08;128;3,0834;3.08;hektary;11;3;2026-02-20;Krajský úřad Jihočeského kraje;RP Jižní Čechy;VMB2;NA
Stanoviště;CZ0314044;Opolenec;Lesostepní bory (Cytiso-Pinetalia);91U0;2017-07-13;2017-08-08;129;1,0162;1.1;140;11;3;2026-02-20;Krajský úřad Jihočeského kraje;RP Jižní Čechy;VMB2;NA
Stanoviště;CZ0314044;Opolenec;Lesostepní bory (Cytiso-Pinetalia);91U0;2017-07-13;2017-08-08;132;1,0304;NA;140;8;3;2026-02-20;Krajský úřad Jihočeského kraje;RP Jižní Čechy;NA;NA
Stanoviště;CZ0314044;Opolenec;Lesostepní bory (Cytiso-Pinetalia);91U0;NA;NA;133;NA;NA;% rozlohy v celistvém uspořádání splňující hodnotu minimiareálu;8;NA;2026-02-20;Krajský úřad Jihočeského kraje;RP Jižní Čechy;MINIMI;NA
Stanoviště;CZ0314044;Opolenec;Lesostepní bory (Cytiso-Pinetalia);91U0;NA;NA;135;NA;NA;% hranice s nepřírodními biotopy;8;NA;2026-02-20;Krajský úřad Jihočeského kraje;RP Jižní Čechy;NA;NA
Stanoviště;CZ0314044;Opolenec;Lesostepní bory (Cytiso-Pinetalia);91U0;NA;NA;134;NA;NA;zastoupení nepřírodních biotopů v segmentech stanoviště;8;NA;2026-02-20;Krajský úřad Jihočeského kraje;RP Jižní Čechy;NA;NA
Stanoviště;CZ0314044;Opolenec;Lesostepní bory (Cytiso-Pinetalia);91U0;NA;NA;136;NA;NA;druhy červeného seznamu;8;NA;2026-02-20;Krajský úřad Jihočeského kraje;RP Jižní Čechy;NA;NA
Stanoviště;CZ0314044;Opolenec;Lesostepní bory (Cytiso-Pinetalia);91U0;NA;NA;137;NA;NA;% rozlohy zasažené invazními druhy;8;NA;2026-02-20;Krajský úřad Jihočeského kraje;RP Jižní Čechy;MINIMI;NA
Stanoviště;CZ0314044;Opolenec;Lesostepní bory (Cytiso-Pinetalia);91U0;NA;NA;138;NA;NA;% rozlohy zasažené expanzivními druhy;8;NA;2026-02-20;Krajský úřad Jihočeského kraje;RP Jižní Čechy;MINIMI;NA
Stanoviště;CZ0314044;Opolenec;Lesostepní bory (Cytiso-Pinetalia);91U0;2017-07-13;2017-08-08;162;1,9838;NA;140;8;3;2026-02-20;Krajský úřad Jihočeského kraje;RP Jižní Čechy;NA;NA
Stanoviště;CZ0314044;Opolenec;Lesostepní bory (Cytiso-Pinetalia);91U0;2017-07-13;2017-08-08;10;NA;NA;NA;11;NA;2026-02-20;Krajský úřad Jihočeského kraje;RP Jižní Čechy;NA;NA
Stanoviště;CZ0314124;Blanský les;Lesostepní bory (Cytiso-Pinetalia);91U0;2011-06-15;2020-06-23;128;34,2826;35.7;hektary;13;3;2026-02-20;AOPK ČR - RP Jižní Čechy, Krajský úřad Jihočeského kraje;RP Jižní Čechy;VMB2;NA
Stanoviště;CZ0314124;Blanský les;Lesostepní bory (Cytiso-Pinetalia);91U0;2011-06-15;2020-06-23;129;1,615;1.9;140;11;2;2026-02-20;AOPK ČR - RP Jižní Čechy, Krajský úřad Jihočeského kraje;RP Jižní Čechy;VMB2;NA
Stanoviště;CZ0314124;Blanský les;Lesostepní bory (Cytiso-Pinetalia);91U0;2011-06-15;2020-06-23;132;1,7879;NA;140;8;NA;2026-02-20;AOPK ČR - RP Jižní Čechy, Krajský úřad Jihočeského kraje;RP Jižní Čechy;NA;NA
Stanoviště;CZ0314124;Blanský les;Lesostepní bory (Cytiso-Pinetalia);91U0;NA;NA;133;NA;NA;% rozlohy v celistvém uspořádání splňující hodnotu minimiareálu;8;NA;2026-02-20;AOPK ČR - RP Jižní Čechy, Krajský úřad Jihočeského kraje;RP Jižní Čechy;NA;NA
Stanoviště;CZ0314124;Blanský les;Lesostepní bory (Cytiso-Pinetalia);91U0;NA;NA;135;NA;NA;% hranice s nepřírodními biotopy;8;NA;2026-02-20;AOPK ČR - RP Jižní Čechy, Krajský úřad Jihočeského kraje;RP Jižní Čechy;NA;NA
Stanoviště;CZ0314124;Blanský les;Lesostepní bory (Cytiso-Pinetalia);91U0;NA;NA;134;NA;NA;zastoupení nepřírodních biotopů v segmentech stanoviště;8;NA;2026-02-20;AOPK ČR - RP Jižní Čechy, Krajský úřad Jihočeského kraje;RP Jižní Čechy;NA;NA
Stanoviště;CZ0314124;Blanský les;Lesostepní bory (Cytiso-Pinetalia);91U0;NA;NA;136;NA;NA;druhy červeného seznamu;8;NA;2026-02-20;AOPK ČR - RP Jižní Čechy, Krajský úřad Jihočeského kraje;RP Jižní Čechy;NA;NA
Stanoviště;CZ0314124;Blanský les;Lesostepní bory (Cytiso-Pinetalia);91U0;NA;NA;137;NA;NA;% rozlohy zasažené invazními druhy;8;NA;2026-02-20;AOPK ČR - RP Jižní Čechy, Krajský úřad Jihočeského kraje;RP Jižní Čechy;MINIMI;NA
Stanoviště;CZ0314124;Blanský les;Lesostepní bory (Cytiso-Pinetalia);91U0;NA;NA;138;NA;NA;% rozlohy zasažené expanzivními druhy;8;NA;2026-02-20;AOPK ČR - RP Jižní Čechy, Krajský úřad Jihočeského kraje;RP Jižní Čechy;MINIMI;NA
Stanoviště;CZ0314124;Blanský les;Lesostepní bory (Cytiso-Pinetalia);91U0;2011-06-15;2020-06-23;162;0,232;NA;140;8;3;2026-02-20;AOPK ČR - RP Jižní Čechy, Krajský úřad Jihočeského kraje;RP Jižní Čechy;NA;NA
Stanoviště;CZ0314124;Blanský les;Lesostepní bory (Cytiso-Pinetalia);91U0;2011-06-15;2020-06-23;10;NA;NA;NA;12;NA;2026-02-20;AOPK ČR - RP Jižní Čechy, Krajský úřad Jihočeského kraje;RP Jižní Čechy;NA;NA
Stanoviště;CZ0320023;Čepičná;Lesostepní bory (Cytiso-Pinetalia);91U0;2022-06-07;2022-06-08;128;10,1956;8.56;hektary;11;2;2026-02-20;Krajský úřad Plzeňského kraje;RP SCHKO Český les;VMB2;NA
Stanoviště;CZ0320023;Čepičná;Lesostepní bory (Cytiso-Pinetalia);91U0;2022-06-07;2022-06-08;129;2,0446;2.2;140;11;2;2026-02-20;Krajský úřad Plzeňského kraje;RP SCHKO Český les;VMB2;NA
Stanoviště;CZ0320023;Čepičná;Lesostepní bory (Cytiso-Pinetalia);91U0;2022-06-07;2022-06-08;132;1,0835;NA;140;8;NA;2026-02-20;Krajský úřad Plzeňského kraje;RP SCHKO Český les;NA;NA
Stanoviště;CZ0320023;Čepičná;Lesostepní bory (Cytiso-Pinetalia);91U0;NA;NA;133;NA;NA;% rozlohy v celistvém uspořádání splňující hodnotu minimiareálu;8;NA;2026-02-20;Krajský úřad Plzeňského kraje;RP SCHKO Český les;MINIMI;NA
Stanoviště;CZ0320023;Čepičná;Lesostepní bory (Cytiso-Pinetalia);91U0;NA;NA;135;NA;NA;% hranice s nepřírodními biotopy;8;NA;2026-02-20;Krajský úřad Plzeňského kraje;RP SCHKO Český les;NA;NA
Stanoviště;CZ0320023;Čepičná;Lesostepní bory (Cytiso-Pinetalia);91U0;NA;NA;134;NA;NA;zastoupení nepřírodních biotopů v segmentech stanoviště;8;NA;2026-02-20;Krajský úřad Plzeňského kraje;RP SCHKO Český les;NA;NA
Stanoviště;CZ0320023;Čepičná;Lesostepní bory (Cytiso-Pinetalia);91U0;NA;NA;136;NA;NA;druhy červeného seznamu;8;NA;2026-02-20;Krajský úřad Plzeňského kraje;RP SCHKO Český les;NA;NA
Stanoviště;CZ0320023;Čepičná;Lesostepní bory (Cytiso-Pinetalia);91U0;NA;NA;137;NA;NA;% rozlohy zasažené invazními druhy;8;NA;2026-02-20;Krajský úřad Plzeňského kraje;RP SCHKO Český les;MINIMI;NA
Stanoviště;CZ0320023;Čepičná;Lesostepní bory (Cytiso-Pinetalia);91U0;NA;NA;138;NA;NA;% rozlohy zasažené expanzivními druhy;8;NA;2026-02-20;Krajský úřad Plzeňského kraje;RP SCHKO Český les;MINIMI;NA
Stanoviště;CZ0320023;Čepičná;Lesostepní bory (Cytiso-Pinetalia);91U0;2022-06-07;2022-06-08;162;1,6853;NA;140;8;NA;2026-02-20;Krajský úřad Plzeňského kraje;RP SCHKO Český les;NA;NA
Stanoviště;CZ0320023;Čepičná;Lesostepní bory (Cytiso-Pinetalia);91U0;2022-06-07;2022-06-08;10;NA;NA;NA;11;NA;2026-02-20;Krajský úřad Plzeňského kraje;RP SCHKO Český les;NA;NA
Stanoviště;CZ0420008;Na Černčí;Lesostepní bory (Cytiso-Pinetalia);91U0;2022-05-21;2022-05-21;128;5,4983;5.31;hektary;11;3;2026-02-20;Krajský úřad Ústeckého kraje;RP SCHKO České středohoří;VMB2;NA
Stanoviště;CZ0420008;Na Černčí;Lesostepní bory (Cytiso-Pinetalia);91U0;2022-05-21;2022-05-21;129;1,8381;2;140;11;2;2026-02-20;Krajský úřad Ústeckého kraje;RP SCHKO České středohoří;MINIMI;NA
Stanoviště;CZ0420008;Na Černčí;Lesostepní bory (Cytiso-Pinetalia);91U0;2022-05-21;2022-05-21;132;1,0831;NA;140;8;NA;2026-02-20;Krajský úřad Ústeckého kraje;RP SCHKO České středohoří;NA;NA
Stanoviště;CZ0420008;Na Černčí;Lesostepní bory (Cytiso-Pinetalia);91U0;NA;NA;133;NA;NA;% rozlohy v celistvém uspořádání splňující hodnotu minimiareálu;8;NA;2026-02-20;Krajský úřad Ústeckého kraje;RP SCHKO České středohoří;NA;NA
Stanoviště;CZ0420008;Na Černčí;Lesostepní bory (Cytiso-Pinetalia);91U0;NA;NA;135;NA;NA;% hranice s nepřírodními biotopy;8;NA;2026-02-20;Krajský úřad Ústeckého kraje;RP SCHKO České středohoří;NA;NA
Stanoviště;CZ0420008;Na Černčí;Lesostepní bory (Cytiso-Pinetalia);91U0;NA;NA;134;NA;NA;zastoupení nepřírodních biotopů v segmentech stanoviště;8;NA;2026-02-20;Krajský úřad Ústeckého kraje;RP SCHKO České středohoří;NA;NA
Stanoviště;CZ0420008;Na Černčí;Lesostepní bory (Cytiso-Pinetalia);91U0;NA;NA;136;NA;NA;druhy červeného seznamu;8;NA;2026-02-20;Krajský úřad Ústeckého kraje;RP SCHKO České středohoří;NA;NA
Stanoviště;CZ0420008;Na Černčí;Lesostepní bory (Cytiso-Pinetalia);91U0;NA;NA;137;NA;NA;% rozlohy zasažené invazními druhy;8;NA;2026-02-20;Krajský úřad Ústeckého kraje;RP SCHKO České středohoří;MINIMI;NA
Stanoviště;CZ0420008;Na Černčí;Lesostepní bory (Cytiso-Pinetalia);91U0;NA;NA;138;NA;NA;% rozlohy zasažené expanzivními druhy;8;NA;2026-02-20;Krajský úřad Ústeckého kraje;RP SCHKO České středohoří;MINIMI;NA
Stanoviště;CZ0420008;Na Černčí;Lesostepní bory (Cytiso-Pinetalia);91U0;2022-05-21;2022-05-21;162;0,3719;NA;140;8;NA;2026-02-20;Krajský úřad Ústeckého kraje;RP SCHKO České středohoří;NA;NA
Stanoviště;CZ0420008;Na Černčí;Lesostepní bory (Cytiso-Pinetalia);91U0;2022-05-21;2022-05-21;10;NA;NA;NA;11;NA;2026-02-20;Krajský úřad Ústeckého kraje;RP SCHKO České středohoří;NA;NA
Stanoviště;CZ0624095;Údolí Dyje;Lesostepní bory (Cytiso-Pinetalia);91U0;2014-09-09;2014-09-09;128;0,4719;5;hektary;13;3;2026-02-20;Krajský úřad Jihomoravského kraje;RP Jižní Morava;MINIMI;NA
Stanoviště;CZ0624095;Údolí Dyje;Lesostepní bory (Cytiso-Pinetalia);91U0;2014-09-09;2014-09-09;129;1;1;140;11;3;2026-02-20;Krajský úřad Jihomoravského kraje;RP Jižní Morava;VMB2;NA
Stanoviště;CZ0624095;Údolí Dyje;Lesostepní bory (Cytiso-Pinetalia);91U0;2014-09-09;2014-09-09;132;1;NA;140;8;3;2026-02-20;Krajský úřad Jihomoravského kraje;RP Jižní Morava;NA;NA
Stanoviště;CZ0624095;Údolí Dyje;Lesostepní bory (Cytiso-Pinetalia);91U0;NA;NA;133;NA;NA;% rozlohy v celistvém uspořádání splňující hodnotu minimiareálu;8;NA;2026-02-20;Krajský úřad Jihomoravského kraje;RP Jižní Morava;MINIMI;NA
Stanoviště;CZ0624095;Údolí Dyje;Lesostepní bory (Cytiso-Pinetalia);91U0;NA;NA;135;NA;NA;% hranice s nepřírodními biotopy;8;NA;2026-02-20;Krajský úřad Jihomoravského kraje;RP Jižní Morava;NA;NA
Stanoviště;CZ0624095;Údolí Dyje;Lesostepní bory (Cytiso-Pinetalia);91U0;NA;NA;134;NA;NA;zastoupení nepřírodních biotopů v segmentech stanoviště;8;NA;2026-02-20;Krajský úřad Jihomoravského kraje;RP Jižní Morava;NA;NA
Stanoviště;CZ0624095;Údolí Dyje;Lesostepní bory (Cytiso-Pinetalia);91U0;NA;NA;136;NA;NA;druhy červeného seznamu;8;NA;2026-02-20;Krajský úřad Jihomoravského kraje;RP Jižní Morava;NA;NA
Stanoviště;CZ0624095;Údolí Dyje;Lesostepní bory (Cytiso-Pinetalia);91U0;NA;NA;137;NA;NA;% rozlohy zasažené invazními druhy;8;NA;2026-02-20;Krajský úřad Jihomoravského kraje;RP Jižní Morava;MINIMI;NA
Stanoviště;CZ0624095;Údolí Dyje;Lesostepní bory (Cytiso-Pinetalia);91U0;NA;NA;138;NA;NA;% rozlohy zasažené expanzivními druhy;8;NA;2026-02-20;Krajský úřad Jihomoravského kraje;RP Jižní Morava;MINIMI;NA
Stanoviště;CZ0624095;Údolí Dyje;Lesostepní bory (Cytiso-Pinetalia);91U0;2014-09-09;2014-09-09;162;2;NA;140;8;3;2026-02-20;Krajský úřad Jihomoravského kraje;RP Jižní Morava;NA;NA
Stanoviště;CZ0624095;Údolí Dyje;Lesostepní bory (Cytiso-Pinetalia);91U0;2014-09-09;2014-09-09;10;NA;NA;NA;12;NA;2026-02-20;Krajský úřad Jihomoravského kraje;RP Jižní Morava;NA;NA
